-8.689126700960091654e+00,-2.398777703449065379e-01,8.146883185536659688e-01,4.673229304424607378e+00,2.032525086412792503e-01,1.539401490582557708e+00,4.698008291020721039e+00
-5.561591325816222842e+00,-4.839980311294825199e+00,8.827211483239122414e-01,5.075751278212694118e+00,-2.022027991929346236e+00,-5.877906321320144345e-01,2.414966851061080444e+00
-6.188694549323045635e+00,-3.067420989978224100e+00,6.266803174069296434e-01,3.924079801353120178e+00,-1.998932767244842035e+00,-8.356973289839476904e-02,1.348975958971361022e+00
-7.656384812784398086e+00,-3.080999613426164352e+00,6.556513986436762753e-01,3.934312048689578400e+00,-1.657877194228619677e+00,-3.057352712295703379e-01,1.027776439576248979e+00
-9.628593470076134864e+00,4.642841594461530441e+00,-2.137734172422982026e-01,4.073515692963773915e+00,2.058595775986751697e+00,1.650728596742975673e+00,6.035149808617656042e+00
-9.007964648658498774e+00,4.014110339665601934e+00,-1.770055785945875981e-01,4.017795940371486907e+00,1.827349713095099304e+00,1.238809876069247418e+00,4.653525944527200586e+00
-9.379572361304987282e+00,9.619411965975238621e-01,4.846615911495018025e-01,4.326700276391281186e+00,9.344285239393671505e-01,2.335348236033416569e-01,3.095859555869689306e+00
-8.542923004947349241e+00,-4.669771116397138044e+00,1.041019285923839632e+00,4.823544704819436646e+00,-7.419056056824904211e-01,-1.798846484382970123e+00,2.427314747179723509e-01
-7.893877012657720016e+00,-5.503005525389370156e+00,9.803436876104721920e-01,5.342247132323647563e+00,-1.113660164742704239e+00,-2.116969903754560178e+00,9.434225702589276175e-01
-7.974393478831245829e+00,-4.915137399389735151e+00,9.448627469200431284e-01,5.278167659615634832e+00,-1.054612117727284470e+00,-1.914165307218767431e+00,1.148930807137873211e+00
-9.099434324776897398e+00,-3.557179755753594907e+00,1.212615339660985336e+00,4.891271878216936209e+00,-4.428793099807771805e-01,-1.496776737850133987e+00,1.316109174012970895e+00
-9.205454368920346298e+00,-3.005462979598596984e+00,8.866296269565072663e-01,4.016845171690277994e+00,-6.432415561142540428e-01,-1.820852166090625390e+00,5.705137269736347549e-02
-9.031527667244386492e+00,-3.279341927230681186e+00,9.830902169424058368e-01,4.136051492802788054e+00,-6.107324327217084070e-01,-1.997770084111648359e+00,-6.443082782020280452e-02
-9.020555520698028573e+00,-3.770000771439171228e+00,1.051685932779057975e+00,4.038075283967186735e+00,-1.005082030202821164e+00,-1.867204340406571017e+00,-3.038741641164892024e-02
-9.056925031811953630e+00,-3.536921894768810581e+00,1.034445031759682498e+00,4.179369850580543222e+00,-1.007308238159944302e+00,-1.830496525542741892e+00,-7.957984278074400897e-02
-9.201626858730628911e+00,-3.436347472111828338e+00,1.010134550881322868e+00,3.876172410278266867e+00,-1.042577978655163662e+00,-1.878847623720456772e+00,3.305725541222594432e-01
-9.187396886098900595e+00,-3.156155391140501365e+00,8.678438549637604860e-01,3.915589218844666597e+00,-8.031405084950405948e-01,-1.847163755421873388e+00,-1.149898851285586082e-01
-9.449848674719314445e+00,-2.810304898148745512e+00,7.879516459518977056e-01,3.606370506560401701e+00,-8.235009384452848247e-01,-1.591971057369291564e+00,1.934786526797810727e-02
-9.349764844971256039e+00,-3.035112105972851637e+00,6.302909863579013727e-01,3.867469552335390581e+00,-7.760869884963560450e-01,-1.578695916544921252e+00,1.015884515447844916e-01
-9.204265325445060597e+00,-3.530883124446927646e+00,8.953246803976379065e-01,4.671151544535828926e+00,-7.806955658692672495e-01,-1.344995955552392042e+00,1.636996521934038551e+00
-9.241821562948979718e+00,-3.089336421248662923e+00,9.052960793788537019e-01,4.773702938200895751e+00,-6.193782658087598758e-01,-1.421889947881785687e+00,1.532984389490412269e+00
3.500678689347373584e+00,-5.768639785036449474e+00,5.645266819645964773e+00,2.482847101388700572e+00,-4.666717482375890569e+00,-4.361122194562376819e+00,2.238528177759291804e+00
-6.614015043060321730e+00,-4.579614515021551036e+00,5.981300715080779540e+00,5.217908634378671806e+00,-4.464766582336975098e+00,-1.040242299691047201e+00,2.373227737685504213e+00
-1.149375635722590516e+01,-4.364554604519314540e-01,5.546278316566336741e+00,3.415955943903556058e+00,-3.224264896786373402e+00,1.977109416387121399e-01,1.447315955847942481e+00
-1.160428341560981025e+01,-2.868398076171692068e-01,5.425280547689332877e+00,2.704973187006496804e+00,-3.648931987449597347e+00,-1.154109531008481321e-02,1.476342962964853345e-01
-1.142499416499808440e+01,-5.877565941332211219e-01,5.320233246967966068e+00,2.932724981937172792e+00,-3.779589757796077087e+00,-8.703785138468683735e-02,1.835245039157064884e-01
-1.190230999225998154e+01,1.054010808913644848e+00,4.934767101320580274e+00,2.241575980674951118e+00,-3.280268764971192130e+00,2.249978971381604853e-01,4.362352595524072174e-01
-1.184870007924235757e+01,9.526547600620659528e-01,4.966534741477770964e+00,2.534969506502334102e+00,-3.465097178951968004e+00,3.221248393234720231e-01,5.154664043745285085e-01
-1.233206543872417527e+01,2.442489235872475462e+00,4.974578388009143204e+00,2.008682668016742667e+00,-3.105583497443882290e+00,2.533030257533538943e-01,7.425577050097048604e-01
-1.321637667241545344e+01,4.120412608604964610e+00,4.963370488122611057e+00,2.127948432048364091e-01,-3.314662604252465172e+00,-5.259648764675729504e-01,7.649766358705064606e-01
-1.332715480746885461e+01,4.821342507336252581e+00,4.847166261048021951e+00,-1.024044426773837335e+00,-3.352351673325942638e+00,-9.655645869514192237e-01,-2.023759873475090496e-02
-1.307998652440620724e+01,4.414534867531052065e+00,4.769162143403922194e+00,-5.484055537715758488e-01,-3.057244313489140719e+00,-8.806331611048525687e-01,-4.799626347444556351e-02
-1.333380400296227997e+01,4.709084890917594635e+00,5.069806238579537272e+00,-1.464656052223822336e+00,-3.118018106863038597e+00,-1.378501681221646180e+00,6.981940326897777271e-02
-1.315806375388235772e+01,4.153275989041669725e+00,5.041419728396639321e+00,-8.480393527080029026e-01,-3.263816203276833861e+00,-1.095886636603427222e+00,3.307816310007938299e-01
-1.304124652039269527e+01,3.987529718994811567e+00,5.007577031278177770e+00,-5.885090229010127016e-01,-3.200391212342611258e+00,-1.024127886448664260e+00,2.256210707404862625e-01
-1.330001044802971144e+01,4.611036799648493556e+00,4.991367613352270638e+00,-1.741169834573695674e+00,-3.446458417094954818e+00,-1.563516857891062983e+00,-2.073158478363709978e-01
-1.320520466085050870e+01,4.914725097187421454e+00,4.961449736570987312e+00,-2.032274783786759631e+00,-3.261248149597047341e+00,-1.827810819133485198e+00,-3.047347153282859433e-01
-1.334945184742624491e+01,5.158057594827582193e+00,4.890281013453147807e+00,-1.245989051093652877e+00,-3.029735701154147254e+00,-1.202887472700256533e+00,1.203070729525403532e-01
-1.358504404021078216e+01,5.401437079856840739e+00,4.925170823424152466e+00,-1.616369644611981737e+00,-3.069442523656787269e+00,-1.258295369039426959e+00,1.854967539090265349e-01
-1.364647352607682684e+01,5.597258705374224874e+00,5.092519116964385084e+00,-2.429659417369438579e+00,-3.042264484485487586e+00,-1.737288945236815429e+00,6.526524811327021058e-02
-1.330088218732879035e+01,4.808703097923578973e+00,5.095548439012540065e+00,-1.470879661591062648e+00,-3.113361041692687348e+00,-1.395884794556238262e+00,2.252139798569094964e-01
-1.313099047597322055e+01,4.664274356814365419e+00,4.988194666373549246e+00,-1.207129511708138203e+00,-3.066504119885459012e+00,-1.434581736453613532e+00,1.407707335422054562e-01
-1.299826744663251432e+01,4.796056659517843102e+00,4.920603163973593652e+00,4.707888284999987849e-02,-2.409946212496849594e+00,-7.852666744557728062e-01,7.800222919392850729e-01
-1.289307460399919236e+01,3.713629554365555308e+00,5.260504307253828671e+00,2.829146603741485855e+00,-1.319608760548771631e+00,7.632784760566085902e-01,3.447905519974409305e+00
-1.273947783461371941e+01,2.856125658105340914e+00,5.365039843648982121e+00,2.740612534187646165e+00,-1.691290496332365390e+00,9.019966815072869570e-01,2.660363231942245221e+00
-1.314113540411804593e+01,3.379039384658097056e+00,5.723714085361637061e+00,3.198075563568691937e+00,-1.006932001709557545e+00,1.099274305103203897e+00,3.964723992926237450e+00
-1.244765507784740244e+01,2.683196390414029686e+00,5.081760844245394537e+00,1.695640265953615167e+00,-2.812787860269354567e+00,8.655762253044284316e-02,8.393668941732442823e-01
-1.219936693584446452e+01,1.909676737065421070e+00,5.142569446048363524e+00,1.838796485358914268e+00,-3.053533061002844828e+00,-1.954563357160408327e-02,3.910283371577114586e-01
-1.294853084532904397e+01,4.235304030426710220e+00,4.896785280173864940e+00,-1.028021066891802171e+00,-3.233055734868908626e+00,-1.253733362695738096e+00,4.577260466063790695e-02
-1.300843733472495423e+01,4.841536467035390423e+00,4.915538327189595158e+00,-1.520481946395688899e+00,-3.211754335732261545e+00,-1.502243539809180684e+00,5.803930989157309560e-03
-1.238938875493872516e+01,2.222018570107484603e+00,5.363910674917741872e+00,2.196651685375708762e+00,-2.481595830804129488e+00,9.444930470851517490e-02,2.048550950798510240e+00
-1.239401753847902654e+01,2.008264930851042962e+00,5.398225943491223866e+00,2.161149002162642496e+00,-2.654564350981578169e+00,1.288123599848544319e-02,1.553007665186922459e+00
-1.280550659454054774e+01,2.415285213171436851e+00,5.543632263927312565e+00,3.294053838433115722e+00,-2.970529740822188014e+00,9.241945927183872200e-01,2.707868735714159314e+00
-1.289552382558303378e+01,2.653809305407826447e+00,5.596210952801477845e+00,3.469655179828480041e+00,-2.842520786854354942e+00,1.128900272986393283e+00,3.340369051764416231e+00
-1.297235157024375241e+01,3.977071504283869352e+00,5.059301161643195321e+00,-1.662339721166245177e+00,-3.387372929970546398e+00,-1.681407429576656343e+00,2.248777201663336792e-02
-1.227017993242551164e+01,1.981827766194141915e+00,5.186780899307612991e+00,1.740543132230349510e+00,-3.309597265250060261e+00,-1.477991224209561916e-01,8.464833736071145642e-01
-1.231262756529206293e+01,2.574862718503030390e+00,5.093390238669529779e+00,1.710387522586437115e+00,-3.139894167887438137e+00,-1.142847595514191461e-01,6.592800592426664164e-01
-1.309286418287137188e+01,4.315215713111737905e+00,5.086027283554292566e+00,-1.145721268371599377e+00,-3.235197183258451403e+00,-1.433220087473046078e+00,7.687050713013722503e-02
-1.318458609336334497e+01,4.048102872106003502e+00,5.166083983734419682e+00,-1.563910625485633865e+00,-3.319983804217478962e+00,-1.664538334305982969e+00,5.872416603143883196e-02
-1.318632054971305223e+01,4.692980381425509329e+00,4.984635537927665894e+00,-1.643740185747078808e+00,-3.216933465835300154e+00,-1.421496964844334743e+00,-6.446659471344784453e-02
-1.311890837480580707e+01,4.391638942472313900e+00,5.032112267527934613e+00,-8.663425137727933656e-01,-3.165502195834519750e+00,-1.214629680524883515e+00,-1.978453195498058592e-01
-1.324615742153077846e+01,4.757626688145421667e+00,5.051456682054479508e+00,-1.485021057892837781e+00,-3.393609262212848865e+00,-1.530568178827804493e+00,-9.568186238614485861e-02
-1.314272838648568076e+01,4.813033381523500687e+00,4.970174085442123690e+00,-1.810948614744005702e+00,-3.486175545854898861e+00,-1.654233930808617581e+00,-1.353587484656878226e-01
-1.295898389253217431e+01,4.374561069204521147e+00,4.994197329593186296e+00,-1.074579832934378310e+00,-3.251124989885071592e+00,-1.315366501154613843e+00,-2.937490471221585464e-01
-1.287854326897283563e+01,4.560408645204171663e+00,4.864436419661617883e+00,1.519302430909983403e-01,-2.747804805547926943e+00,-2.953215307549477142e-01,2.654041591292872204e-01
-1.277542311779746775e+01,4.864520857540370891e+00,4.970215157202701128e+00,2.166193040101971778e+00,-1.745468891871164274e+00,9.006933071326321816e-01,2.612153409922929548e+00
-1.275654789995235205e+01,4.651073249115018626e+00,4.891758957886475301e+00,2.320737890398449021e+00,-1.566214606027216849e+00,9.475892330136539421e-01,3.157388885914980126e+00
-2.201652737408339888e+00,-3.255534391867406452e+00,1.108021341230575496e+00,3.747778060462818583e+00,-2.428229867562501809e+00,-2.174742245068490565e+00,2.196931455767765495e+00
-9.307765386634061500e+00,-8.370809766781491801e-01,6.197722705164382395e-01,4.597004377923252783e+00,-2.095366813912524773e-01,-5.991558976084028210e-01,2.432344440117247153e+00
-9.604183342407312196e+00,-3.727698625748594452e-01,6.020147545345907458e-01,4.644067313777349604e+00,1.178239276138443731e-01,-6.403847473231538689e-01,2.680841171945585799e+00
-9.657727245039630759e+00,-1.996150484327426033e+00,7.543198832084349048e-01,3.459493197051112912e+00,-6.864487400486304347e-01,-1.989874684080500833e+00,-8.208180663908885843e-02
-9.552293344550037091e+00,-2.211283975172273486e+00,6.266690565107568833e-01,3.713612128882842978e+00,-6.749431933204884659e-01,-1.806304063817797179e+00,-7.712595374693473338e-02
-9.813230329983738898e+00,-1.287873491395915115e+00,5.596752998187140005e-01,3.209200647483004598e+00,-4.732580433416988530e-01,-1.660823984997548131e+00,3.272451987664845574e-01
-9.337597647226214548e+00,-2.351188480019221760e+00,6.266614675249514432e-01,3.563919082352778656e+00,-8.538234808732451109e-01,-1.835372782122602464e+00,2.521917833715363044e-01
2.838695828485497064e+00,-6.367264189709719524e+00,5.372416598973448920e+00,3.856627973745948790e+00,-4.025428110451394481e+00,-4.473894673487812668e+00,2.159587442857099582e+00
-6.495639578467942599e+00,-2.461967143291924121e+00,6.304541190394918893e+00,7.198786060170780488e+00,-2.193891561800596079e+00,6.260501401906379826e-01,6.953782963800350103e+00
-1.030748440234026653e+01,-2.202910239665479164e+00,5.612948858988119127e+00,4.754499995207645213e+00,-2.806963697598441776e+00,-3.128990638316599404e-01,8.485256153626377085e-01
-9.543068370297158154e+00,-3.630538536917859105e+00,5.630686128024946946e+00,4.622238710879956081e+00,-4.613789299403944888e+00,-2.918642349741515929e-01,1.593100559055324328e-01
-1.015269089112674727e+01,-1.186269988838973832e+00,5.445991843197837134e+00,4.403795587148810142e+00,-3.992531707753343539e+00,4.740964508965120894e-01,9.683759656348133182e-01
-1.059271619397440745e+01,-3.762371917272516741e-02,5.352737859919945329e+00,4.458295434849614658e+00,-3.117526837610553603e+00,7.831348342479560465e-01,1.088068887922326811e+00
-1.104395129245468787e+01,-4.241607137973725794e-01,5.527947804209796701e+00,4.138551711205225914e+00,-2.954054080713663932e+00,-1.898389897855149236e-02,5.215140501260356887e-01
-1.118650301389316937e+01,-1.541593966094208512e-01,5.377425837375309214e+00,3.589991583108675943e+00,-3.318260141348685188e+00,-7.874424880337983768e-02,-1.327428346256610547e-01
-1.108034808494357115e+01,-6.153243546676790965e-01,5.414499242410061974e+00,4.459144267964388675e+00,-3.134808234027976148e+00,1.740025492232977478e-01,9.758871269708061513e-01
-1.115901403547207771e+01,-3.981644431211036061e-01,5.390161047167914887e+00,4.485838346894407636e+00,-3.143564116031266398e+00,4.327692333377125555e-01,1.174547931573548532e+00
-1.093660740288457767e+01,-6.423902492352221438e-01,5.604102555794010954e+00,4.761088963140242214e+00,-2.715441613298740897e+00,5.156682272918712284e-01,1.331648922916863986e+00
-1.070414413452867031e+01,-2.401509887560929202e-01,5.186538262672884869e+00,4.923149451199657634e+00,-1.715131196333152586e+00,4.857890358677782738e-01,2.329861269356319653e+00
-1.119166314002270468e+01,1.214779578227312751e+00,4.722781173873295657e+00,3.239041824692277416e+00,-1.887595616167700774e+00,-5.485455875050015279e-02,8.301199680637515455e-01
-1.131253746599328025e+01,3.172295919757249782e-01,5.374305902506596233e+00,3.316124475376177383e+00,-3.092728922151174675e+00,-8.036271806944324247e-02,-1.202349328842656773e-01
-1.127013227994355660e+01,-1.386939107577822849e-01,5.430035236513543140e+00,3.537856369647812027e+00,-3.193185845340830831e+00,-1.490807795260307989e-01,-1.094332154131508472e-01
-1.074611854726295412e+01,-1.941699304904522583e+00,5.943964396029110198e+00,6.012026522552105234e+00,-3.204565560721619022e+00,4.089252135121674292e-01,2.025574429897482709e+00
-1.026415182633959056e+01,-2.992843716556404132e+00,5.971113608456520616e+00,5.655550455652248232e+00,-3.631851199306260991e+00,-2.089424657042484035e-01,7.854553153396848231e-01
-1.076726979861054723e+01,-2.542232777963129298e+00,6.150560666756399009e+00,6.317791250486826549e+00,-3.211909357191383929e+00,5.428635207415974939e-01,2.084090551661728075e+00
-1.029104171514535970e+01,-2.648625783129909372e+00,5.766206958795847548e+00,5.192679967795312379e+00,-3.850294589662726974e+00,-1.683906202923271811e-01,9.002744618091162998e-01
-9.516753929447927973e+00,-3.094827458328417435e+00,5.533646580822904504e+00,5.729770117216316905e+00,-1.862186256191509681e+00,-1.639899728771029297e+00,1.674597581284982928e+00
-1.010935603325309806e+01,-2.296523811999784837e+00,5.258968390033432527e+00,4.548880501720671710e+00,-1.700405739793729554e+00,-1.821363842044012804e+00,1.039585820279220085e+00
-1.102494629980370533e+01,-1.427040906353179484e+00,5.520108350657563889e+00,3.840947756951798020e+00,-3.551413388125090886e+00,-4.560597504465203622e-01,5.211136016809516658e-01
-1.210495185969847398e+01,1.788711643799624440e+00,5.176353691336549545e+00,2.340057435352510318e+00,-3.061817009592493033e+00,-1.583242117633339163e-01,6.883269962892089866e-02
-1.177319974438987416e+01,6.045950340348071883e-01,5.275443520476970072e+00,2.676400874107382588e+00,-3.234801968723130194e+00,-2.822236438550143611e-01,-8.315866741175453880e-02
-1.181491482326098996e+01,8.419607301295699564e-01,5.252662008106155689e+00,2.233406182559001252e+00,-3.166525319017199358e+00,-3.440022435439684112e-01,-3.273599970839046747e-01
-1.208984158931478170e+01,1.194707464378145234e+00,5.300792814103044037e+00,1.800662994460331845e+00,-3.256734353518257574e+00,-4.875405173116001412e-01,-5.429659293445450174e-01
-1.201578216758000828e+01,1.506819379985858465e+00,5.179429909136995747e+00,2.817657354725304319e+00,-2.764555396731917192e+00,1.204084416154966863e-01,2.840749336808724435e-01
-1.190848985748568722e+01,1.261793114421716044e+00,5.264844695036300593e+00,2.668256388600788398e+00,-2.919769887371740147e+00,-7.448900651941829133e-03,2.977331616495674030e-02
-1.208755697959059106e+01,1.311732705333423787e+00,5.411314592812840552e+00,1.740800082166893414e+00,-3.392453998568608409e+00,-5.709472391956431636e-01,-5.549109755218916140e-01
-1.179174178626729841e+01,3.725635355358884460e-01,5.439641652225576607e+00,2.025490084674046010e+00,-3.503930380662936273e+00,-6.444293595057509760e-01,-5.619990746458037867e-01
-1.158212278258600314e+01,6.297801817416665005e-02,5.397301408562223735e+00,2.386356964541884729e+00,-3.583733762758271268e+00,-6.350880561852279005e-01,-6.272430024797690518e-01
-1.170774937487221479e+01,4.880123665281559386e-01,5.328693460039310104e+00,2.202589806765730351e+00,-3.678617338711733797e+00,-6.334096656071354081e-01,-5.568715791716641883e-01
-1.174508944961630874e+01,7.381011304170238541e-01,5.229935964193876963e+00,2.487579808486763522e+00,-3.574087051356646505e+00,-1.142395131713021955e-01,-3.138533534144340997e-01
-1.138240662008745296e+01,-7.622306035676905678e-01,5.598056543729668100e+00,2.698673007356356290e+00,-3.752002545793057031e+00,-5.000006944824103572e-01,-7.894779701122747184e-01
-1.087865078642190930e+01,-1.973858229967611955e+00,5.711328080404611818e+00,4.009054703752104487e+00,-3.680850344740194569e+00,-3.750128301410348697e-01,1.218302826907450148e-01
-1.061680067357222867e+01,-1.908286696584450715e+00,5.614310740242688169e+00,4.763142966557742497e+00,-3.246779584168436372e+00,-2.142703353709539960e-01,7.243590654585002619e-01
-1.084409726556948783e+01,-1.417568578833781956e+00,5.636118954878178933e+00,4.966626891088942841e+00,-2.960846956879330971e+00,8.477529574822478819e-02,1.336149483200848920e+00
-1.142079010769264436e+01,6.754824509229988456e-04,5.464463462522322068e+00,3.482013580070364434e+00,-3.256834904340632164e+00,-1.005976109975910276e-01,6.677186205015339659e-01
-1.158160348247877458e+01,5.348516415988902040e-01,5.407173577423531441e+00,2.442095866930444004e+00,-3.115367512440096132e+00,-5.530775677510288979e-01,-5.923369513622930294e-01
-1.188588105054062360e+01,1.151072897302652498e+00,5.396162270866006416e+00,2.322741150466303583e+00,-2.941703183000279331e+00,-5.371593292447292001e-01,-8.160785631543697738e-01
-1.103987813566428500e+01,3.766996377765590154e-01,4.939464084963072210e+00,2.634794313176239466e+00,-2.530149363375848726e+00,-9.943000666606983673e-01,2.775406388819146031e-01
-1.084680272531250367e+01,-3.658174153236846138e-01,5.001065525823982227e+00,2.909471926613977910e+00,-2.584414595098130984e+00,-8.965868954143104697e-01,2.160954898193834794e-01
-1.151372344889644950e+01,1.769908417304336679e-01,5.292510308345123704e+00,2.618174194992098247e+00,-3.253616512442096820e+00,-4.126830768016561124e-01,-5.900728631760103760e-01
-1.158822389465608893e+01,2.977062276681949893e-01,5.245299875625948793e+00,2.260909374184311815e+00,-3.461999374665716722e+00,-3.597857792985227898e-01,-5.927584077050783717e-01
-1.059197890906970407e+01,-1.354383420895810541e+00,5.935986689666528093e+00,5.774954091110201304e+00,-2.091783876835437539e+00,4.559043101233366535e-01,2.983806467738384427e+00
-1.008757952973991401e+01,-2.505155626523019041e+00,5.804950116749961531e+00,5.786556739670685623e+00,-3.402941596461911633e+00,-1.831918397392338083e-01,1.570119186758262009e+00
-6.242537328633165572e+00,-1.360060457915742482e+00,4.867415533808684636e+00,4.473716641162611474e+00,-3.479103786025005363e+00,-3.816920735404516485e-02,5.750347730983928152e+00
-6.129813841662144824e+00,-6.123238709840981286e+00,1.265627185686776457e+00,4.645349934531180836e+00,-2.267587339775667843e+00,-3.132202075106796713e+00,9.498438629318595172e-01
-8.438143366161453329e+00,-4.454244032248909413e+00,9.878675983624622958e-01,4.637106921282899918e+00,-1.109071764812861627e+00,-2.479211150547483644e+00,9.744779750339502833e-01
-8.567632167066546955e+00,-4.613471562274708226e+00,9.795378502111288244e-01,4.415370967350560782e+00,-1.497407846571122914e+00,-2.398300078238815303e+00,1.083066692197657499e+00
-8.904927731593540230e+00,-3.645863882497009989e+00,9.191730927484040858e-01,4.825533471363269378e+00,-1.000706545836418604e+00,-2.164581576380637529e+00,1.596149343345829585e+00
-9.753640957015994317e+00,-9.116414288837325630e-01,5.301110978059505596e-01,3.330497194575016362e+00,-4.794941700051188471e-01,-2.087240902323258318e+00,5.662631926233504531e-01
-9.742993754362462511e+00,-7.937744597350182563e-01,2.923391836567574287e-01,3.426880479624133002e+00,-3.947657285754871404e-01,-1.874156872099199900e+00,8.284889894292221113e-01
-9.736689508140528915e+00,-8.006601546719734896e-01,2.528873323134528395e-01,3.249864580734892261e+00,-4.752233217054999126e-01,-1.778227972206199548e+00,7.114921468705978080e-01
3.225509316359048917e+00,7.248407126581066229e-02,-4.984112877779811601e-02,3.132421926772391618e+00,-2.702967582630589227e+00,-3.998233883598953486e+00,9.028792815001074334e-01
7.617832208348882972e+00,-3.803805446378530353e-01,-3.100214116804776709e-02,2.196781707592245336e+00,-1.549855736725138877e+00,-5.356544112247738632e+00,1.019866590820413643e+00
5.754125837998033788e+00,7.160773772610422583e-01,-2.048126998837784374e+00,1.346863286014899019e+00,-7.815413132926043449e-01,-2.496735860795419537e+00,-1.250743120881262715e+00
4.251875157103201630e+00,8.547816632184687125e-01,-1.680685611251015343e+00,7.648342693743374054e-01,1.239464804449372931e-01,-8.055069435517567822e-01,-2.660595091311597216e+00
6.794063306286023618e+00,4.187417976574316358e-01,1.167293441840017293e-01,1.098484804502738443e+00,-1.165872433838062383e+00,-3.072841089708152840e+00,7.006232062592151477e-01
4.293399269703784604e+00,-7.835839075390448327e-01,2.724913720975103981e-01,2.346711275488706505e+00,-2.130643161763849491e+00,-3.482037423600877979e+00,1.128119929769475061e+00
7.037818955553872158e+00,-7.987708025016897195e-02,-1.426248369885690925e-01,2.165412775603757112e+00,-2.945389823458171463e+00,-4.343383514269130607e+00,1.433198482091384340e+00
8.049576655901633515e+00,2.936344490530480855e-01,-6.532541896248456048e-01,1.864245883701584505e+00,-1.159991898116196740e+00,-4.455488251112452502e+00,6.193010123150296531e-01
3.958664808645751432e+00,-2.593364612377542788e-01,-2.090953767431749544e+00,1.544700678856756548e+00,6.379077723303464564e-01,-2.572985476302857677e+00,-1.475394551419815237e+00
7.032892404186654289e+00,-2.364068136432423639e+00,-1.214134406692026102e+00,4.458740103665114196e-01,-9.754776212215209297e-01,-3.697618459290411774e+00,5.882243417614726466e-01
9.160627745756377394e+00,1.711079852465639650e+00,-2.485379075797514714e-01,3.940850430185903197e-01,-2.446984620874698813e+00,-3.117755791553280975e+00,1.907368847470661155e+00
6.461137022835310439e+00,2.435309513163051776e+00,-1.603273933124100548e-01,1.421713553696576149e+00,-1.133499787646660595e+00,-2.716761457931871071e+00,1.381413711258979493e+00
7.803027465111207484e+00,-1.956674616409631584e+00,7.407353702460786615e-02,5.414809552120017910e-01,-2.192753210185333756e+00,-3.398354981459570379e+00,1.973068120968643813e+00
6.853252230332678607e+00,-2.210895015934577046e+00,-7.343010332738451051e-01,1.180965261296062829e+00,-1.856708871412188211e+00,-3.327588659322325171e+00,-3.509334934142034346e-01
1.701742571265295378e+00,-2.810940244674278610e+00,-2.808227870691365702e+00,1.480894255950897520e+00,1.637029373749207192e-02,-2.461928760276181016e+00,-1.654660227320225774e+00
5.249539645989836245e+00,-3.472294184141377027e+00,-8.533303996615095866e-01,7.263321088400262471e-02,-1.036080311295270118e+00,-4.394750621639280652e+00,2.522304606404024874e+00
5.182622214266880079e+00,-3.547415602540066049e-01,-2.054305379231980144e-01,3.896477682483294736e-01,-1.606873645996578226e+00,-4.016880807391960850e+00,3.191656012742117632e+00
3.727255543906276003e+00,6.316267942600376495e-01,-5.523425949170221450e-02,2.013600968936540170e+00,-1.938446506762365074e+00,-3.531171476057390901e+00,1.734145504595205667e+00
5.374694199156404117e+00,-1.206794024538574206e+00,-5.868646824747253410e-01,1.332983206456919145e+00,-2.361148910366292597e+00,-4.047324719849960672e+00,2.217921417809023410e+00
2.834675438950289728e+00,-1.818475366144626904e+00,-1.658350254053052364e+00,9.926324477467842744e-01,-4.752857659862787520e-01,-2.496979575452587419e+00,-1.554809146570129474e+00
5.420112013562467190e+00,-2.205948124730891191e+00,-1.708251502584132941e+00,7.861957457230960289e-01,-1.437789534831339922e-01,-2.905842685224524491e+00,2.742864203755455144e-01
7.136985396660215919e+00,-2.653452408188051059e+00,-2.170583747434386146e-01,1.234687418053810548e+00,-2.041417448521091416e+00,-4.494011963011846689e+00,2.351869694738470074e+00
1.499514536201538073e+00,-1.634552194137546710e+00,1.048561060188895194e-01,2.130079229253787787e+00,-1.637791800816585708e+00,-4.590178328191404589e+00,1.681351615211020389e+00
2.861955831351203017e+00,-2.853887137532110430e+00,-2.826494739430694958e-01,2.654814955116532538e+00,-3.020156486636047521e+00,-3.688741669309744786e+00,2.075650158062980477e+00
4.388606949162753956e+00,-4.415000110720700199e+00,-4.880806996579649670e-01,1.423351731764471051e+00,-2.470601769694721117e+00,-3.793470476051952645e+00,1.172484956361606878e+00
2.376574630787662734e+00,-4.994097232037471024e+00,-1.938587199912615633e+00,1.239533961311281240e+00,-6.940674971949177818e-01,-2.609995416459326645e+00,-2.396470958270848328e+00
6.217871023725193957e+00,-3.632846418422720269e+00,-1.116763603936439475e+00,4.532788376976754074e-01,-1.654437304858400903e+00,-3.941191226243307089e+00,8.490849131920911175e-01
6.398714778101317613e+00,-3.736292763509614367e+00,-1.604648554926067089e-02,1.222183304677827431e+00,-2.378796691059498425e+00,-4.888869020032056589e+00,2.143749179466367671e+00
3.054814938366873900e+00,-3.069725693196643679e+00,7.348789598591922712e-01,2.553714014714126179e+00,-2.814810147926342321e+00,-4.888104370343884675e+00,3.013558778264974758e-01
5.157561416184524461e+00,-3.505933149683026606e+00,2.652048786881183173e-01,1.418030107055844091e+00,-3.088959624937877457e+00,-4.147327641264869413e+00,1.222467658158493231e+00
3.495233338095558473e+00,-4.349259872080875056e+00,-8.883378223395262951e-01,1.629791150348184114e+00,-1.300464050866895649e+00,-3.592019956376325318e+00,-1.387073935869831409e+00
1.533027772583227755e+00,-4.318764469227509117e+00,-2.496197130261611719e+00,1.177435577979555559e+00,-5.429132327589050178e-01,-2.695698164569591881e+00,-7.323466100959474812e-01
4.790067206079186235e+00,-2.451254410520443017e+00,-1.010738166419701711e+00,2.120286586124643102e-01,-1.299861451974595017e+00,-3.706461698865187060e+00,1.665277042662211215e+00
4.056830494467311254e+00,-3.199163668758353563e+00,1.120163701777195792e-01,1.672435388384932109e+00,-2.167139818592918932e+00,-4.569437030677613087e+00,1.760974297385165421e+00
2.671893806190682952e+00,-4.413800783346397694e+00,3.107832059976929351e-01,2.882435392180398459e+00,-3.402864181349753547e+00,-3.586653672187492425e+00,1.887252738675124997e+00
4.294085914148938699e+00,-3.875818945841373875e+00,-3.325786633163222983e-01,1.500729580278569841e+00,-2.487506101663295333e+00,-3.629858722613588551e+00,1.314339762111646603e+00
2.783959239000308727e+00,-3.798204902792167825e+00,-1.385413087742139782e+00,1.422705156950340610e+00,-1.551241736467871557e-01,-2.977044551798589733e+00,-1.921572390532493735e+00
4.327943989401912717e+00,-3.126629181645466105e+00,-1.651541687821144411e+00,1.656051424997950494e-01,-8.191905095515725765e-01,-3.287543423616129168e+00,8.559020508893735446e-01
5.081350537500113340e+00,-2.913180799085142603e+00,-2.644777582450162368e-01,2.134744338343665948e-01,-2.033594052697778043e+00,-3.689467026949050155e+00,2.656537298281091530e+00
7.530129197716246559e-01,-2.385111487298009703e+00,7.239075728320024106e-02,1.809514122414237036e+00,-2.257543829420770365e+00,-3.526398420923371191e+00,1.217609863577649554e+00
1.465366455546486257e+00,-2.745593181947882933e+00,-3.158866562614360829e-01,2.176518243742742165e+00,-3.436661320312802914e+00,-3.108950726549437160e+00,2.166015755931842257e+00
2.845369225162191817e+00,-2.787755125346833118e+00,-7.815873601610930921e-01,1.617457930711320824e+00,-1.430686056859782340e+00,-3.534132918504985899e+00,1.077773748033381773e+00
2.126549266215195910e+00,-1.993304713716310017e+00,-2.239344196209703153e+00,1.357849200374587895e+00,7.861330024031525088e-02,-2.235723595601090796e+00,-1.865666475202142127e+00
5.248361634812923171e+00,-3.756372699915402347e+00,-1.300191271537912030e+00,6.722209628306342610e-01,-1.424893339353842103e+00,-4.176931804999664877e+00,1.331221637833338134e+00
5.121725532978301132e+00,-2.780022918348102223e+00,-1.936462572022457918e-01,1.058100309168991116e+00,-1.899889043232089181e+00,-5.095642434046997238e+00,2.953200305981555918e+00
2.514707174568469927e+00,-2.626992201082585687e+00,5.424692224336669089e-01,3.042065458542949408e+00,-2.035976802489213977e+00,-5.151392406183457062e+00,1.183762244466772584e+00
4.693523063769514003e+00,-2.796763895188402849e+00,-1.824268753046612568e-01,1.763616286310608405e+00,-2.686974173916385489e+00,-4.225504299463890057e+00,1.751344506584890270e+00
1.434358830957580988e+00,-3.311799331727548257e+00,-1.231756785453647085e+00,1.982715677995550596e+00,8.017922354917422084e-03,-3.079612556566254877e+00,-5.730231755262614746e-01
-6.288817803852721156e+00,-2.711634190948678302e+00,-3.336240287158161788e+00,2.255374456657206039e+00,8.077341289729803586e-01,-1.497029462476679118e+00,-1.371532630482142245e+00
-7.122958721748829269e+00,-5.415726657414892564e+00,-2.763585928413663684e+00,2.805412708656408682e+00,1.282413241268348880e+00,-2.405997250035120771e+00,-2.502294301953478239e+00
-7.016959901503795116e+00,-5.469745533006218352e+00,-2.817747453860218965e+00,3.141489996630713932e+00,1.031332571820261501e+00,-2.309542495029647480e+00,-2.428062734619382379e+00
-7.751305525266355190e+00,-4.832290362134002315e+00,-3.036360609300532420e+00,2.759942673930101176e+00,1.305807400848192579e+00,-2.392529529613445227e+00,-1.844320704149641221e+00
-7.984361823085146526e+00,-4.140700475605193276e+00,-3.251767776647934038e+00,2.520441456294868487e+00,1.657676392343380822e+00,-2.242334915069986501e+00,-2.063484399386701806e+00
-8.142302925595844343e+00,-4.001091209784820357e+00,-3.084297056812746352e+00,3.033152268745408442e+00,1.865314621827484753e+00,-2.100865698237187384e+00,-1.500658132505187092e+00
-7.846293038322260216e+00,-4.857545016191721743e+00,-3.004689865907289370e+00,3.129872032095224910e+00,1.481093148075976362e+00,-2.309001956876706618e+00,-1.406572303240369859e+00
-8.140741453151349560e+00,-3.933584913095500735e+00,-3.167114620780557832e+00,2.805808890964225810e+00,1.548068601760334895e+00,-2.062042082613910754e+00,-1.707234072322546536e+00
5.788061367159416548e+00,-7.044199341765499334e+00,-6.908595894468264609e-01,8.360858427100028578e-01,-3.038106738067166912e+00,-4.302833903111834779e+00,1.370148346166016440e+00
3.815685669084671883e+00,-5.782509723941324786e+00,4.704048995294365931e-01,2.680019030727401219e+00,-2.358258259068721330e+00,-5.003881939152671876e+00,1.512754217243368338e+00
3.315787133579561452e+00,-5.441242416219410849e+00,2.906374747192092545e-01,2.927826237631899531e+00,-3.863856368717335066e+00,-4.549729190029058401e+00,1.304963373062806742e+00
4.826330673304299879e+00,-7.466997884628566062e+00,2.517784486069692823e-02,1.961407941526375653e+00,-4.069723116629410775e+00,-4.631256162132562082e+00,1.995874661277276640e+00
3.571867605423034941e+00,-8.556689596002481579e+00,-6.203242213680336681e-01,2.217144158923706865e+00,-1.830001646565031503e+00,-4.089442653503846614e+00,-2.508095841817936655e+00
3.792856049122356410e+00,-9.361189863888576213e+00,-1.653540387852981741e+00,1.753138937162777689e+00,-1.743560247291947807e+00,-3.756451335751406440e+00,-1.800215919026283418e+00
6.829186681452166674e+00,-7.334127521751729439e+00,-8.976943630257745721e-02,8.941776907770256910e-01,-2.558223683628130463e+00,-5.516183415240540455e+00,1.516096199690792679e+00
6.478817839925225641e+00,-8.114482803803310773e+00,1.193131516310296902e+00,2.919617010600411344e+00,-3.073102943057424596e+00,-5.887922905285520869e+00,1.333168038744304118e+00
5.010523141765768074e+00,-6.862196348384817846e+00,6.681039711897009958e-01,3.530976304796080267e+00,-4.737074124663592123e+00,-4.796165770440239839e+00,1.526388071970020910e+00
5.050623594561773899e+00,-8.580333111666559986e+00,1.113857387883609162e-01,2.168369126599954733e+00,-4.229469581873629203e+00,-4.301394690412521093e+00,7.380853973299895676e-01
3.580435186698709416e+00,-6.733012227632295676e+00,-1.014007148841207240e+00,1.965233142391192400e+00,-1.294348925288689056e+00,-3.456031624907251576e+00,-2.055176493359855527e+00
3.343685653768905919e+00,-8.475031635643160755e+00,-1.900289646734728333e+00,1.254266181867969454e+00,-1.440446319127896890e+00,-3.584189335147970557e+00,-2.096880782863713932e+00
6.453449215272422990e+00,-8.466155074614972520e+00,4.199727167517360304e-01,1.279074598674068586e+00,-2.121509645711017189e+00,-5.924817339802759264e+00,1.194105910070187848e+00
5.743428506894199259e+00,-7.967411400391430476e+00,1.551250881808465598e+00,2.436934825599512244e+00,-2.551068546942692361e+00,-6.291695113472997924e+00,1.447403751948138195e+00
3.760611843024804557e+00,-6.363512359419257081e+00,9.510481379717516948e-01,3.396424670330499662e+00,-4.161327794141716829e+00,-4.769752883423575618e+00,1.243528247173158796e+00
4.456756715963584803e+00,-7.836599885455079573e+00,5.396669337277770762e-01,2.591663340546400018e+00,-3.581455606578281436e+00,-4.978965178025412719e+00,1.862789309537998372e+00
3.674175216906060193e+00,-8.633685290743891017e+00,-3.697429303948807089e-01,2.497547678479022260e+00,-1.613586135378778597e+00,-4.362335378024700283e+00,-2.553057999168938608e+00
2.877357620127209969e+00,-8.625548491121506345e+00,-1.791349598198576309e+00,1.942138676380263718e+00,-1.118797053628840743e+00,-3.758219006235729687e+00,-2.179612116672377198e+00
6.501209008947588686e+00,-1.033999585295970114e+01,5.451862718730722257e-01,3.427965993126764199e-01,-1.766006399046537556e+00,-5.432135619963531781e+00,1.466072003133833457e+00
5.157747177323296128e+00,-9.933468156859284193e+00,1.451636628444768373e+00,8.031759722190299211e-01,-2.547173770151680117e+00,-5.304882001900737443e+00,2.067071253864053215e+00
1.741537972517096744e+00,-8.033019382153424814e+00,1.179142173603331400e+00,3.677812275356868277e+00,-3.190329371182445417e+00,-5.750861825664573601e+00,-1.140956831301085939e-01
2.915300533398979432e+00,-6.436927575130034107e+00,3.251985230963915785e-01,3.256310222211789451e+00,-3.870520686810178024e+00,-4.435345479979276639e+00,1.560434884416791901e+00
2.820370244301416918e+00,-5.443756735427062843e+00,-4.952900919408721458e-01,1.709246411537280741e+00,-2.426323235294206793e+00,-3.262935413074671054e+00,6.536655627840891603e-01
2.071457231456731662e+00,-6.972918559230165236e+00,-1.822371271232998025e+00,1.619802002032724841e+00,-2.052238374019970113e+00,-2.535276099207988576e+00,-1.878303553100860723e+00
2.504977036135179524e+00,-8.504832649190223748e+00,-2.084631173404719817e+00,1.003712541678819736e+00,-1.984132723474272497e+00,-3.120718741158843290e+00,-1.006069534077705496e+00
4.828597197220873660e+00,-8.872916816405853169e+00,2.279583148894272771e-01,1.064099636223106105e+00,-3.152755285927597573e+00,-4.762827915688554903e+00,1.410937025326923333e+00
4.197533758159331718e+00,-7.193202781109666155e+00,1.503578545357471929e+00,3.018939344830259053e+00,-3.241904613145412117e+00,-5.530252478223427026e+00,6.245760341430215412e-01
3.316605577697675500e+00,-7.094698594156286120e+00,1.551987859499877720e+00,4.243219985725166232e+00,-3.985384522825782483e+00,-5.829887614091194159e+00,1.829759778938946230e-02
5.003932079811275635e+00,-6.162750516680525870e+00,5.754407638656620083e-01,2.489110738713699700e+00,-3.433668045164470328e+00,-4.539512646228248016e+00,1.419467772070773126e+00
5.131206167813592955e+00,-9.036931332412100559e+00,-1.925689163257574554e-01,2.958707798466325478e+00,-2.288549390300610664e+00,-4.419193787762965009e+00,-1.850716650856363499e+00
1.969888599883162117e+00,-5.967070637268504285e+00,-1.730631720827231712e+00,1.032144485703301307e+00,-1.150691309762127412e+00,-2.900157431017956089e+00,-1.818394887533070658e+00
4.934470100143323990e+00,-9.330610704663355293e+00,-3.343250982782802194e-01,1.915676397475129411e+00,-3.156841242252247159e+00,-5.363390254066001006e+00,1.009071222344243068e+00
4.914831234391519921e+00,-9.672119202522683423e+00,1.182001853397404378e+00,2.755590416034059409e+00,-3.377363210025234874e+00,-6.412621154907686361e+00,7.475104166467788636e-01
2.288059604275951564e+00,-7.445522348561700809e+00,1.042434747752754687e+00,3.583337616004274917e+00,-4.277458705854559007e+00,-5.242911039042040144e+00,8.268873135899048599e-01
4.168440285205742057e+00,-5.569349239754213698e+00,9.466548932713265696e-01,2.648646237517415791e+00,-3.220820257572478695e+00,-5.097537323809762100e+00,1.114428169990676620e+00
3.332488956054664442e+00,-5.347653789481056741e+00,-5.106576285468944487e-01,2.068228541045061597e+00,-1.876539091785528690e+00,-3.411640746290258264e+00,2.796134830519794168e-01
2.001353883523547150e+00,-7.124830399078653009e+00,-1.381072542599898645e+00,1.890614069767798222e+00,-8.018031117772704830e-01,-4.109057421367285023e+00,-2.387019629280435762e+00
6.021230296363626167e+00,-8.679328881444577704e+00,-3.991723114946600925e-01,1.079714825952247548e+00,-3.286256822901335806e+00,-4.778992998589901120e+00,3.586390308148373895e-01
5.440275390196720906e+00,-7.398155664988120606e+00,9.221292789339440299e-01,2.150720465536671622e+00,-2.856449830076083440e+00,-5.868807733280388739e+00,6.388384771806518980e-01
1.872631947588160983e+00,-8.214364449482923547e+00,1.544764309572753014e+00,4.066595485141525579e+00,-3.471283550382849192e+00,-6.479466786481720142e+00,4.060592328306134591e-01
4.031384340250227183e+00,-6.406545846900430163e+00,5.770760412514404081e-01,2.487774998258695636e+00,-4.157389180488505254e+00,-4.887527786385751583e+00,7.609903535885355064e-01
4.174707184824707262e+00,-7.827832472300153555e+00,-1.031784139034014613e-01,2.347044318126299878e+00,-2.219261609024747894e+00,-5.383235832047215119e+00,3.678785234304333129e-01
3.166591894276805874e+00,-8.458822709587710875e+00,-2.134948637326347765e+00,1.159607342688405485e+00,-2.472726626484795798e+00,-2.835967477091718703e+00,-2.981805865633051500e-01
6.678549324290901090e+00,-9.163619163468917250e+00,-8.069262635062872391e-02,2.176505346068552615e+00,-3.693905087047808511e+00,-5.913469269417632290e+00,3.242203225581794523e-01
5.199807783325196553e+00,-8.417799086839396594e+00,1.067395462882918039e-03,1.912371243502002160e+00,-3.240249978427444333e+00,-5.554915521054445193e+00,6.918269287242562182e-01
3.436067683454100408e+00,-5.753532323627869260e+00,-1.235566078301612913e+00,1.971996028075090779e+00,-2.475888859327953551e+00,-4.858213709757004395e+00,-7.838759948540284794e-01
3.355416350862406638e+00,-8.658143872274798980e+00,-8.404437390315374623e-01,3.489881718393544663e+00,-3.096244442886559423e+00,-5.793582640377637816e+00,-1.233777350305701681e+00
1.468665014144602932e+00,-6.008423065931103757e+00,-1.088482934523128831e+00,2.062423766596819696e+00,-2.220286641590836663e+00,-4.285427488502018711e+00,1.227939430309216817e+00
-5.366132790376650696e+00,-5.144617921963317464e+00,-1.542069098223709744e+00,3.506382002875024551e+00,-1.125901856764569331e+00,-3.405364960675615560e+00,1.907962739028115529e+00
-8.495882488477249694e+00,-3.484953682703999966e+00,-1.142145059984851274e+00,4.219118251197660818e+00,-1.355955029158456115e+00,-2.905297933468076632e+00,1.727319664611961292e+00
-8.763267585197054288e+00,-3.153421628516455133e+00,-1.184074524885624369e+00,3.982940344660298670e+00,-8.450567931986135983e-01,-3.405703467878732127e+00,4.939777001007111812e-01
-8.794548012575431173e+00,-3.265981302425104094e+00,-1.175934038780688029e+00,3.675999587724703144e+00,-9.388776678436023815e-01,-3.412228926685101804e+00,5.185222269274367690e-01
-8.374569717494804166e+00,-4.371980452045377774e+00,-1.150029506489876452e+00,4.169086864029699413e+00,-1.181349372859197944e+00,-3.540804483013916037e+00,5.701308870095257442e-01
-8.953062946805967925e+00,-2.549652052733768048e+00,-1.195286198153357793e+00,3.312346916887478621e+00,-9.454876542968317921e-01,-3.308934452337965126e+00,3.718770320325973100e-01
-9.383397995254833646e+00,-1.701800865984592459e+00,-1.334845273656538822e+00,3.126445643149482478e+00,-8.939802879223921472e-01,-2.921224825032745720e+00,3.193720713468017336e-01
1.099074136036796290e+01,-5.741361795350098163e+00,1.353813478831343842e+00,7.196003435955222738e-01,-3.062759661033675140e+00,-2.906065964866571871e+00,-4.349151815989066305e-01
1.396621500097845825e+01,-7.562226167061529836e+00,3.368774570000518054e+00,-1.426358766264194777e+00,8.621495593696032467e-01,-2.813033149570769442e+00,9.750270909610628811e-01
1.585699948399564363e+01,-6.360934340312420332e+00,2.849284540365619733e+00,-2.417780733248822145e+00,5.229664722501741192e-01,-2.482135722465723671e+00,-7.702557240234708669e-01
1.444767619589221219e+01,-1.452220061689083463e+00,1.863083573750869526e+00,1.746382865698321130e+00,-9.615954960847431510e-01,-3.580101543659185204e+00,-1.774732914284496532e+00
1.671480224096130129e+01,-4.628464567752139658e+00,3.532788227299989536e+00,-1.210697131594419496e+00,-5.153815286366398851e-01,-1.999780492711632274e+00,-8.973524821138424423e-01
1.732642598878065243e+01,-2.995660191912334458e+00,2.747284829890108693e+00,-2.159149006600862286e+00,-7.712822749570587277e-02,-1.791644705515737401e+00,-9.116450962070372643e-01
1.434568963111541784e+01,-4.650105602522407011e+00,1.688159769255729525e+00,6.243091794171889974e-01,-1.969520230610437350e+00,-3.878655190779071393e+00,-2.580683780786614090e+00
1.550399141612624909e+01,-6.670274394682169650e+00,3.695657298954932557e+00,-2.157086319837219879e+00,7.926157903026811447e-01,-2.368216603604315296e+00,-2.085132290309260839e+00
1.714241748979102553e+01,-7.320150224226757096e+00,3.908167072881860271e+00,-2.499019871907423251e+00,8.260679524011050878e-01,-2.937242549509780254e+00,-1.290666911697709640e+00
1.413878214281783663e+01,-6.314152968550525102e+00,1.470411445046237331e+00,8.117933127077457955e-01,-2.258892913890452103e+00,-3.350031554116716048e+00,-3.901790597171175268e+00
1.265977447609152406e+01,-7.243157833078914365e+00,2.841560355461479226e+00,-8.291444853851244190e-01,-3.939954347586564487e-01,-1.418043188581626257e+00,-9.238644457610587502e-01
1.403527406505031117e+01,-7.063980639927821770e+00,2.862724344085559203e+00,-1.848474368891244612e+00,-5.987216118987020996e-01,-1.454121042196547364e+00,2.154887371028499643e-01
1.345856908007207231e+01,-5.949456770772199476e+00,1.645899016173782314e+00,8.625669784091281045e-01,-1.761677212896900491e+00,-4.465567527495528211e+00,-2.818618616423978374e+00
1.328471157600315777e+01,-3.582918760789306489e-01,2.185737029872891313e+00,-1.586446710956747719e+00,-3.755166028552991975e-01,1.318184723152291959e-01,-7.457580009944049237e-01
1.653037640025681654e+01,-3.834915645801591388e+00,4.113657248857604642e+00,-7.535723275711080360e-01,1.652700545572620250e+00,-2.184442641006023589e+00,8.628385760037866892e-02
1.618787789091067353e+01,-4.122307464536210664e-01,1.163228841172397887e+00,-2.229278190552554495e+00,1.275085835003003432e+00,-4.412124211595915835e-01,-1.589086716707558411e+00
1.137463432610346104e+01,-4.756131214258111584e+00,1.337610941942741105e+00,5.939945571827316417e-01,-2.807064274684623495e+00,-2.620073717203087238e+00,-2.368429174580988672e+00
9.491645340267474751e+00,-6.686585890395770448e+00,2.638018202655377120e+00,-2.150172907139614065e+00,9.149515941782683237e-01,-1.594860845408966554e+00,-1.362816745823396958e-01
1.116638383422753300e+01,-9.032831479835481403e+00,2.374406160590787351e+00,-2.014179880494942232e+00,1.302801551176042683e-01,-2.617944633023702838e+00,-6.294692162502211197e-01
1.008336489401982128e+01,-5.749009011213256137e+00,1.077618420258770193e+00,8.742630483788458307e-01,-1.523156468426078547e+00,-3.902755715185583174e+00,-2.016873327089730328e+00
1.030020460708843544e+01,-3.757284185308095381e+00,2.153483248187831656e+00,-6.489302137482584332e-01,1.363262288282619972e+00,-1.804613102118474366e+00,-2.645069011996458719e-01
1.093717178265888812e+01,-3.263041685837229089e+00,1.760917576689804198e+00,-1.873132187106970159e+00,1.040183149655418360e+00,-9.733679565199206962e-01,-1.346306083964811939e-01
1.036469106975590648e+01,-6.678646798905207405e+00,1.072537583631399283e+00,1.393817963403102267e-01,-3.048157166771956958e-02,-4.435603938032925520e+00,-2.365332188947825820e+00
1.149888937938245448e+01,-4.693959314580322228e+00,1.981460697675929916e+00,-9.423965575213130164e-01,1.034843640912800067e-01,-1.354785097521960635e+00,-1.361489629399658785e+00
1.435774497372359093e+01,-5.295913871537929474e+00,3.005168754663535502e+00,-1.229018387688251002e+00,5.205066195258961637e-01,-2.388883863332556867e+00,-1.379359985888668927e+00
1.402533850656174508e+01,-4.944203232797988790e+00,1.057785123685703210e+00,-2.005791439768692452e+00,2.970317091157805289e-01,-2.624661398929846179e+00,-3.477362395140771500e+00
1.106445007465955577e+01,-3.958345141446435012e+00,1.236316121704627236e+00,6.173477670114702054e-01,-2.417272373230531457e+00,-1.706852919259769008e+00,-1.977099519855614718e+00
1.116858747327982826e+01,-2.741063216459948215e+00,2.563479821262892422e+00,-2.005903483934009746e+00,2.402944018300440909e+00,-6.976724036676290597e-01,1.821194599574907369e-01
1.378209613558323277e+01,-2.662889809985303557e+00,1.958539032789849976e+00,-2.080395085753496520e+00,1.546178243562395416e+00,-1.356713199850275053e+00,-8.429455733014017405e-01
1.375072169469050287e+01,-2.276516457128535897e+00,1.990178718155985127e+00,1.619266600945826529e+00,-1.232779667305087035e+00,-4.398234354126616452e+00,-3.030381311301918679e+00
1.508603984486446947e+01,-3.503696711189498103e+00,3.726328696525492479e+00,-1.091368409022936831e-01,1.369369953991357747e+00,-3.044799162735781106e+00,-7.635341512285492849e-01
1.694890678574587994e+01,-1.614016725344406655e+00,3.741628452340308275e+00,-1.131338347010995227e+00,1.442286978278216836e+00,-2.627615479412098498e+00,-6.804324644655589394e-01
1.386464708008777791e+01,-4.096282884720596762e+00,1.020817193391144517e+00,3.109203040786763794e-01,-1.699357754501878315e+00,-3.303298877831302161e+00,-7.666694773125894979e-01
1.092279628209790410e+01,-3.760684852652992127e+00,1.230438427260122092e+00,-8.218884288886703082e-01,-9.757533512767141426e-01,-1.025672815110369118e+00,2.879307696681180362e-01
1.119141250130603105e+01,-6.183867556440524105e+00,1.643372713387598605e+00,-1.290126729715977971e+00,-4.649183206049394834e-01,-1.818943389918358466e+00,-1.154267552082290788e-01
1.222077445576802290e+01,-6.409796658128979807e+00,3.158583465344579344e-01,-1.200320111120444455e+00,1.173921359384987873e-01,-3.108156669367435398e+00,-9.303764689127720366e-01
9.122405301750688977e+00,-5.977423942173456517e+00,1.345848472391005357e+00,2.425524334616778743e-01,-1.602743864779566652e+00,-1.838003456517277368e+00,-1.222177956197242121e+00
1.227649121075082661e+01,-5.406124993481581598e+00,2.397835439621126774e+00,-1.128967191235766832e+00,-4.989355871104321216e-01,-1.328421499884174128e+00,5.222603662009491776e-01
1.401290644162202170e+01,-7.113730693393288895e+00,1.681781163933108392e+00,-1.042067927255868165e+00,-9.065138393014722240e-01,-3.109255855091833443e+00,-1.302252004312324463e+00
1.467100961785056334e+01,-2.121904847569232366e+00,2.120350683563610339e+00,2.381294523500864513e-01,-2.428328911796098222e+00,-1.995109017778025295e+00,-1.240347642982456922e+00
1.764468785575173726e+01,-2.448686898125772338e+00,4.031871611639616937e+00,-1.157948280538781960e+00,3.317154449653809678e-01,-2.213627319350670586e+00,-9.279518779000567319e-01
1.766167205451203515e+01,-1.501020776387347322e+00,2.138818870894991786e+00,-2.017725684499811489e+00,-2.565608083802196626e-01,-1.404318212576243230e+00,-3.651307031819717164e+00
1.364406065880703878e+01,-4.044850921828597734e+00,1.910704175213606693e+00,1.116314578835990723e+00,-2.408737761467273586e+00,-3.186092069169217389e+00,-3.562860503007074797e+00
1.315738918423856774e+01,-6.569939051351403769e+00,3.180648927066032527e+00,-4.798642935635614726e-01,1.901862790503887346e-01,-2.975819650594604848e+00,-8.039475661804994511e-01
1.599706963447138186e+01,-7.314596161523106765e+00,2.454067985169906319e+00,-9.061871289445755373e-01,-1.128431910369586122e+00,-3.404093136086139726e+00,-2.491223433984584013e+00
1.407312062692684407e+01,-5.869604640461065337e+00,2.367508109152119733e+00,1.134549387372787432e+00,-2.206508953680778262e+00,-3.151802770231974193e+00,-2.404534255501903584e+00
1.116561149446239298e+01,-6.653947203906272811e+00,2.707131427537405877e+00,1.154878174810400226e+00,1.629448260470618415e-01,-3.315184498747927311e+00,-1.528213853068051353e+00
1.155642219959749006e+01,-5.753326828921319525e+00,7.069400692477029180e-01,-1.088806821683761417e+00,1.220577168823302694e+00,-2.403809071614505743e+00,-1.708801825507128225e+00
7.710623187322111605e+00,-3.923968330075674693e+00,2.061863563530010879e-01,3.238311509496817120e+00,-3.025221740623514233e+00,-5.138066887862629883e+00,-2.280713450471353099e+00
1.022883496556669769e+01,-3.130830379250695295e+00,2.942332386280637202e-01,3.432346519397123430e+00,-2.908302955235113618e+00,-5.405204295964863626e+00,-1.749704547159115275e+00
1.008461616268678540e+01,-5.288470542080326631e+00,-5.854851555777838001e-01,3.559757102794446126e+00,-3.084950188720031683e+00,-5.013831619941218953e+00,-2.440861023706550448e+00
6.874372033604137400e+00,-4.895993091234291938e+00,-5.951269400643089957e-01,2.773488629252912840e+00,-3.635504696723439899e+00,-4.851563968277155858e+00,-9.349971771088047001e-01
7.320372290001501803e+00,-5.440933372671374002e+00,-5.285812664660124449e-01,3.022620064809530493e+00,-3.252973773411109715e+00,-5.859212756773008124e+00,-5.258630844255616221e-01
6.369757324223122907e+00,-7.213507446764031883e+00,-1.280538759347249700e+00,3.057163934154571105e+00,-3.031657231041091194e+00,-4.569782975465584762e+00,-2.542571877167438821e+00
5.572639117910660467e+00,-7.117717315222576779e+00,-6.265879284478292899e-01,3.027141799110727227e+00,-3.694696493585242880e+00,-5.241861590061393628e+00,-1.311237490519899795e+00
5.804185137404041406e+00,-4.443590973004238442e+00,-1.178179775536047247e+00,2.503049702740272053e+00,-3.720459635756009575e+00,-4.555690625640981928e+00,-6.014752946922209409e-01
7.406059417105658405e+00,-5.602899891847619607e+00,-6.238710250843565452e-01,3.038055340727266351e+00,-2.886889986269509212e+00,-4.980244561003316583e+00,-2.978008985410429688e+00
7.353448451821503973e+00,-5.304019103287394010e+00,-5.612281934477794110e-01,2.816280636052812092e+00,-4.241774953588353547e+00,-4.161400854531079219e+00,-2.509584277806361730e+00
8.471177783112690207e+00,-6.689984040713259361e+00,-6.258553197913208077e-01,3.254469981615467855e+00,-3.285189223675053949e+00,-5.708809534120836027e+00,-1.000827724979400646e+00
6.871769854325028071e+00,-7.542466756201145373e+00,-1.287336665578576955e+00,3.304699025696282266e+00,-2.426472221942995056e+00,-4.407237570296782536e+00,-2.749744937565662628e+00
3.671097983022327593e+00,-8.822745163464405849e+00,-1.322285804134758713e+00,3.479624078912132212e+00,-4.105427783261586860e+00,-4.813664732962322113e+00,-1.486800316664181887e-01
6.806590752915771425e+00,-8.090320314113922606e+00,-3.129827315543450283e-01,2.722219563449890689e+00,-3.956516826216877281e+00,-5.096369626964563082e+00,-7.347411426596467399e-01
6.680543961327185976e+00,-7.729994867381094537e+00,-9.021279318197467090e-01,2.881281358704755657e+00,-2.781677955569724858e+00,-3.951359425445508222e+00,-3.070405585384933911e+00
5.307593863049056893e+00,-6.997603740636677117e+00,-9.625786512912422044e-01,3.006332930833686579e+00,-3.379115550452011174e+00,-5.173581014042969883e+00,-6.118045248838003269e-01
7.920841692097075004e+00,-6.069402130785178429e+00,-3.705244442216988343e-01,3.424218548823414920e+00,-3.139297849612813884e+00,-5.400303075806829334e+00,-1.144094496574689979e+00
7.610868778725950357e+00,-5.141895136932175703e+00,-1.168915608158674235e+00,3.176780533973489362e+00,-2.508286549749162653e+00,-4.246418312104895065e+00,-3.097676931428073654e+00
4.531935895131798731e+00,-5.666303766615487625e+00,-1.297266792970197535e+00,2.950797812501245510e+00,-3.196997790596084243e+00,-4.697188143732597965e+00,2.825914177749049294e-01
-2.350148580718983138e-01,-3.807647280887270558e+00,-1.300132874028881336e+00,2.450381383281517333e+00,-1.804020538019698972e+00,-4.014585809615398126e+00,1.191397478566768031e+00
-7.177316352888334805e+00,-5.827058853026046314e+00,-9.120236007450344129e-01,4.427916371892757219e+00,-1.061140114499973919e+00,-4.022045859816957503e+00,4.930786782242766453e-01
-8.099737089753583419e+00,-3.454369308926063642e+00,-1.456486197243208602e+00,3.034087371168410208e+00,-9.811950755291110049e-01,-2.888301104312188450e+00,6.002735759988622188e-01
-8.017729461191620999e+00,-4.506177747570719205e+00,-1.192546563343795052e+00,4.165803737950316332e+00,-8.458502110966455989e-01,-3.396720440677661657e+00,4.572707070479964386e-01
-8.381436526664849396e+00,-4.035896153803891551e+00,-1.226669488351294079e+00,4.065559156739577240e+00,-9.630867920087343714e-01,-3.307439535842408240e+00,6.009165879071494132e-01
-8.455924096589171768e+00,-3.791396322385207185e+00,-1.346307521400084362e+00,3.944985721325659167e+00,-1.093677721344417542e+00,-3.048961153042604622e+00,7.082882948708553172e-01
-8.537306971937574929e+00,-3.516957905418148567e+00,-1.519008325190613462e+00,3.540455381299310034e+00,-1.125650993080675066e+00,-2.993163182972371938e+00,4.072295728557722150e-01
-8.550097990690133543e+00,-3.297138608977999485e+00,-1.498608587865595254e+00,3.499726140539089148e+00,-9.628303154187886070e-01,-3.114983253493336601e+00,3.774484571184901216e-01
-8.518978020286551711e+00,-3.345972997596950993e+00,-1.499546851382580481e+00,3.688138926827742914e+00,-9.296817299013504510e-01,-3.150190040054646090e+00,1.387512258546285682e-01
-8.653098929191134658e+00,-3.176966328576087850e+00,-1.579104095462539492e+00,3.692804647456511713e+00,-6.838361824867830174e-01,-3.149175892537339649e+00,4.844884448780194530e-01
-8.201864359829381002e+00,-4.116495716782289982e+00,-1.378958392582512849e+00,4.093143048681468166e+00,-7.685178460784392040e-01,-3.084161747539877041e+00,5.184067184824460162e-01
1.231747166560269591e+01,-3.842050677812339998e+00,2.345504746078942215e+00,1.575839749524288846e+00,-1.259500202544966641e+00,-4.021418627179399685e+00,-2.335875343956543393e+00
1.417228175900525677e+01,-4.104122440996781584e+00,3.817299667595820178e+00,-4.466134467744798525e-02,9.879684447532401936e-01,-3.616186707552977442e+00,-8.498402172115507858e-01
1.454282169780264411e+01,-4.861876047426318515e+00,2.170841958804037741e+00,-1.658986191846186564e+00,-4.166356780385548908e-01,-1.884153658674748932e+00,-7.783483580123667922e-01
1.130709468403835238e+01,-6.713779412675766167e+00,9.951700603773128151e-01,1.534667165770803865e-01,-3.261349664458726316e+00,-3.373637581361718762e+00,-4.513102241905012635e-01
7.812728884014635611e+00,-8.658822423262654056e+00,1.008238140362021751e+00,-1.604938704383384040e-01,-1.873958062411861913e+00,-1.843655044485288830e+00,6.272724737767021441e-01
1.038588929529208649e+01,-6.788042797434796327e+00,2.958352381547931120e+00,-3.329650180085665045e+00,1.936691033889405222e+00,-2.853356756676349026e-01,-8.415888128327837781e-02
1.429047115158262393e+01,-5.830091595616482714e+00,2.379415771229963283e+00,-3.638465352250407125e+00,1.791374428973449673e+00,-6.872371482277983556e-01,-6.801380085391766084e-01
1.340192527028520786e+01,-2.576380917175610463e+00,1.211650789305217968e+00,4.817034244472733207e-01,-2.449210575201824280e+00,-2.854032001044108036e+00,-3.164038685470637269e+00
1.196358365704424465e+01,-5.046326062410475544e+00,2.700238915961852726e+00,-6.669198758763942303e-01,6.059042649771163580e-01,-2.494766157050173128e+00,-1.076513539405769659e+00
1.042740915959309156e+01,-6.197164363225855510e+00,2.020941239822225288e+00,-1.524549181281694032e+00,1.105857213463573574e+00,-1.833767715158608258e+00,-5.737279846906607750e-01
1.002371153358780731e+01,-5.689132910882762850e+00,4.708017660727612519e-01,1.284999056718439947e+00,1.548387970610599950e-03,-3.879772266366357858e+00,-2.578486776898362809e+00
1.155067195866308793e+01,-5.356649426337719788e+00,2.148984139867168963e+00,1.285555543162071324e+00,-1.293330844263538282e+00,-3.201820518810661209e+00,-3.034725056644833607e+00
1.378810274622455800e+01,-3.283133390187492839e+00,2.844043891986177020e+00,-9.245925375987937844e-01,1.751707244590872126e-01,-9.054403860645915403e-01,-1.276237852405652573e+00
1.345752285589862218e+01,-4.451317626724729415e+00,1.626718792487479748e+00,-1.432502654148923638e+00,4.446377775392304499e-02,-1.110492911656775439e+00,-1.274937048550815799e+00
1.003408695542758799e+01,-2.470334012968896875e+00,8.184367772099865324e-01,-2.912334290688303184e-01,-1.921496948248768932e+00,-2.645552079087935216e+00,-3.583509460315233430e-01
1.060585111127712210e+01,-9.152305233002538287e+00,2.940399431167809219e+00,-1.035516421709520962e+00,6.100877068743415510e-01,-3.875726252447873055e+00,1.647712317389900871e+00
1.419075813461275359e+01,-7.878657617041749717e+00,3.231932956723680306e+00,-1.658881230062718926e+00,6.139510382405269917e-01,-2.627815329689541901e+00,-1.004118759031689123e+00
1.333119515146452727e+01,-7.282872367364376487e+00,2.024314692739380472e+00,1.858943605678900379e+00,-1.795877605717723036e+00,-5.448283082221583307e+00,-3.239874341055524187e+00
1.151119219240305824e+01,-1.029330731367921636e+01,3.468643607428352649e+00,-1.550728250016754073e+00,1.631825316537081294e+00,-2.541360067120013611e+00,-9.186764032680007075e-01
1.251075705628062806e+01,-7.826721854640452669e+00,3.655359706131022790e+00,-2.371852858492061955e+00,7.366004649690794936e-01,-2.074947857347291702e+00,-3.488787409396456596e-01
1.345184696449874728e+01,-8.264389501626459023e+00,1.890586789675384738e+00,-9.765719296998071064e-01,3.846527398748616489e-01,-4.346763741517276181e+00,-1.080723168500721032e+00
1.081819280910612946e+01,-5.050454605396044627e+00,2.258618108550044301e+00,-6.708101414525150519e-01,-1.537271201736892356e+00,-1.275659972562107836e+00,2.301382267801894144e-01
1.026654036674216464e+01,-7.696755592300656978e+00,2.175630967837892005e+00,4.628750445374517353e-02,2.594218533376951297e-01,-2.832959222157395374e+00,-5.529654544011644024e-01
7.878632557364867672e+00,-6.699139092268370455e+00,-2.981440955406277071e-01,3.385708166469195479e+00,-3.344726610436088876e+00,-5.341102283594192812e+00,-3.371888730486610530e+00
7.666356991841630553e+00,-6.391885504801199325e+00,-7.949176298936491691e-02,3.185693356392386377e+00,-3.303227001397126994e+00,-5.056099862051900651e+00,-1.580743099821547037e+00
4.462744331826091759e+00,-4.869891822834794048e+00,-1.633907791038234469e+00,1.969418995102260928e+00,-2.493540844541261237e+00,-3.826913027207827778e+00,6.497915470126971460e-01
4.248303687670877515e+00,-4.096694207797094478e+00,-2.153673882877498169e+00,1.465214841153295033e+00,-1.504061619402794259e+00,-3.155441430101942224e+00,-8.831121697540558202e-01
3.621152417838715554e+00,-3.089418073430505451e+00,-2.189171081385802076e+00,1.763850980410506697e+00,-2.161667966576085842e+00,-4.139191360631471639e+00,8.824707564095574108e-01
3.788408793709149958e+00,-4.198711381048654268e+00,-1.740404725863254010e+00,1.071305238636975687e+00,-1.791067441071913402e+00,-3.645969525356266505e+00,1.384908512046805873e+00
3.463000971950493057e+00,-5.642095869949941722e+00,-2.634405493121301234e+00,9.367587940849747552e-01,-2.231743257899873711e+00,-2.804958349049881061e+00,-5.069440111287814021e-01
2.522363769158724622e+00,-2.191060266397365730e+00,-2.778429162116604623e+00,1.201775288042321144e+00,-2.454028444765880668e+00,-3.138190697396726847e+00,1.196420745948300279e+00
3.773919521602535188e+00,-3.142480114226249732e+00,-1.618989563315113012e+00,9.544869411499843359e-01,-1.627774600863152177e+00,-3.054421805760055619e+00,1.833052864928746972e+00
5.623513514743706310e+00,-3.270271214638502233e+00,-2.244658096264681379e+00,1.096535453800957072e+00,-1.725126702131699385e+00,-2.502796066049299384e+00,-6.268689924223865839e-01
5.141423266261294422e+00,-2.781311613028643048e+00,-2.342506009712485682e+00,1.915805020713199802e+00,-2.293958000898983940e+00,-3.897035328215663341e+00,1.486768997903116507e-01
5.134476008856498908e+00,-3.648424228846393724e+00,-1.309992101048482072e+00,2.834509173706953322e-02,-1.411729922670681425e+00,-3.774445937979097110e+00,3.463445606211607020e-01
6.958452306923387454e+00,-4.711021316792519897e+00,-7.347373480190503292e-01,5.487969116121350632e-01,-1.306408868836661075e+00,-3.493882134882746904e+00,-1.150751662192242009e+00
6.127442117842962332e+00,-3.429490430073576679e+00,-7.755946123553333349e-01,2.950694949658806188e+00,-2.751221605580937979e+00,-4.585440379736109406e+00,-5.490873634738566711e-01
6.489381757182394850e+00,-4.540345187847265152e+00,-9.356093409036598807e-01,1.335658115893656017e+00,-2.203276298767324892e+00,-4.236721199493086232e+00,4.924753960540594888e-01
6.683421569619972580e+00,-3.865726806162724571e+00,-2.167008835002361078e+00,8.403253920916753383e-01,-2.757123216577942237e+00,-3.062329717588887057e+00,-2.143775340005755314e+00
6.302855851815085231e+00,-2.756919512686450524e+00,-1.549262311440013251e+00,1.689429899421931225e+00,-3.179412393146750393e+00,-3.886519138908705706e+00,-1.163104441589674742e+00
5.020538259367843814e+00,-4.233846995884500863e+00,-1.353499062322115254e+00,1.656798797337037277e+00,-2.131858296418545518e+00,-3.861750608892791981e+00,8.739176497954245226e-01
6.028519915335940560e+00,-4.512329747011190051e+00,-2.107371881115005063e+00,2.013470199289507434e+00,-2.011787643456698138e+00,-3.595729741937348400e+00,3.841759417270063093e-01
6.253650648572314452e+00,-2.787854179967709900e+00,-1.326292159511532009e+00,1.975546951588931455e+00,-2.031989270908121981e+00,-4.519022676349568890e+00,1.689031287406924930e-01
5.620954343233638184e+00,-3.219745375556375411e+00,-1.092301912011750309e+00,2.430295542860402502e+00,-1.421192285518813936e+00,-4.984694809438593666e+00,6.185679889566547685e-01
5.618006079450721835e+00,-3.721030967604018969e+00,-2.143568932632998081e+00,1.612103507000020031e+00,-2.291044769473964848e+00,-3.536421608185964516e+00,-7.641858007505225592e-01
3.849836793728068418e+00,-5.212661829463802299e+00,-1.175457812807987557e+00,2.674050576438878668e+00,-2.281091447851052667e+00,-4.700744315184896216e+00,8.926094704450410200e-01
-7.776285947676456090e+00,-4.046870915319511930e+00,-1.614254576708250122e+00,4.406715937368915093e+00,-1.644332994456688679e+00,-2.571346878865129693e+00,8.740547729221713469e-02
-7.497275700103774199e+00,-4.435898189984700757e+00,-1.292887282653010228e+00,4.589115939620957541e+00,-1.849949955045532501e+00,-2.460190011992912762e+00,4.145480646286376358e-01
-7.787733722881475806e+00,-4.270110113758024184e+00,-1.322878549503468282e+00,4.309670738986126182e+00,-1.846433546684379534e+00,-2.375399642820162249e+00,2.704920926721260388e-01
-7.610343389496540212e+00,-5.173494496252335928e+00,-1.154881622268535635e+00,4.874384440813255281e+00,-1.648672250254239469e+00,-2.859602939977579972e+00,1.117566566718717486e-01
-7.561105297681568693e+00,-4.883522548284782161e+00,-1.284167359043625334e+00,4.645932033599152078e+00,-1.739035761444940542e+00,-2.850835820135015020e+00,6.162198363299145054e-01
-7.449070987687200329e+00,-5.214352941605098657e+00,-1.218966197739278057e+00,4.885321507900132865e+00,-1.474406417092710253e+00,-3.117099586278177625e+00,9.838906532141004080e-01
-7.601887915677898455e+00,-5.529079150361974726e+00,-1.059450982971493760e+00,5.010536001714146259e+00,-1.611393772687722992e+00,-3.200157469368948959e+00,5.755633492095178078e-02
-7.589920369507515474e+00,-5.390883447534990935e+00,-1.205759042544723325e+00,5.092984566423276682e+00,-1.568886836811607122e+00,-3.111167576103051502e+00,6.806946251389445202e-02
-8.059276667742929945e+00,-3.946151663414048993e+00,-1.585413587990556872e+00,4.397246522397083801e+00,-1.527917934471467509e+00,-2.440280737965674351e+00,-1.495880718336778659e-01
-8.293726245132425845e+00,-3.518492256293331177e+00,-1.554638953748022745e+00,4.681226264579620988e+00,-1.407181051156998208e+00,-2.312371693952201657e+00,-1.153281930549026474e-01
-8.109413876057230297e+00,-3.970709756114011224e+00,-1.268276442348722277e+00,4.749925536566981243e+00,-1.368225630750645516e+00,-2.402049982582980636e+00,-2.822786816712111874e-02
-8.212686412103250788e+00,-4.011442563416592222e+00,-1.185713246013242461e+00,4.798229169102792291e+00,-1.173805869202678931e+00,-2.516890428638337784e+00,4.550819068409505119e-01
-8.145881564294509047e+00,-2.485959840104681629e+00,-1.647365648767544322e+00,4.391337042148308001e+00,-9.217046611813811685e-01,-2.146315311764366740e+00,4.643257885865956919e-02
-8.481751302120816405e+00,-1.740298300522932440e+00,-1.755850555776429678e+00,4.172700114375961888e+00,-7.788848210362574465e-01,-1.668355852209234769e+00,4.569294512705850964e-01
-8.021732619717178991e+00,-3.782961903567085393e+00,-1.383056753997088162e+00,4.525894754704477663e+00,-1.496862113768985703e+00,-2.077732142020778383e+00,3.073898525148067717e-01
-8.199329112475700398e+00,-3.364801780072738779e+00,-1.484203535216878977e+00,4.331654483778620168e+00,-1.505482975700688231e+00,-2.156378134280060532e+00,-1.336986943750203549e-01
-3.057018765769705104e-01,-9.191486037228598249e+00,1.872887206380002389e+00,-5.508243048207019044e+00,7.018002081432674899e+00,2.009093788978134842e+00,2.543992489184241368e+00
-5.175198913709254889e+00,8.295358086235652406e-01,2.936504584757818836e+00,-5.012855165489071840e-01,1.064547239498359232e+01,8.313152659185606197e+00,1.082510060111781769e+01
-8.134239824878656933e+00,3.920141645777833972e+00,3.081099919423282429e+00,1.852682501327839626e+00,3.887247960417790082e+00,6.079484333474201030e+00,2.738704877566345175e+00
-8.111543715717417058e+00,1.153955321792510480e+00,2.967621146239465713e+00,2.077500663982409179e+00,3.438816019897116494e+00,5.581371055552696525e+00,1.591257574039758982e+00
-8.129203274455456096e+00,-1.260912007333712337e+00,2.429412011190560605e+00,3.198943797164372160e+00,4.128321277429320979e+00,5.609128558838873069e+00,3.272269349054921950e+00
-8.370605718622650571e+00,-3.622161783165198656e+00,2.820219222664965830e+00,2.574550141818303661e+00,3.358456579090142391e+00,4.371434550009791309e+00,-5.782538139338124633e-02
-8.648983335073234358e+00,-5.033913762858917451e+00,2.849443643494127709e+00,2.481518131569793617e+00,2.493822750406752942e+00,3.282069012544986286e+00,-1.788389186366589056e+00
-9.383071918440169412e+00,-4.711341250422256266e+00,3.307687721251711732e+00,2.772413609510161248e+00,2.679155806154950969e+00,2.983550161185207550e+00,-2.006923411809177882e+00
-9.218567812993995858e+00,-4.635334570538202748e+00,3.350044245966057321e+00,2.649556796959528171e+00,3.027289143078943923e+00,2.777378288251098226e+00,-2.351605750397143701e+00
-8.993357078368044100e+00,-4.703937122366157908e+00,3.257098901513983069e+00,2.755604321612007190e+00,2.855358548614918668e+00,2.741953139925826566e+00,-2.345160787647563971e+00
-9.284735103546985613e+00,-3.831775448720200483e+00,3.288226506295720775e+00,2.490490207993364180e+00,2.982997310002075686e+00,2.953507208197276857e+00,-2.098015050647084934e+00
-9.673734764311689105e+00,-3.224948745000530081e+00,3.456228640684106068e+00,2.214803831901933862e+00,3.189824747145467931e+00,2.861609858284530628e+00,-2.378042729697532831e+00
-9.763203107084299504e+00,-3.994944149047173099e+00,3.469176300752546904e+00,1.855109828576098963e+00,2.712840927414262637e+00,2.814220296528192833e+00,-2.554123723006011648e+00
-9.820555086835357272e+00,-3.579555014467438401e+00,3.303560839591875187e+00,1.745657799314488390e+00,2.843763139458553635e+00,3.059010016846933411e+00,-2.119990241479697612e+00
-9.500071342234306826e+00,-4.499431503503204866e+00,3.495323444254512690e+00,2.455435453632435205e+00,2.616460262445074125e+00,2.969082882981206151e+00,-1.956831604780482792e+00
-9.504079916968771968e+00,-4.497346322808715158e+00,3.620049724755945331e+00,2.382895732576211678e+00,2.840604275156289660e+00,2.619721230004521395e+00,-2.288712086971537385e+00
-9.592724386271365589e+00,-4.312144142150469150e+00,3.425373184873702570e+00,2.312653680944571022e+00,2.843585193291009450e+00,2.664413155521238252e+00,-2.423671985729960898e+00
-1.007008314115214986e+01,-3.137980870951784684e+00,3.310523961248136970e+00,1.587177096946961852e+00,2.886196276503290026e+00,3.034378900130815904e+00,-2.129170836592926275e+00
-9.777400533846291708e+00,-4.020915851468474855e+00,3.502353846881471444e+00,2.245479414293787279e+00,2.892018010814584983e+00,2.941905422553113159e+00,-1.826526742901991129e+00
-9.762485028957533117e+00,-3.878067419582373443e+00,3.493540315879614777e+00,2.011772204362365368e+00,3.121459329264059779e+00,2.764937214224480577e+00,-2.161153547662981289e+00
-1.008899938763163462e+01,-2.834918629689391789e+00,3.461332350455708973e+00,1.642143615098244691e+00,3.488106932803260563e+00,2.761599593059477442e+00,-2.070600736096064765e+00
-1.003313878810585003e+01,-3.146527992682043529e+00,3.555562255210748202e+00,1.777315186423047422e+00,3.500998205486220538e+00,2.603775425059820403e+00,-2.014462928248069939e+00
3.363826512360197363e+00,-6.944158515978588575e+00,1.013166077341007032e+01,1.794222588280153685e+00,-8.377452663782719577e-01,2.965358143437408223e-01,7.879519401459433858e-01
-7.957392610564566482e+00,-2.136928087184817304e+00,9.733110017509522649e+00,4.633875969964575958e+00,-2.090331128942631178e+00,4.057300734826148059e+00,2.803451607251612021e+00
-1.309078145247156399e+01,1.511444247385932194e+00,9.588620543413869157e+00,5.908883713593686693e-01,-1.201262893052841063e+00,2.542551724824393844e+00,-1.020735085733331382e-01
-1.324324576224786298e+01,2.065607134449596760e+00,9.685291387551924203e+00,5.069658992224862493e-01,-1.207219206473028494e+00,2.784098443315832228e+00,1.622737850760538059e-01
-1.311315406337330636e+01,1.804118893522782763e+00,9.787839135998236628e+00,5.731263001521261780e-01,-1.062809577224061774e+00,2.503456468389296585e+00,-3.872197408034711019e-01
-1.299245078708561429e+01,1.511073490600892022e+00,9.836570228255215653e+00,5.969494439290347065e-01,-9.478782406751276035e-01,2.297923432394636922e+00,-7.468295700424265604e-01
-1.334038729821762459e+01,2.306791562259720596e+00,9.778531674875594604e+00,-4.643666937403203021e-01,-1.132324894421720130e+00,2.102078397732831672e+00,-5.137451459571864554e-01
-1.349813319338441886e+01,2.838641782348528597e+00,9.716589041353129730e+00,-1.003622045242138272e+00,-1.291804629960687789e+00,2.020868374843440840e+00,-1.892067211418602402e-01
-1.400187451522618609e+01,4.044282977630349052e+00,9.782896200563291345e+00,-2.647071604798734157e+00,-1.271137067608274052e+00,1.254133881990304067e+00,-3.474454624716982742e-01
-1.385556978258781413e+01,3.133688566850113322e+00,9.858508291746842289e+00,-4.464497431382513648e-01,-4.711422309281541043e-01,2.418699198775645876e+00,3.834286395500158262e-01
-1.358527512557358286e+01,2.890836866713367925e+00,9.641582612131271546e+00,-2.474456773245415353e-01,-5.097720744457903130e-01,2.670257151655262007e+00,3.439333060683592569e-01
-1.376184738807910612e+01,3.902203128825342038e+00,9.534144215548206347e+00,-2.054243852480080790e+00,-1.148782765058742550e+00,2.044271562133548326e+00,-1.799415116819425009e-01
-1.389509085105406783e+01,4.245204467207418730e+00,9.660710144508184882e+00,-2.649539307944436484e+00,-1.149714968851700103e+00,1.449694086794649506e+00,-3.054200393070685693e-01
-1.355471932073757202e+01,3.400108780161892330e+00,9.653777356094373374e+00,-1.654847236407058553e+00,-1.196905138063363516e+00,1.716264958241621397e+00,-3.619011742958877509e-01
-1.372494347239126178e+01,3.742338990443491831e+00,9.697819993778400871e+00,-2.177194968610747683e+00,-1.350088219482907803e+00,1.462290184627420997e+00,-5.811849739913249602e-01
-1.379782456583731864e+01,3.960500286021197525e+00,9.678594993028896809e+00,-1.915699679943381639e+00,-1.431159854840807100e+00,1.784287128125090049e+00,-6.364796310518976430e-01
-1.366373310680517683e+01,3.574861257382726532e+00,9.615925502542133074e+00,-1.593537629573594572e+00,-1.373082849986123621e+00,1.892708016711525110e+00,-5.466710580061543423e-01
-1.384425411000428596e+01,3.653269517282097922e+00,9.675384515385504258e+00,-2.290392870026175753e+00,-1.291753268037208358e+00,1.466804045536955536e+00,-4.125269202562200643e-01
-1.394779601673719149e+01,4.067603256252763977e+00,9.653898445068053391e+00,-2.926848431655661553e+00,-1.344075668807309665e+00,1.063277643326102861e+00,-5.063239472613051406e-01
-1.393363283145168552e+01,4.255288408353188778e+00,9.623088172741850244e+00,-2.435519732943831617e+00,-1.051987887942936739e+00,1.367707671829665017e+00,-2.855556493086184866e-01
-1.403413446932654729e+01,4.498327791520856600e+00,9.680005524180588239e+00,-2.195828445372360438e+00,-1.112902942245891591e+00,1.711160175024310170e+00,-3.682273218591219921e-01
-1.410192580622067027e+01,4.462063684608208902e+00,9.627760057579425990e+00,-2.543607946799674835e+00,-1.268537213677657594e+00,1.483964932956280069e+00,-4.214036392211001902e-01
-1.419406912781323982e+01,4.598964940800597923e+00,9.597599337979449530e+00,-2.858444636581203291e+00,-1.373464731727082722e+00,1.286179376760001380e+00,-4.313377824623621515e-01
-1.380120865614743586e+01,3.750689068819324401e+00,9.562587770897758688e+00,-7.240782382489883151e-01,-9.286462889855204850e-01,2.566899924351854878e+00,1.857428450746737569e-01
-1.390289025693166813e+01,3.920401982524507112e+00,9.490089825309770077e+00,-7.331237824621030796e-01,-9.777863710092157268e-01,2.658565823993012334e+00,3.164226170798984938e-01
-1.329506959001304978e+01,2.591878615169632916e+00,9.684478504198224869e+00,1.282743591612176770e+00,-2.166320101438543588e-01,3.439426605282219551e+00,1.099762751724246979e+00
-1.315944616754766727e+01,1.824157276736779520e+00,9.639721339808414058e+00,1.393429108425619400e+00,-6.419366292162888010e-01,3.282229040433303435e+00,5.044952557456973130e-01
-1.388955652921056227e+01,3.808508330420874888e+00,9.643605751491358902e+00,-1.253451919510271129e+00,-1.024311106886217182e+00,2.179331128854610444e+00,-1.930858703525570874e-01
-1.421032221050211142e+01,4.688818010109203627e+00,9.632140486023166304e+00,-3.074706874485487518e+00,-1.235023226710486366e+00,1.276473293353931338e+00,-5.107205782410282335e-01
-1.366076697394885642e+01,3.373473850801862017e+00,9.678725337711389543e+00,-8.872312071199132122e-01,-9.839600259419680750e-01,2.337971727352582629e+00,-2.433415153120138952e-01
-1.355724731158035468e+01,3.122610296361981508e+00,9.605170752350328911e+00,-4.581714806036540910e-01,-1.008285371652547058e+00,2.597445898170151146e+00,-5.858010768830416160e-01
-1.324233977012061025e+01,2.428934518461427938e+00,9.414552310757189346e+00,1.127820839051048019e+00,-4.391166518444897804e-01,3.429289925727511790e+00,3.686150452774581976e-01
-1.323742653108313938e+01,2.499828305539472773e+00,9.390867608958174628e+00,1.239747414149610094e+00,-2.895593759122704336e-01,3.482811671010204613e+00,1.180829056807330302e+00
-1.403790486813259086e+01,4.069415046812073555e+00,9.806505247624491162e+00,-2.537089575178611334e+00,-1.304971165602228034e+00,1.237953931832811882e+00,-4.996743511839630281e-01
-1.363075356223016321e+01,3.073284621330135025e+00,9.736166299325418549e+00,-1.377133669707948149e+00,-1.321184549520684870e+00,1.804191673981559774e+00,-3.776119581693250238e-01
-1.373479225179771923e+01,3.502412068429801906e+00,9.765956617303777065e+00,-1.693270443914379975e+00,-1.234319629763792392e+00,1.475032217513571720e+00,-1.559490207702812492e-01
-1.388285041433792522e+01,3.938108128300827016e+00,9.652878044693339987e+00,-2.415450896243512613e+00,-1.373250323803534734e+00,1.310715622170197436e+00,-5.331350573523694347e-01
-1.372963414006136240e+01,3.544003629800193345e+00,9.709187533812535520e+00,-2.080455072101808245e+00,-1.183770032788222570e+00,1.417460149699768523e+00,-3.901030669136549833e-01
-1.399116907606524940e+01,4.041117531337073743e+00,9.745224090863743527e+00,-2.874471093035344538e+00,-1.361040949544124024e+00,9.510366481857268628e-01,-4.096873038568833447e-01
-1.418073503720284556e+01,4.777087230761392078e+00,9.616521304407978477e+00,-2.914376393266917997e+00,-1.265456598097543406e+00,1.224379094593046613e+00,-5.421755434366302140e-01
-1.404261257253697259e+01,4.487329261513889556e+00,9.608450995365309666e+00,-2.760286219928954843e+00,-1.276844028968145972e+00,1.312478487223270207e+00,-5.265295611235443207e-01
-1.369073242699730386e+01,3.743223087125504112e+00,9.566097314768665427e+00,-1.558845016534391004e+00,-1.042034054312852120e+00,1.948036301251964586e+00,-1.447230748360382180e-01
-1.360983433977239265e+01,3.542405323180727539e+00,9.687008280032140206e+00,-1.561851508763302920e+00,-1.148835517111121085e+00,1.875521048294262805e+00,-1.817511646680082804e-01
-1.379279769965032187e+01,3.224591764758512724e+00,9.718705824679730654e+00,-1.821976421725485018e+00,-1.422986427010251465e+00,1.415132789680247472e+00,-4.654246009875870338e-01
-1.374279171650406361e+01,3.994484382613287199e+00,9.426588545226344706e+00,-1.096195290944864675e+00,-6.940270687974958719e-01,2.261604305702984430e+00,4.213158659888673885e-01
-1.396977220398564512e+01,4.510457752761096728e+00,9.515133331786881143e+00,-1.885349038404181332e+00,-8.160118016480847336e-01,1.917428482000858470e+00,3.364450934975047880e-01
-4.129996417756164995e+00,-6.954485897413928974e+00,3.291220908800233769e+00,2.612747371374715133e+00,6.275276643696818812e-01,1.995622856679181378e+00,7.796716401043825295e-02
-8.544924641871187276e+00,-5.543847781756618964e+00,3.073227750814714554e+00,2.808047373628518084e+00,2.122964640828884253e+00,2.415566161536072176e+00,-1.636176787517552134e+00
-9.025099636797309088e+00,-4.879346677694394785e+00,2.914271639258691593e+00,2.715317537177651452e+00,2.059351895978397629e+00,2.624856217753101628e+00,-1.202566214548967949e+00
-1.027925264830474639e+01,-2.271006676025787208e+00,2.903344422504745559e+00,1.181789115530782253e+00,2.943406793487253204e+00,2.751865492068597430e+00,-1.409964550893197055e+00
-1.018359491989798826e+01,-2.269752189846852009e+00,2.824643134713390236e+00,1.207394950547521217e+00,2.917670216329188104e+00,2.934072645369188326e+00,-1.253946621786601767e+00
-1.034344350970571291e+01,-1.741078321792013384e+00,2.796302858327701202e+00,9.203071745174836726e-01,3.218699004319628187e+00,2.990603150459208770e+00,-1.647377914371516816e+00
-9.915086537956060653e+00,-3.127477365761309969e+00,2.895933174100205232e+00,1.261695142164737549e+00,2.482953217983285388e+00,2.915238959460298762e+00,-1.644528264805425799e+00
-9.878464157395152156e+00,-3.281652132853642545e+00,3.057537821864604766e+00,1.660440579502583169e+00,2.810076400245539396e+00,2.752033339857729466e+00,-1.713580153212450163e+00
-6.723005046883299585e+00,-1.270590811085777316e+00,9.685099707028530958e+00,2.583445269759035767e+00,-1.673257807385006846e+00,4.598905902964110837e+00,4.019133894182180811e+00
-1.142979757963466447e+01,-2.067980964402710953e+00,9.981317656326305965e+00,2.278969147645064641e+00,-1.766027337506998585e+00,3.160124521309330081e+00,3.224015657904044652e-02
-1.129674938451612043e+01,-1.819407872078231625e+00,1.004381345842828388e+01,2.973848055013105895e+00,-1.245245423264565776e+00,3.396768086222796690e+00,9.756214894428126838e-01
-1.148069665839106079e+01,-1.368904545364022063e+00,9.925070732270665275e+00,2.877439332362439650e+00,-1.029886611004778407e+00,3.670048171131708337e+00,1.332605945147858684e+00
-1.210055627465034078e+01,-4.052217802948678838e-01,9.796001061846226321e+00,2.286753602215817693e+00,-1.202512919790531765e+00,3.643586756748684152e+00,8.701923228731187621e-01
-1.223811389538082217e+01,-3.082767604605132217e-01,9.941852099231123674e+00,2.712732998569485243e+00,-1.053828579004830290e+00,3.711898583030952992e+00,1.870674543754833774e+00
-1.203838466182412326e+01,-4.652651942543277186e-01,9.793908973424123587e+00,2.741538680935451833e+00,-1.202178010715144740e+00,4.113719297491911675e+00,2.051684325221200034e+00
-1.239722413307125137e+01,1.771646254730283587e-01,9.724635730896013186e+00,1.648932079012476848e+00,-1.449889950885932643e+00,3.727584796002322065e+00,7.565877862416258148e-01
-1.220695393834280118e+01,-1.101637007169865845e-01,9.765079196403133821e+00,2.259296670530174023e+00,-1.574173329460948123e+00,3.926453321172105326e+00,1.702703016406212910e+00
-1.201553729702903084e+01,-7.104195779626629736e-01,9.934271873994950042e+00,2.386606259201137892e+00,-1.535593952346764768e+00,3.739993753060582016e+00,1.376343152389297497e+00
-1.213564681094686648e+01,-4.597872611634772899e-01,9.783591864802490434e+00,1.990992823847053339e+00,-1.300521276985402652e+00,3.766773997370400640e+00,9.207089818666296388e-01
-1.220029778896697437e+01,-7.979604736230990758e-01,9.787842183653920003e+00,1.639616792231972431e+00,-1.294935821738236958e+00,3.282008977111177117e+00,7.499493764225865222e-01
-1.217703870819383738e+01,-5.927877707661435291e-01,9.866885031377552906e+00,1.894176795011587755e+00,-1.549923796267432818e+00,3.578295958358628681e+00,8.938686224310683492e-01
-1.220141900768313370e+01,-7.159466690582575454e-01,9.804707622281016555e+00,1.887269490769868385e+00,-1.703237335093099825e+00,3.552251862554865358e+00,7.907211205299899959e-01
-1.220347399702569291e+01,-5.875925536574051478e-01,9.853130676068888150e+00,1.900110279906207955e+00,-1.223613807649682306e+00,3.302644698519928035e+00,8.610831749431739901e-01
-1.227969872973483767e+01,-1.638503299573928484e-01,9.824709471421543938e+00,1.810502848248129570e+00,-1.292694586017334002e+00,3.540314840092338322e+00,7.889532780256507394e-01
-1.255891015793440602e+01,2.942465429984015834e-01,9.760229755583875288e+00,1.545850817011793055e+00,-1.474079558454507000e+00,3.690021371136034567e+00,1.072528408775015984e+00
-1.248486797768027756e+01,2.272213759505452846e-01,9.767457722359040417e+00,1.569040577216488597e+00,-1.351286111657780342e+00,3.503336815387923409e+00,8.636089033403350212e-01
-1.212880355097398954e+01,-7.744965751763275286e-01,9.877373162025428144e+00,1.650509718550748461e+00,-1.360188261834625045e+00,3.284828964746548063e+00,5.804363040193323275e-01
-1.248328266918368179e+01,1.018573927928081713e-01,9.765754014447932008e+00,1.109530497276411509e+00,-1.208782619706113115e+00,3.346410222601369888e+00,5.075208587610838817e-01
-1.280609828218919333e+01,6.431817188522988005e-01,9.666572225111250916e+00,4.110353436561307028e-01,-1.239546158188960412e+00,3.122633181250871637e+00,5.596502758427099877e-01
-1.270799482615571918e+01,8.068000556489339503e-02,9.822127644777571831e+00,7.678368817441302285e-01,-1.400379761649198196e+00,3.055561352264110297e+00,8.002124983924638890e-01
-1.274860649267797896e+01,3.867845462941192358e-01,9.973789940411949217e+00,6.395660609774137528e-01,-1.420089715268398445e+00,2.894447135168111362e+00,6.184731353567624046e-01
-1.277932854472520852e+01,6.184069356810412144e-01,9.883801097376609945e+00,1.523795455416878941e-01,-1.267998750813924547e+00,2.681459351605670616e+00,5.725189750776535913e-01
-1.277636487731479953e+01,5.048036814602840927e-01,9.791527887753732173e+00,5.197721486799801172e-01,-9.935703224441164716e-01,3.040813518227311718e+00,8.517053229406919002e-01
-1.259600374908987241e+01,1.105671957417414114e-01,9.818823191983206300e+00,1.057793079908980083e+00,-9.642684076981217212e-01,3.168844331077387277e+00,8.957388450682455261e-01
-1.233312267327315759e+01,-2.863338294849945842e-01,9.789801814007269343e+00,1.419181743089389602e+00,-1.154260284770985745e+00,3.083071824436028230e+00,7.631817380712497823e-01
-1.237867180790253663e+01,-2.260699007642328062e-01,9.785891480774486340e+00,9.135366089053127414e-01,-1.463701334094527073e+00,3.036972408870503681e+00,6.215996790322083632e-01
-1.192786504993872398e+01,-4.239769109809017333e-01,9.910895302469157286e+00,2.915331010777124199e+00,-3.325581541046734868e-01,3.843917432033980397e+00,2.710941280279774102e+00
-1.066994778111761555e+01,-2.340125628282311077e+00,9.793198876543861786e+00,3.274810415653707008e+00,-1.573703875500050975e+00,3.299043303590264653e+00,1.206401128610675499e+00
-1.071501297759111715e+01,-2.324056755971681376e+00,9.885324389377849741e+00,3.435293250024843204e+00,-1.403843569381170830e+00,3.282261518724868488e+00,1.279562357967384489e+00
-1.247476031697404331e+01,-7.207043877371291374e-02,9.888675672291407537e+00,1.270524700758927539e+00,-1.232743591202198008e+00,3.319867241811995662e+00,5.626113178681836358e-01
-1.205085638769549483e+01,-1.487413397712576524e+00,1.012803898138307801e+01,1.586885230722197226e+00,-1.652666778344822562e+00,3.069038531355402277e+00,3.177085586652323435e-01
-1.205111493678050216e+01,-1.351052918868215214e+00,1.008132136317337135e+01,1.632720711203452746e+00,-1.640861429576774722e+00,3.166467011602123183e+00,2.289316234871585642e-01
-1.288489085046270866e+01,7.057559798993157107e-01,1.008890196400533235e+01,2.698769250541888542e+00,-5.342550515152351132e-01,4.579390874761952723e+00,2.811504918743169767e+00
-1.297239796692107561e+01,6.287482846463133823e-01,1.008167948750455167e+01,2.745308052880087502e+00,-4.352463459257326917e-01,4.777342414717508312e+00,3.200825564854568039e+00
-1.274817304543974750e+01,6.452026189644373133e-01,9.887382599749335199e+00,5.795435340169728944e-01,-1.270588384433074314e+00,3.021082973297545049e+00,2.886083507611149623e-01
-1.221210269269050919e+01,-2.578077397198345055e-01,9.741762929039971652e+00,2.056242788490295847e+00,-1.004779923669632646e+00,3.457367794081319445e+00,1.068869327887242759e+00
-1.251586803091125688e+01,7.167016608031049341e-01,9.720218522269773231e+00,1.879101727702431113e+00,-7.621671984844394787e-01,3.557822269528826187e+00,9.662185262165855493e-01
-1.280792466441016586e+01,6.379232595956663143e-01,9.856256274922847282e+00,7.255513030679203723e-01,-1.334895155045074278e+00,3.230209197620983019e+00,4.240551999514938775e-01
-1.230460234920439788e+01,-4.963204537796809257e-01,1.006436609070875932e+01,2.059207712940062773e+00,-1.025371172689890864e+00,3.331977654921495002e+00,1.071868301236394760e+00
-1.209126231219206282e+01,-1.178572003070440521e+00,1.013878267914876652e+01,2.413228655927749156e+00,-1.182462564058165189e+00,3.233979702304939696e+00,8.585447923140189230e-01
-1.219964825134349873e+01,-7.271517241923317609e-01,9.864330638607256674e+00,1.619340178240185502e+00,-1.568925702824620405e+00,3.314361111086871148e+00,3.479116510105266236e-01
-1.197812957861804151e+01,-8.986126598955014311e-01,9.885061302886985146e+00,1.852764555073581842e+00,-1.300468696621248643e+00,3.419686693170779446e+00,8.746157328564301281e-01
-1.178613416768082622e+01,-1.724730897985003786e+00,1.004212158315323222e+01,2.094952975929232242e+00,-1.468342317711789802e+00,3.140426931543935041e+00,7.074211916604035144e-01
-4.620279217551117035e-01,-7.952058558997670445e+00,6.041828426639092697e+00,3.147255688830152387e+00,2.614964856337378851e+00,6.398066849067342021e-01,9.480927021721520520e-02
-9.665804970282835029e+00,-2.063174842804074594e+00,3.303459448434555412e+00,2.216565179644562456e+00,3.473303785448720316e+00,3.065147710363546718e+00,-1.372795725539489142e+00
-9.613190417121328935e+00,-2.975439576761279792e+00,3.633344338400925189e+00,2.203279765288927106e+00,3.162283377127487416e+00,2.645854605251689584e+00,-2.427697241565302200e+00
-1.005520234117963696e+01,-2.757030755615207607e+00,3.739881883405142382e+00,1.870035080491049939e+00,3.078930050937831453e+00,2.729474277102868385e+00,-1.931578414348581907e+00
-9.966162413991073166e+00,-3.001642640321994460e+00,3.594399893542738589e+00,1.911116706339797133e+00,2.982648623641677155e+00,2.655084062120498523e+00,-1.515482780158343479e+00
-1.010651046698660416e+01,-2.381204543787829309e+00,3.497503255286166013e+00,1.594101912295897039e+00,2.973523963377748380e+00,2.700889331315265540e+00,-1.955970769381712993e+00
-9.860767142910356498e+00,-2.929572060833581126e+00,3.572074897094431378e+00,1.855395604608302662e+00,2.784485895511380260e+00,2.726745106906623306e+00,-2.104876956121297216e+00
-9.789005471840503958e+00,-3.063838316576259047e+00,3.677448759921874810e+00,2.159153206657924429e+00,2.963512475436489435e+00,2.714762141695991282e+00,-1.540095131324176858e+00
1.765829202122181529e+00,-6.957916080650718982e+00,3.861679534621925036e+00,1.625108360223479931e+00,1.611320767053189551e-01,2.977637859312905477e-01,-2.551998452499683268e+00
4.809181690703834278e+00,-7.598034951247965019e+00,3.037710902119915346e+00,-1.398501544798903096e+00,8.479424415610006260e-01,3.308464282396144651e-01,-4.028926498416771640e-01
4.016436018046113610e+00,-8.814723449724649385e+00,1.011245252524693550e+00,-1.973107530398327647e+00,2.043576549524265484e+00,-2.643081046881074481e-01,-1.251943546238261096e+00
3.376109170416561778e+00,-8.736502274250389277e+00,-7.339657106101851181e-01,-1.013513205141763462e+00,8.454105094945452148e-01,-5.078222024636348531e-01,-1.077455315711185246e+00
5.279792431733285163e+00,-8.732746401338895126e+00,1.762627662973123455e+00,-1.276336077993314833e+00,1.041085487178957214e+00,-1.067740917412901114e+00,-4.034133805093133018e-01
2.916066519036961679e+00,-6.830469734807287807e+00,2.865922029053839637e+00,1.028294552330549505e-01,1.305577154218562352e+00,-1.104340413459019010e-01,-1.235502790100497128e+00
5.237412843984392552e+00,-6.461829947102152971e+00,3.699065024363259901e+00,-7.168763995260400979e-01,1.362213453270499919e+00,3.683733483039061118e-01,3.572877159932695279e-01
7.184777550362871246e+00,-6.548645227281107317e+00,2.621735878058752967e+00,-2.336351312756484333e+00,1.324284377679987079e+00,3.425594889558003509e-01,-9.305224408127475977e-01
4.277637088401484711e+00,-7.718734527572089554e+00,-4.690754484712246486e-02,-1.040959828651559227e-01,1.451441695873867177e+00,-1.128004091376642926e+00,-3.195168096687649228e+00
8.044946001121800805e+00,-8.571485562749664666e+00,2.743349786123440381e+00,-2.548911909396595732e+00,3.304097875243504401e+00,-1.030200349987483444e+00,-1.614681814006925453e+00
8.152784977286797741e+00,-1.058506525386849084e+01,4.443537147433996637e+00,-1.290259101553420384e+00,1.998767292308152976e+00,-1.340526650702609235e+00,1.396051992439877910e-02
2.595902467578167450e+00,-4.962732144957442415e+00,3.489276650009610403e+00,6.349785741644538017e-01,5.159092814890898770e-01,7.893055383617344489e-01,-2.661269413831348629e+00
6.662242607208778367e+00,-5.894349781440431535e+00,2.473287867931261097e+00,-1.921611035574973148e+00,1.992977049693423819e+00,-4.104541876882830120e-01,-5.550005434936141485e-02
7.574644915192425998e+00,-6.104400193634997862e+00,9.818114174769293490e-01,-1.143382579206550620e+00,1.837462531978779845e+00,-1.436043351370812626e+00,5.441948002930421108e-02
4.077459563766975492e+00,-7.903399290846984115e+00,3.514323909988107952e-01,-9.864911482113983832e-01,1.771790281118875265e+00,-3.435120884335637337e-01,-1.848506155303246246e+00
6.615312741843780486e+00,-7.986344771199935799e+00,3.402188841402579378e+00,-1.869054571148355048e+00,2.676704021120298815e+00,-3.231151655252340604e-01,-1.170889980904869843e+00
6.185586346278345360e+00,-9.223013105605783579e+00,4.930477151756381460e+00,-4.685718231436277748e-01,1.252877939395446782e+00,-4.500832440872867823e-01,-1.252267895301351075e+00
4.515984945766515324e+00,-7.167550281531872791e+00,3.830533619762174435e+00,-2.330355319081875431e-02,2.738570078779855699e+00,-3.513732422850068260e-01,-2.092703135897789224e+00
7.578133588556422495e+00,-7.834410126209095715e+00,2.663413530973067989e+00,-1.044270324861735766e+00,2.041092738682874330e+00,-1.707006661504119727e+00,-7.797988302878867684e-01
5.248710871556204083e+00,-5.760834296009678113e+00,7.805186810056650992e-02,-1.692974969348784109e+00,3.074033818154582764e+00,-1.258266764765920476e+00,-1.953881411736265061e+00
6.672606676908671375e+00,-9.039407203872128704e+00,2.131473624052228732e+00,-2.378482844993639933e+00,3.461455461315289472e+00,-6.176974903731385913e-01,-1.985657207570929783e+00
8.090134257506429449e+00,-7.445469435975256012e+00,4.077578165762940188e+00,-1.080029577278548647e+00,2.233663664926642589e+00,-7.303822461505876662e-01,-5.494385719542549396e-01
3.797453527096219084e+00,-5.724444316788351195e+00,3.928391504227963793e+00,2.576704467178683178e-01,1.822844508515181206e+00,6.750231266842886546e-01,-1.550967856859625904e+00
5.347872355765068697e+00,-5.063010243186997883e+00,2.569315063295787738e+00,-1.681796476814178654e+00,3.625960245129530080e+00,-3.982081495263643800e-02,-6.399842533311432824e-01
6.999235549408011181e+00,-3.204431009562617838e+00,1.183004362941866283e+00,-2.000217213375407699e+00,2.928132194160465662e+00,-1.210867652487205959e+00,2.741999545253794301e-01
3.179322494656448672e+00,-1.858942417120925228e+00,-9.099575376199694476e-01,-2.124735301125407982e+00,3.339387601449987031e+00,9.184285815487445159e-01,-1.855707800305160138e+00
7.919577968183215688e+00,-2.957180661812935707e+00,2.832170714538675860e+00,-2.581650467823406903e+00,3.605720522848921750e+00,6.491119678447849761e-01,-4.501192136173310376e-01
8.642557815758909356e+00,-7.656849906072178413e-01,4.014592135391453098e+00,-2.092251249615403541e+00,3.259378146796736431e+00,1.213712262384350815e+00,-4.238792667450510532e-01
4.061051033786257314e+00,-1.660241764917824714e+00,3.139094795516191638e+00,-3.194498552203390851e-01,2.970100335970569549e+00,1.303482958837738792e+00,-2.267034675306945246e+00
6.507373563646112302e+00,-2.542609997121964671e+00,1.839523989463831999e+00,-2.029669150844240821e+00,2.879045559290577483e+00,-2.865382811225201110e-01,5.505018234581953163e-01
5.831358515393247899e+00,-3.053999217625539941e+00,-5.151365408232208565e-02,-2.014614377600312256e+00,3.175282582049942182e+00,-1.371879082383688608e+00,2.188640120183328944e-02
3.019241046483161828e+00,-4.206970919710368406e+00,-7.473379588643982128e-03,-2.514168407546364392e+00,4.644039104993961331e+00,8.254337850993194170e-01,-1.981040162592880183e+00
6.906423226044185348e+00,-2.978804277325183048e+00,3.293229916550474368e+00,-2.404522510640445088e+00,3.674202747724385709e+00,9.802185741371698402e-01,-3.638971885615926438e-01
5.461286438594504133e+00,-2.255535568591336304e+00,3.765612282127681620e+00,-1.548407543220398530e+00,3.550390571906296699e+00,1.612722690759385458e+00,2.400933447618070760e-01
3.545447321092981330e+00,-3.313731062438957320e+00,1.942520807279503714e+00,-2.054574142506507606e+00,4.569032102841797283e+00,1.423395228812066593e+00,-1.669608337469762560e+00
7.018797976913721648e+00,-3.243231913245476328e+00,1.307469465663506636e+00,-2.451585803620684789e+00,2.771989954352336305e+00,-5.063144979965420456e-01,6.469116379445625231e-01
5.002634812302080292e+00,-4.705022139523629576e+00,1.225702513288518675e-01,-2.736679926958557552e+00,5.726194954695338346e+00,-8.858280121187196432e-01,-2.591680144293523336e-01
4.656716367976521553e+00,-4.623206483080557483e+00,1.887319811430934635e+00,-2.513012424588623173e+00,3.819041956710325980e+00,1.070085004764970593e+00,-9.202111367237491013e-01
5.468741026024582119e+00,-4.263980762621851106e+00,3.222749441393988334e+00,-1.955065157941287657e+00,2.730264059297213386e+00,1.072359326369294763e+00,4.590300681558888707e-01
1.579138849383679988e+00,-5.166341554566779237e+00,2.850251913085607214e+00,2.999517589253671845e-01,1.876933727860689904e+00,7.654016046228985237e-01,-1.619682344738543778e+00
3.259997304492190384e+00,-6.339084480303504243e+00,1.851441857188330431e+00,-9.470402403842466121e-01,2.948507641644243282e+00,-3.022679015500094879e-01,-1.530318891274182302e+00
5.154698640504381757e+00,-4.876097509092886639e+00,6.249515984628474241e-01,-2.390034063621022664e+00,1.376890141413552149e+00,-9.351394607570236994e-01,1.421613087950983068e-01
3.612775509228615789e+00,-5.910084855574597285e+00,-3.458759972792944115e-01,-2.720056057156390761e+00,4.274953550916571032e+00,-4.061950218741177121e-01,-1.172549191535799951e+00
4.580517963333216258e+00,-6.872584208035650732e+00,2.214150385044223679e+00,-2.930944198510438081e+00,3.291049027866533638e+00,7.810758523546834642e-01,-4.858368679749149877e-01
4.497720669675741689e+00,-7.064067710232500907e+00,3.548168436960199568e+00,-1.515064769750060769e+00,2.289330352905600829e+00,4.559413298804125270e-01,3.473834051706763404e-01
2.032836395081909941e+00,-5.209917099058613665e+00,2.652811271406558813e+00,-6.454096584029267447e-02,3.243211669971716393e+00,6.154645818608507346e-01,-1.983418107043472434e+00
5.871281225163441420e+00,-6.927508306666487314e+00,1.669811255104299397e+00,-2.089105007080132914e+00,1.831537359025927625e+00,-4.666228387256998178e-01,1.052381698438429741e-01
4.526238342884054688e+00,-7.498071661869260218e+00,-1.277409861444731357e-02,-1.840223250195567761e+00,2.950819574935940715e+00,-1.747118201801399540e+00,5.029526412359298648e-01
-2.256280526420119781e+00,-7.202984293258777981e+00,-7.048888030976174779e-01,1.074409067319239686e+00,1.881969850207487527e+00,2.837148787298239827e-01,7.324051701108240664e-01
-8.702709931082971195e+00,-3.791922654409599414e+00,-1.323221003226406678e+00,6.817315783774371418e-01,3.417929612968395148e+00,5.202644506319719087e-01,-2.300616187821646008e+00
-8.859075523976763122e+00,-2.818219799327614794e+00,-1.467099655924424928e+00,1.093084272948168512e-01,4.031939973794216314e+00,4.458562029372434843e-01,-2.564773289036315074e+00
-8.797772738369951995e+00,-3.107756974971612074e+00,-1.452508023464800457e+00,2.166640530601600945e-01,3.784041450324644007e+00,4.109066624900831743e-01,-2.387587023566265287e+00
-9.087568112607470994e+00,-3.306376837817302405e+00,-1.412879480262706933e+00,4.623421221679789306e-01,3.661731114208132798e+00,5.174913061598889197e-01,-2.219863802521932605e+00
-9.035839669391165785e+00,-3.409525421480414042e+00,-1.531652885810768971e+00,7.721062575678350193e-01,3.578689058048893035e+00,6.978064104157513103e-01,-1.839878320908113540e+00
-8.979978286090320339e+00,-3.465407503571807268e+00,-1.406476105493896789e+00,7.425823770543094060e-01,3.593738327435680890e+00,4.732250529638041270e-01,-2.108132815955638062e+00
-9.257121205831898791e+00,-2.832381112217598140e+00,-1.275530064174871692e+00,2.946634914492899937e-01,3.725014631675011678e+00,4.131037752985556866e-01,-2.683632730892969942e+00
-8.784291522952665687e+00,-3.193159495877748721e+00,-1.053495289098842047e+00,1.471402680929954299e+00,4.914371942883972721e+00,9.079173328717415892e-01,4.265223495678344134e-01
-3.109780952973346668e+00,-3.891041569360529806e+00,-1.629503077035989955e+00,-2.891422681797011784e-01,2.481358074031895899e+00,6.684049279270841692e-01,-5.294446217604658056e-01
2.789015692887585107e+00,-6.319702047477502305e+00,2.254513477098709195e+00,-1.648347899230323266e-01,2.851968836267539942e+00,1.011993272054183129e-01,-8.522250874499390783e-01
6.798845028847948946e+00,-6.569490371305148457e+00,2.010261356690570267e+00,-1.630545821473555312e+00,1.797429443934327686e+00,-1.464945980064881637e+00,-2.619887256988847057e-01
5.217371684350310623e+00,-9.961844515012760581e+00,5.101926523000834823e-01,-1.148406846273470228e+00,3.040982714642264551e+00,-1.731337504822489048e+00,-1.368446323871590486e+00
3.046262553547342211e+00,-1.101665686701750069e+01,1.457036430726715404e+00,-1.892375912744772570e+00,3.071113185394606759e+00,-2.133374556737427374e-01,-2.306899655466579713e+00
6.591638915652046293e+00,-1.082231390485096156e+01,4.101967795537881045e+00,-1.389373234100993004e+00,1.726000426614211269e+00,-1.084280230426314828e+00,6.053275884545064045e-01
4.722554699718226168e+00,-9.591071507060165757e+00,4.540624367802756467e+00,-1.733579418826438623e-01,2.036876923230181102e+00,-7.715325791389212595e-01,-1.796660761064820200e+00
4.464135577766944252e+00,-9.995754185731801300e+00,3.076408863414659134e+00,-2.804936905363195065e-01,2.572141806628323035e+00,-6.923362056103644635e-01,-9.090080308906836049e-01
7.081383658548214832e+00,-9.891238027939406763e+00,1.734394787685184847e+00,-7.959646674523156440e-01,1.257631718329351500e+00,-2.481384413650867149e+00,-9.255671686938239384e-01
4.396542579656291139e+00,-8.403670693378465728e+00,-8.344235955924399206e-02,-1.871099074661757511e+00,3.201956988092074408e+00,-1.399755487630907291e+00,-1.545423832187475588e+00
2.975980457223177833e+00,-1.024366069067701090e+01,1.075157659514529795e+00,-2.441585582093558582e+00,3.210278169295537776e+00,6.831247851492898704e-01,-1.289679396610218465e+00
6.561803765727913351e+00,-1.093242672938440840e+01,4.290995629166030056e+00,-1.693734745369501749e+00,1.277765445771531283e+00,-8.833802677969585515e-01,1.614460844595777822e-01
4.292746418822203758e+00,-9.892813244190438837e+00,4.535308999494661819e+00,-3.267160167456500952e-01,2.038585161255270339e+00,-5.003845714042577386e-01,-1.440506068746215007e+00
2.082074729805905466e+00,-6.617386017600105141e+00,2.854094104990538394e+00,3.592003552364434471e-01,2.429828414597685615e+00,3.377019990754080436e-01,-1.938256906924744394e+00
6.792836096315927996e+00,-7.283031756361233455e+00,1.916445626998644514e+00,-1.717898584429468523e+00,1.758198555988700562e+00,-1.513347081563285679e+00,6.016768442454024646e-01
5.801867671834655127e+00,-8.507397093190043336e+00,3.615377654227152626e-01,-2.086266188552763357e+00,4.105986450398622090e+00,-1.731599666336432586e+00,-1.088754824129404941e+00
1.536862594071799482e+00,-5.333011238437221913e+00,-8.398233285776979251e-02,-2.211191669545410132e+00,3.526370008931515976e+00,1.060210945185840581e+00,-7.761337798005806254e-01
5.631141158199984176e+00,-9.248810064434287881e+00,3.363212058385605996e+00,-1.396351918416170568e+00,2.070921893830160787e+00,1.516411263019078540e-02,-3.347945486161637563e-01
5.589677164876239779e+00,-9.571682306185477884e+00,4.223071212896306825e+00,-1.643532357917547593e+00,2.368851996482390199e+00,-2.334930827567432143e-01,5.638079280126458981e-01
1.398926914510522534e+00,-7.308571394002296273e+00,3.060076702685919248e+00,1.539903573974364726e+00,4.519467763321758369e-01,-1.829600008049290516e-01,-2.101093714038388516e+00
4.027272338581676436e+00,-8.325111572213893751e+00,2.623845366212695929e+00,-8.203854185337798866e-01,2.494175436093888809e+00,-7.678239154063670746e-01,-9.305708652127686609e-01
5.475697281679906325e+00,-5.694996619763773360e+00,5.453911591924384128e-01,-1.867315494352337346e+00,1.690924441524316979e+00,-1.378862419561573072e+00,1.471864308590317139e-01
2.541135415670483511e+00,-5.777164108832771205e+00,-3.588129107655118055e-01,-2.441974132531363306e+00,3.441058129322549508e+00,-5.752909054370770880e-02,-1.350902015603789863e+00
3.940903360597996397e+00,-8.832429436003499390e+00,2.026700928362168419e+00,-2.342990531426366374e+00,3.233626639199712383e+00,5.842842789023400263e-01,-8.997882130910324072e-01
6.179948233680988778e+00,-8.689367792962354287e+00,4.138482672048453104e+00,-1.511009380331738372e+00,2.343851037646154101e+00,-2.992135279837860318e-01,3.748043030709619083e-01
3.395354319472998483e+00,-8.099861912147986232e+00,3.908852618187744543e+00,-2.730995535491348089e-02,2.675419271293147272e+00,2.587718062367027616e-01,-8.422509022405453294e-01
9.166557313407357466e-01,-6.868292109566680459e+00,2.611229804593053760e+00,3.407488810345512542e-01,1.654005602241581663e+00,8.676214725735653666e-02,-1.048656743494306376e+00
5.349522434542545390e+00,-7.312108167611511611e+00,1.589405550854220861e+00,-1.004198659531690296e+00,1.388638815980856478e+00,-1.599781353900507463e+00,5.846207237689209357e-01
5.222596605249224311e+00,-8.596031465891156742e+00,1.236276313754568618e-01,-1.562680009918618884e+00,1.791698483120228280e+00,-2.352574905087585488e+00,-4.369332402830745227e-02
2.484595648694770453e+00,-9.283905536081990206e+00,6.136431844644975042e-01,-2.073383772733577324e+00,3.003319695690242153e+00,-1.997273266691276250e-01,-3.123199562494286319e+00
5.780440118977573150e+00,-9.889629349899694333e+00,3.926914966555944630e+00,-1.875553489915888106e+00,1.767654319537425245e+00,-5.444218340460443839e-01,-2.940017384836239867e-01
5.256369343975552333e+00,-1.055001870192030999e+01,4.749128193697922384e+00,-4.391175039288660598e-01,1.825202602542634001e+00,-4.070985935327819938e-01,-9.789342321327983987e-01
3.023546930233380614e+00,-7.824656711901006645e+00,3.645576954476870135e+00,3.936060477139818325e-01,8.802822663033166295e-01,-1.573401266685064692e-01,-2.140500465946687747e+00
6.646233602193865941e+00,-7.581526030223659340e+00,2.556718070714230517e+00,-7.159435536003257994e-01,1.941960569671797421e+00,-1.695855048765954498e+00,-1.254772722133745688e+00
6.682077581706593605e+00,-7.650310719830323514e+00,4.699505102171778748e-01,-9.450012950481896379e-01,1.855263542858688330e+00,-2.767621364589523125e+00,-1.181017293126055828e-01
2.780110024124994084e+00,-7.701247838097130760e+00,1.942894307109636065e-01,-1.725146429066936715e+00,3.360974055694759599e+00,-1.927686700472148185e-01,-1.498004415930339395e+00
6.453035702040963884e+00,-1.090957636058236346e+01,4.066890847248654239e+00,-1.082479822830387128e+00,1.939626781630994667e+00,-1.148586226589326964e+00,-5.284069735357522779e-01
6.630076343689765395e+00,-7.777867310285822455e+00,4.672097917677623613e+00,-1.906916385260376323e+00,1.786555071201638478e+00,1.944273955235980011e-01,5.539138001105314846e-01
3.060990063313964171e+00,-7.403670270195096492e+00,3.688490171159407360e+00,1.155739935259075590e+00,3.052339826521274779e-01,-5.863372979769798654e-01,-2.484623933717133415e+00
8.360616293725454895e+00,-9.656292053701177380e+00,3.579727074576548151e+00,-2.639099540271127031e-01,1.647253700646267971e+00,-2.195931775016613852e+00,-7.671163398705568293e-01
7.821748129161422369e+00,-8.761488952068612335e+00,1.652042670225688958e+00,-9.996085046852718481e-01,1.194982778015674985e+00,-2.288972570179118371e+00,2.523365722222186136e-01
3.982056119309916209e+00,-1.009308521571397144e+01,1.554884787828263670e+00,-2.679701453565507929e+00,2.216771403959088005e+00,1.043938579811604928e-01,-2.046772731776369092e+00
6.150117460667529734e+00,-9.434737095948657171e+00,3.889208340778526285e+00,-1.537495597450957430e+00,1.790428357881831412e+00,2.924293340718602252e-01,-1.065193140299255825e+00
3.168216358519832632e+00,-8.681238174011520314e+00,4.995028945914303797e+00,8.056167634810602607e-01,1.646092951685942829e+00,8.171272945794205711e-01,-2.450910743633083477e+00
1.671450254769193178e+00,-7.770079273536468101e+00,3.994213280435085167e+00,6.136117983603913695e-01,2.048612770389229176e+00,8.557283570931814021e-01,-1.419303692147432683e+00
2.535478887679841087e+00,-1.050666867258254733e+01,3.483262884795195635e+00,4.872776427511124053e-01,3.080850155075467445e+00,8.754102057053614327e-01,-1.974377681477772706e+00
1.909412186643120179e+00,-9.226434543928116128e+00,3.037465907241032603e+00,7.074896009429483268e-01,4.293953869651322641e+00,1.484511192328091811e+00,-7.465704616007894090e-02
-4.258980851469643447e+00,-8.417769300752636852e+00,2.035746012351117518e+00,3.218229750641243392e+00,1.437074587981267637e+00,1.125045060674357611e+00,-7.877899149361541342e-01
-8.787129530623335683e+00,-5.591817379117695275e+00,2.171295118245394118e+00,2.510511439641410547e+00,2.722869463155156211e+00,1.496874884483002655e+00,-2.718841754986564663e+00
-9.536474664257447387e+00,-3.591872729441256240e+00,1.794726779119133475e+00,1.663142420447770942e+00,2.858834797808748274e+00,2.050511961023044005e+00,-3.019535322310423542e+00
-9.278233433591060120e+00,-4.101946543405200707e+00,1.922906327051836506e+00,1.796250767877453525e+00,3.259742237992026670e+00,1.764853396941929553e+00,-2.601115577362795417e+00
-9.177373752211089197e+00,-4.413186168628204342e+00,1.901572848101367841e+00,2.010896800168224807e+00,3.117666552325312423e+00,1.698629125520399352e+00,-2.630704799819163497e+00
-9.510343882656648873e+00,-3.227982081657923441e+00,1.619696290518843007e+00,1.835375335935942154e+00,3.085496576615216036e+00,2.055345504401163925e+00,-2.645949773561259821e+00
-9.561094433018222816e+00,-3.276404956705155858e+00,1.742194976135787554e+00,1.724138028597654637e+00,3.123391406021438055e+00,1.756711525439757837e+00,-2.444105741542411447e+00
-7.208623768031872991e+00,-7.200226331990829287e+00,1.954988313377899134e+00,3.472234848427629750e+00,3.322679609042078486e+00,2.447882264333535840e+00,2.110641813023931501e+00
1.226846272947899408e+01,-1.062429030950841380e+01,2.990307295496365647e+00,-6.659562060144959439e+00,5.885465819919461161e+00,-9.560927196604022960e-02,1.309755602381428075e+00
1.080933962579811514e+01,-1.089431600406971334e+01,4.746706309379210786e+00,-5.108277238121716302e+00,4.363711142610187110e+00,1.045304948673159817e+00,3.999608466318479993e-01
9.222757342533512315e+00,-1.150251149732429745e+01,2.569205588931347428e+00,-6.225542655428656147e+00,5.568186102183172892e+00,1.329452100548588422e+00,1.708144535358198768e+00
1.233099659255828051e+01,-9.519482690930930247e+00,2.470865575023746263e+00,-6.323807060221296794e+00,5.678197163927806379e+00,6.411973494287227515e-01,6.665875330826753764e-02
1.218312590447879096e+01,-1.031014676721637180e+01,4.497402983560136569e+00,-5.574243904892406398e+00,4.985833088425855486e+00,1.476240935688132083e+00,8.727848591206480711e-01
1.120181371591709762e+01,-8.659308285120678406e+00,3.007851776927466858e+00,-6.228527349302059868e+00,6.070375734806624735e+00,2.105498150990447126e+00,1.334464324570905580e+00
1.425625422281483168e+01,-9.292113058869258424e+00,2.801980241242809200e+00,-5.684487485343043822e+00,4.895345741299805375e+00,1.870152181687312065e-01,-3.254098826338606698e-01
1.303610232151844173e+01,-1.224145058759678051e+01,5.276787173229452677e+00,-5.377033215377589492e+00,6.520027418503374861e+00,5.974464426878159928e-01,-1.458244270435298806e-01
9.740626558827573334e+00,-1.127688828661164777e+01,3.190074223169913736e+00,-7.111408731009859707e+00,7.773222494725538390e+00,1.157899578628562631e+00,5.172074435745406262e-01
1.008786714419790265e+01,-1.010937667959005992e+01,9.635027595231253628e-01,-3.164353705410730910e+00,2.299211002122062641e+00,-1.410731436873744027e+00,-5.278771784430578151e-01
1.264852263096960172e+01,-1.211827320374053230e+01,4.053398653440837052e+00,-7.735648145791355290e+00,6.930267477487760175e+00,1.742020815055316474e+00,-4.747880417945368747e-02
1.033674261855164644e+01,-1.253600460535102634e+01,4.378686227793723518e+00,-6.762680387899792755e+00,7.033391103215903328e+00,1.242567885781289183e+00,-2.077536238460963580e-01
9.369403495264501558e+00,-9.914988820360052912e+00,1.689401571244650402e+00,-4.377297885109155295e+00,3.641376897790573608e+00,-2.388430248856013849e-01,2.073016580552158039e-01
1.325992735605059991e+01,-1.070464126859190834e+01,3.616785538935020305e+00,-7.867715668896662962e+00,8.230511999123397260e+00,1.713382405802346797e+00,3.258652190005536520e-01
1.058394512802045639e+01,-8.036331164262467297e+00,5.378974555221986087e+00,-4.481954658619335063e+00,3.567057555751428133e+00,1.494709282695244168e+00,-4.548570826732393768e-01
1.009549067549912493e+01,-1.222846871213168995e+01,2.537851956162573863e+00,-5.331661140738784610e+00,4.425591261075723537e+00,6.482511852631156479e-01,9.958569568199667765e-01
1.241338532448218679e+01,-1.243754794873723313e+01,2.518263586541823695e+00,-7.230847353858106175e+00,6.019128111861157926e+00,4.059964907153448821e-01,-7.438115814382336710e-01
1.152864921002865017e+01,-1.124340558420210634e+01,4.490972982999214658e+00,-6.104025363603627241e+00,5.658535133333582934e+00,1.524675277788832162e+00,8.048209002462584083e-01
9.495962119524827827e+00,-1.261260412958762522e+01,3.148531753458909233e+00,-6.000368964639760883e+00,6.494780125980966545e+00,1.088319572174065719e+00,6.475299128206295496e-01
1.039157957046105807e+01,-9.678464449130061098e+00,1.493918790419976883e+00,-2.512788208327478845e+00,2.278880008711724692e+00,-2.171507540677069859e+00,-5.317160997110750298e-01
1.194378715572744198e+01,-1.276656555077519783e+01,4.067463525672398106e+00,-6.403979662190350197e+00,6.981541020612298531e+00,9.852880895243552040e-01,6.146741079531811147e-01
8.231601132190963455e+00,-1.241189834204702258e+01,4.020307947318769948e+00,-6.492411024396455232e+00,5.872396747431234409e+00,8.632793554409885495e-01,1.547809775709721725e-01
1.079335959362163777e+01,-9.180392067889021845e+00,1.970792212442023628e+00,-4.537369762491078262e+00,3.346364698917846603e+00,-4.263155246562974066e-01,-1.290266220969273347e-01
1.525118500445973702e+01,-1.204745394779888024e+01,4.874624680804925170e+00,-7.338857795924037752e+00,7.715302358033558683e+00,9.003028525925049763e-01,-8.155670928646950868e-01
1.202571281366774336e+01,-9.629621303963666890e+00,5.336097659733949783e+00,-4.855996411399734924e+00,4.480040656093318141e+00,9.126877472872951813e-01,-1.318300742683616189e+00
8.176688809778999811e+00,-1.029986042948023872e+01,1.313715043553573159e+00,-5.441245017907323067e+00,4.664148560279178568e+00,6.645507787970774682e-01,8.631619655826316961e-01
1.034608443559176294e+01,-1.211976892869610190e+01,1.752938101804198734e+00,-7.734445007561117968e+00,7.662810352511157497e+00,1.407202980097973954e+00,9.573228723393537587e-01
1.063466813767495545e+01,-1.088248973613335835e+01,4.733433949420819076e+00,-5.182171101332216701e+00,4.532645420137797032e+00,1.168066256976837858e+00,-5.167086470833570644e-01
1.071121684306970145e+01,-1.266086282095308491e+00,1.853298331494342976e+00,-7.612757489587584914e+00,7.154737131487934221e+00,4.488210450713935984e+00,5.876494476666617173e-01
9.883327571435593484e+00,7.808471547136132118e-01,-6.044186162012062935e-01,-3.733787103110026262e+00,2.999589719921170516e+00,1.289357127523653279e+00,-8.935629525956657604e-01
1.024476330570064064e+01,-1.177190423540869446e+01,3.824704085368133555e+00,-6.424493595834300130e+00,5.799901939035480680e+00,1.501214744729237216e+00,4.578364000012230539e-01
7.926274825366042442e+00,-1.107837236938146575e+01,3.676560745624963378e+00,-5.006264305877405896e+00,5.312050805281247179e+00,1.396535147223353812e+00,5.323539670309720417e-01
8.789474814530413127e+00,-6.883622877665263928e+00,7.459649414288030966e-01,-4.324564927517113411e+00,3.582889162042928621e+00,6.025918897645450301e-01,6.902078024934571454e-01
9.744822060962134103e+00,-1.006880826147085450e+01,2.097927390701477712e+00,-6.910293423482113617e+00,6.212385213965005093e+00,2.508260523230584127e+00,2.147188606594502946e+00
7.608359073672525952e+00,-8.871883872762779788e+00,3.312313589842468708e+00,-4.620571025164792012e+00,4.581467232324937910e+00,9.449010180251099511e-01,1.056888567730180029e+00
7.931315265353870103e+00,-1.157706687791533362e+01,1.292149141833976334e+00,-4.662103674396526287e+00,2.996594144241790492e+00,3.231049067571897249e-01,7.729224960605901584e-01
1.091123186726543715e+01,-1.309680350432036811e+01,3.354362169534853777e+00,-6.815184992839603773e+00,6.781497336513878871e+00,1.320475689756498205e+00,1.795452234303908379e-01
9.965153632092279778e+00,-1.089922404035316816e+01,4.504183409431973928e+00,-4.076729860947057027e+00,3.285144895324787928e+00,7.811901266132087462e-01,-1.300654483475833345e+00
9.871521883288874477e+00,-7.041489142329799833e+00,1.247830860199651726e+00,-5.221596553461310464e+00,4.124973591009736040e+00,1.709531062795330181e+00,2.923353157965320470e-01
1.169206931072815436e+01,-7.751257741550155345e+00,2.148201516138767531e+00,-6.767615684379546082e+00,6.225418960646526223e+00,2.262220208376286568e+00,9.655497990538518538e-01
1.049193286932998603e+01,-6.831165537489629180e+00,3.876202862047988695e+00,-4.098457947120785150e+00,3.130352350895611480e+00,1.532402124139253807e+00,4.977960566641050910e-01
8.529708236499267571e+00,-6.700315475548375588e+00,1.733665902198959330e+00,-5.616970485167870564e+00,5.825415994496943028e+00,1.569607573652713750e+00,5.825648898753724714e-01
9.864000802576958549e+00,-7.460348341225844671e+00,1.751969815773209094e+00,-6.205770248780919651e+00,6.444121346947582651e+00,1.031273167251154366e+00,-2.017748096514543066e-01
1.207806996663969379e+01,-6.442096182089913192e+00,3.835701275707853242e+00,-4.382561462451569412e+00,4.115273035532950097e+00,9.405902506909956662e-01,-8.552480896529163212e-01
1.237086328805348501e+01,-4.977165574099264411e+00,1.928027707119095435e+00,-6.261582531545748509e+00,5.986885527846238730e+00,2.190176291995755697e+00,3.129672186544951162e-01
6.076478737786691120e+00,-7.231513498393259631e+00,2.081686048352295426e+00,-2.087976082178064074e-01,1.673044305871573600e+00,-1.191515743591038401e+00,-2.110667462466966349e+00
4.870579837480864427e+00,-5.697259514510369272e+00,8.167705817578244654e-01,-6.100825366217421664e-01,1.727823389665410936e+00,-6.635698471969259105e-01,-1.991757957471375740e+00
4.326622703445949902e+00,-6.568292666952507020e+00,2.441610542677229989e-01,-4.486868787925521462e-01,1.446907274554220857e+00,-6.094987570063972737e-02,-2.731712445626537811e+00
5.284837187779557688e+00,-7.614552538399310677e+00,1.155765334942248979e+00,-1.413297680938143897e+00,1.882225061294263480e+00,1.747184944596697487e-01,-1.401268588959863726e+00
4.632766051934500418e+00,-8.786654999364788665e+00,7.723566346953336659e-01,-1.972379908925099512e+00,2.309451015997338708e+00,-5.425764512055285538e-01,-1.850401573662995069e+00
4.443599502958037739e+00,-8.757231487023450001e+00,1.870991536047238668e+00,-1.053693986656686565e+00,1.693706281213059883e+00,-2.716078652911267377e-01,-2.227860769106401406e+00
5.127474864012937950e+00,-8.343545294571349302e+00,2.511564044407593066e+00,-1.312426846634302535e+00,1.781689435600094740e+00,-2.115041803257790010e-01,-1.343630601931153690e+00
5.377800638424077739e+00,-9.749111209349896612e+00,7.194438683767974130e-01,-1.414455699628435870e+00,1.947271902878650263e+00,-8.225294203943528393e-01,-1.788567453847215827e+00
5.167222446395073554e+00,-6.924288264162830941e+00,1.346806494355362149e+00,-9.705952504014829785e-01,1.723840898597044591e+00,-4.871699946269261172e-01,-1.930423543623679850e+00
5.261928342031651162e+00,-7.587830580480528830e+00,1.988735271091684353e+00,-1.463385012468806590e+00,1.762336053683555281e+00,9.737620672969011029e-03,-8.178263409847106313e-01
5.924361724581073574e+00,-8.504189670672673174e+00,7.482781417613747488e-01,-2.086038733103790399e+00,2.354491177053398943e+00,-3.938275335294154633e-01,-1.832775167822323859e+00
5.693943591071636945e+00,-6.689030126183736158e+00,1.695926647523316344e+00,-1.731180252244094220e+00,2.408569582174902912e+00,5.437995641583890372e-01,-2.411464520834275760e+00
6.198203164331350656e+00,-6.912919994621861797e+00,1.820051277574160187e+00,-2.497094587405128241e+00,2.570165930873598903e+00,2.795249048512281620e-01,-9.321668166571810410e-01
5.189228604451494142e+00,-9.108551863634724910e+00,-4.468542187171652968e-01,-1.750571567503483195e+00,2.549070641369787449e+00,-8.389049518359366076e-01,-9.703224506176668651e-01
3.592002416878224746e+00,-7.962171677834368744e+00,5.931167999402264801e-01,-1.051525135424041357e+00,2.071320151669106657e+00,-7.614687345837195531e-02,-1.733012235061390571e+00
4.872063385773481414e+00,-9.601549696668728373e+00,1.426039232262800605e+00,-2.016390051988255383e+00,1.765577201037211497e+00,-3.316561521700971960e-01,-7.808476279422834621e-01
5.149325511390908439e+00,-9.342809479108225901e+00,7.135641149370858249e-02,-2.038769611660787628e+00,2.892438412265153858e+00,-6.028146276656028979e-01,-8.918738349033451529e-01
3.888426576849488114e+00,-6.880910391827055328e+00,5.756949563806876835e-01,-4.486880355475932891e-01,1.496241177503115027e+00,-4.142628534945002050e-01,-1.423031620343284454e+00
5.208706002196194618e+00,-5.017336096354265251e+00,1.307968891677094847e+00,-2.452557315653597581e+00,2.782801040066118503e+00,1.061153349833005466e+00,-1.048386435599937411e-01
6.503904790692100590e+00,-5.652942617267611602e+00,4.955761454305959712e-01,-2.712866961232284435e+00,3.676093908763344853e+00,5.918362108979784153e-02,-1.125913200154962102e+00
6.147504073164796523e+00,-6.607119985707394783e+00,8.064017165189684144e-01,-1.103387859859100262e+00,1.355951602291413538e+00,-1.166591458805172010e+00,-8.884991577588686740e-01
1.429730773507611907e+00,-6.434873554309431753e+00,1.322419606569348982e+00,1.677527151957372564e-01,2.573602671421884036e+00,5.083058348266126236e-01,-3.575516613542984445e-01
-3.996156064578511469e+00,-6.383754712074616755e+00,1.028727217470231103e+00,-5.908260798724312979e-01,3.571566726246752310e+00,1.768356786786782431e+00,-1.050855338946770967e+00
-8.521028908677310554e+00,-4.540284441707696850e+00,1.838739272815085979e+00,2.133780023877212439e+00,2.766644412562200284e+00,1.686071811513199181e+00,-2.593183412467261473e+00
-9.117111442329614235e+00,-4.065477749790606943e+00,2.081681312365154302e+00,2.018410767573297182e+00,3.038624710924862526e+00,1.811524499745239991e+00,-2.932358498586691731e+00
-8.927164718104153351e+00,-4.728136153649773910e+00,2.132216413477070915e+00,2.237505872995220635e+00,3.022188873093919703e+00,1.612421682222071606e+00,-2.963606546676704312e+00
-8.971586029681073882e+00,-4.619172481635406058e+00,2.194484172918090614e+00,2.236843196843564918e+00,3.104824649740279163e+00,1.531278666018046630e+00,-2.860230572351819323e+00
-9.325773481098265094e+00,-3.543204127447836971e+00,1.855556601085374124e+00,1.668017492714796157e+00,3.077225854347119594e+00,1.989945726543611793e+00,-2.575869533127375544e+00
-9.160786839866727149e+00,-3.712157190283788655e+00,1.853756735739569894e+00,1.909480816035568074e+00,3.235651678110338381e+00,1.924943372377324158e+00,-2.305696540086606738e+00
-9.073396729256263171e+00,-4.039870417142059189e+00,1.838397530041998573e+00,2.149444249700357190e+00,3.071117019982007257e+00,1.874426941961616633e+00,-2.295419525096535907e+00
-8.335737073065164537e+00,-4.854834465232277019e+00,1.779366507674266407e+00,2.680714552420132346e+00,3.490698536555613796e+00,1.731735930738947049e+00,-1.586172444264346115e+00
-8.401009126727506882e+00,-5.038754714534845469e+00,1.843430232020521808e+00,2.755226479638711368e+00,3.260857804504958768e+00,1.581212962354471729e+00,-2.297276663584362666e+00
9.479946223268820304e+00,-8.508533931158115848e+00,1.190317314221673417e+00,-4.678675886928751915e+00,3.926043336039648057e+00,1.054595285654410075e+00,1.695397067237291999e+00
1.342719702368965429e+01,-9.491569103246037642e+00,2.562280143255599274e+00,-7.118097982019477854e+00,7.064995456165690690e+00,1.247332450999800058e+00,1.952788434710594823e+00
1.147570334536828973e+01,-9.905915854614102400e+00,4.676895345112797919e+00,-5.486131002652512301e+00,5.857058015715327137e+00,1.867454039974262514e+00,-6.072750313951493784e-01
8.175631435214629761e+00,-8.354913345016894866e+00,3.610142048983473462e+00,-6.446666939734833512e+00,6.117103774417280704e+00,2.372950173114396932e+00,3.317623222216696255e-01
8.382016238481426740e+00,-8.725391279295681812e+00,1.685590334842292481e+00,-2.868932547057196469e+00,3.835352229825871095e+00,-8.740061171626217762e-01,-6.563546406072340300e-01
9.687098481611677414e+00,-1.116064363152905337e+01,1.960894849159138031e+00,-7.574619175130500537e+00,6.825476430558762075e+00,1.691800700967533322e+00,2.501641834121281494e-01
6.423081952962994556e+00,-9.693629557097386495e+00,4.415044815599695305e+00,-4.313599250749649450e+00,4.864953647104280243e+00,1.686419125559487142e+00,-6.639509717755289753e-01
7.789290364698802982e+00,-1.058922359254001400e+01,2.606337884784343029e+00,-6.311683623652914576e+00,5.738827049713770556e+00,2.218690180920250388e+00,9.795129180568120653e-01
9.637012672920175049e+00,-8.728655556908542223e+00,6.735818842304363008e-01,-4.185825959997452550e+00,3.431489681154787252e+00,-1.215427625775839626e+00,2.478332324817671961e-01
9.662904513978650911e+00,-1.040135858178530093e+01,3.418467588828010495e+00,-7.374415187044974118e+00,7.320759120274167309e+00,2.398912622275527262e+00,1.203376456872835343e+00
8.317473117005187433e+00,-1.253679657979412454e+01,4.137474844452730061e+00,-6.188491595640634557e+00,7.437614413468836005e+00,1.416574974215946359e+00,5.032599813213293194e-01
9.015021552192699517e+00,-9.807940496585501933e+00,1.934378544572163294e+00,-4.692927261892677393e+00,4.641772237945547275e+00,-1.256117854564241243e-01,4.821900234124776308e-01
1.121734516357467548e+01,-9.958091713335273099e+00,2.328153163228369404e+00,-7.367445794093470113e+00,7.288654046158471012e+00,1.104840878434620199e+00,7.082706186699183615e-01
9.103199339036020632e+00,-9.678546769790369098e+00,4.430861594142013971e+00,-4.353090081150519097e+00,4.184544916368738932e+00,1.466659200127872875e+00,-3.456494244438480801e-02
9.720474012196904212e+00,-1.063726471367686877e+01,3.466347038743266662e+00,-5.909021343515448166e+00,5.807002219063513770e+00,1.519966179842802578e+00,1.215448966018525478e+00
1.207836139206454007e+01,-8.733239571809118473e+00,2.497099345291265315e+00,-4.450284156063483820e+00,4.694402384179798382e+00,-1.772404773379586462e+00,7.367120738206387465e-01
1.110336450262357211e+01,-1.006383611839327941e+01,4.008030040962644591e+00,-6.325537635617323851e+00,6.372720163961178130e+00,2.090844345099549528e+00,3.699506926267212004e-01
7.689562110242735393e+00,-1.088492008429376767e+01,3.073824855519670329e+00,-6.509765380990669037e+00,6.560143452632563488e+00,2.022738994727259154e+00,3.695812736782896346e-01
1.106465031123789799e+01,-6.272073389778700658e+00,1.744374686104438688e+00,-3.083198206266024588e+00,3.381438925589322686e+00,-1.618869075267907132e+00,-5.910776948766420791e-01
1.339257555746489459e+01,-1.134206468626576481e+01,4.579033050173878294e+00,-6.940423855584046287e+00,7.522926010257305229e+00,6.559529241070273242e-01,7.720150031728293394e-01
1.110069283402544471e+01,-7.260884574275233483e+00,4.239125047199657992e+00,-6.662224533911378366e+00,6.573008324128489122e+00,1.440636800613413149e+00,3.063483003020035511e-01
9.803032573576933473e+00,-8.161359095170308109e+00,1.071777398463449549e+00,-3.311032717680066906e+00,1.733569510637968270e+00,-4.254298698909204091e-01,-6.441993581339721109e-01
4.849769357311127571e+00,-7.858503475271449545e+00,2.018917039309082284e+00,-1.315561528181383499e+00,1.749096338388643090e+00,-5.169054647185394868e-01,-1.278199837200044042e+00
5.107754270505095562e+00,-7.380144279216224845e+00,7.044646874133465575e-01,-1.772177067916130389e+00,1.904795211802865262e+00,-3.363099814141703447e-01,-1.457357188951364346e+00
6.265800792580380474e+00,-7.273142548813055441e+00,1.542232551563919030e+00,-2.999223275503335451e-01,8.132868977979682557e-01,-1.348690840329261453e+00,-2.756237673244563702e+00
5.132490462854758739e+00,-9.389745508006418717e+00,1.404171332826110508e+00,5.942552137170176163e-01,4.687705481386322814e-01,-1.709312347406368726e+00,-2.013146358623846943e+00
4.274336901622999285e+00,-1.013653291719790595e+01,1.318166613408851662e+00,-8.454598519843429250e-01,1.019785965831677021e+00,-8.551312660158710832e-01,-2.016045497466297576e+00
4.101477092017059789e+00,-1.070217429080660843e+01,2.465387701522039343e+00,1.967389026445715006e-01,5.356756532691452077e-02,-1.045658536740154743e+00,-5.754170071445229295e-01
4.759852960456869120e+00,-9.790614266639199315e+00,1.636500916801258976e+00,-3.494592440377512488e-01,5.805023397060390944e-02,-1.162388641876036299e+00,-1.383800926243295537e+00
5.763220261779162357e+00,-1.082762984970798925e+01,1.374366597927369593e+00,-6.351403136124765814e-01,3.621798500029599355e-01,-1.212751542082834977e+00,-2.066784543962113752e+00
5.392166152168872628e+00,-9.001858210591235476e+00,2.670372512324709291e+00,4.104743772492244203e-01,3.508586541074854570e-01,-1.239483546113064216e+00,-1.824630623615467684e+00
4.833827248793117981e+00,-7.109420889319327586e+00,1.482367669052842007e+00,4.419056624947835243e-01,1.019704343096257793e+00,-1.314553413281717154e+00,-1.373240294537049877e+00
5.418123470593969593e+00,-1.053909724771408740e+01,1.587873044105581721e+00,-4.163981594419251531e-01,7.286838602520868680e-01,-1.440833724869011068e+00,-1.787532141378395556e+00
4.740276100806806170e+00,-7.680452352997775733e+00,2.873688998674300610e+00,3.289051810635527651e-01,8.905666082602688993e-01,-5.874604723707015363e-01,-2.626085267824845859e-01
5.854743855703294919e+00,-1.022618836705834156e+01,2.854197167718998784e+00,8.117149337999527425e-01,1.071043535935991775e+00,-2.163431754560077191e+00,-2.160878580132203908e+00
5.702218536011538497e+00,-9.865208267169419898e+00,5.643155071819653257e-01,-1.033611342452269710e-01,-1.384648667840520653e-01,-1.965080085353691386e+00,-2.115174895859688764e+00
5.784297432285046447e+00,-9.253651105386691000e+00,1.609019232061061233e+00,-1.534246608830028002e-01,5.390962395992260348e-01,-1.321071734897830252e+00,-1.374921605724064966e+00
5.972734393182080659e+00,-9.232806126579575334e+00,2.128636326953869951e+00,-5.297864050573428130e-02,2.605483453487215662e-01,-1.396896620817667634e+00,-1.208813217152480357e+00
6.687581667099401272e+00,-7.622208974585923613e+00,1.939293706058576872e+00,-7.656866941487924239e-01,9.146786014334320480e-01,-1.291641655298236380e+00,-2.193087440073466343e+00
6.402798488265530885e+00,-5.070502108929712648e+00,2.290094019325071617e+00,-8.694138637419102089e-01,1.147108740807572413e+00,-7.868113463928676221e-02,-1.143707695596087426e+00
6.104942995431559716e+00,-4.248437256061103007e+00,1.512715654487804429e+00,-5.954704985369301262e-01,1.407440990362547550e+00,-6.564168598666836330e-01,-1.661573467045757146e+00
5.702046022944617931e+00,-5.358071443853663851e+00,1.379731078301541958e+00,-1.297362839611654550e+00,2.615418981933458120e+00,-1.890579964208829455e-01,-1.810389229173654968e+00
5.273131338904968324e+00,-5.199428258958749716e+00,2.207319962770563748e+00,-3.713957206926121191e-01,2.258664603330416298e+00,-4.235430715884594965e-01,-1.571637014963485512e+00
6.109203154521129164e+00,-5.109144025398109079e+00,1.372483425501634491e+00,-1.599038277213590264e-01,1.669991418120798876e+00,-1.031561743633104600e+00,-1.581653622221760980e+00
7.082902805023207016e+00,-5.188783846848607162e+00,1.982515567921673050e+00,-1.222908704637377664e+00,2.070510077751134048e+00,-8.991054213251199467e-01,-2.463888697612107492e+00
-1.001569737422870254e+01,-8.219580849101761899e-01,3.967493568086432054e-01,1.400314332751409596e+00,2.368999067213480192e+00,1.571914980957566765e+00,-2.323831576447988212e+00
-9.488763360771770294e+00,-2.699463473168506766e+00,7.878411222689791771e-01,2.065618741414734671e+00,1.740287361315848269e+00,1.227609437208893706e+00,-2.152730109225766242e+00
-8.820744077040341580e+00,-4.515220875450875582e+00,1.177402710541282316e+00,2.844623355258192099e+00,1.888299950740484290e+00,4.550997244137194309e-01,-2.184630853164411857e+00
-8.645778419555375294e+00,-4.217188419617255768e+00,8.815268010603327653e-01,2.675130225668808759e+00,1.932086060249633475e+00,5.006937913279205787e-01,-2.348567093793545890e+00
-8.404744314848288766e+00,-4.750921583005273341e+00,8.830382680835167086e-01,3.099190990021414294e+00,1.756034663664145068e+00,5.445319564442738791e-01,-1.380182072134910065e+00
-8.546687395697363243e+00,-4.670079936829742095e+00,8.376891184745086649e-01,3.131027937303589415e+00,2.034285875403544885e+00,3.014819650994404188e-01,-1.778983201880665943e+00
-9.106686304839856305e+00,-3.297672116917557794e+00,7.015811467065244944e-01,2.464777871548715193e+00,2.107424468292131703e+00,8.050068486889334629e-01,-1.236727973576482897e+00
-8.558245757601307346e+00,-4.717518510640735130e+00,7.252031516709172010e-01,3.148390390446167419e+00,1.792466312852944554e+00,1.855831589903055023e-01,-1.633074653819577504e+00
-9.144279263045230977e+00,-3.230548929971378325e+00,1.073351545264811691e+00,3.764391415582784450e+00,2.812636509988926559e+00,9.605312858286679800e-01,1.423565530217800468e-02
-9.204534905907930664e+00,-3.398867762608620779e+00,1.171546001307154805e+00,4.301734071509799584e+00,3.393508853338049303e+00,1.182041568909827589e+00,5.212334039076638170e-01
-8.854155055468091007e+00,-4.027691821903538916e+00,7.627927424762935837e-01,2.600339538522368432e+00,2.172153976524655139e+00,1.132422495045996846e-01,-2.307920105254239296e+00
-8.842595082629953751e+00,-4.079783086145246429e+00,6.149628746633014620e-01,2.539358691884895602e+00,1.781709168596066206e+00,1.709898782054702360e-01,-2.232069472452591796e+00
-8.725660941365880774e+00,-4.152135909785395818e+00,5.679037405824306495e-01,2.730096056149006856e+00,1.920489629899595263e+00,2.110571253369842859e-01,-1.990820637360254386e+00
-8.610383009855034686e+00,-4.696484153953240259e+00,1.255116132486225888e+00,5.071588350956723446e+00,3.355341912408529748e+00,9.448773050441459098e-01,1.214442956442573163e+00
-8.438973146334710407e+00,-4.774741193497966663e+00,9.941034430673633127e-01,5.063613631308347962e+00,3.035886771272780393e+00,1.013662885582668149e+00,8.110234688085188326e-01
-8.859480966229364540e+00,-3.235280992517020060e+00,5.106531097688735699e-01,2.485340029875413581e+00,2.073408438729623438e+00,2.180168539148259199e-01,-1.879871532961853831e+00
-9.049061614049442426e+00,-2.922696009225124403e+00,5.579425798874163567e-01,2.547660381430959742e+00,2.321466887049728811e+00,3.077314320950785831e-01,-1.829832794245230376e+00
-6.096778014183888317e+00,-3.406158677067197438e+00,-1.135560068217597030e+00,1.777597713058356454e+00,3.902763629150847735e-01,1.867131812809201596e+00,-9.711275686372908278e-03
-8.101293470649112649e+00,-5.755522361053917457e-01,-2.050625545571287844e+00,2.407727984088769535e+00,1.028077822436283650e+00,3.300090028371502004e+00,4.786854162300696602e-01
-1.087162038388359342e+01,2.054517456790610375e+00,-2.365258002050517838e+00,1.748974860944751297e+00,1.880940446278717371e+00,3.008730244964860301e+00,-1.274556233442946551e+00
-1.081783593257747889e+01,1.797105694136490017e+00,-2.431908256651579503e+00,1.858634500088478303e+00,2.063453554219870423e+00,2.929065537166338107e+00,-1.247340562840496547e+00
-1.082358226738445062e+01,1.581964610950607142e+00,-2.286917194609661586e+00,1.912821441529026112e+00,2.353875433328870947e+00,2.780613638655722308e+00,-1.541293798479453692e+00
-1.054675720986337240e+01,8.899155586392508699e-01,-2.418312247927130620e+00,2.096736433192837534e+00,2.327357026530573414e+00,2.725618211621217313e+00,-1.547636261402963509e+00
-1.088962547685724402e+01,1.281813132801410182e+00,-2.581544276511579916e+00,2.135288725179257163e+00,2.151914360393740289e+00,3.039774485283881944e+00,-1.326204184595498603e+00
-1.020577049770303546e+01,1.312540686345177177e+00,-2.613352888908971661e+00,2.881702397352101652e+00,3.898828062586351173e+00,1.791715348524028251e+00,-1.231168663656425188e+00
-8.523882323414500917e+00,-9.155176695369890982e-01,-2.235966604725333706e+00,2.078049116591820678e+00,4.667633491857706929e+00,1.152616497830154518e+00,-2.043484063880252610e-01
-8.663518397923478886e+00,-5.332256811396982599e-01,-2.271705399665015168e+00,2.103151489016287012e+00,4.636894995259035923e+00,1.152296766136058803e+00,-4.241184524039746245e-02
-1.017867140450564634e+01,9.930637161773419042e-01,-2.319431081842928677e+00,3.140030415108970629e+00,3.570473724246662872e+00,1.620827571149343393e+00,-1.526989661591670044e+00
-1.085298318581707377e+01,1.587432217841812321e+00,-2.105725994001271584e+00,2.127546520074912628e+00,2.164208061134009320e+00,2.637987672556506347e+00,-1.517417788047771277e+00
-1.074003137330527302e+01,1.982222058355564087e+00,-2.248057769866680378e+00,2.801264277850029405e+00,4.126756641228059408e+00,1.544005372636106266e+00,-1.399722143934498453e+00
-1.065226828409284643e+01,2.215828782111131989e+00,-2.414365523831464966e+00,2.472190745636774878e+00,3.963836225515567246e+00,1.791680565911235146e+00,-1.488938364659841085e+00
-1.076803748529278693e+01,1.680346900339209970e+00,-2.409287443936032336e+00,2.004273197972879839e+00,2.481697921450692235e+00,2.745096732104151727e+00,-1.618783897052171072e+00
-1.093297679266120959e+01,1.487103684744913279e+00,-2.134825481480425946e+00,2.197121986008105932e+00,2.428527722480793294e+00,2.648872419754184637e+00,-1.353900837666207391e+00
-1.120142338608640742e+01,2.056336020080372862e+00,-2.194422283767147874e+00,1.872640912234644794e+00,2.131425290444020959e+00,2.863239416146221128e+00,-1.250171740030796785e+00
-1.128674715711726861e+01,2.313436954154098668e+00,-2.199026180799561914e+00,1.512674636493634983e+00,2.312240603624549529e+00,2.776827800986312766e+00,-1.424415373140485386e+00
-1.114872682771192736e+01,1.941208551042361341e+00,-2.205042813253922596e+00,1.832293730735730763e+00,2.277812160976276701e+00,2.785431290178544739e+00,-1.298665780928249136e+00
-1.042453060316266544e+01,1.129366707079774823e+00,-2.641613774923076807e+00,1.474974527497758814e+00,4.142835181337281014e+00,2.274175170873993679e+00,6.797672919564586858e-01
-1.041238307491507342e+01,1.245449045260839549e+00,-2.651087815286607974e+00,1.045279575473860412e+00,4.129046752230783213e+00,2.216373923131570223e+00,4.921285972376965856e-01
-1.102289721675449563e+01,1.817601840326119156e+00,-2.147228401916464691e+00,1.727119686768794349e+00,2.726900636140388023e+00,2.552356955397668159e+00,-1.313987210298601882e+00
7.021222315112600754e-01,-5.078175991262629196e+00,-1.735186766831532834e+00,1.067362928893533791e+00,-1.277037463889457714e+00,1.419047832556185273e+00,-2.303625082813644198e+00
-9.423768039106706240e+00,2.570314799464591626e+00,-1.660056896154054940e+00,3.245218943052652349e+00,4.210744063326143483e+00,3.921529848892957304e+00,2.064217502169792606e+00
-1.140686311575173839e+01,2.190080284782712994e+00,-2.159715725598446934e+00,1.133278711449007270e+00,2.639344738246169886e+00,3.238898861441433574e+00,-1.120085885770002454e+00
-1.148904755312049453e+01,2.290137290019179428e+00,-2.021463910095378846e+00,1.182239753526080017e+00,2.564274528277057819e+00,3.111550300481616738e+00,-1.129521280655891413e+00
-1.152017387161999373e+01,2.074317310291132976e+00,-1.878357932798127905e+00,1.127146751093449639e+00,2.385381090294954376e+00,3.044907003628866349e+00,-1.051581852173519849e+00
-1.168818604690372176e+01,2.099196268606335902e+00,-2.020784898880021441e+00,9.884957453266173255e-01,2.674682610035201247e+00,3.145558620676796036e+00,-1.025949904033714777e+00
-1.170238277413898587e+01,2.936378884322489835e+00,-2.254870561231289816e+00,9.729114141140658978e-01,3.017537947009158561e+00,3.223803657749078067e+00,-1.052625133209727393e+00
-1.166545754641026633e+01,2.887475680399969491e+00,-2.178410095920887191e+00,9.403290014115435191e-01,2.847491864431870745e+00,2.970362966000674287e+00,-1.159385389241503583e+00
-1.169876616018049553e+01,2.978429354307287724e+00,-2.063729709699708703e+00,8.141596880455299612e-01,3.059825818001094877e+00,2.996093602305731629e+00,-6.487841679877651702e-01
-1.158942391716548492e+01,2.764524961377654133e+00,-2.093173415144971461e+00,8.626969112816470497e-01,3.054808186991379682e+00,2.974896993874903472e+00,-8.452527078502464208e-01
-1.155760108115399021e+01,2.623597318951639057e+00,-2.175589779918275735e+00,9.442283787327512279e-01,2.720644104177715850e+00,2.941708948992015404e+00,-1.328434685506287849e+00
-1.146174808136745504e+01,2.507287043314538888e+00,-2.145791817082013164e+00,7.427004759191628835e-01,2.675241392665670848e+00,2.777742558912668080e+00,-1.164777873741998926e+00
-1.155720677867991952e+01,2.819297451002062971e+00,-2.128740133700281145e+00,5.978571346930064978e-01,2.825340621956631271e+00,2.832212887217851360e+00,-1.239560151232930618e+00
-1.173931156673560494e+01,3.000880049938975169e+00,-2.239587391765570867e+00,7.808831831250176991e-01,2.780661385977855726e+00,3.050980297102029226e+00,-1.167423219875516338e+00
-1.176154085608110655e+01,2.835949239688900558e+00,-2.269962823085586390e+00,9.852731790081353802e-01,2.720954189175984084e+00,3.068441124939914388e+00,-1.163137595405541180e+00
-1.173553387992472530e+01,3.001090199269993430e+00,-2.100791091179254444e+00,6.366640677383420543e-01,3.144768748580766715e+00,2.871587122582729190e+00,-1.224547714920700026e+00
-1.176660255208358130e+01,2.910551600726771770e+00,-1.932860294225411169e+00,6.753239959326546860e-01,3.264616409741695868e+00,2.917868242789198874e+00,-1.001571908921869980e+00
-1.171699032690756503e+01,2.855159333765371343e+00,-2.022763814843377084e+00,6.735532470445901865e-01,2.886752712720617620e+00,3.081009299762199394e+00,-1.091946266503353247e+00
-1.177987908167248143e+01,2.923123344628676179e+00,-2.039118155632674512e+00,7.424664716437164858e-01,2.831272758538275092e+00,3.187593126693581524e+00,-1.085787755473548222e+00
-1.183543144196790564e+01,2.882625590311332253e+00,-2.044978753207062017e+00,9.873075013075343076e-01,2.606447972582506711e+00,3.258141929716212193e+00,-6.503369290930026692e-01
-1.169344553527499642e+01,2.803709689128225158e+00,-2.029517880435171229e+00,8.784106597551964990e-01,2.729160631205333587e+00,3.036986118196363105e+00,-1.222388279564088798e+00
-1.171767573437683474e+01,2.981082626083771281e+00,-2.028454970307328242e+00,8.046328145146812716e-01,3.153747230065737206e+00,3.015544902855061160e+00,-1.163465655388952635e+00
-1.176663120224602110e+01,3.123373567489020619e+00,-2.069176579813166494e+00,7.384287788699707145e-01,2.981296705833789140e+00,3.034479366255956823e+00,-1.219970498497335853e+00
-1.155819196758544365e+01,2.660554448620994883e+00,-2.024579661052948953e+00,6.981219284931242663e-01,2.769969938636465567e+00,2.822076547286900716e+00,-1.391623419613542856e+00
-1.158619389743505756e+01,2.744001909108258808e+00,-1.936917178277818063e+00,7.088421402398602522e-01,3.019778743195287163e+00,2.710305178776120094e+00,-1.081372115608121742e+00
-1.135162759450521719e+01,2.006501959997984752e+00,-2.115989698569389788e+00,1.493921704774225034e+00,2.379857091114247591e+00,3.169307834229722953e+00,-1.156623232416158942e+00
-1.134244112818994843e+01,2.074033994737240594e+00,-2.020564494665954225e+00,1.390433216229712832e+00,2.296697877438297564e+00,3.228749286634343019e+00,-1.043424486353043745e+00
-1.161131705175516338e+01,2.701134286879101065e+00,-1.950237058202448193e+00,8.672825506985224475e-01,2.903030513674603519e+00,2.959337678001116689e+00,-1.090214620907627774e+00
-1.152351864184088370e+01,2.520883836603406980e+00,-2.054062285218342776e+00,9.892617527565378266e-01,2.792042359304332866e+00,2.868162174346445603e+00,-1.103809741441266867e+00
-1.148274067550433308e+01,2.261437024495474457e+00,-2.012933785965065336e+00,1.185620284127379742e+00,2.582858673129599936e+00,2.967754209391122444e+00,-1.370430749551439398e+00
-1.171444203905179116e+01,2.394915689219768495e+00,-1.836494721170943700e+00,1.038411390362007358e+00,2.453085015202147279e+00,3.138356403462974065e+00,-1.474740250257229102e+00
-1.157207224208818452e+01,2.222079455724109476e+00,-1.827660219031592703e+00,1.105129773953147376e+00,2.530884928453874583e+00,3.126001195167515068e+00,-1.137703605789084138e+00
-1.151419205723335004e+01,2.472476366643371115e+00,-1.833136429494361730e+00,9.143588145339286433e-01,2.675134885571451626e+00,2.918762905059028245e+00,-1.205896005861852860e+00
-1.176065465849960567e+01,3.054510189581665092e+00,-1.906765981625148765e+00,6.803288245278578117e-01,2.920469992483393007e+00,3.018284742777229912e+00,-9.180394315211930500e-01
-1.187302554731206428e+01,3.303614502643016593e+00,-1.999591648456209514e+00,5.929808878844594622e-01,3.108295790386912838e+00,3.096050456110643001e+00,-9.196169314431675845e-01
-1.180907666012150159e+01,3.221581910874915966e+00,-1.985768562930900094e+00,6.027431857311277286e-01,3.090509268849524815e+00,2.922257230585230570e+00,-1.278175619043963263e+00
-1.191508737371946758e+01,3.290703511665460823e+00,-1.969287427635311394e+00,5.700640594676121831e-01,3.110230770480016727e+00,2.811375557823292848e+00,-1.215317393800217305e+00
-1.198057162119520669e+01,3.360613694912891969e+00,-2.061971991626202261e+00,8.169850722027244272e-01,2.901200847579504138e+00,3.105294382133170217e+00,-1.010924006456653812e+00
-1.196340605230924581e+01,3.695516817306951918e+00,-2.047901209987688986e+00,8.813779519477488167e-01,3.169142908382692081e+00,3.015312408693593405e+00,-1.070523007052536002e+00
-1.172726417807983168e+01,3.340247298102295037e+00,-1.922695930989677615e+00,8.134780709491790107e-01,3.389525785067140529e+00,2.891905938045946645e+00,-1.054582148700873079e+00
-1.195421620906957827e+01,3.248803222760255238e+00,-1.905041745701574474e+00,7.927033195934187759e-01,3.190771638076064232e+00,3.087677017203074303e+00,-8.617460808288130991e-01
-1.225400310510822877e+01,3.719076487998636882e+00,-1.966789479792254713e+00,8.479656355090556819e-01,2.957611700976986668e+00,3.272889517203246168e+00,-7.983983982601741136e-01
-1.208872262848937851e+01,3.399384096679120670e+00,-1.856402054485482234e+00,8.046424742014316456e-01,2.877800969892168936e+00,2.992239444968322282e+00,-1.092398678905591947e+00
-1.193579502969799577e+01,3.455724866898563175e+00,-2.016360157183771040e+00,6.173373537862829608e-01,2.858993705764203863e+00,2.985658868280228084e+00,-1.224654715271599636e+00
-1.179693683231323575e+01,3.376565202366592633e+00,-2.080464320026239378e+00,5.941709162495628638e-01,2.899953145819325950e+00,2.996324071885022367e+00,-1.276891818517176258e+00
-1.199354568296025292e+01,3.656798827616810410e+00,-2.016415001912783111e+00,6.209720226389215947e-01,3.122212928184609382e+00,2.978143760012375019e+00,-9.160500238380367977e-01
-1.119351916845563544e+01,2.312269397672222837e+00,-1.977495912682019741e+00,1.948144710199721574e+00,2.130950284410022544e+00,2.702137952177540381e+00,-1.426776742435077239e+00
-1.123986639992387460e+01,2.439892205782465240e+00,-1.986484865704892577e+00,2.117616354465165607e+00,2.369055764839530287e+00,2.659903970146622054e+00,-1.186110284039750828e+00
-1.144286987158046642e+01,2.860849813677414311e+00,-1.995948623851830028e+00,1.814575472543446644e+00,2.395752842751279310e+00,2.717910177301611885e+00,-1.143813416711917830e+00
-1.147723800093886659e+01,3.195470084692566992e+00,-2.084740379705075863e+00,1.542976189676411147e+00,2.446466086948028806e+00,2.767696642027244192e+00,-1.021924613757923872e+00
-1.130646313023422600e+01,2.657831295202344180e+00,-2.136089379878910677e+00,1.654640492439547250e+00,2.119410293039617255e+00,2.855861658400579373e+00,-1.088467872319246688e+00
-1.148025833910508453e+01,2.644816839675737885e+00,-2.005904105454209940e+00,1.553609244540475220e+00,2.285379373665699543e+00,2.639832803243958192e+00,-7.359163051986514770e-01
-1.088564654428977896e+01,1.874056077675453125e+00,-1.988590885354425186e+00,1.978717407866398492e+00,2.173093239951503275e+00,2.587214453967359162e+00,-1.252923988376337672e+00
-1.090470634628423063e+01,1.580947606228957358e+00,-1.852043411423637931e+00,1.992117157180393949e+00,2.224851381056470956e+00,2.439835196625570468e+00,-1.344692867330442354e+00
-6.533265539427256741e+00,-2.009338513895941425e+00,-2.675568899733247186e+00,3.228721857980502818e+00,2.141739523219321928e+00,2.908427651721674501e+00,1.172840920719264296e-01
-9.861795140530940529e+00,-3.207604920696022210e-01,-2.665238991557226100e+00,2.003698240557399313e+00,2.144230004565679693e+00,2.891392276196539601e+00,-1.739801201163431843e+00
-9.733437407651628348e+00,-8.497881554374677737e-01,-2.447493096522625589e+00,2.299794714638457194e+00,2.550366527790386861e+00,2.830827727814595463e+00,-1.204853168945363207e+00
-9.517489849507013489e+00,-9.510190786524767015e-01,-2.426531024967122363e+00,2.213879016428797808e+00,2.732578401566609028e+00,2.778975217611874271e+00,-1.006203966478913303e+00
-9.788491509256282086e+00,-1.543097175549386357e-01,-2.843644470537376456e+00,1.979919620976346772e+00,2.758831938268995199e+00,2.924364643740173353e+00,-1.332350790623589631e+00
-1.045137231138233957e+01,1.009395674131209342e+00,-2.927758078369814054e+00,1.262475604290710152e+00,3.203104029746884240e+00,2.886320331768781777e+00,-1.689143241393656902e+00
-9.927365352580221014e+00,-4.656961181424013746e-02,-2.732723313857954750e+00,1.471382035238217867e+00,2.608567681528265236e+00,2.848034884710617387e+00,-1.789036935035799303e+00
-9.934919460503124355e+00,-3.508980833800032784e-01,-2.549362852150808934e+00,1.970963330805124425e+00,2.001112669606807337e+00,2.897848485274781449e+00,-1.501152959895061700e+00
-9.926685727595474518e+00,-4.188388660987407697e-01,-2.515454921171764724e+00,2.005581852356212114e+00,2.379265153054335613e+00,2.942332163435884773e+00,-9.094461378440561461e-01
-9.469069519780889621e+00,-1.398381738015765041e+00,-2.251417910016793922e+00,2.218197552918926174e+00,2.398211166486106549e+00,2.732684226900240709e+00,-1.265287089415351840e+00
-9.770054444597922938e+00,-8.318972350919303649e-01,-2.310373110772544258e+00,2.211167664519885445e+00,2.559917926521741549e+00,2.829660843778825541e+00,-1.527743599482034753e+00
-1.028058978874196683e+01,6.570855078043214004e-01,-2.501663181622785448e+00,1.328048575294429989e+00,2.879882337168969020e+00,2.658665632908857379e+00,-1.716496211229356028e+00
-1.033848343295477790e+01,4.223094435313079487e-01,-2.491533216732761069e+00,1.701483783787430593e+00,2.822276740343473200e+00,3.074307022873104867e+00,-9.418796589088582749e-01
-1.024131601315650464e+01,8.377113132556364417e-02,-2.333686328908384677e+00,1.705854962649838269e+00,2.908208098773855887e+00,2.579287717193107010e+00,-1.693549762636830547e+00
-1.036157473309208221e+01,9.013046698811942870e-01,-2.693934743182168301e+00,1.398694134745616546e+00,2.943542739568291378e+00,2.708772980257574403e+00,-1.375066006935860452e+00
-1.033789153686001150e+01,8.609877636141982649e-01,-2.841997709283270002e+00,1.426392202068457404e+00,2.691864453372991406e+00,2.897742023617549734e+00,-1.396854806623763157e+00
-1.034423583511072486e+01,6.024841965021994206e-01,-2.320146652989779401e+00,2.346043371632493990e+00,2.992511017673512352e+00,3.030747761450533595e+00,-8.479997159530970885e-01
-1.031762173142474204e+01,7.270956515381120644e-01,-2.346943896081442826e+00,2.259344438790237941e+00,3.100618349970160281e+00,2.963134232455959083e+00,-7.023944177250532883e-01
-1.001449767269306079e+01,2.090578387739434330e-01,-2.696494710271826634e+00,1.733618800314852049e+00,2.344190617612816219e+00,2.909412199791097109e+00,-1.065351892086825236e+00
-1.004179831559222080e+01,1.440948584612509742e-01,-2.898009055784903421e+00,1.508487616988626767e+00,2.158648038591515661e+00,2.831728870808518650e+00,-1.737515244436808937e+00
-1.022322793194082813e+01,6.212665767524639948e-01,-2.856977477047988767e+00,1.417510198313685299e+00,2.325493809136952361e+00,2.951259750329857656e+00,-1.543822637540859910e+00
-1.036317065483361866e+01,9.391462267801495845e-01,-2.685761907854848918e+00,1.442921373832032561e+00,2.627258805210850312e+00,2.848527631041982922e+00,-1.768494010580387021e+00
-1.026263089377330573e+01,4.262491549721669215e-01,-2.659300334392392440e+00,1.609823433374238055e+00,2.541873063817197576e+00,2.684524851793705036e+00,-1.729930780494334241e+00
-9.964105227261757847e+00,-1.341561547586140601e-01,-2.444565944558732884e+00,1.735718619470218549e+00,2.737615279765890808e+00,2.389292550713789876e+00,-1.525246559973574723e+00
-1.003824926744020374e+01,2.726756789431627470e-01,-2.452000850629356243e+00,1.674502191433671516e+00,2.928727146901222156e+00,2.584002590010874290e+00,-1.420068768776736379e+00
-1.017423720897406803e+01,5.510034488684465437e-01,-2.535862979603690448e+00,1.499576286223565535e+00,2.887204781322660008e+00,2.632126794577905216e+00,-1.545644174137392302e+00
-1.016794930101549355e+01,6.876387468222638910e-01,-2.529311471903527675e+00,1.145949411483711655e+00,2.947594787868768051e+00,2.600237756592068461e+00,-1.648350539506389545e+00
-1.034199725699959593e+01,9.020893853987337341e-01,-2.511258682748852333e+00,1.263632078786108170e+00,2.988110935162417103e+00,2.504667145081575175e+00,-1.530579653897458314e+00
-1.038665457694445493e+01,8.246139045397050671e-01,-2.563152412237507338e+00,1.238949273568864529e+00,2.564915804082721351e+00,2.738890230179521268e+00,-1.608320341598802550e+00
-1.024743632414920391e+01,5.777656052668830311e-01,-2.676865682184092154e+00,1.072388280127956506e+00,2.462163679545794626e+00,2.803215291245674035e+00,-1.859858894834168996e+00
-1.042312460702834542e+01,1.103881901891087036e+00,-2.803001228222919305e+00,9.853646331224402699e-01,2.996191723482051206e+00,2.787579938255917877e+00,-1.924333227805801405e+00
-1.037336646358153303e+01,9.844174977003944393e-01,-2.816042488101179853e+00,9.035872603324891505e-01,3.045384595046102039e+00,2.703769031585297800e+00,-1.801882698467599075e+00
-1.049154138755509891e+01,1.006293201194486286e+00,-2.626794404334855226e+00,8.531279015364877649e-01,2.855381736540553828e+00,2.629781001745302493e+00,-1.985438707848462103e+00
-1.044537876800410992e+01,6.235964833819456210e-01,-2.566135907333253918e+00,1.018701308514905035e+00,2.425420052071999510e+00,2.706991769982061591e+00,-1.883722521963425489e+00
-9.919680578707811947e+00,1.632297742329891777e-01,-2.842227240975377711e+00,1.200615231671671612e+00,2.604652764982732016e+00,2.674429587632834782e+00,-1.799811986270933417e+00
-1.012103292576777491e+01,7.178933534720206566e-01,-2.928468031922067727e+00,1.254861424747452103e+00,3.053005086033528492e+00,2.559442160524112442e+00,-1.780059157507906109e+00
-1.022587220071382141e+01,8.068696255212449708e-01,-2.866158117903138347e+00,1.169284251495055660e+00,2.895962937565556672e+00,2.483299598150904064e+00,-2.221685327359402606e+00
-1.027394768249157053e+01,1.092112766347050234e+00,-2.794834259766104445e+00,1.110846852458428513e+00,2.818915378320793419e+00,2.582591110846720550e+00,-1.947640535099964154e+00
-1.028865336031660327e+01,1.212233983181298491e+00,-2.826517990343473397e+00,1.054972098968369298e+00,2.717188723792245852e+00,2.716862747544662060e+00,-1.789373669949995804e+00
-1.038269189289649752e+01,9.971066894370553824e-01,-2.862171409890931884e+00,1.008674560397728737e+00,2.603464889636975421e+00,2.693536193814507929e+00,-1.741135787501678855e+00
-1.032406170102538745e+01,9.490072712272865640e-01,-2.875798891267910662e+00,1.082970714637842002e+00,2.886035704834371440e+00,2.653464727471166906e+00,-1.801199565068611452e+00
-1.030103081233156814e+01,1.032074870571507486e+00,-2.902947206020967563e+00,1.210827865291438155e+00,2.883339802518301020e+00,2.751510310560566719e+00,-1.760644373875119406e+00
-1.014317017474906280e+01,7.936013498343659212e-01,-2.844858559566459277e+00,1.433357932578619653e+00,2.578084114124547632e+00,2.843095684277002988e+00,-1.494170607055826716e+00
-9.983810157392856155e+00,1.255124321952264810e-01,-2.701728705723619228e+00,1.593420292752459888e+00,2.398222264395646341e+00,2.613459077135001696e+00,-1.582552335695502910e+00
-1.019950514482311021e+01,2.636104185862079285e-01,-2.910974206726233415e+00,1.573651675940882955e+00,2.318856863487848585e+00,2.818351859577917118e+00,-1.731719475766348326e+00
-9.095338624254251769e+00,-2.393741948538177233e-01,-2.409837749161575893e+00,2.967586395999779025e+00,2.036334137822298107e+00,3.587650475034256825e+00,1.370397925149599905e+00
-1.079064157071624308e+01,1.519011003878430577e+00,-2.189614081871805062e+00,2.190680824731229492e+00,2.478545376978313453e+00,2.605505962708055012e+00,-1.165889676791292295e+00
-1.118480879762364388e+01,2.524853740410733849e+00,-2.253213389515625220e+00,1.703297726491895592e+00,2.325856232935691548e+00,2.819373653411135994e+00,-1.315433626574114889e+00
-1.104294145204370459e+01,1.970824320177795519e+00,-2.112089621243378179e+00,1.873650185779680344e+00,2.310593335055018738e+00,2.602441315134759847e+00,-1.187291548876095781e+00
-1.108669979404033867e+01,1.941247132241683770e+00,-2.171837717733164475e+00,1.886069675028006598e+00,2.374553997114157156e+00,2.604436383928149912e+00,-1.036250151065962966e+00
-1.121619645181518798e+01,2.252035175027787162e+00,-2.208172770855682199e+00,1.959081540493230245e+00,2.451793163160481903e+00,2.722300060425073998e+00,-1.182825522569345145e+00
-1.091710170602255126e+01,1.915787218788979729e+00,-2.115178552670231582e+00,1.811135345715366274e+00,2.463694061692066839e+00,2.465069571677260818e+00,-1.458977623746831265e+00
-1.050173137749142604e+01,1.868700715394480572e+00,-2.192375212352623670e+00,2.565104687761452951e+00,3.902387725666704110e+00,1.478443491026959711e+00,-1.690478723717396825e+00
-1.063967874587865126e+01,1.752365950081908430e+00,-2.248101684773028186e+00,2.956761872328481200e+00,3.933491363246688799e+00,1.944577435575670421e+00,-9.847243415797563015e-01
1.229638541476064884e+00,-4.425639446321446790e+00,-3.522547829328625646e+00,2.254054551712142418e-01,-3.564351607235449304e+00,1.904950951268205239e+00,1.549793043507697199e+00
-9.075220342984095800e-02,-2.681356371554846962e+00,-4.631804057445020995e+00,1.675812370027790835e-02,-2.769759279468421820e+00,2.079666491016202379e+00,8.502124724663731037e-01
-1.186638802178975105e+00,-3.913394070054982965e+00,-4.808599740944691447e+00,5.566631282933284242e-01,-1.578333617073983230e+00,1.815890006481084118e+00,6.426633928037441823e-01
1.409746383515704693e+00,-4.924016688692820942e+00,-3.744112673845485517e+00,-5.811665685447455765e-01,-2.459142888114055125e+00,2.548154327647769168e+00,1.111468761836268415e+00
-5.371980145905706772e-02,-3.670794798954514881e+00,-3.468280164697008061e+00,-1.067500291669787327e-01,-2.147211396173233755e+00,2.697717643281827726e+00,1.789473020460182751e+00
8.971100491200124927e-02,-3.072585918093933888e+00,-4.102097147937871391e+00,2.835993916465726072e-01,-3.194932152935493708e+00,2.699299692783310167e+00,1.593144279928823570e+00
1.690828162878135643e+00,-4.073591970430201492e+00,-4.138135927967113048e+00,1.561489835125419445e-01,-3.492580851629651928e+00,2.175322053689012325e+00,1.160673031353809836e+00
-1.879460104024134548e+00,-2.045113691083566998e+00,-4.907428376757529520e+00,7.248588785479194163e-01,-1.711807659391572312e+00,1.943451568453588019e+00,-4.639377900909975039e-01
2.396579864867443010e+00,-7.341798879698743896e+00,-3.561898933658285138e+00,-5.376303715774151115e-01,-1.823722851482947771e+00,1.474048752004154528e+00,1.515526709800698368e+00
2.575752894174101915e+00,-6.424076391440196154e+00,-2.768594627888223414e+00,-2.925895280294166789e-01,-2.870072838111880742e+00,1.794321095037778147e+00,1.715361655966495702e+00
-2.508833457969685821e+00,-3.202185283461286947e+00,-2.475989856270083944e+00,1.086507244472596945e+00,-1.288503598324220789e+00,2.235638068791609978e+00,-9.360226381506672189e-01
1.189718764795279160e+00,-4.625895341223452029e+00,-3.164432397621256943e+00,4.178289455877325365e-01,-2.988805974918702368e+00,2.129755443949866933e+00,1.173925341252341381e+00
1.933157116091205996e+00,-4.867591354703066031e+00,-3.630055569170958396e+00,1.185719565025711436e-01,-3.055425636310871162e+00,1.567514598678276139e+00,8.847875163193839043e-01
-1.731270903866554356e+00,-2.758664987332954954e+00,-4.755291587479407944e+00,3.960345634347211541e-01,-1.663722758928976031e+00,1.615272366528479608e+00,-2.665560244994434891e-01
2.043896390469690072e+00,-6.076381625052740709e+00,-3.332697269917732630e+00,-1.067784212620701112e+00,-1.598366379559420070e+00,2.134136974003838727e+00,1.431393684966585145e+00
1.471863473621795038e+00,-6.123802556669573960e+00,-2.682771210706622167e+00,-7.884873757362705071e-02,-1.951970166315275534e+00,1.833786726005449452e+00,1.994102800632776784e+00
-1.644621704431325604e+00,-4.357567961053921302e+00,-2.546900385161088298e+00,1.371873497838686617e+00,-1.699658518015874087e+00,2.182148166740408346e+00,1.616854135887143107e+00
1.332844335198867913e+00,-5.392353403060974770e+00,-3.274229555927521407e+00,5.094400886219823121e-01,-3.176802605379901667e+00,1.695323610055466723e+00,1.093299615567951966e+00
2.195192603091973282e-01,-4.035051931484033183e+00,-4.338166820203529284e+00,5.467581076984553423e-01,-2.522678032080072796e+00,1.716841993120579390e+00,6.864469557530298305e-01
6.185852958334709939e-01,-4.699078178862306387e+00,-4.267597910589320698e+00,-1.197893365794642506e-01,-2.119855751424791102e+00,1.585617821254088566e+00,1.792069136603843926e+00
1.776749188046483630e+00,-6.636781865184652851e+00,-3.125902977690307338e+00,-6.493365732650917543e-01,-2.750501545972106499e+00,1.780322051721040522e+00,1.950447700574614140e+00
-1.670913014779084049e+00,-3.822617276668351494e+00,-2.987092576899708085e+00,2.405678967461451767e-01,-1.457241741944085289e+00,2.498504835120631817e+00,1.740891216404409914e+00
-1.000217983226319857e-01,-3.810343728432900701e+00,-3.441611243231530448e+00,1.093740830587537488e-01,-2.915890762097018030e+00,2.504865643842767664e+00,9.537810273698309471e-01
1.249056536425116049e+00,-5.520631377929076322e+00,-3.594940455213529784e+00,2.227642333976375399e-01,-3.184927892971164631e+00,1.673617357541107964e+00,7.077381023838363872e-01
-1.441577098362769815e+00,-2.911579834155781921e+00,-4.666420415999501969e+00,6.526238208244675709e-01,-1.982764497599961429e+00,1.920348009383040289e+00,9.100063938671659747e-01
2.247651351637852457e+00,-5.737097889468648404e+00,-3.525302120136215578e+00,-7.017453250912728535e-01,-1.672390093069646921e+00,2.053479454797849435e+00,1.951255877792105631e+00
2.401736622983545288e+00,-6.036347656003600903e+00,-2.892345440017157543e+00,-1.346757943100577171e-01,-2.750905162620345568e+00,2.101092794184757029e+00,1.931248605299514365e+00
-1.865428983810186070e+00,-4.056733097903001628e+00,-2.585559520457821225e+00,1.080736545203067056e+00,-2.221276479939552129e+00,2.169839161746930145e+00,-1.437112511101188428e-01
1.112031999603941834e+00,-5.104215716602218400e+00,-3.222924966017216786e+00,2.513256988562647121e-01,-3.355051472130065271e+00,2.134902648674296355e+00,1.343822190879803591e+00
8.925977568696289444e-01,-4.877996520994058116e+00,-3.753801869887582132e+00,5.172051284878733668e-01,-2.627429352249329497e+00,1.305145478977895346e+00,1.042656794372025297e+00
-1.690801414790965795e+00,-3.322290664256351000e+00,-4.758382713830618727e+00,5.409496066728457508e-01,-1.690413809724021998e+00,1.503458050171763372e+00,3.100868201255507217e-01
1.775492582667549613e+00,-4.730930749156275539e+00,-3.535268787742851249e+00,-1.183109367213707408e+00,-2.023095178835561114e+00,2.367247368430465126e+00,1.815291770112645864e+00
8.756879144629549083e-01,-4.357339337213360864e+00,-3.148403049342390680e+00,-5.787157088565896279e-01,-2.738664326642155533e+00,2.782203656059126562e+00,2.337241163056219317e+00
-1.436094350246873708e+00,-2.398081557611258852e+00,-3.212476479836426257e+00,7.535597865192965594e-01,-2.152967657541196900e+00,3.001108146651617847e+00,1.607331476588498065e+00
1.103494661653198206e+00,-4.934917016249266375e+00,-3.480117224365246731e+00,3.025888892087687521e-01,-3.405514244647785738e+00,2.231731138159398053e+00,1.358428467141781448e+00
-5.129842458154059148e-01,-3.243961503913069144e+00,-4.408151302282782069e+00,5.101506116236953492e-01,-2.059701935818085250e+00,1.632923165517698560e+00,1.331796632259496516e+00
-1.719771632278824514e-01,-1.927877903767283074e+00,-4.360389780370889312e+00,-6.061983762217572069e-01,-5.670376954083165000e-01,1.781814312874447692e+00,1.969250690847679008e+00
7.933662610342411270e-01,-2.004087177977385448e+00,-3.594483336223988079e+00,-1.331785227708997432e+00,-1.340832977088012967e+00,2.743415384120376110e+00,2.158694298393790678e+00
-2.121983315584400120e+00,-1.001370517056074938e+00,-3.265646217438738841e+00,1.310236856137454026e-02,-2.384579361240661000e-01,2.927660651878057241e+00,1.051971693839255373e+00
-1.776880863656192133e+00,-7.951416968516906714e-01,-3.798447233945395407e+00,2.832899341168125251e-01,-2.001950986819992728e+00,2.746504327663459311e+00,1.898937909385759903e+00
-3.845895718861642720e-01,-2.301434809597286080e+00,-3.956977099997533553e+00,-2.546701244643847367e-02,-2.114470216824239746e+00,1.977021561875757838e+00,1.421858093918987542e+00
-1.935265647045493198e+00,-7.285332827051832494e-02,-5.165499972709765686e+00,5.073700739260624815e-01,-1.010047633831441027e+00,2.290168208089761848e+00,2.030168182788965048e+00
6.259371619859551705e-01,-1.422572411468316478e+00,-4.350464195973208881e+00,-1.560974436455190073e+00,-9.278116928508572947e-01,2.817970877011636066e+00,1.644820680188314732e+00
4.561809352105723470e-01,-2.644612202934793821e+00,-3.618275670886509143e+00,-8.914999547552349135e-01,-1.451129132533355071e+00,2.384027499804599604e+00,1.996515394495049778e+00
-2.508031332557730142e+00,-1.601882246328985016e+00,-3.345757107349178305e+00,8.713632486705397140e-01,1.623211415356228482e+00,2.129912605485613675e+00,1.320230049522342242e+00
6.929009716482652514e-01,-2.233141043068659126e+00,-3.864242067353556020e+00,-8.777429240817723466e-01,-2.160830184420151900e-01,1.918036001056387718e+00,2.416856347063325305e+00
-1.137611916622952357e+00,-1.642744630231473879e+00,-4.511876141342059832e+00,2.731241030949518311e-01,-1.059193508108424719e+00,1.666941824266909844e+00,1.155815852996027182e+00
-7.853027986721626164e+00,-5.375277429620506364e-01,-4.953635408722262490e+00,2.765642629704563316e+00,1.437512146652777600e+00,1.688969602776767998e+00,1.115484677053764084e+00
-9.904851280468447428e+00,9.996542379030289860e-01,-5.061141097359395324e+00,1.862104243685045901e+00,2.235901575985837386e+00,1.064164116243469627e+00,-1.086922975520548285e+00
-9.684490025729690643e+00,9.947155023508962302e-01,-5.217745650527066736e+00,1.675730430047001507e+00,2.146348761843763775e+00,1.243835445609968504e+00,-1.217572710676642522e+00
-9.984391357345783646e+00,1.908306209647339546e+00,-5.239646912145033752e+00,1.492580668106462172e+00,2.587624311758634388e+00,1.174553062931865233e+00,-7.984129983047665302e-01
-1.003230486058154547e+01,1.960877129455667944e+00,-5.202181287221154804e+00,1.301085407119588977e+00,2.672847931773745689e+00,1.042104532235595737e+00,-8.398517281755571995e-01
-1.009512486247464302e+01,2.054902367526214579e+00,-5.295094338870840467e+00,1.501508847619088982e+00,2.703140432974373564e+00,1.150208870014866491e+00,-9.080993536731623017e-01
-9.864891288980201622e+00,1.347335788676741197e+00,-5.162367599298854692e+00,1.644427961480797951e+00,2.396987422605804330e+00,9.582380421030426421e-01,-1.065951975743159252e+00
-1.007177884923302535e+01,1.978204772895875818e+00,-5.090256098776327676e+00,1.575578607342132509e+00,2.488987875753498891e+00,1.090313335422220087e+00,-9.349046382992823867e-01
-3.667885467240608599e-01,-3.449169802246995875e+00,-3.212572949296473190e+00,3.547209013480057127e-01,-1.212929659493832135e+00,2.438580143594184513e+00,2.155085692596902636e+00
-1.634639794100978039e+00,-1.470270257694954452e+00,-3.431776671028631487e+00,1.460575427209941157e+00,-1.504898835769596266e+00,2.362678115365367759e+00,7.920554280374701994e-01
6.673791150323366006e-01,-3.425870882165435560e+00,-3.782547969313418079e+00,2.813682276307836183e-01,-2.072162908350196897e+00,1.946066858380964826e+00,1.199080200444518018e+00
-1.035347108136662087e+00,-2.052904889494553409e+00,-4.836794480845137301e+00,3.640348218206092556e-01,-1.541186534574430445e+00,1.949819297625212000e+00,1.356031624972310112e+00
-2.143608677009180230e+00,-9.464553044201610144e-01,-5.208466661908459194e+00,1.310088439311232755e-01,-1.088552527030847372e+00,2.033685200109903946e+00,1.106676024191090901e+00
8.879873828800964874e-01,-3.309385289733861590e+00,-3.664198663005922452e+00,-1.143698881389326072e+00,-1.873923079415770854e+00,2.730350847107350543e+00,1.601302108245298284e+00
-8.364290805516082505e-01,-2.348013029124324191e+00,-3.322812117813007671e+00,-2.854416424156146215e-02,-1.165475302415648784e+00,2.745015387685835861e+00,2.350428616851875763e+00
-1.960496760400084471e+00,-4.593253194375179760e-01,-3.709036981024021795e+00,1.051556825079183355e+00,-7.443888865880385897e-01,2.675400301448467300e+00,1.190827432051625667e+00
6.944232956746645979e-02,-2.250960427516989881e+00,-4.144607586035307101e+00,-2.510607860764660706e-02,-2.080902544533224319e+00,2.482278925078648779e+00,1.045090957574754897e+00
-1.470331861924758510e+00,-9.878939291955217694e-01,-5.037087576952246515e+00,4.025889501515567126e-01,-1.537936287023508930e+00,2.065741788326952211e+00,1.261774143057127429e+00
-2.013506982156370029e+00,-1.004716301334808159e+00,-5.119587851258345701e+00,2.886155323598882938e-01,-1.235555335147384692e+00,1.841846397597836749e+00,1.273254378919056684e+00
1.394323450158975186e+00,-4.712871602318733366e+00,-3.330972701646788270e+00,-7.113551032124877382e-01,-1.802530841157411690e+00,1.961709495525085112e+00,2.128393938780936523e+00
-1.555056522038163747e-01,-3.722969427538440623e+00,-3.049504946084836465e+00,3.849903555910244024e-01,-1.299170010300086719e+00,1.922215488347108758e+00,2.694085049187895820e+00
-3.132932970653014682e+00,-6.522188232248680162e-01,-3.503827134836502655e+00,1.198720635039993931e+00,-1.015433584088961894e+00,2.662176625477929104e+00,4.151077139370361602e-01
2.686336319167701436e-01,-2.612648509408372899e+00,-3.857966110314286823e+00,-3.717058032936835787e-01,-2.567577011209798865e+00,2.658153734860979167e+00,1.485582642963566125e+00
-2.523846466807521116e-01,-1.384935353240049682e+00,-4.480363485946234015e+00,-3.516992513620243593e-02,-1.698379732261803943e+00,2.102647989984388399e+00,1.345252719675665176e+00
-2.734080682206802226e+00,-7.385842768108586975e-01,-5.075344449526014046e+00,2.791162663478122807e-01,-9.395959850197586061e-01,1.832803005479101577e+00,5.331681798668601591e-01
1.317394241623117246e+00,-5.560536117492566710e+00,-3.728120382099812335e+00,-1.649337448433821240e+00,-2.070265256196713199e+00,2.042860597847556470e+00,1.616447952192520576e+00
4.879143326941722814e-01,-5.148189363338299351e+00,-3.256336201409602893e+00,-1.265605302446352498e+00,-2.359563913872873453e+00,2.299453483005933663e+00,2.465984484153807443e+00
-3.159482765097955781e+00,-2.840916314087654104e+00,-3.196418581252864488e+00,1.061421906974299834e+00,-4.428668550129684078e-01,2.239005819489796156e+00,-5.256626633011438621e-01
-1.323308527753870312e+00,-3.404435460525327528e+00,-3.465884691556429420e+00,7.881136499088982061e-01,-2.023585717860407751e+00,1.858911867234059878e+00,1.523232949250925339e+00
2.326105259433018310e-02,-3.455380453611534008e+00,-4.046573497306786393e+00,-5.891155134290657069e-02,-2.608451173968153292e+00,2.230210143332846950e+00,1.036023699409593490e+00
-1.578859673457855717e+00,-2.978774965280847731e+00,-4.891989517583046343e+00,8.423658620228684502e-01,-2.257314106108980312e+00,1.704536018393088881e+00,1.003033186238377450e+00
-8.970006425116473503e-01,-3.535489977697995112e+00,-4.843751726092128784e+00,4.921106552399888145e-01,-1.522003600600347450e+00,1.404410339982733680e+00,1.515791991439518149e+00
1.026616689486155920e+00,-5.214581349132762611e+00,-3.682073864791212348e+00,-3.515561468514435961e-01,-1.976759712004834579e+00,1.546798384564299633e+00,1.992532074216249116e+00
-8.104433419993453125e-01,-3.638848118875090076e+00,-3.290476198451627976e+00,3.088481779431019592e-02,-1.652232695452174438e+00,2.287240515279223452e+00,1.835055330616360836e+00
-1.891231342441337393e+00,-4.156071602952422062e+00,-3.381819889138960811e+00,1.161275611875522529e+00,-2.194235099196606420e-01,1.304728914194545286e+00,3.500532700384531570e-01
4.631130715687776789e-01,-5.083348310198974040e+00,-3.627011947332722919e+00,-5.358883699542461576e-01,-7.913231187961178303e-01,1.145183675648915989e+00,2.207078427814334720e+00
-2.284286879120996094e-01,-4.096036885157610996e+00,-3.982570098373999556e+00,2.794874778485766376e-01,-2.251695897969358651e+00,1.277950446025651887e+00,1.065514637243263119e+00
-2.351768584545366636e+00,-3.582772405216103184e+00,-4.755272458726324203e+00,8.897674460003089925e-01,-1.961895794844990659e+00,1.117446389775347937e+00,6.650090791942440960e-02
1.033208183658386403e+00,-5.904973255196121151e+00,-3.807055153872210607e+00,-5.570322587957255989e-01,-2.699930213967181469e+00,1.752284252720736291e+00,1.338730327689664934e+00
5.437367579436968024e-01,-5.281773254149381813e+00,-3.318379348227886272e+00,-4.559652299607148129e-01,-2.712553502550115958e+00,1.942230726548488828e+00,1.331216859289336307e+00
-2.775217294343411911e+00,-4.488857216534142935e+00,-3.090023700628364178e+00,1.796701266400863028e+00,-1.796270190828752833e+00,1.756172657016957794e+00,-2.203167296864471936e-01
-2.475605919876951166e-01,-5.023356063692111739e+00,-3.437267485922569588e+00,1.425324043029633780e-01,-3.053457256608302028e+00,1.898080950486143781e+00,6.961507642660027528e-01
1.445639994437781205e-02,-5.001384956551990335e+00,-3.878489572553951881e+00,2.211996479854663467e-01,-3.010824421630737380e+00,1.728026761666809241e+00,9.941073680267609181e-01
-2.045970921804475040e+00,-4.622627821585722607e+00,-4.655462016473577158e+00,1.197975216497060957e+00,-2.182395548459769685e+00,1.019337309396704860e+00,1.179615703109885977e-01
8.886652602992083372e-01,-6.498682770670745512e+00,-3.792739627286957571e+00,-5.005524674479787661e-01,-2.416751070979642257e+00,1.721849990408922393e+00,1.624324513847203777e+00
7.714078874449998846e-01,-5.884692671484889281e+00,-3.285818932599261721e+00,-5.410687682016650513e-01,-2.786208794699280400e+00,2.081265854738084009e+00,1.732174484003938142e+00
-2.251947344078853774e+00,-4.643090642732495610e+00,-2.900446813666854418e+00,1.422495306633466461e+00,-1.736223537879836076e+00,1.758823221263316361e+00,-2.109893789162167188e-01
3.829656888595526776e-01,-5.751488023524052196e+00,-3.156910081913114396e+00,8.739828265873699209e-01,-3.134351270385987487e+00,1.698258896519333039e+00,1.401746623272312142e+00
9.110002669857254487e-01,-6.136990156257625451e+00,-3.456503586865034006e+00,8.453614370044892912e-01,-2.999908971725556484e+00,1.061897257202795153e+00,8.586721116908404561e-01
-6.752765638286223338e-01,-4.294386587867554006e+00,-4.789925066800175379e+00,6.898613199830562204e-01,-2.524310446527514351e+00,1.330189426450768098e+00,1.770470769292609603e+00
6.930034839673687719e-01,-5.034975612355746755e+00,-3.959866070057717735e+00,9.935402714341937114e-02,-2.743289047972829131e+00,1.706704764719481071e+00,1.935958158132168316e+00
-7.734358809153236702e-01,-3.713947319371463163e+00,-3.842523509690617622e+00,1.258185476214415677e-01,-1.944205598088151188e+00,8.244903636510730882e-01,1.946953898840961150e+00
-1.935576367570570833e+00,-1.854024439547971248e+00,-4.726559208920831701e+00,-1.524116120988658063e-01,-1.897009458489616440e+00,9.215565367960620868e-01,1.689854352497791368e+00
-2.113484273900238186e+00,-1.214698860876220365e+00,-4.946767905199370041e+00,1.008849947533394964e+00,-1.336296381752418716e+00,6.203019063364428876e-01,1.473236434419002761e+00
-1.945849204693068879e+00,-3.204599524319116099e+00,-4.377515603559778867e+00,1.414315187041826460e+00,-1.640763694537091588e+00,1.332753137334014459e+00,3.214924182815152687e+00
-7.959885946839350801e+00,-2.628599188227302985e-01,-3.252883308933868456e+00,3.104297275502687636e+00,1.246645228609795319e+00,2.200685383945414575e+00,2.457346854487876708e+00
-1.058251161828632370e+01,1.981468272283401166e+00,-4.063317461712650847e+00,1.073838808231268205e+00,3.820766240157492888e+00,2.160619851631001342e+00,4.120872952686907009e-01
-1.064280686916081287e+01,2.231988629712869265e+00,-4.007290392894090836e+00,9.850784701397271581e-01,4.020848811797770317e+00,2.048847632490487403e+00,2.559663186514734567e-01
-1.052294874862579377e+01,2.015228326274237869e+00,-3.640464748291776687e+00,1.892744277208964654e+00,2.315195453547712834e+00,1.740781133533078950e+00,-7.334171306671113388e-01
-1.058569589179733583e+01,1.770055423631921032e+00,-3.647948969543384212e+00,1.906576815693017402e+00,2.167756967718467820e+00,1.791327629585634629e+00,-7.427309100407211151e-01
-1.077350272337070791e+01,2.029941782810350315e+00,-3.552868498437448785e+00,1.825217668562118423e+00,2.377576478455137199e+00,1.708103311850016626e+00,-7.387143862153950913e-01
-1.093007470536232439e+01,2.252106984594709260e+00,-3.535597464607529439e+00,1.825137144193834882e+00,2.337281828240035608e+00,1.757063512711529496e+00,-6.248356894940158002e-01
-9.750986435942794017e+00,-9.504163149284761136e-02,-3.165196792748062649e+00,3.854683545819484358e+00,2.727930275929223658e+00,2.190996760002780874e+00,2.563112134015436805e+00
6.822214916972089149e+00,-8.483211492725740710e-01,-3.562429336172231231e+00,-4.201428235028515701e+00,-2.220006760121351785e+00,4.290293605139465782e+00,5.517367258565224475e+00
6.514111340542720896e+00,-3.083129403595090134e-01,-3.872389065531677055e+00,-4.181057135798805113e+00,-2.256275333325906463e+00,3.904006599810661449e+00,7.477855951552697000e+00
4.034468475371599361e+00,-1.334704893155006067e+00,-4.503978007938978401e+00,-1.769910240353477215e+00,-3.017718440555154480e+00,2.380562520660748138e+00,7.125593701942720237e+00
7.259637462684386477e+00,-9.047925434609487283e-01,-3.972353867410788109e+00,-4.156844621190527889e+00,-2.848891330422408608e+00,4.069949855497521085e+00,5.282767610990944718e+00
6.707447024648520717e+00,-1.908090353193188538e+00,-3.832326166506705878e+00,-4.215937626730663190e+00,-3.108159409665425255e+00,4.024218265173071352e+00,7.659918923761197540e+00
4.199387115720113250e+00,-9.755441477221697966e-01,-4.689881003664275738e+00,-2.165949285073538455e+00,-3.257915771029862295e+00,2.688274662307895468e+00,7.859072237351723444e+00
6.902977118327743078e+00,-1.401529276917393263e+00,-3.389011749067272206e+00,-4.172707572167481338e+00,-1.159417241015302524e+00,3.134891352356093286e+00,5.676857607306479814e+00
6.404964616553464829e+00,-3.204615661742499455e+00,-3.320042274320777587e+00,-4.024049862698395152e+00,-1.985006217548609619e+00,2.772830387003087260e+00,8.420699839814089316e+00
3.690796526318874449e+00,-3.757231555106826715e+00,-3.914610320613367112e+00,-2.200439738716831073e+00,-2.190885222565857049e+00,1.283674188966721363e+00,6.768589379540080664e+00
5.182401307677409363e+00,-2.091041094278779600e+00,-3.427886043245144343e+00,-3.672548559381160427e+00,-1.003516143309317377e+00,2.236686159866267953e+00,5.568636800180631674e+00
5.465987544713925672e+00,-3.423946783979400443e+00,-3.679562186736209384e+00,-3.019577124667224943e+00,-2.716242217991785335e+00,2.415456950293186633e+00,8.680924684546456049e+00
4.257999980405243079e+00,-4.719486058324711131e+00,-3.491400532851468341e+00,-1.913347096507431955e+00,-2.528352768173176113e+00,5.797960027618536127e-01,4.171801615995156531e+00
5.139774452238338398e+00,-3.938135346547194438e+00,-3.970861725421173105e+00,-2.402516317012122649e+00,-3.462188199983243564e+00,2.060866666895811328e+00,8.575819331005012813e+00
6.164136232490782241e+00,-4.443721186645399612e+00,-3.516037951278271123e+00,-3.228587807962747469e+00,-3.696495959040313917e+00,2.394324036091318497e+00,8.474475777343929650e+00
5.725398878970269223e+00,-4.785359659679452093e+00,-3.114977950637019433e+00,-2.803216285589456902e+00,-2.093177280020840136e+00,1.098185643204912854e+00,5.110736944484942867e+00
3.721897904971020576e+00,-5.446697219508641830e+00,-4.373023263300971131e+00,-9.657360165953163822e-01,-4.883565646390341186e+00,1.083996499847367678e+00,7.567703900613236279e+00
5.088924427618307433e+00,-4.980567141657756380e+00,-2.999310820615401774e+00,-3.476504577803201546e+00,-1.992806891503489330e+00,1.944906859471630112e+00,5.272328151678634001e+00
5.714059830328841016e+00,-6.689139656957937774e+00,-3.045968839933936856e+00,-3.061030005394806519e+00,-2.857558439867857736e+00,1.457647509238229500e+00,7.978515669728301951e+00
3.474579918700080317e+00,-5.663050320371874946e+00,-3.961404036657056871e+00,-1.593471366611678208e+00,-2.981988091756351711e+00,6.340294469179021952e-01,6.955268636827158346e+00
5.385979068156328431e+00,-2.875078483663076057e+00,-3.614697740391452196e+00,-3.554436275805884726e+00,-1.907381539122775083e+00,2.243392799759857059e+00,5.801919835820041449e+00
5.819856015260641335e+00,-4.407252314416918892e+00,-3.811349266566733007e+00,-3.177524717596784232e+00,-3.459254388855537599e+00,2.621127142512583941e+00,7.502255082296263922e+00
4.609098837504189916e+00,-5.469452481269842181e+00,-3.352059504247682842e+00,-2.252624216306715166e+00,-2.439039814769935255e+00,2.600519493824809958e-01,3.795407210574255341e+00
4.708044632611741775e+00,-4.247640857205461806e+00,-3.816198809953635251e+00,-3.084407615359012311e+00,-3.313092653958081168e+00,2.459875835783862374e+00,7.610661827405982294e+00
6.343561482281247166e+00,-3.792420675063098212e+00,-3.804190989798587719e+00,-3.692039716275315797e+00,-3.452397455369065948e+00,3.297981552961121388e+00,8.368500460183348366e+00
6.642292250057727721e+00,-4.496464131211545201e+00,-3.251313172284608921e+00,-3.293434701181951585e+00,-2.164245946816312660e+00,1.686444381103490375e+00,4.670160049974797722e+00
4.632691810433662738e+00,-4.219681060799884698e+00,-4.577902955736683488e+00,-1.538904654653326487e+00,-4.840325048185569301e+00,1.957947471727331745e+00,7.036641972537105438e+00
5.958033524076046028e+00,-3.492085843025610092e+00,-3.838450851429299426e+00,-3.627956594010350866e+00,-2.574590875598555151e+00,2.795056357517609502e+00,6.461043174401898348e+00
6.538592867395752073e+00,-4.830626713923543036e+00,-3.276024746012232480e+00,-3.779811760058557457e+00,-2.793080297955045310e+00,2.162337374113552535e+00,7.574545104601090095e+00
4.263715270095468135e+00,-4.896279812683236976e+00,-4.517085614438917318e+00,-1.584076291516007595e+00,-2.339957484038685198e+00,9.707318725050065877e-01,7.124631461909640251e+00
6.235004268426261653e+00,-2.946005363545136202e+00,-4.139416694369390193e+00,-3.840136672055666001e+00,-2.070906268942465545e+00,3.426887774936026254e+00,5.559879358848457187e+00
6.307243543274558384e+00,-2.844319631782256330e+00,-4.281814028196778033e+00,-4.111764560289166148e+00,-4.370165233932422844e+00,4.246479577766563374e+00,7.423433804109492939e+00
4.227608107591754205e+00,-3.832229808188632791e+00,-3.945920842515046267e+00,-2.169506976269625742e+00,-2.777279300712296894e+00,1.286856280861262247e+00,4.067086487386747606e+00
4.315966880261687955e+00,-1.966773344993324013e+00,-4.632432486790253989e+00,-2.829902561044761011e+00,-3.579150486504258932e+00,2.599868892728792069e+00,6.529972010068965993e+00
5.248366156216943246e+00,-3.466353609721609885e+00,-4.320791714674237838e+00,-2.799304154965581048e+00,-3.745375464390994225e+00,2.845695691538477234e+00,7.433107639972229563e+00
6.359537477579780607e+00,-4.891122073076450860e+00,-3.759756158779700375e+00,-2.093491560757689385e+00,-3.702861576345857220e+00,9.921511415090509267e-01,4.728817230635068647e+00
4.539535081726909560e+00,-2.867418833803203171e+00,-4.576505038889891352e+00,-1.929026313699283568e+00,-3.601993660731062974e+00,2.344116950002119726e+00,7.693067519883319605e+00
5.959017849902502384e+00,-3.545887386947214726e+00,-4.209713190789912574e+00,-3.318910893695578679e+00,-4.341656141703658101e+00,3.164428968099392225e+00,7.651549715636658533e+00
5.959879301496447290e+00,-2.881243959864130399e+00,-3.951000537488788655e+00,-3.009847641164677068e+00,-2.830573174220886390e+00,1.969741890331780931e+00,5.006776746808445644e+00
4.456332165884202112e+00,-1.888795907247833306e+00,-5.006015575373496063e+00,-2.140807629941625656e+00,-3.875152199874850378e+00,2.775591610902681694e+00,7.563647572927935769e+00
5.710408056372682672e+00,-1.386001485805867572e+00,-4.329232881808011690e+00,-3.624346290980903440e+00,-2.732143598220803327e+00,3.332832951230497276e+00,7.123223940681143063e+00
6.512387158588452962e+00,-2.897013268305870248e+00,-3.500630545711669761e+00,-2.971485940533011405e+00,-2.485712534779662253e+00,1.902402157578618302e+00,5.695100850937755865e+00
3.817231447799690702e+00,-2.224826571410092324e+00,-4.710944998437644138e+00,-8.783546965584801969e-01,-3.589513821687553730e+00,1.299051163313408974e+00,7.414070985487276388e+00
5.711614721760456703e+00,-7.183296091008616047e-03,-4.654509686509240574e+00,-2.934170920621230749e+00,-2.647923473594839372e+00,4.280125208922688884e+00,6.553323690295495219e+00
7.552857041153239415e+00,-8.828814427624430694e-01,-4.075821025864879488e+00,-3.115026801262638312e+00,-3.221720714639607408e+00,3.785388029054577164e+00,5.737536783784079830e+00
5.156488867317061242e+00,-2.465587672910916073e+00,-4.382749170401072369e+00,-1.518333592453033676e+00,-3.880381164027808527e+00,1.916390747005001449e+00,8.163587293443370640e+00
4.052076888337253102e+00,-1.470616212488855545e+00,-4.032501667021727521e+00,-2.228488304379290685e+00,-2.452374068438219368e+00,2.815051884411604366e+00,3.900235514689836425e+00
3.198501950924087289e+00,-2.192785613619750773e+00,-4.386739931036712115e+00,-2.790780110217948806e+00,-8.425139159093466557e-01,3.231698829878973278e+00,3.356726662170146813e+00
2.294953795813392261e-01,-1.797112287970678679e+00,-5.059071629797036174e+00,6.912824346467972836e-01,-1.795292898556293038e+00,1.860932379129043746e+00,5.100537563435444399e-01
6.095993979117068085e-01,-3.319162857008390421e+00,-5.047752597130227947e+00,1.485341091972554040e-01,-2.889784117586009948e+00,1.384293050436030015e+00,1.379089693321263077e+00
1.283411373422018054e+00,-4.392874124843089589e+00,-5.289209535538352824e+00,3.490535957876155226e-01,-3.046097430862134914e+00,8.955781767808747018e-01,1.154288867186020751e+00
5.564426863204299245e-01,-4.779969113907561962e+00,-4.616186287332078031e+00,1.010079898480947591e+00,-2.855495476910864472e+00,1.303044143574869640e+00,1.267328288729643315e+00
1.094343772587029973e+00,-3.244579450336089188e+00,-4.914371662637396554e+00,4.135779655202908578e-01,-3.497939992617465244e+00,1.904643390966993977e+00,1.334090754116972644e+00
1.546221366462550151e+00,-3.376499784585853536e+00,-5.492162252793113986e+00,2.554867951573686624e-01,-3.429526517544446040e+00,1.565891881051971080e+00,2.083417256074481028e+00
5.754134656524647617e-01,-4.240236010044212023e+00,-4.899167447378546925e+00,5.834220359717612325e-01,-3.141436159298594433e+00,1.926629082843971164e+00,1.366309541883117928e+00
7.153594802233536054e-01,-3.922134835914123041e+00,-4.735251184002319924e+00,2.202218354120148436e-01,-3.405605513931472483e+00,1.645512716732685288e+00,8.641601391324633674e-01
1.721682548702081261e+00,-5.191771707818439552e+00,-5.184309586116323310e+00,8.641697376557757604e-01,-3.565300054812780672e+00,7.316438832429159600e-01,1.721588378923078366e+00
7.359623110354143183e-01,-4.475547568891327543e+00,-4.715109512327603447e+00,5.539057405502604281e-01,-2.770339095090105896e+00,1.485213007527393270e+00,1.313910141226575901e+00
1.737867434057343896e+00,-5.562779193388062815e+00,-4.514658494126141619e+00,3.089478793780462418e-01,-2.665717575654241056e+00,1.075819662669901922e+00,1.785999427234164161e+00
1.920753088533205144e+00,-4.596750151832624809e+00,-5.471999851028394701e+00,1.731556841049788076e-01,-3.262745908674387074e+00,1.286114417366786888e+00,2.470726989239895754e+00
4.519939078785149555e-01,-4.633882864744353292e+00,-5.153007528145471028e+00,1.246959420250687289e+00,-3.181862685795026291e+00,1.751433781140096846e+00,1.169720910067485908e+00
1.647789037842604554e+00,-5.824144380827751100e+00,-4.890601683983598846e+00,3.492372060329106409e-01,-3.183595114049847741e+00,1.100020222865510044e+00,1.364969253945753636e+00
1.416013022647295783e+00,-4.520978169699152005e+00,-5.343972559843386705e+00,-9.079791195227912559e-02,-3.027092250783051330e+00,1.464690042161599148e+00,1.935809490664527344e+00
9.538924438835776343e-01,-4.753014530817827321e+00,-4.914690971248615092e+00,1.124683126355877194e+00,-3.255702101031578533e+00,1.648286974217077150e+00,1.122608917178039789e+00
2.071753677893738654e+00,-2.876206928002441821e+00,-4.773897789299516248e+00,2.656130189657235907e-01,-2.655406537032639402e+00,1.466711671078068324e+00,2.151660435280866146e+00
1.779060481222907164e+00,-2.423542031227129190e+00,-5.272768978876044343e+00,-5.290497232581341247e-02,-2.053758057479333488e+00,1.436014881265906595e+00,1.944057865235660376e+00
7.684037938363706965e-01,-3.590956787470682254e+00,-4.526169589016948436e+00,7.358562352886943714e-01,-2.516118484908281605e+00,1.574483861658856787e+00,5.191198395105350860e-01
-2.286047906764931970e+00,-3.034011926392059966e+00,-4.073259681178901026e+00,1.207278048514001778e+00,-2.090709118435175373e+00,2.069188447952208243e+00,9.508819722252896955e-01
-5.517908101012272581e+00,-3.035544835373485295e+00,-3.937999521423940053e+00,2.130890887835934500e+00,-5.601091206072841278e-01,1.805917190676629813e+00,9.255508848330478155e-01
-1.027217095938878799e+01,1.646791830985193883e+00,-3.260536571714925280e+00,2.172339621792538367e+00,1.660455659346561585e+00,1.946836409047643102e+00,-9.066849802700581717e-01
-1.046235601445266816e+01,2.347780697266888428e+00,-3.446515586486599503e+00,2.057089099116482966e+00,1.828477426918965199e+00,2.134043653546231489e+00,-7.392411215329455221e-01
-1.048184496214665451e+01,2.137721625730486519e+00,-3.445337091975513744e+00,2.121068334396935651e+00,2.120276715160610337e+00,1.942368267700409712e+00,-8.143833823121393589e-01
-1.051640701086634522e+01,2.031373818337401715e+00,-3.442438971875877662e+00,2.102963645046301178e+00,2.108781221578121645e+00,1.893471226764358528e+00,-8.704093095059267648e-01
-1.053595671286967672e+01,1.856855395776106699e+00,-3.392171123726289927e+00,1.968924976911267333e+00,1.751504006970899807e+00,1.850087947196786375e+00,-8.183497101653577355e-01
-1.034476413055286237e+01,1.806974175440646313e+00,-3.520245902866397714e+00,1.984971479921573190e+00,1.869219327150598575e+00,1.780559073601924114e+00,-6.215689808829074625e-01
-1.048679126891873459e+01,2.188032883615862012e+00,-3.602441512670234047e+00,1.907869153767369985e+00,2.224604683272081385e+00,1.816088257000536332e+00,-4.783396857605267671e-01
-1.019041936087086242e+01,1.508051942530592937e+00,-3.500792520142806286e+00,2.157159493050824217e+00,2.024597374420522122e+00,1.625529869778982617e+00,-5.709301049488944013e-01
-1.039086030844622321e+01,1.385057660369435562e+00,-3.367020857682237800e+00,2.365066026529590193e+00,1.678520389604950092e+00,1.709094632582410123e+00,-7.600841557099061729e-01
3.360051363994376761e+00,-3.287831707954029792e+00,-4.475705747380844812e+00,-1.214764863845876786e+00,-3.466825449561240724e+00,1.753579694559781021e+00,6.837598949129488624e+00
4.910897701274643090e+00,-2.238429780405472247e+00,-4.101123483307796747e+00,-2.827182255337249650e+00,-2.691491204692318728e+00,2.834602527266326888e+00,7.123274346067096197e+00
5.374651265630706831e+00,-4.231961829424455424e+00,-3.904944233748640414e+00,-2.593909019167732755e+00,-3.028172786723339449e+00,2.070222905557704163e+00,8.254360355595924403e+00
3.162961867230476454e+00,-5.384727210327115543e+00,-3.899135111352421745e+00,-8.220670736725036454e-01,-3.503116290414133971e+00,5.557512084090959759e-01,6.684537722742476262e+00
3.796713048894187370e+00,-3.437299770333925863e+00,-3.996106137348882203e+00,-2.507833134653791873e+00,-2.792668997625556315e+00,2.573195888324169456e+00,6.987781885005140303e+00
4.602517071910130930e+00,-3.627049584670611004e+00,-3.892148582562612535e+00,-3.839870075644769898e+00,-2.689770353912559919e+00,3.201168586928301973e+00,7.813723176802439774e+00
4.721104902706352746e+00,-5.469135998710107138e+00,-3.986444928326837278e+00,-3.046146459325605793e+00,-1.205746828438631457e+00,9.435606445531853348e-01,8.120268571942586888e+00
3.743110226037737132e+00,-3.729728900630789212e+00,-4.827124933287775477e+00,-1.470217834031070314e+00,-2.607402855884212833e+00,1.087505825929043546e+00,7.065465111618141059e+00
6.126875277321977897e+00,-3.578455904892382730e-03,-4.027741172812268289e+00,-3.510574314481832658e+00,-1.862244244067798649e+00,3.565610250311176621e+00,5.420307877652317252e+00
5.513022674379564947e+00,-8.492922798488635738e-01,-4.479427771108802858e+00,-3.482210931720209679e+00,-3.094950470649729724e+00,4.044240922731002108e+00,8.247096381405455645e+00
4.020973179247762097e+00,-5.082696876655206530e+00,-3.526498588363593978e+00,-1.713767228395057129e+00,-2.713129504025229011e+00,3.087082749952085314e-01,3.746439928888216642e+00
3.782587994632701012e+00,-3.493514103280673577e+00,-4.553466343196003407e+00,-1.777933012650195543e+00,-3.791162860624525788e+00,2.074918657632814689e+00,7.574319901427715607e+00
4.666765598181949137e+00,-2.808634978191799192e+00,-3.842702060926159735e+00,-2.934766352122471833e+00,-2.300327221394496746e+00,2.699189727134918559e+00,7.514460137942759133e+00
5.229005439659266230e+00,-3.531114514030039508e+00,-3.641631568593405088e+00,-3.073727083297911999e+00,-2.332231035529326757e+00,1.818387568045916947e+00,7.065970866670562955e+00
3.092194871780759247e+00,-4.600290229926366159e+00,-4.032038904945151714e+00,-1.055603143606705707e+00,-4.206212474216009412e+00,1.242319685073594471e+00,6.437509684405030796e+00
5.698076240665107761e+00,-3.945928793982990346e+00,-2.915064416212714615e+00,-3.215388825421927166e+00,-2.227713134005095519e+00,2.595016535059010643e+00,5.095944722886692091e+00
6.085642704778083889e+00,-4.138694089719536784e+00,-3.677916958978096229e+00,-3.557852518958206645e+00,-3.233875722252798735e+00,2.696520839017169546e+00,8.460770384814578549e+00
3.852593913812666582e+00,-4.718364029375566204e+00,-3.991452146024250691e+00,-1.812138726991636917e+00,-3.161409604744640944e+00,1.163380682980873049e+00,5.412824264046582456e+00
5.880291267417643297e+00,-3.642869658199161087e+00,-3.957902176303338404e+00,-3.393458187203318932e+00,-2.278088888289398373e+00,2.667023903703377830e+00,8.035038759647706641e+00
6.078096849227526910e+00,-3.471020706313217463e+00,-3.817236547863398943e+00,-3.683381598779714050e+00,-2.862487081847942427e+00,3.208005430510591616e+00,8.041093305806898073e+00
5.878769673935670959e+00,-4.632352558469651882e+00,-3.513440175254663345e+00,-2.701240424965856590e+00,-1.543661606981191037e+00,9.882076135041769627e-01,5.117752751372881548e+00
5.997894435457902240e+00,-1.325976342944106046e+00,-4.292913527413410257e+00,-2.959856086883140946e+00,-3.047777050980621905e+00,3.422012872987386434e+00,6.308329307136631314e+00
4.518709124617250161e+00,-1.412838204141588783e-01,-4.360127139134657881e+00,-3.352490866660982505e+00,-2.031794433687274193e+00,4.273891435474455491e+00,4.082918115263250769e+00
2.999171818713483706e+00,-2.230501987989377710e+00,-5.013293662598591105e+00,-2.612098128006198547e-02,-2.743526649829977959e+00,2.762622265360555662e+00,7.951381154611393276e-01
1.481262475278059432e+00,-2.863627984856766950e+00,-4.620563615782352862e+00,9.501765283229030024e-01,-2.232374339939842134e+00,1.496065486716244175e+00,6.938792882579333243e-01
7.512184624339384165e-01,-4.631154175039951859e+00,-4.596524934722042488e+00,1.221657840422680330e+00,-2.311948921135341450e+00,1.161011327515045100e+00,9.590637528671148715e-01
1.327360401173222515e+00,-5.471876234564053476e+00,-5.033360310661737280e+00,9.522948895230086697e-01,-3.217907902024870204e+00,-4.836393787288036095e-02,1.889353367578890497e+00
4.114397406267231161e-01,-4.855810759772674068e+00,-4.552942156502892246e+00,6.073360107584928613e-01,-3.049019715484031501e+00,1.321641560159667828e+00,1.267009781134426527e+00
6.584447947490710273e-01,-5.102527663460655560e+00,-4.353082239092028516e+00,4.167869565635208828e-01,-2.455091818752269450e+00,1.536598187717978181e+00,1.358242152128656288e+00
1.333217259121403542e+00,-5.176988409899006882e+00,-4.993799363977173833e+00,4.480988460851164090e-01,-3.011669241090137561e+00,6.143146794234249919e-01,2.044925138009977328e+00
6.112401663325011114e-01,-4.119658017057742150e+00,-4.585384419530880606e+00,6.355243394936219703e-01,-3.051448297257626230e+00,1.513002995597532818e+00,1.249893151946017911e+00
8.831967319620115386e-01,-4.025235088710541476e+00,-4.615982093697819977e+00,-1.585398944009891453e-02,-3.080134359977679370e+00,1.989673044606432573e+00,1.044136273886556721e+00
1.803866154547191902e+00,-5.079873641985638955e+00,-5.121717954231609582e+00,4.531303409951932815e-01,-3.897864729468844214e+00,5.883104118560307239e-01,2.248407807740433473e+00
6.919221121524685714e-01,-5.224177681480816737e+00,-4.313845309951988227e+00,1.089350304696076410e+00,-2.734765534522881403e+00,6.796033388506517170e-01,1.754042509246252379e+00
1.404044208709671615e+00,-5.556127307676267613e+00,-4.088091586369989372e+00,1.655269638054672476e-01,-2.135010664802695857e+00,1.096788220693196481e+00,1.926587673795886468e+00
2.608466631520791168e+00,-5.584354085686781488e+00,-4.732190355158336637e+00,-1.962296621305387179e-01,-2.628498108494228269e+00,9.207311165143126086e-01,2.437165694865723875e+00
1.537721771505597523e+00,-3.943019701743068595e+00,-4.598969062439476119e+00,7.024227053162258594e-01,-3.117999284705042840e+00,1.915264658896270733e+00,9.292236103853376283e-01
1.483196231463383752e+00,-3.907500472401199243e+00,-4.631855161157485412e+00,3.756641110400270323e-02,-3.372125999028227739e+00,2.100521749684806316e+00,1.692528335200934597e+00
2.254629425111829288e+00,-5.170790552507703808e+00,-4.996076879417607586e+00,4.831479185437290713e-01,-3.746668420401632726e+00,4.577808430150223096e-01,2.303353441797230339e+00
8.903597698668144211e-01,-4.960559775968823359e+00,-4.433910558670244306e+00,9.963764704701979502e-01,-2.541245228138935719e+00,1.084181878688469158e+00,1.428288282095011352e+00
8.290854794458286658e-01,-3.567636256527386251e+00,-4.646132008906193711e+00,4.213443867629950157e-01,-2.565512797405114842e+00,1.900197669794368327e+00,1.141865046233427217e+00
1.914606255666696955e+00,-4.333086323515182414e+00,-5.194004954068486057e+00,2.168891290161198415e-01,-4.002470419671194435e+00,1.073452663073063862e+00,2.083671189753248054e+00
9.584645688776499695e-01,-3.737942369840951518e+00,-4.593111710245486812e+00,3.645679386627453944e-01,-2.893609910376862882e+00,1.575463104718315632e+00,8.876681151113350321e-01
8.685577947461495807e-01,-3.361936573083655233e+00,-4.688770638611779340e+00,3.096643186656891089e-01,-2.714822508717854799e+00,1.914571415709724889e+00,1.046523754006521534e+00
1.447091568995478195e+00,-3.715910746214154514e+00,-5.387492590737726239e+00,3.602256450653382180e-01,-3.982333841548282294e+00,1.171780682353612546e+00,1.847520420099436400e+00
6.046366799336261311e-03,-5.102205372632508507e+00,-4.523105593561493443e+00,1.271719896828332086e+00,-2.749355443572737201e+00,1.356587275657089364e+00,2.464248442532733563e+00
-1.032350270709982176e+01,2.468675802467920288e+00,-3.971204368044262800e+00,1.670300100081099082e+00,2.113458239189067278e+00,1.855906076709955776e+00,-1.389488962051406151e+00
-1.022479504927058258e+01,2.091532937074374487e+00,-3.901225863463794852e+00,2.099579794487105744e+00,1.720699117285794166e+00,2.034077070248528241e+00,-1.184129267094107929e+00
-1.013150788171173744e+01,1.814135163267559969e+00,-3.721471577308970158e+00,2.428497389447615618e+00,1.562539178908197268e+00,2.128030804682919719e+00,-1.039043010192382210e+00
-1.011707639323719654e+01,2.180661683409111706e+00,-3.814929671934665034e+00,2.199041295815109542e+00,1.572982454082061166e+00,2.268078789439650134e+00,-9.599575492932528320e-01
-1.024344665274031740e+01,2.304593070560723600e+00,-3.710401868766573408e+00,2.085507001323559262e+00,1.896083117853348821e+00,2.093940546032507566e+00,-8.554303860150340721e-01
-1.006049017209766383e+01,2.462841570032111349e+00,-3.837276239066713668e+00,2.837402562057055988e+00,3.820877671561129674e+00,1.200011801892429952e+00,-6.789303115993629012e-01
-9.680384510387590069e+00,1.549584408716241146e+00,-3.835584761670075782e+00,3.340527381003513874e+00,3.312240731731364907e+00,1.093571035429025784e+00,-1.264588444375447152e+00
-9.867978285189238363e+00,1.064605063248417194e+00,-3.502164673075049084e+00,2.532897855937390474e+00,1.752678316680889914e+00,1.653951346686131529e+00,-1.383150783622794311e+00
-1.013784785826524626e+01,1.293265770115946012e+00,-3.636685813846533666e+00,2.227049294659062983e+00,1.895519948820454825e+00,1.594607649127439908e+00,-1.373476412147938364e+00
-1.032809542524394253e+01,1.591751070326700379e+00,-3.709420259012554677e+00,2.278041393284710558e+00,1.806627000316266773e+00,1.877713796136991853e+00,-7.905743971053403873e-01
-9.631557433538151969e+00,1.170402956223161484e+00,-3.944422364167209150e+00,1.594029392612522411e+00,3.806808992496059751e+00,1.381841281500535423e+00,8.091058578697817305e-01
-9.574354416801067913e+00,1.021509567233904736e+00,-3.846633656570979110e+00,1.547359975135539800e+00,3.960017595762026055e+00,1.212439435725920056e+00,5.006537636717048878e-01
-1.044867449191054298e+01,2.043209848717934651e+00,-3.539666716867222895e+00,2.058992726034767351e+00,1.951078993301820885e+00,1.879470256650032534e+00,-9.345830626550588605e-01
-1.033580059400802753e+01,1.688947687271714182e+00,-3.724351941225325646e+00,1.901547684964716156e+00,1.802786213834741913e+00,1.846391718832966378e+00,-1.293678627038672202e+00
-1.041012661014330476e+01,2.048588060560565083e+00,-3.645758352437026506e+00,1.610260618834593815e+00,2.038430096629415100e+00,1.810325474316652583e+00,-1.411013175122743490e+00
-1.036672800098813951e+01,2.033094055746568873e+00,-3.674660075172039519e+00,1.934685094674150729e+00,2.101405325238051791e+00,1.840007757124571874e+00,-1.029991359323168210e+00
-5.252266381008781515e+00,-2.067726711930329753e+00,-3.135258024152665079e+00,-3.871586590817393536e-01,3.079924794153055867e+00,1.258039092542894810e+00,7.029836457941411876e-01
-5.094436248685191515e+00,-3.337007153857391550e+00,-3.246549668185623183e+00,-1.100440280182996444e+00,3.125620796667102574e+00,1.168097536092482125e+00,-3.616867363605931196e-01
-1.005906329271362942e+01,-4.169064863475288041e-01,-3.945943723039139872e+00,2.627774682685127261e-01,3.141901560054162434e+00,1.743386912609782513e+00,-1.336250872887929653e+00
-9.990275712695188659e+00,1.713813636709757629e-02,-4.018725308587494993e+00,2.716299271812597782e-01,3.418978216638343337e+00,2.023870706712965539e+00,-1.346179724413694601e+00
-1.061794886750502442e+01,5.173852801851483996e+00,-3.504690380885894019e+00,3.089275836724195035e+00,6.005160961533581698e+00,5.201507209847371804e+00,6.262437383311429073e+00
-1.078251128576405726e+01,6.013325441892392043e+00,-3.529968335752259545e+00,3.867918872577555067e+00,6.076861399773846983e+00,6.044442396057875477e+00,7.198261755783071258e+00
-1.217480270945537946e+01,6.323303673918929668e+00,-4.235674592472394195e+00,7.408458377687976437e+00,8.402543424684521867e+00,9.166888794842526167e+00,1.220876940773318076e+01
-1.078488726686454946e+01,1.525785760781718903e+00,-4.234395826069916602e+00,-9.767455617277415181e-01,3.758112093875398685e+00,1.499913261595028136e+00,-1.563121859221021648e+00
-1.052767578624148825e+01,9.504823067904739631e-01,-4.257822216782170877e+00,-2.255840122796278768e-01,3.567013418643629752e+00,1.871596562111327744e+00,-1.489697409839450870e+00
-9.825510470513902916e+00,-1.822356490250236771e-01,-4.273868772144473027e+00,5.757222852112631184e-01,3.869389610813101399e+00,1.793168972187397348e+00,-7.235673460925919898e-01
-9.850618451422445077e+00,2.218981392963500221e-01,-4.400202176189709213e+00,2.422788972759171988e-01,3.705186188448100992e+00,2.025164551151872327e+00,-8.328178672928804316e-01
-1.020617878710686632e+01,3.240455440755664052e-01,-4.210412728641063751e+00,-1.210482431079599464e-01,3.612386086799946217e+00,1.812037284300231255e+00,-1.457612423975197080e+00
-1.040964232956199886e+01,6.217988833497426482e-01,-4.236310128095451155e+00,-2.323067197956956431e-01,3.712481273271007964e+00,1.847877920588591127e+00,-1.322116810776005735e+00
-1.102755957892087046e+01,2.309951036191612239e+00,-4.321108485679974187e+00,-1.068843898640498224e+00,3.781015518382282448e+00,1.790551456841169786e+00,-1.067741893444950074e+00
-1.088071028448440458e+01,1.503642756159985661e+00,-4.267991937066305752e+00,-5.343836331359640424e-01,3.206130539747504837e+00,1.747787726958393240e+00,-1.643041682013705262e+00
-1.083938888759425367e+01,1.480282148508332396e+00,-4.284188280238049096e+00,-4.652635454981957630e-01,3.366384146348049722e+00,1.795630800723754472e+00,-1.380308266165428233e+00
-1.097860516796272812e+01,1.884468458990133488e+00,-3.980779066983139103e+00,-1.277061211312278122e+00,3.847767947165842806e+00,1.388597601053442654e+00,-1.094849347770263881e+00
-1.092792761955959691e+01,2.215020109412998206e+00,-4.203497607235453515e+00,-1.729477480317230143e+00,3.907696609999055326e+00,1.197807681036049177e+00,-1.699714601398534919e+00
-1.102232949637507886e+01,2.051459082459323291e+00,-4.084631631302373833e+00,-2.049752055450084320e+00,3.517381401748587155e+00,1.303616222346480003e+00,-1.618012035801479120e+00
-1.081123173875841559e+01,1.643785641547431453e+00,-4.012225263612054782e+00,-1.522962897615644851e+00,3.657047592920775525e+00,1.347879883802303169e+00,-1.539525158644820868e+00
-1.110934328246282554e+01,2.269209305804558152e+00,-3.982600020539770025e+00,-1.676170984183816381e+00,3.840344777562008094e+00,1.264254983395318721e+00,-7.921033956110813401e-01
-1.089308344073508472e+01,1.436954978954604556e+00,-3.994215685001338390e+00,-1.403110550034545545e+00,3.529527497692654947e+00,1.082494119991459947e+00,-1.151282020524857952e+00
-1.097409513894194788e+01,1.582684507959815967e+00,-3.901113013302407229e+00,-1.484769568284517671e+00,3.514992905216418162e+00,9.659167451984197461e-01,-1.061355298495022081e+00
-1.174785800168705707e+00,2.217839302832930404e+00,-1.088191655013733383e+00,2.125282433806163773e+00,1.554427744365141750e+00,2.210614194841090896e+00,-4.884572754573490161e-01
-5.851644642654411754e+00,-2.894159239069124534e-01,5.862296187823180738e+00,3.903697895262379092e+00,-3.779850301352562170e+00,1.743593157192181664e+00,4.123285228356598608e+00
-1.337895539606729045e+01,6.169762721162358687e+00,6.062709186600293343e+00,-5.573177243841174189e+00,-2.418455588322892424e+00,-2.932120204302691047e+00,-1.480175695366506110e-02
-1.344220250307570375e+01,6.472855213057110646e+00,5.979498909306713905e+00,-6.086383538023135031e+00,-2.697499125110053075e+00,-3.033366360240140391e+00,7.097977525874739346e-02
-1.322353365549251336e+01,5.866254437342398376e+00,5.949229522491451760e+00,-5.508542773177793173e+00,-2.743705188453813282e+00,-2.728403213011860284e+00,1.988472281160057198e-01
-1.314894714375392759e+01,5.562179099166491447e+00,5.920725404428230476e+00,-5.221709994443984648e+00,-2.655452865466764845e+00,-2.651322780018434688e+00,1.109522778454967162e-01
-1.329195441525721755e+01,5.703233573177617366e+00,6.107061349875686496e+00,-5.837744158988055432e+00,-2.637710535737926687e+00,-3.126764992205051552e+00,-1.001800226050916648e-01
-1.300025630675494170e+01,4.997359587698382732e+00,6.031449983083139621e+00,-3.799461418245116295e+00,-2.367869340406507650e+00,-1.901847725582089144e+00,1.590493850015629040e-01
-1.312029266931283544e+01,5.479730473083588294e+00,5.984611698384025402e+00,-4.252609783710838087e+00,-2.378012466844846351e+00,-2.145561500556683487e+00,3.886521384386067424e-01
-1.352738492572754581e+01,6.689349343133732972e+00,6.277735870174169008e+00,-7.609666294380640572e+00,-2.630361877542122695e+00,-4.252208455410090515e+00,-1.558613356958457943e-02
-1.356763889681662683e+01,6.652560344300796125e+00,6.172421706935745433e+00,-6.987638994911812951e+00,-2.577373890946095258e+00,-3.738113966334171590e+00,8.386582655723598401e-02
-1.349344656364202244e+01,6.493919065245311373e+00,6.120985452372340596e+00,-6.689210688501638025e+00,-2.860186014610639926e+00,-3.511138674618996980e+00,2.061384281984200983e-01
-1.356491429561318540e+01,6.644067676039965953e+00,6.165221136358741028e+00,-7.090497158997805194e+00,-3.009507810320758203e+00,-3.770891542623995729e+00,-4.414516955905382900e-02
-1.340741941615722155e+01,6.447352080351169690e+00,6.202010708008388384e+00,-7.063381390947651717e+00,-2.872468482802721823e+00,-3.907683991508134724e+00,-1.067677416608590890e-01
-1.351522044842202952e+01,6.567643450769545588e+00,6.211738158168686574e+00,-7.066299164628751406e+00,-2.832155323914381739e+00,-3.861659015025329378e+00,-1.207101727462349568e-02
-1.335022580247438029e+01,6.477709636829457551e+00,6.101876510979206358e+00,-6.632387039058738054e+00,-2.653856174515571542e+00,-3.609765241005603809e+00,2.097033536581925928e-01
-1.341299562671107459e+01,6.483168237451878646e+00,6.055919058168493407e+00,-6.823528172974359762e+00,-2.632514251214968848e+00,-3.772738953733397071e+00,1.478055570649039197e-01
-1.350125074209592135e+01,6.518925332996126976e+00,6.218367444379184761e+00,-7.345368470348725864e+00,-2.599858956789634412e+00,-4.340836431963422726e+00,-9.149864990619709093e-02
-1.358583471842119295e+01,6.863955127981697046e+00,6.182978000852865641e+00,-7.761271901710707688e+00,-2.893433915583841554e+00,-4.317799155190232163e+00,2.597980641583896508e-02
-1.325134957280238091e+01,5.823333646037931466e+00,6.062358623947230463e+00,-5.541930651989303236e+00,-2.601592161521814273e+00,-2.908557022137729930e+00,-7.521894768862552594e-02
-1.330679028915018769e+01,6.158721622039900367e+00,5.931623118791364391e+00,-5.428021579549037412e+00,-2.536444899931035835e+00,-2.655654836483787307e+00,4.003603297328627540e-03
-1.344295852397756796e+01,6.486545446178874741e+00,6.049080631693679599e+00,-6.481130216860624849e+00,-2.840691846973197876e+00,-3.309865012371363324e+00,-5.238938336742838403e-02
-1.347309432736067514e+01,6.459648767484406306e+00,6.059677610864422803e+00,-6.577517695820263910e+00,-2.904581905946617582e+00,-3.409465160078039681e+00,5.920124147233143258e-02
-1.343563740655900851e+01,6.451931937515021254e+00,6.112586221548361287e+00,-6.865729078482027070e+00,-2.898358234582271820e+00,-3.567319348043626270e+00,-1.350954657773707941e-02
-1.340982480426416501e+01,6.478472686237995326e+00,6.218836969103233692e+00,-6.988250400598334799e+00,-2.668478326754910590e+00,-3.881084614406988820e+00,-1.415788404183173643e-01
-1.347159108998342347e+01,6.513430034246356470e+00,6.169421174166671129e+00,-6.847006430010043943e+00,-2.605699562368098299e+00,-3.816737415309929826e+00,1.801984787758125406e-03
-1.331483218403716151e+01,5.822637427277147282e+00,6.229595897645626934e+00,-5.581807291872464383e+00,-2.956135123780025964e+00,-2.804275778656447393e+00,1.100409931384537937e-01
-1.334344737620547683e+01,5.858347431518760473e+00,6.312144076702439044e+00,-6.351140986552791468e+00,-2.866941599338869384e+00,-3.271633940075662661e+00,1.118570599911234836e-01
-1.354051010698188762e+01,6.846923929844427548e+00,6.220914232607707817e+00,-7.809834291143006979e+00,-2.869619116915750556e+00,-4.421783314813457544e+00,3.755875827088584612e-02
-1.314469697642318380e+01,5.601745839172321162e+00,6.176850013748722112e+00,-5.761200284773551950e+00,-2.807657605088932584e+00,-3.124134575709685890e+00,2.149158012250504124e-01
-1.322888017075636036e+01,5.521822980874692810e+00,6.203720862871385577e+00,-5.660167393632732136e+00,-2.926449291824976040e+00,-2.912681679533644985e+00,1.656834717731383577e-01
-1.335884431592623045e+01,6.185823383027700295e+00,6.259506575418773977e+00,-6.333209303096886345e+00,-2.815954688235130288e+00,-3.257964860047456668e+00,-7.796973579724465059e-03
-1.331200248308902623e+01,6.111367725393320960e+00,6.304122227651372867e+00,-6.701748121292151694e+00,-2.876004994287921335e+00,-3.695638324819270348e+00,1.834539374405104450e-02
-1.323498486871105939e+01,6.040771971769538062e+00,6.234770565659372821e+00,-6.729198934220079309e+00,-2.773317253930566384e+00,-3.733929347078348560e+00,1.096839363446586724e-01
-1.327700173684367790e+01,6.251757705862770464e+00,6.087016156067769579e+00,-6.711659978205965160e+00,-2.653377128160180121e+00,-3.575773379417752640e+00,2.246876797156116268e-01
-1.348404689770484843e+01,6.508235188234261059e+00,6.067046403298221868e+00,-6.736886720017460917e+00,-2.783201127256276219e+00,-3.495958022367335882e+00,4.122481455979733200e-02
-1.352101722444395371e+01,6.590152684350824686e+00,6.061749294687112766e+00,-7.149188825460721652e+00,-3.092114992483403935e+00,-3.749910318294836564e+00,-5.043718859907707353e-02
-1.357027357243821086e+01,6.527987583728568133e+00,6.129027416987617549e+00,-6.705017458670415209e+00,-2.707572757415750875e+00,-3.599665112874712580e+00,-1.589133797904840883e-01
-1.345631193446047114e+01,6.493578303503142024e+00,6.068983592578268471e+00,-6.775270859392357181e+00,-2.626061887268712258e+00,-3.774911725992503353e+00,2.120911861659344200e-01
-1.333397267130579600e+01,5.602546785623121472e+00,6.212771822684850065e+00,-2.594057185752844941e+00,-1.526116903741621122e+00,-1.134965721319791898e+00,3.047438777323438597e+00
-1.327154924817001991e+01,5.459656347336424354e+00,6.211347663680506948e+00,-2.285719502410965109e+00,-1.735105963477884483e+00,-8.553392978271694425e-01,2.519301062703900307e+00
-1.350224048820662581e+01,6.347819309246454544e+00,6.058662639495607571e+00,-5.625338278754247412e+00,-2.700944857076879035e+00,-2.820859425791242714e+00,3.804576398889706473e-02
-1.350502894596683490e+01,6.240040773258691331e+00,6.147522542596003170e+00,-6.083272809257305624e+00,-2.770051019047518714e+00,-3.230741445757794761e+00,-2.083754774403357157e-01
-1.340797053410488537e+01,6.263883242121814909e+00,6.095721948479675412e+00,-6.333875881789565732e+00,-2.764739403236332826e+00,-3.418621538357158318e+00,-7.891613238301488364e-02
-1.332857808628861740e+01,6.285940356999454082e+00,6.094188865577914171e+00,-6.005636614193670120e+00,-2.560954061420643857e+00,-3.124883793228325768e+00,1.202532236794797843e-01
-1.338085122340248034e+01,6.259705887249191747e+00,6.036118051331560430e+00,-6.436965688271413910e+00,-2.678984499764182736e+00,-3.462565380168930673e+00,1.090471461011872367e-01
-1.035663137394328359e+01,-6.404478658774223065e-01,6.551295011097890253e+00,2.938051335361637761e+00,-1.909652826218175781e+00,-1.956169610695764616e-01,1.491571609888534544e+00
-9.273853468309756209e+00,-8.262583352697734362e-01,-4.255118824646961784e+00,2.210072889443356114e+00,3.824504398409302119e+00,2.230543685044388713e+00,1.854268324688352454e+00
-1.023028028397725997e+01,2.671744075411368671e-02,-3.848698897114162687e+00,-3.192497670818749134e-01,3.184062363509150284e+00,1.408969664984862202e+00,-1.678168931924747920e+00
-1.064875936711292859e+01,8.993087580070737719e-01,-3.706940858662195470e+00,-8.379719944072473448e-01,3.418309709269466534e+00,1.196507513093533204e+00,-1.673082102369907842e+00
-1.091040333464616374e+01,1.775835667364320747e+00,-3.836638526253776327e+00,-1.505687105038761020e+00,3.473842487424387393e+00,9.174779822707517241e-01,-1.575109240647493358e+00
-1.074288616867453605e+01,1.521019618683903341e+00,-3.968660501955949105e+00,-1.848536570651637456e+00,3.554599516985030405e+00,7.624426852474402994e-01,-1.619918778023969885e+00
-1.039848921322406206e+01,5.549938608408807594e-01,-3.953908510910293828e+00,-7.856216352358118549e-01,3.201740500158455127e+00,1.313734748299852040e+00,-1.509492658849748370e+00
-1.005111374813266067e+01,-1.710919519815012890e-01,-3.941238086813177777e+00,5.032620294497720526e-01,3.175430716739704007e+00,1.761545847250978625e+00,-9.793682343700270687e-01
-1.867609523518295234e+00,-1.062213418319585045e+00,6.311533855276037386e+00,3.319117766694428262e+00,-2.752541488792016100e+00,-1.950335220971989969e+00,1.840846388330108718e+00
-1.196902869310501139e+01,2.489481139195144355e+00,5.960072421151767941e+00,-1.302256633013589626e+00,-2.494841820749573280e+00,-7.995224258688181651e-01,8.918598437255908368e-03
-1.199707180563369491e+01,2.521490516404129245e+00,6.009247622991076732e+00,-9.828716688866748763e-01,-2.521367853099112821e+00,-4.097606700686330372e-01,1.194273154916061785e-01
-1.231550591027848718e+01,3.457020700064124430e+00,6.074730287241792759e+00,-1.233489442960564730e+00,-2.457946366708283037e+00,-2.014653313199432083e-01,3.956637869093069804e-01
-1.271515653622081565e+01,4.479602331129915349e+00,5.995498277497406825e+00,-2.474024058448701879e+00,-2.373031617019655481e+00,-8.244608341183125022e-01,2.387732854827605000e-01
-1.292596157077150210e+01,4.836631225530376277e+00,6.012111344649094136e+00,-3.490868997712117228e+00,-2.371298429334959046e+00,-1.441282494567107220e+00,2.388023875914518646e-01
-1.254781916544102316e+01,3.997125045807277122e+00,5.955420167311249457e+00,-2.462353681205950107e+00,-2.573583929114421132e+00,-9.669619057295050224e-01,2.575651025326797794e-01
-1.230562967491503734e+01,3.510225798930675545e+00,6.127735122154587266e+00,-2.050523776286420574e+00,-2.252844458535110839e+00,-1.059714655478042555e+00,7.609843814272031215e-02
-1.253014681701298727e+01,4.123634036466318875e+00,6.120773249009982209e+00,-2.814843872829138949e+00,-2.215708727264565248e+00,-1.376808102016442659e+00,1.561709420260585790e-01
-1.211144535392376298e+01,2.870476987089138010e+00,6.079713959383949096e+00,-1.268419844234883742e+00,-2.833436721523446167e+00,-3.314055215526197640e-01,6.652887919158848584e-01
-1.211750998006422009e+01,2.841807285084845702e+00,6.020045983991592742e+00,-1.119760183034976153e+00,-2.853007976129977141e+00,-2.185342223222077607e-01,5.298345534445737526e-01
-1.261859125792195258e+01,4.373215021745045838e+00,5.993569921167267722e+00,-2.745227178517011257e+00,-2.271947917783964321e+00,-1.307063971563227289e+00,3.314039599471461234e-02
-1.248230137488414293e+01,4.232242334965433450e+00,6.017596126059509665e+00,-2.216879664633085056e+00,-2.242902037342903832e+00,-9.409894622973500322e-01,4.510455027441043763e-01
-1.243309507056127750e+01,3.806104054962581973e+00,6.149297715470068759e+00,-2.023744147748853806e+00,-2.351691189644583346e+00,-8.775376414340483322e-01,6.419642113762957791e-01
-1.246555402700056270e+01,3.854709799339461895e+00,6.199543361954917842e+00,-2.709629716587218962e+00,-2.612617706255386807e+00,-1.389840392410989223e+00,2.824792647634865039e-01
-1.238831518637123708e+01,3.508491439148737623e+00,6.070196718060751451e+00,-1.775023462335608926e+00,-2.587349229938357364e+00,-7.272601399126060739e-01,1.025215837267200586e-01
-1.244005402582778430e+01,3.735545118083557270e+00,6.051356119516164256e+00,-1.928394891354199725e+00,-2.397254626579468528e+00,-7.446089482203914756e-01,2.505503729064897933e-01
-1.237612832961178633e+01,3.719302631252304536e+00,6.298290131934327185e+00,-2.426882633723176586e+00,-2.267780141924492732e+00,-1.185435878157787171e+00,4.189504987245057932e-01
-1.214194212879161761e+01,2.991230270025224680e+00,6.304000014943633268e+00,-1.064266049516457757e+00,-2.355708345217786714e+00,-5.630806218851968081e-01,3.701138423190870053e-01
-1.234121267277074097e+01,3.254141603454287601e+00,6.339989058346985118e+00,-1.404809973317879379e+00,-2.315422016241076797e+00,-7.006880232675537501e-01,4.134216260374810603e-01
-1.275037158768977541e+01,4.512080185728096993e+00,6.247173562890830034e+00,-3.840450260340462663e+00,-2.558353534558895692e+00,-2.148815958317171315e+00,-8.329531704202748632e-02
-1.284900167615371025e+01,4.880875117236201710e+00,6.108504057421240141e+00,-3.775207281432900519e+00,-2.505843974166391597e+00,-2.003256013737546581e+00,-3.441414638417596150e-02
-1.296469582849450575e+01,5.160376438399485899e+00,5.963147004401294637e+00,-3.900804238226429188e+00,-2.638070167482434947e+00,-1.888863648411855944e+00,1.083075488974732936e-02
-1.293880652611850834e+01,5.069231405651644096e+00,5.960301823043383074e+00,-4.202517946026198992e+00,-2.907048706963334173e+00,-1.991026339527620648e+00,6.864230244834386430e-02
-1.289589382139566531e+01,5.181347272070279786e+00,6.080753954627092561e+00,-4.725525811388206598e+00,-2.964910253507636817e+00,-2.304837386503810315e+00,3.124198296846388695e-02
-1.294204100235342025e+01,5.150459277317511742e+00,6.080091298809850109e+00,-4.456451908028014053e+00,-2.893880971612773578e+00,-2.281025120210954604e+00,-6.755509406526587213e-02
-1.274876282494406965e+01,4.495263899559215126e+00,6.083504298277891742e+00,-4.007495853588330270e+00,-3.043068885173393134e+00,-2.121545762599056584e+00,-3.025999564974931819e-02
-1.277615034647836723e+01,4.775891546523782338e+00,6.169686778542559757e+00,-4.324681540632532517e+00,-2.954239325481638367e+00,-2.127946366649706711e+00,6.821949013152514563e-02
-1.269438556605535240e+01,4.579236970366424408e+00,6.190739002776509459e+00,-3.940785567126793953e+00,-2.774886031262952635e+00,-2.130425299510958048e+00,-7.986590976971565115e-02
-1.252503477898364892e+01,4.233763582199260966e+00,6.189977863369568567e+00,-2.373461751870272085e+00,-2.312760041043208759e+00,-8.597039867739750818e-01,1.451632480074596943e-01
-1.255465137368139672e+01,4.475348675692921496e+00,6.018096469562308926e+00,-2.211199873656648940e+00,-2.416597499422162176e+00,-6.930024788929644020e-01,1.249343344825734337e-01
-1.250523961907722637e+01,4.502478755747686634e+00,6.131230050325807035e+00,-3.028864604830171281e+00,-2.520362662215718252e+00,-1.554147410467959345e+00,2.255414612839310926e-02
-1.265242417722426005e+01,4.372363083011683749e+00,6.273211832325168658e+00,-3.819025501107725873e+00,-2.670332008907083221e+00,-1.950235032911746158e+00,1.362992708955467619e-02
-1.229582134187942266e+01,3.579102872367399879e+00,6.129872153962003800e+00,-2.895178115153647536e+00,-2.791968695529418287e+00,-1.479932469274068518e+00,1.973672329387313185e-02
-1.234402731247892504e+01,3.428750530633915439e+00,6.036404120686008845e+00,-7.483248506305544279e-01,-2.324488090112553085e+00,-4.470491601189405945e-02,1.668934863016731551e+00
-1.254908336405097380e+01,3.940124237669551110e+00,6.231093494030382374e+00,-9.303990074381515152e-01,-2.063645852887358689e+00,-3.518886645010434466e-01,1.822848967176381452e+00
-1.275643385470847591e+01,4.839129778542782923e+00,6.189020010681973716e+00,-4.015321137883340441e+00,-2.489852570128725517e+00,-2.279445367445350978e+00,-5.830789957920407690e-02
-1.256717183513891456e+01,4.284226671830556832e+00,6.107316319443855335e+00,-2.587543273626216500e+00,-2.148049439865684196e+00,-1.152403505754886703e+00,4.265179130955882303e-01
-1.263458091617935786e+01,4.408134021608180575e+00,6.116845695568102315e+00,-2.613036304536779486e+00,-2.321286885410832834e+00,-1.029799695595255082e+00,5.198385664831021158e-01
-1.283062822697351457e+01,4.916383110563053549e+00,5.977981554683046816e+00,-3.765655323411732258e+00,-2.572884856765263351e+00,-1.758781331488580291e+00,4.032138678584434172e-02
-1.273560579186691299e+01,4.606793653004383593e+00,6.038055810817271052e+00,-3.209535905767515462e+00,-2.537912472161833577e+00,-1.507720274538160155e+00,-1.025355730543904727e-02
-1.271117284065498332e+01,4.415247043343893729e+00,6.010483393212637360e+00,-3.017712898919350906e+00,-2.594845185829012024e+00,-1.364726293895063280e+00,1.475350582890450242e-02
-1.253701794091703725e+01,4.047730168498870462e+00,6.040522806130298683e+00,-2.927824191065236281e+00,-2.578041111786589568e+00,-1.432828385076155842e+00,5.061329214557583334e-02
-1.230418786670516518e+01,3.366703166486192611e+00,6.156631666206212827e+00,-1.787471695550084005e+00,-2.373324729251671705e+00,-9.676266237851836038e-01,3.362603539204016001e-01
-1.237552227866394361e+01,3.547029079833568410e+00,6.094812877233342086e+00,-1.447391359057109250e+00,-2.413461270029737094e+00,-7.086323015199994524e-01,2.936349007873267358e-01
5.006292750296590377e+00,-2.707603169866375836e+00,3.918691002600938056e+00,2.236556219229527187e+00,1.563823490982356457e-01,-3.303587651803650438e+00,-1.056862651445704682e+00
-9.981606758122952172e+00,-7.820545317795599694e-01,-3.764369629618549151e+00,5.052193680635551631e-01,3.051286347132462051e+00,1.353831707288056352e+00,-1.494104773825440491e+00
-1.033102727060678561e+01,-1.341966845703389255e-01,-3.864775581394934711e+00,-4.367550985635914040e-01,3.062479190366985904e+00,1.378857912347067005e+00,-1.985438020110450896e+00
-1.088508024366897153e+01,1.488276448633753413e+00,-3.949268227484666660e+00,-1.512321965029282511e+00,3.233481648828571586e+00,1.176610204978790541e+00,-1.617873795649255264e+00
-1.092233741865697993e+01,1.982940615739754442e+00,-3.970494217768689715e+00,-1.808778275210945585e+00,3.787384848891650169e+00,8.503903746347741821e-01,-1.593577118910494583e+00
-1.104098965904380414e+01,1.790554157812930258e+00,-3.766584720689060362e+00,-1.195397462073791495e+00,3.681395300362886758e+00,1.137376246884680642e+00,-7.246915476735916739e-01
-1.068836932134940376e+01,1.221404329667127087e+00,-3.907111872909662331e+00,-4.624453021291244359e-01,3.684947408381841871e+00,1.393871047043551137e+00,-5.772799960342267500e-01
-1.040928028304712960e+01,6.528536176483005216e-01,-3.945877003011793782e+00,-1.331968152862102461e-01,3.363386311501588732e+00,1.476520521851251377e+00,-1.102092332558286536e+00
-1.056796128382220878e+01,1.193801142063922738e+00,-3.937326012836991573e+00,-3.351836588451332921e-01,3.432121449250145950e+00,1.450795517740325780e+00,-1.042264201849928185e+00
-2.336537162662533973e+00,-2.528051708812891984e+00,-3.179964402657419420e+00,1.448826741247110972e+00,8.225431507377951590e-01,2.253716296547267017e+00,-2.070607105924242297e-01
8.105380066247823478e+00,2.878498157914651134e+00,-3.142443056043483729e+00,-7.320380092352464507e-02,-2.989094615898667762e+00,2.427098840793724843e+00,-3.074702762797701716e+00
7.553120510933281295e+00,3.870893630300048294e+00,-3.173540855287965812e+00,1.035025545533447389e+00,-2.911941679312554765e+00,1.743292012627773335e+00,-4.482151825429330216e+00
9.471148759954010288e+00,2.346872705736105402e+00,-2.446907950836644474e+00,-1.146678882349816408e+00,-3.077201916419613603e+00,3.133342521987671159e+00,-2.902011700258113613e+00
9.838816408350245624e+00,3.916286913626918942e+00,-1.583996675774903551e+00,-8.490170976305277950e-01,-2.773716241686942752e+00,3.675849079371680705e+00,-3.590635740602691861e+00
9.271953418959990145e+00,4.121981397020827664e+00,-1.192020719273819696e+00,2.088483895779373600e-01,-2.598756247778320816e+00,2.760700266647626577e+00,-4.655865830156257879e+00
1.080555356120744470e+01,3.403287017729638819e+00,-2.094638804905967433e+00,-3.719335123271724219e-01,-4.120486016173564359e+00,3.007335061697385292e+00,-4.083229252391662456e+00
1.041030919050152725e+01,3.275587270026026232e+00,-2.151425129166619321e+00,1.952413310510116851e-01,-3.748964761670207757e+00,2.282940096549717079e+00,-5.234393588728179836e+00
9.502577198527273339e+00,3.155408093933663505e+00,-2.356706502686885862e+00,-3.304292632203473801e-01,-3.038935784656995320e+00,2.624981088597577283e+00,-4.936744122567733761e+00
9.583551113323077075e+00,2.579159311316777003e+00,-2.106724685321756940e+00,-1.252449908628196384e+00,-3.464592450182669037e+00,3.179200383644978256e+00,-3.800692534733772998e+00
8.572242545464916930e+00,2.168203890252644594e+00,-1.302558246862149716e+00,-1.441144875917950985e-01,-3.335830164326050173e+00,2.600216174408509939e+00,-4.485432603995945122e+00
9.099814280507116493e+00,3.450290896944345764e+00,-1.656395071231050453e+00,-4.446622425885083385e-01,-3.915177402564049558e+00,3.454577712707147086e+00,-4.530187787438912927e+00
1.075191542186506233e+01,4.550992348839698387e+00,-2.277039122317332076e+00,-1.350227292428986203e+00,-4.707779235160618470e+00,4.232683051339174440e+00,-3.263493761599311149e+00
9.433626543766187922e+00,4.178338816833107039e+00,-2.606415394360049209e+00,3.211967660142453496e-01,-3.621458020531928224e+00,2.269013574608957473e+00,-4.812543348330171611e+00
9.846930728717747883e+00,1.854973229784508515e+00,-1.795301531606399603e+00,-1.158187597223427456e+00,-2.997245204219013637e+00,2.936447796593968373e+00,-4.853606649078432866e+00
9.801101917421689791e+00,1.385639869227727861e+00,-1.464380499538470604e+00,-1.389288083087942161e+00,-3.972920840529740705e+00,3.153209001390323785e+00,-3.711243941210874198e+00
8.645470349072393645e+00,4.074761727406618128e+00,-1.360003464029854170e+00,3.775277752973527079e-01,-2.778914246009914990e+00,2.956879949408184327e+00,-5.342958157180595968e+00
1.069594686741738343e+01,4.647769207742849851e+00,-1.331066579928329885e+00,-8.320194122510981005e-01,-3.678689503828390883e+00,3.729029905299812153e+00,-3.997386885711013527e+00
1.043012907898080144e+01,4.135608077441468744e+00,-1.863498886398475829e+00,-8.621534321773776099e-01,-4.129161787382680693e+00,3.587536239782393555e+00,-2.848761625637159955e+00
8.918693764558010884e+00,3.884655726568774003e+00,-2.456281970494091027e+00,9.663745612026078402e-02,-3.407052155277576322e+00,2.282144328831457347e+00,-4.407875077451935297e+00
1.060753273099670402e+01,3.202572148076740621e+00,-1.780315134856092385e+00,-1.634587417564449030e+00,-3.765258296050268516e+00,3.882494169042734811e+00,-3.474330139346645918e+00
9.676109370972421075e+00,2.475789706327955919e+00,-1.248584148362962054e+00,-7.308562444748621933e-01,-3.649317427487687837e+00,3.217213547882503022e+00,-3.496735089712919020e+00
8.822562085983278735e+00,1.857604051475052032e+00,-1.196326777613478720e+00,7.826111179975224763e-01,-3.405542944247720527e+00,2.051885474473355675e+00,-4.777864741453150543e+00
9.374702621795321988e+00,-2.761350588444430598e-01,-1.641500795242519573e+00,-3.745509799030334319e-01,-4.569912659444691272e+00,2.173529149504230595e+00,-3.874016448704544757e+00
9.471261616364156311e+00,9.431657623447885497e-01,-2.269606250942284298e+00,4.788013790153721749e-01,-4.512792764900510178e+00,1.417065350459762785e+00,-3.505660291284560248e+00
1.018290575687969124e+01,2.436383539703912415e+00,-2.161163591478092005e+00,-5.028283640915423014e-01,-3.824387141816618207e+00,2.903031095604946543e+00,-5.510796216114613344e+00
1.107448947212756174e+01,1.971482599984398121e+00,-1.724017940977414565e+00,-1.052760301468576909e+00,-4.598077331997433070e+00,3.413896124850304137e+00,-3.977166973204626199e+00
8.968416377657291605e+00,2.043248960112750368e+00,-1.187971410047018228e+00,2.030520726273370991e-01,-4.024255804803566150e+00,3.159216720349678376e+00,-4.985370344677026111e+00
9.937322884011779323e+00,9.934527886178170508e-01,-9.305000633673978783e-01,1.343944570037351183e-01,-4.749518343698857947e+00,2.359876627412321515e+00,-4.939349901602128057e+00
1.055077687796320163e+01,8.830032313266432675e-01,-1.579410760720787454e+00,-3.269382052283724693e-01,-5.203654995658739679e+00,2.495970454133417782e+00,-4.417361172372361366e+00
8.946327004049672738e+00,6.515094835747931024e-01,-2.101386788190766186e+00,7.290116527087634468e-01,-3.707024024021877473e+00,1.189596691171942888e+00,-5.424969498298969128e+00
9.809342497068495703e+00,-4.722179348186488768e-01,-1.703400595113881089e+00,-7.676221998232781729e-01,-3.798616911848845312e+00,2.337684706842222404e+00,-4.952391936591461707e+00
1.056049789666426797e+01,1.364048355274309676e+00,-1.538261943949494004e+00,-1.087788178248018323e+00,-4.161255377990051407e+00,2.942356564467504931e+00,-3.465198136095775094e+00
8.693430854608390490e+00,2.167546492484361043e+00,-9.695229372305149695e-01,3.856100304496180575e-01,-3.736874901906098057e+00,2.868333435666555520e+00,-5.111671617871396123e+00
9.335996870141824999e+00,7.085149666216303821e-01,-1.302186155858571670e+00,-6.749842944632720165e-01,-4.497880224390065962e+00,2.899522566814905389e+00,-3.691937382051012850e+00
9.205886608113379665e+00,5.419898703206685875e-01,-2.079765084971510802e+00,-8.032094437595485026e-01,-4.891457263801316735e+00,2.378237881016458388e+00,-3.518990786924992786e+00
8.363535502479292560e+00,-4.568832326532690780e-01,-2.150592037637431453e+00,6.672282588118384483e-01,-3.428642877234546749e+00,6.344397466705835598e-01,-5.562406896403348178e+00
9.449350002059494713e+00,-1.083200262410689119e+00,-1.554531669920075965e+00,-1.178175825871337956e+00,-4.001346225337416129e+00,2.420133122675014459e+00,-4.156200350176013636e+00
8.977362997136683731e+00,-9.231285961323638656e-01,-1.389959574833444789e+00,-3.324994134664490675e-01,-3.662532764568206201e+00,1.827432557639963040e+00,-4.026871015314857694e+00
7.956912778855630641e+00,5.864521060157728005e-01,-1.233640903751441753e+00,5.872089943160930803e-01,-4.058310451377682426e+00,2.185512627072106362e+00,-5.341972987062171718e+00
8.815666055139363522e+00,-5.161455291132546197e-01,-1.201099484112546856e+00,-3.369991890512856747e-01,-4.801332945041597355e+00,2.264661820888307808e+00,-3.572688052280188931e+00
9.817700449778774541e+00,2.489015457718684488e+00,-2.072831900069731059e+00,-3.150658192521025858e-01,-5.344631752305525119e+00,2.635780616890242012e+00,-3.237652765136041388e+00
1.013775279931872397e+01,2.025606645695006147e+00,-1.790022569566275035e+00,-1.626031567422479285e-01,-3.976302143063445538e+00,2.331357421684355113e+00,-5.273621311697047176e+00
9.517863735576638007e+00,-8.001200152764270657e-01,-1.588787094512911224e+00,-1.088187235164704836e+00,-4.468617701988196522e+00,2.517264923434672674e+00,-3.738831111313435596e+00
8.166829893950271924e+00,7.731626899358365890e-01,-1.629030186195935759e+00,-2.928594403328860923e-02,-3.458645074452177059e+00,2.210603519129289651e+00,-4.154788712892552027e+00
8.890015534198923319e+00,7.808229370941209835e-01,-1.547031184971621620e+00,-7.822736288819687189e-01,-4.137258372685441721e+00,3.346023432069349379e+00,-3.736549904481076823e+00
7.317549718627627264e+00,-1.355101441489453995e+00,-2.105329064939967409e+00,-6.479461343805196227e-01,-4.456892807182723182e+00,2.707149165987564832e+00,-1.596182208444268502e+00
1.001686700564068833e+00,-2.955890189006680657e+00,-3.177231654229998092e+00,3.795351190534680619e+00,-2.904809800345803161e+00,9.041329961091664202e-01,-6.083385483980812136e-01
-8.972855710417075414e+00,-2.339821126745530222e+00,-3.539339833556557569e+00,3.780658549937311541e+00,3.989077721784504149e-01,-6.581555956810369867e-01,3.433037593753186095e-02
-9.963198209934279959e+00,-3.684306973828329057e-01,-3.832249456600062221e+00,2.553777199310601098e+00,3.238809249194434248e-01,-3.300507934308838931e-01,-8.258020598971552717e-01
-1.026080988545930062e+01,3.926923884612593119e-01,-3.916616387550218903e+00,2.418435676156919456e+00,5.587279280995171016e-01,-1.768120033814662984e-01,-4.048898593640173349e-01
-1.060539287980183332e+01,8.883339511450975001e-01,-3.868233098147720650e+00,1.946185253723440312e+00,5.800270788231267627e-01,-9.417646919110446435e-02,-4.652333050941171444e-01
-1.025852469395306521e+01,4.904627563943422253e-01,-4.045430873216163903e+00,2.196895852681960637e+00,3.689385336806645377e-01,-6.540615661163078076e-02,-4.783753962238826984e-01
-9.957405026471901621e+00,-5.726820312074680785e-01,-4.087005565315554811e+00,2.684641694881234830e+00,7.265587164573823475e-01,-5.681921765846041916e-01,-1.451490618314233150e-01
-9.980409319098701104e+00,-2.769638548333058087e-02,-4.065599128296121023e+00,2.573002691338233561e+00,8.834160205683500022e-01,-2.973106603875491083e-01,4.728801785532355667e-02
-1.039950456434937109e+01,7.585185686206611377e-01,-4.141385249262627077e+00,1.852680356007331275e+00,1.208894549655701089e+00,-1.099346286133985467e-01,5.736808612555134301e-01
8.558950378447201857e+00,2.057737757438223181e+00,-1.793746510262867799e+00,-1.096113425002824826e+00,-3.588153136338223081e+00,3.139032983197571181e+00,-2.985685885643865944e+00
7.346370170765280427e+00,2.704076645675931978e+00,-1.414343106406431794e+00,7.666924103292263037e-01,-2.820249964199510462e+00,2.374698891630814046e+00,-5.109356924635650721e+00
8.286997196211789429e+00,2.070630358565781926e+00,-1.912243453681605310e+00,-7.231690334077229831e-01,-3.809631087838801999e+00,2.818525856024282294e+00,-3.982476760595035081e+00
8.903668895026282115e+00,2.924771791130943654e+00,-2.139833672720392599e+00,-3.566342579568509419e-01,-4.013356794712003683e+00,2.276869078191663398e+00,-3.788646726031033030e+00
7.759023896511985541e+00,3.777599183832239138e+00,-2.745118348816533160e+00,1.795473456278235125e-01,-3.131392323661533528e+00,2.034550852250434083e+00,-4.667008701144669480e+00
7.999794398689569874e+00,1.618914724352091161e+00,-2.432201041528709862e+00,-9.589141945171238968e-01,-2.949126658619348529e+00,2.696200458965409386e+00,-3.514863998442594006e+00
8.522716166126576454e+00,4.199456732991109220e+00,-1.968893469215276637e+00,-1.224390388349432923e+00,-3.361700770383317050e+00,3.825358914693726131e+00,-2.443357574163681267e+00
7.266281589010902486e+00,5.227865266571265046e+00,-1.339797107248928976e+00,5.789896550956997734e-01,-2.422772534179231219e+00,2.793842182274223429e+00,-4.701535522541316681e+00
8.099982068103727784e+00,2.884078927920898927e+00,-1.941281773254401877e+00,-4.949179483055492490e-01,-3.411193393376524607e+00,2.640840103666658667e+00,-3.807502604913642230e+00
8.582690762268800455e+00,3.657153727122282483e+00,-2.443164123088501061e+00,-3.097211817970921821e-01,-3.894729290759750828e+00,2.710042976323104646e+00,-2.973416364894821307e+00
7.677199570271309170e+00,4.477816753945193184e+00,-3.023547899236224801e+00,-3.345541259641293674e-01,-3.277731459353385279e+00,2.743903243559883798e+00,-3.677531554417299731e+00
7.853836003463060322e+00,2.338818016871532457e+00,-2.607925607261655454e+00,-1.262833372485508532e+00,-2.843840777183546553e+00,2.933458658808370423e+00,-3.515250063788229351e+00
8.546717567386407310e+00,3.571605530606445367e+00,-2.103466665005994773e+00,-1.353260238695294548e+00,-2.565708937480116081e+00,3.351781014810744974e+00,-2.750044494502798198e+00
6.639146960798565367e+00,3.940830952110865315e+00,-1.630646882723131741e+00,5.761918261556615573e-01,-1.884556660759159064e+00,2.138053983720881401e+00,-4.838049201060979243e+00
7.841353524782800122e+00,2.661458939707776139e+00,-1.855120052464982239e+00,-5.886883412708038277e-01,-3.215778130896398412e+00,2.529595079980469396e+00,-4.169611424635909280e+00
8.333556602930501711e+00,2.449074202741972517e+00,-2.286411245530324265e+00,-1.176423561153089992e+00,-4.342581445354836589e+00,3.318342317326842039e+00,-2.742049109083396718e+00
7.289243132606991971e+00,3.114151355808588484e+00,-2.742384692924578982e+00,-1.804446456890872706e-03,-3.044293278621753363e+00,1.819403445237890660e+00,-3.550843712116058981e+00
8.286549291190523192e+00,3.317959359487563820e+00,-2.519381016869602252e+00,-8.889183523500452377e-01,-2.559374005141350494e+00,2.797247186717143119e+00,-4.659914757121270235e+00
9.015928679106410826e+00,2.691930314588648621e+00,-1.884435741862917180e+00,-1.749232520055540085e+00,-3.306770527376493796e+00,3.258923743040555987e+00,-2.915303361437342033e+00
7.418049411476983934e+00,3.209653446687557921e+00,-1.665524570391974546e+00,-8.577422619482487354e-02,-2.387785929890592573e+00,2.320261370491952579e+00,-4.066068470714383487e+00
7.369392360209278792e+00,2.514624898362172178e+00,-1.699779735097739275e+00,5.417952379867679857e-02,-3.346292799100563986e+00,2.617804356037891633e+00,-4.589973122250870396e+00
7.776033019492484044e+00,2.348692161772431675e+00,-2.149260391235726875e+00,-1.223266664789203206e+00,-3.689009487102319351e+00,3.369429154791922176e+00,-3.006132066541311154e+00
7.478239592342695197e+00,3.237350589118638933e+00,-2.844387444941132159e+00,-4.634309463324383094e-01,-3.609344207854876085e+00,2.196554306705734927e+00,-2.739498096552905881e+00
7.584548917223219000e+00,2.524145222517683695e+00,-2.591079766844726073e+00,2.898568298779944374e-01,-2.278115967414697352e+00,1.054766108589941354e+00,-4.825753301997809608e+00
8.318762279884184707e+00,1.296693018863448899e+00,-2.178407622504477281e+00,-1.263757049629275153e+00,-2.865391318437345625e+00,2.501466741887140799e+00,-3.453844208432446550e+00
7.829107767324126499e+00,2.854618323085702514e+00,-2.121562345144914374e+00,-9.158423557166680551e-01,-3.305551240478854069e+00,2.995805017843307105e+00,-2.630462797300175737e+00
6.955276820737009480e+00,3.059511913232687785e+00,-1.332998680464646757e+00,7.934471080051853642e-01,-2.735098059013452598e+00,2.203392117951838980e+00,-4.580109191464075025e+00
7.747841908663442467e+00,4.300008036971393111e+00,-1.863490210785661239e+00,-4.491455849238283893e-01,-3.590289469682539814e+00,3.200709416336368740e+00,-4.054752808527514851e+00
8.306176867710442835e+00,3.692675733599987797e+00,-2.472458970374265430e+00,-8.241772512930802819e-01,-3.895840695861543690e+00,3.020454380370656278e+00,-3.235012901386281392e+00
7.954047675582814669e+00,2.078726815386909621e+00,-2.246068078581257677e+00,6.797901747915360282e-01,-3.104058857848648323e+00,1.293303900939175133e+00,-4.360060080345295574e+00
8.999907789901261168e+00,1.346183710338228590e+00,-2.245895175879359495e+00,-2.802278272451097507e-01,-3.406418243896854658e+00,2.297255808272769428e+00,-5.104547254106801546e+00
8.169803497713918006e+00,2.026125535137826894e+00,-2.227191120952316528e+00,-8.250151763030044716e-01,-3.394268772000442080e+00,2.902766975058662435e+00,-3.025995576897207329e+00
6.787073502856059370e+00,3.323134097739795401e+00,-1.147460649880758243e+00,4.054145930597956582e-01,-2.908699870814524413e+00,2.735015120077947337e+00,-4.698021147058415892e+00
7.910644360025202104e+00,1.810053873339727115e+00,-1.209659621056113687e+00,2.290077249071966192e-01,-3.956898660116560773e+00,2.247460213758563530e+00,-4.388011893392502749e+00
8.203098422919353538e+00,7.420535068726472616e-01,-1.795979137101962886e+00,-1.971018406752013397e-01,-4.216447589762581494e+00,2.032798089306211864e+00,-3.473540092123590828e+00
8.487059999223754758e+00,1.761805725336875739e+00,-2.425959447885703391e+00,7.659115750229545938e-01,-3.925680200172575240e+00,1.307064160944873432e+00,-3.962988057725486346e+00
8.137235081223153088e+00,2.082155608573839078e+00,-2.748643101904436392e+00,-3.976727917733137718e-01,-3.298473032047533504e+00,2.199497243209505015e+00,-4.676671906104573395e+00
8.177825180614119560e+00,9.317415026151942836e-01,-1.917620016354673496e+00,-1.074288934212706659e+00,-3.686633847550516929e+00,2.409683890554191965e+00,-3.570336226677877978e+00
7.729599367309809566e+00,1.126841193077025460e+00,-1.220694552729110427e+00,4.534879365640684945e-01,-2.976889951203486095e+00,2.005428389508191245e+00,-4.582540929338335900e+00
7.585277025037854948e+00,2.818028869915092938e-01,-1.235110887480805220e+00,5.800474089529474853e-01,-3.512056085188923316e+00,1.623171527803803471e+00,-4.714033709036372422e+00
8.054790003477290128e+00,1.592397925476008780e+00,-2.037655903395837687e+00,-8.784157625611395126e-01,-4.410266628623564777e+00,2.721870462717636663e+00,-3.206850275975225095e+00
7.697926685906454125e+00,2.785193334678510269e+00,-2.782216219578160121e+00,-1.850640993133318701e-01,-4.490302876805412957e+00,2.506431472426687623e+00,-3.231824625621062985e+00
8.351832989829576448e+00,9.344500022041800635e-01,-2.239981095295964231e+00,-5.122201535008716888e-01,-3.721930807016354592e+00,2.666631334936882869e+00,-5.124742868792696804e+00
7.729111959010124266e+00,3.344134939720997846e+00,-2.297039541455471845e+00,-5.037671826814099640e-01,-2.946219629573171517e+00,3.296414720820470379e+00,-5.770959806634587963e+00
8.367218139800128185e+00,4.134678929865546415e+00,-2.715302224818942900e+00,-3.935754769727999314e-01,-2.964362388534051540e+00,3.209376997681502974e+00,-5.142061156714193615e+00
7.448899985256614897e+00,3.637886609308999653e+00,-3.314750563344404988e+00,2.582928224105413562e-01,-3.103875231256005396e+00,2.224425423773865429e+00,-5.025930879446684152e+00
5.555906183383740427e+00,7.052990287730872554e-01,-3.747870702135742693e+00,2.647728968882959166e-01,-2.913110914838664023e+00,2.031397198090158174e+00,-2.646278727794223240e+00
-7.116982889921023014e-01,-2.282894201786943356e+00,-4.733365155144674929e+00,2.224403889878111773e+00,-3.357319337492325473e-01,1.614112840711612318e+00,2.984857427814088804e-01
-9.607381832169350488e+00,-1.327332089173550278e+00,-5.008932549576105231e+00,9.118464812793223295e-01,2.851446086135724478e+00,5.611068687334092031e-01,-1.713213155686420963e+00
-9.969829000609356839e+00,-3.401727008446155387e-01,-5.204096986913149259e+00,3.498210639204178962e-01,2.824502768304111733e+00,8.147972128327699570e-01,-1.371124925071232958e+00
-1.030739290300655320e+01,5.679137071840373308e-01,-5.218250145073691115e+00,1.352533916923789048e-01,3.129109662147320226e+00,6.393045996810723386e-01,-1.566505106107713985e+00
-1.008080368234848656e+01,-2.833247834244126961e-01,-5.065523694681463240e+00,7.423017799662083860e-01,2.967548477303945553e+00,5.364379918998928298e-01,-1.783847378863372191e+00
-1.004448346747539844e+01,-4.582527052371917486e-01,-5.034166073372300154e+00,3.113043123709782201e-01,2.828365003740083594e+00,4.334223058147505525e-01,-1.326852868956835518e+00
-1.038100845793382376e+01,5.789421236194181031e-01,-5.130236237921822706e+00,-1.882448463144728579e-01,3.127343019598780582e+00,3.464128510341373257e-01,-1.163126129509140405e+00
-1.052082311857853547e+01,7.533026510889504479e-01,-5.229806309312888146e+00,-2.386720559633645142e-02,3.006820019823266410e+00,4.490698069410151150e-01,-1.265624065578940138e+00
1.292160969537371784e+01,6.110180770760569757e+00,-1.344249810543071577e+00,-3.854509132494645662e+00,-2.193885007151355371e+00,4.732680926578258784e+00,2.715098727357471708e-01
1.421410368574128746e+01,6.074739763554309668e+00,-1.454482640132944482e+00,-4.540219048976062766e+00,-3.208514849932019075e+00,5.929773892380925560e+00,1.249785281824624394e-01
1.537369568522810326e+01,6.461137843052781271e+00,-1.038354810489569902e+00,-2.977518584223376674e+00,-3.213814973438122280e+00,4.448610769186614355e+00,-9.905146136120354106e-01
1.610830536609117658e+01,9.092083603200096675e+00,-1.061946301102774548e+00,-4.062432382285915189e+00,-2.824073606124080982e+00,6.058116345543383297e+00,7.532025443228020922e-01
1.435932261365977780e+01,7.578715902520092307e+00,-1.745831487936179149e+00,-4.506589252894812603e+00,-3.240413441782741266e+00,6.154820165947021415e+00,3.730571195149987584e-01
1.301540757343758514e+01,2.381687321300149929e+00,-9.552312216748602980e-01,-2.878892742418031947e+00,-3.288439774348843159e+00,2.623043156555285194e+00,-2.464541595688724218e+00
1.391623875438829927e+01,6.353797161919192860e+00,-1.391959598050677149e+00,-4.591716169601290254e+00,-3.223581032728631612e+00,5.559874481646793321e+00,6.347039219441851232e-01
1.309136519703197976e+01,6.633812148954058685e+00,-1.937521517586836328e+00,-4.483383497168291321e+00,-2.877196328190041896e+00,5.436656709057265502e+00,6.220844151876649963e-01
1.374062834612329986e+01,3.443222558631622743e+00,-1.003304588882765191e+00,-3.363156453948634717e+00,-1.651392350993621250e+00,2.615483753660657218e+00,-3.600312454913471516e+00
1.356643093523621424e+01,5.205587550462166035e+00,-1.500328441902186727e+00,-3.899023652479771229e+00,-3.764631480218960657e+00,4.677423603478553460e+00,9.246498091646399020e-01
1.246022988310176771e+01,4.930826464807887888e+00,-1.748510143048953136e+00,-4.330814864062903169e+00,-3.168075028879667077e+00,5.349880933194236299e+00,1.723319581847087834e-01
1.380989324986301980e+01,3.416837017900713036e+00,-1.402523162594054629e+00,-4.155852446510155396e+00,-2.708934805134666668e+00,4.604633490632887849e+00,-1.334752976906284694e+00
1.339509351342454835e+01,4.324978023595727805e+00,-1.959972336003263260e+00,-3.522940538350299633e+00,-4.050047032126751212e+00,5.260247025805130150e+00,-3.778130689297806710e-01
1.305571147555932043e+01,3.945908304950743073e+00,-1.796722525565041417e+00,-3.767215536104694618e+00,-1.417571670807889594e+00,3.674269540421592595e+00,-8.363847420854074732e-01
1.295357707783777990e+01,4.163589099307564823e+00,-1.581088416826853749e+00,-4.413786424734258418e+00,-2.572309827833639151e+00,4.922574762081683986e+00,-6.468778329809847794e-01
1.350959090052083056e+01,2.450714595508181048e+00,-9.637939525200861501e-01,-2.080963320714340092e+00,-4.016502318216916834e+00,3.292110069167076158e+00,-5.950362781368233600e-01
1.337023634560500440e+01,3.766616782819406151e+00,-1.313348594157121241e+00,-3.692048756444497482e+00,-3.268588255030236756e+00,4.556809724943287954e+00,-4.412824723092418910e-01
1.216586854836705811e+01,3.033876449400597419e+00,-1.826957731302426335e+00,-4.156764283185843567e+00,-4.150990583448695759e+00,5.023959981014455956e+00,-2.554872949395274248e-02
1.256285895131015806e+01,3.932703832177624204e-01,-6.997500208497471341e-01,-1.972869161072474231e+00,-2.837856793493464203e+00,1.432745569603806723e+00,-3.104822693229823294e+00
1.286715575201086637e+01,3.932806704162387756e+00,-1.592022613909503725e+00,-2.860878191229072165e+00,-4.337253613907405381e+00,4.563142580390728398e+00,1.077227508750865148e+00
1.288244736740202434e+01,5.105377054518593027e+00,-1.379286435888968043e+00,-3.520395554889542478e+00,-3.043283418775279525e+00,5.272702420726789185e+00,-2.880800044841329566e-01
1.432108243821257787e+01,2.330722368868785033e+00,-1.033001997898686186e+00,-3.579609828433850005e+00,-2.897393304003231140e+00,3.805676835819326254e+00,-2.140272804887680014e+00
1.486472756081803226e+01,4.148377484088768163e+00,-1.131083321339633851e+00,-2.578290297673954790e+00,-5.183284850423423684e+00,4.919463320431900044e+00,3.073766348161410256e-01
1.410898563628664526e+01,5.495177355778847250e+00,-8.110060711485084228e-01,-3.491782324386057290e+00,-2.735189613914731144e+00,4.767158089469004878e+00,-2.599551264082723412e-01
1.379311931873492370e+01,4.554847681838685602e+00,-1.555228380913784125e+00,-4.857138738406179712e+00,-2.799630114352831711e+00,5.267715320070132989e+00,-2.215431864129351336e-01
1.317565336376165774e+01,2.639486012688392336e+00,-1.267613915900790644e+00,-2.329643779342862153e+00,-4.098028343354848779e+00,3.085466391016070009e+00,-2.373006353531547374e-01
1.376404199855779176e+01,3.705168097913477787e+00,-1.509691368677161583e+00,-3.288596674681764753e+00,-2.575876542446104533e+00,3.362599873070915457e+00,-1.733739612021508170e-01
1.325001052260000911e+01,4.229165605556681307e+00,-1.639729007038709829e+00,-4.641865460951951405e+00,-3.268769590284688054e+00,5.411118952972405971e+00,-3.645848003142711513e-01
1.551723798855969250e+01,3.912135551183328008e+00,-7.376198649079039882e-01,-2.316670297953194346e+00,-2.587625158476480447e+00,3.062223659984150803e+00,-1.001607259836108543e+00
1.445138540150223427e+01,4.692366936888693552e+00,-1.130943344711576204e+00,-2.975458071357120371e+00,-2.831632736091823421e+00,4.499190278094305384e+00,1.329369891049075880e+00
1.178792198893761523e+01,3.457168794669976286e+00,-1.339318596932972616e+00,-3.043659241295739282e+00,-3.426669609844629871e+00,4.084841699542963944e+00,6.273634227396062135e-01
1.313165484693810114e+01,2.442334733076051645e+00,-1.387898777995219657e+00,-4.388205930850724634e+00,-2.788657077958321295e+00,4.226151783614872315e+00,-1.062580083442642431e+00
1.240024843351242367e+01,2.868919244302004845e+00,-1.658575665606506711e+00,-3.485767778086647617e+00,-4.670105955325550617e+00,4.348447827373533414e+00,5.326570915495668634e-01
1.275422158768516212e+01,3.719420516424923218e+00,-1.325431230851328968e+00,-2.973495850047768396e+00,-2.985782022691735538e+00,3.872394411281103288e+00,-1.865838777357671230e+00
1.410018679887536841e+01,3.439990213568739019e+00,-1.006611257103880774e+00,-4.287788923663869767e+00,-3.315969355338913349e+00,4.137140309524443005e+00,-1.276026113105714455e+00
1.275989375228673595e+01,2.657868418666992749e+00,-1.290818088287534415e+00,-2.653473088228604837e+00,-4.942728684904936109e+00,3.992465356310197944e+00,4.492621289987873689e-01
1.483306200786662465e+01,5.183029551669127599e+00,-9.080003908213184483e-01,-3.441617996628634657e+00,-3.582095736787981544e+00,5.074102198875864111e+00,-1.445280324789276483e+00
1.523740798402893937e+01,5.019968393126956308e+00,-1.409762123197165096e+00,-5.084987158689957099e+00,-3.729616466869560387e+00,5.897430302456589502e+00,-7.211310253939777759e-01
1.415263087764939520e+01,4.552416597356049976e+00,-2.060381194646818681e+00,-3.742732350292794496e+00,-2.833671293642091360e+00,4.896275423662781456e+00,4.501891310706968713e-02
1.345740743766502767e+01,4.383084610990036545e+00,-2.068515101217635266e+00,-3.255467797256955897e+00,-1.055225080746891253e+00,3.697950763371288030e+00,2.037802069826687504e-02
1.300855758167718967e+01,3.647362165020757718e+00,-1.739093755411914355e+00,-4.129491811712382443e+00,-3.542413394495150136e+00,4.888030688703175919e+00,-1.142853046697623609e-01
1.358745747258084258e+01,2.483264373262960678e+00,-1.259730987866850116e+00,-2.313264468819749009e+00,-5.158423802321358664e+00,3.213070841244134002e+00,-8.799110380930019737e-01
1.468279868721177728e+01,4.936303926183395419e+00,-1.183827146855019885e+00,-2.769726675430394636e+00,-3.297101035047200313e+00,4.319189266438254293e+00,-5.662677753278054782e-01
1.476543319401525167e+01,5.573836599372403278e+00,-1.065161624679610730e+00,-4.031911697377050352e+00,-3.868855308171731622e+00,5.841017925664045762e+00,-4.401767488980630749e-01
1.780850013080536698e+01,7.255936457713870524e+00,-9.767928598168412746e-01,-2.492125873265706115e+00,-4.613187074174031288e+00,5.604973714268265184e+00,-4.166413069860728791e-01
1.603920299712914499e+01,7.247286164613440995e+00,-1.452397709280140115e+00,-2.725707323220432521e+00,-3.790634135755174050e+00,5.879283589508033536e+00,4.100303078629923825e-01
1.224602498482805046e+01,2.911614583928807232e+00,-2.176701761612785280e+00,-3.648979424507372116e+00,-1.738603102840215797e+00,4.120106428760482942e+00,-6.718996926869857944e-01
9.926409184014653775e+00,1.503529560346831495e+00,-3.195392625114870100e+00,5.511787038980871245e-02,-4.824069969945830927e+00,1.720340775827932100e+00,-3.955183964784832362e+00
9.905320975959174490e+00,3.131418190221749054e+00,-3.144775428302007736e+00,1.015789804359126247e-01,-3.976284091433326839e+00,1.922540221393031823e+00,-4.731524540902470655e+00
9.737233729562152718e+00,3.032438579444663329e+00,-2.774438573745945824e+00,2.722791857429065487e-01,-3.607986022225595502e+00,1.970746191726716834e+00,-5.130858845250961586e+00
9.021157768731194793e+00,1.745509245577437030e+00,-3.028997129229753504e+00,3.070640297070128533e-01,-3.439187667569300721e+00,2.317190025350537308e+00,-3.411611905804851297e+00
8.998631345167812157e+00,2.648372730299943800e+00,-3.646399758513553024e+00,-3.693321134952620537e-03,-4.302992885544444590e+00,2.680898330160507825e+00,-2.466445115149484391e+00
9.427127525963875598e+00,1.903560334497820250e+00,-3.157610304906652843e+00,-7.227703357274130325e-02,-4.341659901164420354e+00,2.871793948428914778e+00,-4.122044374828726987e+00
9.570547372063828107e+00,2.753525671211525694e+00,-3.388648574738215569e+00,-3.844338403682707184e-01,-4.127456681657466042e+00,3.118477086637342133e+00,-3.458278723178819458e+00
9.738114137299715978e+00,2.869617681293630707e+00,-3.474916817826070758e+00,-1.936200237212355457e-01,-3.964654997651594570e+00,2.606394223827870782e+00,-3.400057724603680054e+00
1.043260282577445608e+01,1.944389496971522524e+00,-3.261925833379557105e+00,4.891553047540857513e-01,-4.574110214101303917e+00,2.175721372159809874e+00,-4.854210479624259555e+00
1.033656108115091321e+01,2.898546966465139541e+00,-3.042322412769320028e+00,2.625736966049399546e-01,-4.366468109672148046e+00,2.360601156111352683e+00,-4.558098307302300256e+00
9.626896933848778204e+00,2.647388950830804610e+00,-3.121935395923139289e+00,9.477382925693594862e-02,-4.253225800111998467e+00,2.089085058145561558e+00,-2.951444471723251528e+00
8.493630150772840892e+00,1.908582350030300745e+00,-3.170267332329538501e+00,1.715041484385316506e-01,-3.767244220705196156e+00,2.355075340098296888e+00,-4.183817408654136649e+00
8.933091954013926639e+00,1.389266844658133770e+00,-3.264351752827301834e+00,4.000541147180687873e-01,-4.018769439939484656e+00,1.881470472698711704e+00,-3.500672240059883755e+00
1.028854964927512228e+01,2.310817448833871524e+00,-3.379956757451279437e+00,5.587185798387907243e-02,-5.455966014693812483e+00,2.581016739151789974e+00,-3.729139706013965938e+00
9.634556973001684455e+00,1.683195272181683189e+00,-2.691682269570302655e+00,8.235801945331936436e-01,-4.062920982135587167e+00,1.708046927385458824e+00,-4.827400667113374233e+00
9.797816774034124876e+00,2.562014592393701662e+00,-2.857333708761173874e+00,2.845733010650502437e-01,-3.930166806080821029e+00,2.174520715300919171e+00,-4.368567588156178516e+00
1.098941441349370329e+01,3.679269063722003352e+00,-3.401253017686702851e+00,-1.553488506690996196e-01,-5.298556272320956495e+00,3.158776511555266620e+00,-3.574098292449567005e+00
1.166529802811708727e+01,4.624994748585295135e+00,-2.893437741707427513e+00,-3.405920160376677552e-01,-4.520262652485508070e+00,3.662482016307575972e+00,-4.837390706365733983e+00
1.035649777746466604e+01,2.668941471363237561e+00,-2.759029265304948630e+00,-2.990537208525975710e-02,-3.935563977478120812e+00,2.720285867696614179e+00,-4.232314878026328664e+00
7.246292465133364225e+00,-7.121544086753035518e-01,-3.183867073006320325e+00,6.073637156441754475e-02,-2.870150966014674232e+00,1.618363897430729947e+00,-2.803579185605428403e+00
1.712021009494932189e+00,-4.059542723814879572e+00,-3.437284534575911543e+00,1.303132941826885771e+00,-1.296822491119201670e+00,-1.071549505157308041e-01,-2.409978587939292982e+00
-9.379061648569530618e+00,-1.965245010033393802e+00,-4.878194800079291404e+00,1.298139875908840501e+00,2.690524216229934762e+00,4.296232562722581694e-01,-1.430759651951095890e+00
-9.348130899141937178e+00,-2.011760219900903035e+00,-4.922857138853546921e+00,1.274069572628161673e+00,2.653174774228099331e+00,4.221548369832729408e-01,-1.339133384107495717e+00
-9.900259782062400760e+00,-7.795169042078256005e-01,-5.082097748462073739e+00,8.160289726848828362e-01,2.934195438552532842e+00,6.903662290144032543e-01,-1.806353071007422262e+00
-1.052515078129626502e+01,5.550137768696860041e-01,-5.007324983138069285e+00,-1.486897313785202346e-01,2.903514979328366774e+00,4.526407384534334444e-01,-1.658260289081566308e+00
-1.057076161108290968e+01,9.700985366055761006e-01,-5.025870946779011916e+00,-7.193358336758459703e-01,3.080174658864450521e+00,2.804095391465565301e-01,-1.982859963047368224e+00
-1.045195144330151571e+01,8.948992469121750393e-01,-5.131273650805636244e+00,-5.984161251876998211e-01,3.336589524312493893e+00,2.226570610421231555e-01,-2.586893090673541007e+00
-9.869881947885295048e+00,-5.455152320280938216e-01,-5.056895018011567267e+00,6.406603250514195658e-01,3.093360118335302111e+00,4.930411219866413508e-01,-2.055944334109777394e+00
-9.343541903124462422e+00,-1.608565724838183941e+00,-5.013094751277786365e+00,1.392944790000903543e+00,2.911436147367580052e+00,4.904700607510922850e-01,-1.651678077217940022e+00
-9.493227315794053212e+00,-1.322414746283107512e+00,-4.986070962089857339e+00,1.097355947611771132e+00,2.831106583472413174e+00,4.667985336281464948e-01,-2.197733919567985250e+00
1.077921632073293345e+01,1.355836500424532964e+00,-2.112411465611883976e+00,-3.199011801141729450e+00,-4.106577439262814266e+00,3.109766891222970120e+00,1.071377805313907805e+00
1.189209171754085759e+01,3.826145055533158867e+00,-1.841514596332271880e+00,-3.013999862755821990e+00,-2.816247597589158769e+00,3.606302810922835000e+00,-5.368229934153593286e-01
1.272142379272484369e+01,4.694305934977995420e+00,-2.298481837027544383e+00,-3.987693160440984652e+00,-4.229357015815598864e+00,5.648763194641650998e+00,-3.402586154166586940e-01
1.090937730182847432e+01,1.789047125709276154e+00,-1.814427393979866299e+00,-2.390493179447264804e+00,-3.188493236671240183e+00,2.738555870009321325e+00,-2.236865752360019943e+00
9.978696893153202296e+00,4.384548571533630756e-01,-1.662430251871348963e+00,-2.356881195667662965e+00,-4.996021488132577737e+00,3.045312656837444454e+00,4.380378874346487206e-01
9.857331050030181174e+00,2.842371376236995761e+00,-1.736566167597772825e+00,-2.334511625982589322e+00,-2.140087309709687968e+00,2.661026861279733424e+00,8.227874586854649896e-01
1.102107056588290668e+01,2.433516281985517615e+00,-2.290160865985761518e+00,-3.911629239701989391e+00,-3.154958640961105676e+00,5.009353674857741190e+00,-2.791744422835020223e-01
1.193199781175560048e+01,1.614835625381747075e+00,-1.174089020658226845e+00,-1.728094616173250442e+00,-3.351777063046719185e+00,2.303122574175120008e+00,-2.403465098539828038e+00
1.391255757432596418e+01,4.506860780078458362e+00,-1.347286233007694900e+00,-3.374656085217921042e+00,-3.876575843576139047e+00,4.787419479012219981e+00,2.015202882475444213e+00
1.365447284276973505e+01,6.205935225881304085e+00,-1.679518111876040054e+00,-3.371718587367897424e+00,-3.337190372947418382e+00,5.603551062106258307e+00,7.513502357841153056e-01
1.370370159369444352e+01,4.086622018568543346e+00,-2.126427118463980470e+00,-3.828289072976121865e+00,-3.221389634072298058e+00,5.028546774637332462e+00,-3.235432414848672389e-01
1.316858652063681490e+01,3.458937651532431268e+00,-1.654417469368087534e+00,-2.280657694915481759e+00,-4.665351686819623644e+00,3.905779871164004380e+00,1.129955645360094962e+00
1.402437110412827792e+01,6.209879336558118190e+00,-1.774832125561108365e+00,-2.526662104936702846e+00,-3.911746698195291305e+00,4.713595300843902436e+00,-3.303012540642623063e-01
1.334617720203771540e+01,4.694731931916015455e+00,-2.261682121317814875e+00,-4.219744337098043196e+00,-4.567532221262269765e+00,5.916702432662431121e+00,-1.262382564456143164e-01
1.202375578757560604e+01,8.407069660056181171e-01,-1.260386341722749215e+00,-2.271342459380802925e+00,-4.385112756252784294e+00,2.264419020975200425e+00,-1.565687350270948075e+00
1.235308757136771085e+01,4.679711322516386218e+00,-1.595998256482606292e+00,-3.840166605780630071e+00,-3.497821760383160949e+00,4.939632091631655619e+00,4.018751760563730735e-01
1.315936259935179464e+01,4.958323193899839332e+00,-2.051924283467423393e+00,-3.861303776855122383e+00,-3.923671399234303081e+00,5.489151914981886371e+00,4.531067895143114366e-01
1.372304291670477383e+01,2.875130411262158070e+00,-1.499290212134312794e+00,-3.067646516617230645e+00,-2.778473386120455579e+00,3.590613399615853574e+00,-2.110879471321851497e+00
1.265409144199075087e+01,3.383528622479095027e+00,-1.619487367538215761e+00,-2.635106191482845084e+00,-4.322835558993245009e+00,3.888257010228148403e+00,8.059061482028004875e-01
1.312705536764694791e+01,4.341246151169291245e+00,-1.372053921739779137e+00,-3.728161538652177587e+00,-3.468327871316519317e+00,4.623277780928779279e+00,-7.881866478870385162e-01
1.522422126544706877e+01,6.723502423076239687e+00,-1.567191231229082993e+00,-4.218431819379621750e+00,-3.490939932427205239e+00,5.508755049247300306e+00,-2.403966195175515796e+00
1.477717980055416191e+01,8.312169193706656856e+00,-1.927078348817875986e+00,-3.703504390596493945e+00,-4.249734354425219962e+00,6.230530978948853438e+00,1.194865396158831583e+00
1.454350635956843618e+01,7.204369884187412865e+00,-1.908862685597149556e+00,-3.540872953956197389e+00,-2.990502069593977907e+00,6.154273614339897058e+00,-4.806998222509443752e-01
1.430449085114741159e+01,5.847730892744153586e+00,-2.352051150722816786e+00,-3.304377089154840075e+00,-2.100345354376489393e+00,5.128112621940801752e+00,-2.999100609826460317e+00
9.709978105805072701e+00,3.661014135618557930e+00,-3.407343804281516064e+00,6.670605568463186530e-02,-4.175925268387469025e+00,3.148811164480199043e+00,-3.856060756587258442e+00
8.318377613665903780e+00,1.742378130106218004e+00,-3.583282937313229333e+00,1.782085163436313013e-01,-5.012296281726247749e+00,2.434129867735862263e+00,-3.275676702142609642e+00
7.176563767988993980e+00,2.638348880260308338e+00,-3.910255625456147133e+00,6.653169284180634547e-04,-4.178901378723850257e+00,2.256061016559874677e+00,-2.699564171582072181e+00
7.608240743456485156e+00,1.652715288129135374e+00,-3.916138306638825561e+00,-1.704515677404829233e-01,-4.702206487036341365e+00,2.573196123146106906e+00,-3.740120477462461679e+00
7.624951080439116957e+00,1.054791657582744735e+00,-3.525775850781878162e+00,-2.456602287840709276e-01,-4.734248456223611790e+00,2.556899667858002712e+00,-3.927031507287593648e+00
8.817209209537939074e+00,2.076515553163994721e+00,-3.210596497081819045e+00,-1.554111607425214814e-01,-5.175596187568797468e+00,2.506097688406110802e+00,-3.797449522813774347e+00
8.516998411907547251e+00,2.081720374939534324e+00,-3.064702435344321962e+00,1.353613163041924028e-01,-4.911249876861341512e+00,2.401185294581003049e+00,-4.949607618290201572e+00
6.933174064292509264e+00,1.202878576306634306e+00,-3.407847193900649607e+00,6.219552707816423248e-02,-4.269368281159717782e+00,1.858964754008910480e+00,-3.738576152619745852e+00
8.362744306951835682e+00,1.691848176723790287e+00,-3.212036779079802784e+00,-1.059058103753950791e-01,-4.748945814920957353e+00,2.504017942511279404e+00,-3.813270080574999721e+00
8.990825517246474163e+00,3.886711741198033643e+00,-3.667856210654665272e+00,-3.476014380193939712e-01,-5.118120502491553481e+00,3.585792099279700107e+00,-4.872176580111916344e+00
7.450482424678201987e+00,3.686032586338250816e+00,-4.035167962109405870e+00,-5.134022575189863824e-01,-4.357742001781002017e+00,3.146366358150820997e+00,-3.211940744665953584e+00
8.981276650778474036e+00,3.372963628404849423e+00,-3.623052105593311811e+00,-3.976081828463534085e-01,-4.565151693100084174e+00,2.875095758237748544e+00,-3.821249192751986712e+00
1.076215131704074146e+01,6.808361481717177810e+00,-3.360586616327897236e+00,2.452619637707835754e-01,-3.557753883686952001e+00,3.432518580503237882e+00,-3.563537392812961890e+00
1.037868409828548977e+01,5.901963715767596597e+00,-3.281595174564413853e+00,4.996569219922418204e-01,-3.975897272831348417e+00,3.050466101510052042e+00,-3.066078556231511154e+00
9.180439102531581241e+00,1.431180235876221563e+00,-3.148502497243599318e+00,-2.562710910943503673e-01,-4.910063304951238550e+00,2.700664581390177510e+00,-3.570876092421027881e+00
9.018944946325348155e+00,1.567348941755855041e+00,-3.437484764459199926e+00,7.352755606699787339e-02,-5.401995938513159956e+00,2.746082590205111806e+00,-4.563890413908967325e+00
9.209589645115531908e+00,3.134707799243129589e+00,-3.669135312799362225e+00,-3.952194718246087590e-01,-5.583359789164423326e+00,3.951608855089250749e+00,-3.620808777302593207e+00
1.048550119901513078e+01,3.476008816476185981e+00,-3.425560357634638731e+00,-2.116370690190451098e-01,-5.935847704230679867e+00,3.675382803513809638e+00,-3.833010286222985563e+00
9.268633913339831665e+00,2.898661779365518498e+00,-3.403577407210724548e+00,2.798272363714172234e-02,-4.721277835941469547e+00,3.188046186062712728e+00,-4.865704010520356171e+00
8.772072042675622683e+00,3.299858846460767214e+00,-3.602261771080811581e+00,-1.812095268204110821e-01,-5.043757929034655696e+00,3.224735346584528983e+00,-4.315917684711074287e+00
8.940816701976713077e+00,3.793192442719817592e+00,-3.931987159922893493e+00,-3.117626205617466395e-01,-5.052587899660665904e+00,3.501528792624623687e+00,-3.279357894417611163e+00
6.643735828132119714e+00,1.647773205319029488e+00,-4.123870522273785255e+00,3.160344702527302374e-01,-4.058686617717788714e+00,2.694020331218859532e+00,-2.627424930606033548e+00
2.792375956323719377e-01,-4.154962534287808262e-01,-4.557424279893294461e+00,2.465815994690486956e+00,-1.436220229492677802e+00,1.963372790359730891e+00,-1.587333500039710410e-01
-9.873400071031028347e+00,-7.330308732527508475e-01,-4.962279385508836960e+00,1.919205391071461486e+00,1.514914238615808317e+00,-2.186770661326456755e-01,-9.973697152178929715e-01
-9.898294616791549316e+00,-3.382648303680412805e-01,-5.071664389613286694e+00,1.700182978398204758e+00,1.553264877330875704e+00,-3.887826381604779502e-02,-4.947233127662961638e-01
-1.015749416849374853e+01,4.478711659727533378e-01,-5.308836290815660774e+00,7.377892138718495918e-01,1.357213528685965009e+00,-1.926414133203184498e-01,-9.664534763137019313e-01
-9.659541312384074985e+00,-8.322716914630429175e-01,-5.059168040199563343e+00,1.256732688668916742e+00,1.746115374274447518e+00,-6.876472191003919487e-01,-1.730252441669460906e+00
-9.817428480020367942e+00,-1.480253946142262023e-01,-5.130035587843511102e+00,1.297618178664843080e+00,2.132919766630169356e+00,-6.164625571219197742e-01,-1.493903009960590555e+00
-1.002257493994011028e+01,7.001981973716375762e-02,-5.134924314148435087e+00,1.219050504298062609e+00,2.025158776141273709e+00,-5.010848378072028098e-01,-9.214422861777905593e-01
-9.926684757155504357e+00,-3.132295399183048223e-01,-5.170845822943608283e+00,1.331141666682193581e+00,1.806908074918346818e+00,-5.100079043546479340e-01,-8.333622803421919523e-01
-1.031171416297588728e+01,7.699786516192648200e-01,-5.215296043608129928e+00,3.580102068241108326e-01,1.928429804068842568e+00,-5.827679613819930493e-01,-1.126908732757593512e+00
-1.011554482712820402e+01,7.117940500802120152e-01,-5.173826023301139720e+00,4.098398526954194487e-01,2.093639303958126696e+00,-5.516958984487507767e-01,-1.085112138652368330e+00
-1.038269943481963153e+01,1.208194577051712626e+00,-5.222409678634335251e+00,1.882561368568044791e-01,1.851570503728073191e+00,-4.660458368280623320e-01,-1.274683222905790947e+00
-1.044361788853451500e+01,1.024051603304118707e+00,-5.200288727882475648e+00,4.629308603595173599e-01,1.647209047041901187e+00,-4.670528811717319373e-01,-1.074392358785806412e+00
-1.039207017436016933e+01,6.201411457239390801e-01,-5.259931223593916627e+00,4.406992132582175370e-01,1.581639168702311471e+00,-5.370054825300152324e-01,-1.105310645566241146e+00
-1.037656459269581077e+01,1.160589913410710494e+00,-5.307040475833217918e+00,3.925748862385343152e-01,2.069526865239694757e+00,-4.851717358187801477e-01,-9.194926457577918821e-01
-9.860218502308361721e+00,-3.266515915325279851e-02,-5.340102276955483340e+00,9.679685124534576079e-01,1.878082118196704453e+00,-6.119501229111656837e-01,-1.517655270479463248e+00
-1.013049713612039682e+01,7.312189267766383560e-01,-5.158167245995125327e+00,4.713972931057184845e-01,1.700598655704196549e+00,-5.226501341414052648e-01,-1.483441539615563354e+00
-4.558216258191156278e+00,-3.888798617808547853e+00,-5.199328190041752507e+00,-4.556083340444920804e-01,-1.059250345450218900e+00,-9.183913697079274518e-01,2.439988948320500839e+00
-7.620045639731584330e+00,1.193311395115535412e+00,-5.528579920604642872e+00,3.589892146482290158e+00,2.334605468569940445e+00,1.006476220986833592e-01,9.085161472505834723e+00
-1.092239450550099100e+01,1.553771086231668708e+00,-4.376410561115807063e+00,2.199734061239340122e+00,1.534204499269979705e+00,-1.670132787644623695e+00,2.824686934952077344e+00
-1.105942484610596921e+01,2.437088457349892323e+00,-4.334441059862363055e+00,1.934015507711507986e+00,1.831605514586785555e+00,-1.857092516349777789e+00,2.660926579691028859e+00
-1.054515274193530061e+01,1.569226677131404291e+00,-4.672766090750931411e+00,9.478874798516598865e-01,8.542802396063187143e-01,-2.564671893016579940e+00,2.760158504597995943e-01
-1.050399968765819203e+01,7.936496957081496939e-01,-4.575482174983010353e+00,9.452830768917449555e-01,5.377778296867821162e-01,-2.511778514147352759e+00,5.611900982163745555e-01
-1.090329776427230613e+01,2.338836177898262481e+00,-4.864511461401898273e+00,2.776150539359258373e-01,8.103227736950858739e-01,-2.380918582870745315e+00,9.548496655274727463e-01
-1.140066889682093709e+01,8.928023707843500745e+00,-4.708245491351997991e+00,8.201067302485418153e+00,4.167210328840562639e+00,5.681144331383887192e+00,1.358882735762365179e+01
-1.003351497430668537e+01,6.597707785693412319e+00,-5.658420403731674320e+00,4.365411287019293596e+00,2.431080218037216856e+00,3.460043252246176593e+00,1.036322782660694308e+01
-1.004938830779475012e+01,5.864004607348310749e+00,-6.107649354109924822e+00,6.506354160021643906e+00,4.489096817854862032e+00,3.421979802236870594e+00,1.611273955232282518e+01
-1.041237770445263955e+01,1.361846237774847701e+00,-4.657856094700160376e+00,2.141678689607763086e+00,9.972121435834789827e-01,-1.662577073670075567e+00,2.038152679400322409e+00
-1.042485952388589077e+01,1.448017878339441289e+00,-4.554437016491611701e+00,2.109152706688449008e+00,1.251060891491199589e+00,-1.842855696619790207e+00,1.853098375875057657e+00
-1.109701640223070562e+01,3.489733673233272437e+00,-4.907447866347800058e+00,2.737517801795888994e-01,1.226111686796370615e+00,-2.340943034441657744e+00,6.791744287518651779e-01
-1.122331847180680775e+01,3.586761189760270252e+00,-4.894660920915231195e+00,-7.654374649924973462e-02,1.169017738692957886e+00,-2.610246122467375862e+00,4.330015262784386865e-01
-1.102559807847156215e+01,2.967016539439710776e+00,-4.750288574013375786e+00,-3.590719206847498568e-01,1.167453116477764841e+00,-3.095647822694057361e+00,1.673599634302193329e-01
-1.098767878149633859e+01,3.021874348083619655e+00,-4.777574405963180837e+00,-1.904357715232223580e-01,1.024918643336225621e+00,-2.798206356136977213e+00,2.940144425654197535e-01
-1.126665210701651887e+01,3.480060534393035532e+00,-4.811846657380016268e+00,-7.448063322382455498e-01,1.127387484086205260e+00,-2.707347341222331671e+00,6.894754567012456592e-01
-1.130911003632036760e+01,3.666775320589153342e+00,-4.967503244367866166e+00,-8.647337017347168642e-01,1.007368314503331641e+00,-2.562107025573304053e+00,6.534166269340248023e-01
-1.144301780138888525e+01,4.149210218941570716e+00,-5.149870960327788794e+00,-6.102606873533142906e-01,1.186254467661742362e+00,-1.970402847114838263e+00,8.583828824058916673e-01
-1.145001053064317809e+01,3.799021862459282417e+00,-5.197148697821112329e+00,-6.879722218145581936e-01,8.767005611932968678e-01,-2.272389309196451546e+00,7.311869574827231100e-01
-1.185176833087843384e+01,4.211409434801810292e+00,-4.976244622384463412e+00,-1.894334531615323058e+00,7.172525870067218978e-01,-3.084338084840113403e+00,8.813437554421227338e-01
-1.147815696117611850e+01,3.760662646814221688e+00,-4.969978745510761797e+00,-9.998606478032203704e-01,1.026973040610046350e+00,-2.447381043016919833e+00,9.378345547239793634e-01
-5.265190951266578878e+00,1.450867080310300983e+00,-5.307885954125908690e+00,3.167053806882706102e+00,6.652532956583058210e-01,-7.408237932861874153e-01,3.175763485970623634e+00
-1.238475573184898337e+01,6.038937365467544005e+00,-5.062835613874379526e+00,-4.528645310329954654e+00,1.532454456704698043e+00,-3.222508084455061983e+00,7.666107302238678312e-01
-1.271451464154810296e+01,6.764417927883473958e+00,-4.806959239732737643e+00,-7.945907837759778047e+00,5.726218098733788509e-01,-5.864294341422720436e+00,-2.043807818195838011e-01
-1.255939663448330634e+01,6.656904699177441209e+00,-4.869898752970304834e+00,-7.652355690244271536e+00,9.580102206189480274e-01,-5.804276761408260654e+00,-1.518733814402098981e-01
-1.247545431495513135e+01,6.627782095867141621e+00,-4.963868647493771213e+00,-7.419816045325335452e+00,1.093146749257225325e+00,-5.541126623857354438e+00,-1.124902821161682387e-01
-1.240368566756273694e+01,6.268867805402003945e+00,-4.922500084783368202e+00,-7.142085211845592418e+00,9.051698815927832209e-01,-5.529057087330183862e+00,-2.122043650392796688e-01
-1.245036559219274430e+01,6.250066637718031615e+00,-4.841924351488058775e+00,-7.325528505903066367e+00,9.286533050848939652e-01,-5.581937005796110185e+00,-1.980900084306002618e-01
-1.255886661913586799e+01,6.836606798723584788e+00,-4.843761691123846802e+00,-8.372399723504171831e+00,6.557913651118483234e-01,-6.118262263456390571e+00,4.829268732785500090e-02
-1.265037081325498391e+01,6.927668195210593183e+00,-4.902284257322109262e+00,-8.172746630830793890e+00,5.703050121701717101e-01,-5.893779442693547033e+00,8.679768955291296273e-02
-1.282642320325107299e+01,7.059127198145842996e+00,-4.801026401135524146e+00,-8.498348570986360428e+00,6.365301764960398234e-01,-6.126838557518249573e+00,-1.253068234202602826e-01
-1.277388954527214970e+01,6.934493851301169798e+00,-4.875288625140115073e+00,-8.082668606417705348e+00,9.769143282572720910e-01,-5.934287336631945742e+00,1.382411608789032020e-01
-1.271655435139778056e+01,6.788430415574851828e+00,-4.832542950123490222e+00,-8.234244308977839211e+00,9.583966646689879854e-01,-6.134757647294116545e+00,9.581939191981073134e-02
-1.251390939596250895e+01,6.238396516699175720e+00,-4.736994372364343064e+00,-5.815842692828053551e+00,1.457828997067435406e+00,-4.463095570338661666e+00,6.171993335869550013e-01
-1.249334164292149651e+01,6.283351766037535313e+00,-4.871350724497705009e+00,-5.311895572348571903e+00,1.526258425863911583e+00,-4.143128470281413733e+00,4.970689822144515602e-01
-1.268400345489521541e+01,6.741250947428027551e+00,-5.028753173467302773e+00,-7.186669321802816590e+00,8.139513672970860592e-01,-5.391864379304940336e+00,-1.115275127716743586e-01
-1.232259005317833278e+01,6.182797167785626158e+00,-5.007536356653207399e+00,-4.325913314701855583e+00,1.745875126883668527e+00,-3.379268886727432086e+00,9.779905006414835178e-01
-1.240792880536081988e+01,6.330076100177072895e+00,-4.940719586214295411e+00,-4.491593697418137410e+00,1.503526391189696554e+00,-3.534199095041709260e+00,1.098151253663632865e+00
-1.303691932108257312e+01,7.763296773470091061e+00,-4.785095189660711235e+00,-9.757469987293996283e+00,3.666249072951586196e-01,-7.065803992846259263e+00,-9.571480636459250846e-02
-1.291849154527317012e+01,7.730650810601013667e+00,-4.768286476296411891e+00,-9.761711272690963170e+00,3.858710479591228037e-01,-6.917907289208947930e+00,-4.900142192465128249e-02
-1.269951475815622643e+01,7.049850362137614290e+00,-4.741396686763048152e+00,-8.653610703340188337e+00,6.437072738463099908e-01,-6.341799328287683224e+00,-1.742125878178314990e-01
-1.266628181021766686e+01,7.101071734311517503e+00,-4.717676849041659182e+00,-8.694470738275160926e+00,6.449325600718140983e-01,-6.438466843989546717e+00,-7.054050222701935269e-02
-1.267576926492110267e+01,7.127926063281124769e+00,-4.681070508534644681e+00,-8.500498215444446615e+00,8.622801207968391335e-01,-6.260820845439678095e+00,-1.909645590675847771e-01
-1.267780999440743273e+01,6.906648143232364312e+00,-4.838107460800165960e+00,-8.041811174256210393e+00,7.276651868433342552e-01,-5.916752453171890913e+00,-2.631302398289397937e-01
-1.244726532256577833e+01,6.528806912747046276e+00,-4.855684211550050478e+00,-8.090843143165423967e+00,4.216440992688033074e-01,-6.014485702975118642e+00,-1.429146698972057761e-01
-1.261916103870431449e+01,7.053781767294816873e+00,-4.722308831634953741e+00,-8.270840255103918182e+00,8.840515336479620734e-01,-6.066706845746538512e+00,-2.288839302313595003e-01
-1.233589970035276906e+01,6.259561537734765757e+00,-4.810260446293303183e+00,-7.049494021681041112e+00,9.071348950126899569e-01,-5.278407453351186440e+00,-1.451798114096301828e-01
-1.225103864752722416e+01,5.962104686238715701e+00,-4.732713690551441310e+00,-6.679065352403761757e+00,9.064776708177199049e-01,-5.203719160580146053e+00,-8.062330751890788016e-02
-1.265591049067871587e+01,6.854340882437607085e+00,-4.590288727553569537e+00,-8.313201707130390972e+00,6.096229232197406533e-01,-6.149707579669665414e+00,6.576530032019465774e-03
-1.257473328133080237e+01,6.893890614072621048e+00,-4.761455210395318716e+00,-8.619048249198328904e+00,5.121519935678551239e-01,-6.236292916635437500e+00,7.087924448068114169e-02
-1.242441266769615460e+01,6.401279797734332533e+00,-4.919515517537880633e+00,-7.683541233996112219e+00,7.577804168032243881e-01,-5.767382174491382685e+00,2.437008191104899149e-02
-1.240949530920713251e+01,6.211117954136274655e+00,-4.866593398229584366e+00,-7.129025277756268153e+00,9.976411699560462365e-01,-5.409030699728895719e+00,-1.976789649859224673e-01
-1.249132629092165025e+01,6.568839136096052300e+00,-4.693686703317331954e+00,-7.702192548432750918e+00,9.204263166114127204e-01,-5.773967656770985890e+00,-2.496801116014575606e-01
-1.095955907177673438e+01,4.348610076738729013e+00,-5.427451300602190720e+00,1.001215997544353087e+00,3.168353810517304137e+00,1.278197955500496030e-01,4.330414095193555468e+00
-1.091643976204655964e+01,4.002184243271365460e+00,-5.458438675097230686e+00,8.882988728538161460e-01,3.004272000426342348e+00,-1.249109859200489281e-01,3.728844233219120508e+00
-1.202505597143968252e+01,5.505536075796557682e+00,-5.226323850566665818e+00,-4.007459851504771464e+00,1.357040692973093599e+00,-2.997598820141221587e+00,9.649510301842225690e-01
-1.256389064000472189e+01,6.599776545106224468e+00,-4.746451209411777228e+00,-7.775088375541023389e+00,8.140566012090855175e-01,-5.714941755380083421e+00,-1.067084584688763049e-01
-1.266406166130999367e+01,7.070642094647022091e+00,-4.841478639937286665e+00,-8.705568307038801024e+00,7.532037266472543235e-01,-6.480231049031207391e+00,-1.151113968302669606e-02
-1.274587287631607602e+01,7.267588615598071122e+00,-4.869226387907279907e+00,-8.553920269092909479e+00,6.957711996535171917e-01,-6.299347270824546818e+00,-3.713394818601827713e-02
-1.270014178005948402e+01,7.333319766766705605e+00,-4.905340587258210761e+00,-8.497890081520543148e+00,7.212743628476419033e-01,-6.051244199499238086e+00,-7.075865230435436116e-03
-1.268655334406541968e+01,7.174441717386048190e+00,-4.850260833811911532e+00,-8.558337020853455712e+00,5.394581390113785124e-01,-6.240337575848817764e+00,-4.153332423421150776e-02
-1.286364908132449436e+01,7.251222043946548013e+00,-4.839996452288854556e+00,-8.471715389270729091e+00,8.765512710959033615e-01,-6.241808420835809557e+00,-2.291083473524856140e-01
-1.249671088459009027e+01,6.357064553971471632e+00,-4.864705759748975566e+00,-6.906652598264067855e+00,1.151971847429559048e+00,-5.267187479335802891e+00,-2.237714794747261149e-01
-1.267851262054521300e+01,6.718482817440015076e+00,-4.713386909870759034e+00,-8.060060687726638307e+00,8.370110867779773089e-01,-6.130796642169554111e+00,-2.066719849337597947e-01
-1.273859413404800023e+01,6.818082312673698020e+00,-4.892947078803928207e+00,-7.872503312867788594e+00,8.554774724545880504e-01,-5.866630210301758019e+00,-3.888439573578378328e-02
-1.265426730253368959e+01,6.712467957775211325e+00,-4.857549974120990655e+00,-7.392836271866411124e+00,8.948488462935721977e-01,-5.421463034884154375e+00,-1.264628362931710936e-01
-1.264632719174875319e+01,6.749006492308590843e+00,-4.727995376912187631e+00,-7.692887970279519649e+00,8.324829947207356140e-01,-5.602320680570295863e+00,-2.086977522426049919e-02
-4.885781425943394929e+00,7.912063458302324159e-01,-4.486910275453396935e+00,5.689577092197562358e+00,1.965867274312655733e+00,4.224972053516650172e-01,7.432134818313797631e+00
-1.064322586901822199e+01,2.154888474735923154e+00,-5.053444253654610030e+00,2.562594159382957648e-01,1.466339420521554526e+00,-2.802108265179405144e+00,3.060191934405301906e-01
-1.102215158519002891e+01,3.057906448232881935e+00,-5.004341078719257929e+00,-6.055419175405256649e-01,1.370634697361986731e+00,-2.712944201855430393e+00,7.735666583300336852e-01
-1.148766026713433597e+01,4.100184382369157277e+00,-4.941498446620828489e+00,-1.943704090127464257e+00,8.228635277413531846e-01,-3.002078911631214986e+00,7.877022899497664321e-01
-1.144634551783876830e+01,3.829643080027266500e+00,-5.059875976273362497e+00,-8.885371640019200656e-01,6.415539884909334800e-01,-2.380405926711349540e+00,9.816699987202937017e-01
-1.128759788025062605e+01,3.531824961029939480e+00,-5.044989588816614301e+00,-7.149370231095680817e-01,9.436724032002593576e-01,-2.509627968767382811e+00,8.007893919579520681e-01
-1.077298082125495071e+01,4.815766894894106365e+00,-5.262556805502832447e+00,2.044235498001829576e+00,2.598793904389542497e+00,-6.364814246943504283e-01,3.222743182212141289e+00
-1.065832225826974700e+01,4.620131331319985435e+00,-5.173114136520477579e+00,2.870062096687525877e+00,2.684825578187819861e+00,-3.750758547527403564e-01,3.279221278573962728e+00
-8.055265575477577045e+00,-1.608554788044274320e+00,-4.537819976865902660e+00,4.549970004994561279e+00,1.262973077926944132e+00,-5.974217194311493007e-01,2.650252338248368922e+00
-1.123691963246510639e+01,3.393875898683360148e+00,-4.929145430699089836e+00,-2.750305175218501486e+00,1.799276028567003749e+00,-3.193255461504149739e+00,-8.743533285301938740e-01
-1.115504412327600825e+01,3.046116102830845218e+00,-4.814366534824942256e+00,-1.826397882677405216e+00,1.524780974821991597e+00,-2.396626767826821602e+00,-6.185962040046242283e-01
-1.122254199132217600e+01,3.215679891344350061e+00,-4.847935046486486321e+00,-2.161863442542321767e+00,1.591988950477279285e+00,-2.588476798082069763e+00,-4.568782928292522416e-01
-1.183104836247840197e+01,4.957105836482655015e+00,-4.848342413854967781e+00,-4.655005842824844642e+00,1.437606972228273827e+00,-3.886565038942534134e+00,-5.337584449228830463e-01
-1.182707275294191263e+01,5.249713563467042654e+00,-4.869580180024326133e+00,-4.495410339616365825e+00,1.624323999930575191e+00,-3.712274556696037120e+00,-3.611560317703625400e-01
-1.160905879845516786e+01,4.295306749866763418e+00,-4.891634428621154385e+00,-2.621469599465035660e+00,1.961523333328721641e+00,-2.712757998582468577e+00,-8.024000361264953252e-02
-1.141298322923456610e+01,3.743851240724190177e+00,-4.940354261711433992e+00,-2.269977755105818229e+00,1.804014560420658109e+00,-2.567193111670454719e+00,-9.277334999241353131e-02
-1.131337179506130930e+01,3.614883053636724686e+00,-4.932363009481231408e+00,-2.084838079097451669e+00,1.812321870589787887e+00,-2.140896270189962980e+00,2.055033253696371409e-01
-1.105851126574207832e+01,2.402456798928623627e+00,-4.688471377971873189e+00,-9.251339511939427052e-01,1.677707911859818823e+00,-1.981776990500185409e+00,-2.672689412399579800e-01
-1.140212279636554982e+01,3.265340976604949041e+00,-4.842209456075367235e+00,-1.859553346288084885e+00,1.587870439507414577e+00,-2.614647875497873475e+00,-3.880510257135710295e-01
-1.189109203863384501e+01,5.161227613971217210e+00,-4.826880779753524919e+00,-5.098843312291016616e+00,1.477335312680044366e+00,-4.237145227832066929e+00,-3.806467721496697432e-01
-1.143957952787506649e+01,3.720630094766896878e+00,-4.717005682394150412e+00,-2.896789804281580505e+00,1.656933770335257128e+00,-3.021679534009588330e+00,-2.682918045669550056e-01
-1.140646528565183715e+01,3.614518884857813585e+00,-4.745253047826731851e+00,-2.903532064882013763e+00,1.671568698688101096e+00,-3.074329284495767034e+00,-2.999511782145193317e-01
-1.183044887745687390e+01,4.563763528362070332e+00,-4.843441201931993234e+00,-4.676930013954327059e+00,1.122057107170885804e+00,-4.051159037159817622e+00,-4.733896062890939893e-01
-1.141480903390898760e+01,3.607678235429514046e+00,-4.766354915608236986e+00,-3.400771247573510792e+00,1.101130400543803178e+00,-3.382259595374265793e+00,-4.487569109980427684e-01
-1.154430448482870197e+01,4.167661283848951292e+00,-4.873256171061489894e+00,-3.337484686744965234e+00,1.671388184865237880e+00,-3.379356208174508769e+00,-4.276785583527495938e-01
-1.175588686479372491e+01,4.612954932953738485e+00,-4.947265656481964591e+00,-3.979530480169622741e+00,1.652893444274556645e+00,-3.558235301647743931e+00,-5.630252135541286007e-01
-1.182578614093414870e+01,4.579140314812478962e+00,-4.863335834991228346e+00,-4.179941080389201424e+00,1.341445706239133395e+00,-3.629335269664390573e+00,-5.300315835293047950e-01
-1.198028989226859231e+01,4.963261123686637966e+00,-4.819796923855947490e+00,-5.055741298825652486e+00,1.327619845760297679e+00,-4.216131869389947440e+00,-5.285524578804003948e-01
-1.210507689385119612e+01,5.343381011989498219e+00,-4.863254446525946406e+00,-5.827200763414984053e+00,1.150024414241332726e+00,-4.549293454241615464e+00,-5.451182609979878801e-01
-1.221361531299567460e+01,5.872895289054671508e+00,-4.870396542298232490e+00,-6.758841098914742496e+00,7.907737101182138462e-01,-5.008147416408101016e+00,-4.778171360676580770e-01
-1.234319947280580898e+01,6.061255062866618637e+00,-4.878941939901562108e+00,-7.082708921636103661e+00,7.364493257647785063e-01,-5.260916122432460540e+00,-4.583105618672619896e-01
-1.206144125918646992e+01,5.518369051596108577e+00,-4.881258338071239322e+00,-5.858100952615343360e+00,9.642985461061669428e-01,-4.492949535422278373e+00,-3.229650859433046417e-01
-1.209028563171447246e+01,5.259195922850480542e+00,-4.779776162031805775e+00,-5.169459702877920115e+00,1.032632885545319734e+00,-4.149118592176654019e+00,-5.484729502810281598e-01
-1.207144217022501032e+01,5.389823700180479626e+00,-4.772004537594533247e+00,-5.642647263277432934e+00,1.240608648772445921e+00,-4.582398156231657360e+00,-5.728894550919216844e-01
-1.188040761715871163e+01,4.842879679266815174e+00,-4.778563388714398563e+00,-5.302572670511250585e+00,1.239336840616020119e+00,-4.403879335208541690e+00,-4.737493143870542545e-01
-1.193820871192012767e+01,5.309162835835367744e+00,-4.851171654389331955e+00,-5.741181053035724347e+00,1.244703291974369241e+00,-4.642449516654528985e+00,-4.310609466737624906e-01
-1.184114549203809830e+01,5.006057811632397936e+00,-4.884227156537693126e+00,-4.791528513471571493e+00,1.517892666018327619e+00,-4.088936408483240470e+00,-5.103307980199014438e-01
-1.157070505199568977e+01,4.179742967934397591e+00,-4.853647662066736146e+00,-4.298328391414993455e+00,1.339575466311405005e+00,-4.023352947311723327e+00,-6.503528129340225838e-01
-1.183634762727886880e+01,4.855513259086817968e+00,-4.781978924697789068e+00,-5.356048078236545607e+00,1.064862287099264559e+00,-4.602099754808278931e+00,-5.668254344581942217e-01
-1.191668900509683482e+01,5.282701203509291510e+00,-4.750221787290962894e+00,-6.235876357693213912e+00,1.166842274954679848e+00,-5.138739038589617891e+00,-5.449039501010543018e-01
-1.161314236028531610e+01,4.166290078094613492e+00,-4.820643050653059980e+00,-4.296083512723416042e+00,1.399266109885152876e+00,-4.018079611347084246e+00,-6.398337352047732685e-01
-1.145448951990404218e+01,3.631430591610306458e+00,-4.875040177998821278e+00,-4.054355470551559648e+00,1.123253712407179750e+00,-3.986879325122748785e+00,-6.396034977608701100e-01
-1.175140440431029099e+01,4.616501140392209379e+00,-4.909461765016466472e+00,-4.503675366864300145e+00,1.260039518365565492e+00,-3.767213845550468232e+00,-2.080690366543622161e-01
-1.184792178598772416e+01,5.104145630144598655e+00,-4.788685921206308649e+00,-5.138041828277379430e+00,1.447084838848205379e+00,-4.226011979601867807e+00,-3.247142468716500141e-01
-1.202041218982946980e+01,5.250478367843860461e+00,-4.756109734827473012e+00,-5.986498991482808840e+00,1.054153669098345736e+00,-4.889774277323712504e+00,-5.919530775691124180e-01
-1.178495463807366583e+01,4.636248459325180704e+00,-4.747885045850558150e+00,-4.356328926388514766e+00,1.228413081069865020e+00,-3.719779285932320878e+00,-4.527135388569218932e-01
-1.172757786020379633e+01,4.698509757576429635e+00,-4.776419740039314021e+00,-4.490531753735782949e+00,1.291306542763057896e+00,-3.750931465753449601e+00,-2.838681743974364458e-01
-1.192057916060195488e+01,5.093855254573574243e+00,-4.904269300998910452e+00,-4.687327918118777248e+00,1.381894091013129877e+00,-3.799544621075202855e+00,-2.943582198509134273e-01
-1.183907497740355375e+01,4.796843210939718993e+00,-4.896604715201509528e+00,-4.354229306594636029e+00,1.402698924950261272e+00,-3.733917809474364802e+00,-5.248009896268185370e-01
-1.175796847370518883e+01,4.558853622330504507e+00,-4.987127417237590343e+00,-3.776310036252056523e+00,1.429701717881688650e+00,-3.273207383593937259e+00,-6.083716652996559171e-01
-1.176109893438302834e+01,4.670177513410794568e+00,-5.097078706104269941e+00,-3.769014964178932559e+00,1.340677507326497375e+00,-3.091314410176059013e+00,-2.915198258126904807e-01
-1.165923217960001423e+01,4.430302878591899862e+00,-4.981282972952103094e+00,-4.095806370041812805e+00,1.353592706753094843e+00,-3.718419795700044439e+00,-4.229315141424919711e-01
-1.164793110365549822e+01,4.550316621485284152e+00,-5.004464792214899482e+00,-4.104922023815600340e+00,1.736447000353872783e+00,-3.727129303029600216e+00,-4.338998763405275683e-01
-8.109639702580151877e+00,2.075107307636495424e+00,-5.946070320837649525e+00,5.239081965703500821e+00,3.918142556152077294e+00,1.974534779332695056e+00,7.613545090400650750e+00
-1.002180368881912820e+01,5.714465815421235773e-01,-4.890845568896878603e+00,2.671240178157619827e+00,1.818132056066318114e+00,-1.501890119146747304e+00,8.486737305174454349e-01
-1.107422135410843822e+01,2.634921270474173127e+00,-5.145181695264593458e+00,3.930404355841418118e-01,7.623083777910490966e-01,-2.154217415020866166e+00,8.616384125089865398e-01
-1.138441777152540091e+01,4.146984617203270496e+00,-5.225762944310852198e+00,-1.114785221609204680e+00,1.195120361079870186e+00,-2.608883864797445717e+00,6.829669695383145944e-01
-1.143949583292526206e+01,4.257887568852745552e+00,-5.269357001273470509e+00,-1.362923391750870739e+00,1.279062326756750023e+00,-2.731440573399472438e+00,5.699114388350943194e-01
-1.166989325440387582e+01,4.583476655178602144e+00,-5.262133554834984572e+00,-2.184011990540977610e+00,9.877732228982231133e-01,-3.112765199041002795e+00,5.563067156921316370e-01
-1.145330584191000156e+01,3.949218010841832882e+00,-5.149007435042901371e+00,-1.541774788133205787e+00,1.193811603600869020e+00,-2.918484266849078246e+00,4.685952800556900111e-01
-1.130677027972031468e+01,3.718240433790557020e+00,-5.099467494409485546e+00,-1.257969241210289413e+00,1.236800937215339680e+00,-2.729475750809472689e+00,5.408265478145902749e-01
1.391954544204840616e+01,9.637814273568025669e+00,-1.545623038429762564e-01,4.882249204069908366e+00,1.798456469033379745e+00,-2.526018514096377565e+00,4.601486881914310656e-01
1.617881438509246195e+01,8.206790747672101816e+00,5.775327534464557155e-01,3.778164766904865690e+00,1.181660015767632466e+00,-3.021040004317743222e+00,2.485806962980690482e+00
1.591307123344486030e+01,8.466952542532551362e+00,1.432527565001311176e+00,3.778012345307938169e+00,2.235498714394829278e+00,-3.264457203072792524e+00,8.031792217074416040e-01
1.580481471921682690e+01,8.264865402781397918e+00,2.140389767485860073e+00,3.599120440080605388e+00,2.576340164904717067e+00,-3.027916319189147831e+00,3.134020380415284968e-01
1.495244021036289261e+01,5.080338241116199249e+00,6.943309683951298661e-01,1.726252835064696400e+00,1.629693820334647603e+00,-2.892600701936176133e+00,1.641215428292834622e+00
1.408786475868751253e+01,8.071686856142873623e+00,-1.209356130371219001e-01,3.671877867887146429e+00,2.419127289672053926e+00,-2.422501020818378148e+00,-4.224260610791246151e-01
1.708850470638766339e+01,9.730755282396058803e+00,4.447458191539153116e-01,4.064131074131012156e+00,1.466967063708726871e+00,-2.436375238095588536e+00,9.247191293477314833e-01
1.765028029926715547e+01,9.029647150627818419e+00,1.243249110882808983e+00,3.647382656626022790e+00,1.199456800207320040e+00,-2.828258803634576157e+00,1.520414814885010513e+00
1.641770212249217309e+01,1.069315222937456156e+01,2.020336263715344582e+00,4.835800007424605695e+00,2.448617632604294769e+00,-3.196425237738790948e+00,-6.551303786300812781e-01
1.838549520172194462e+01,8.102001943111471149e+00,2.047167287443944605e+00,2.757165095933162391e+00,1.642473968625258296e+00,-2.126309688877227266e+00,7.383370872212342562e-01
1.769705282881018604e+01,5.704509746923740465e+00,1.066146611123578669e+00,1.922598030288289683e+00,2.341340384668251229e+00,-2.788972668511413566e+00,1.199572975187724655e+00
1.467186475654698619e+01,9.242395206248406936e+00,-5.284910395931445848e-01,4.437199753335000274e+00,2.185556346464502031e+00,-3.219399973198525000e+00,-5.145738650127194003e-01
1.740467383108462940e+01,8.516390161459559849e+00,1.711093841068342947e-01,2.701377993087690665e+00,1.523523613196432702e+00,-1.817817603845290897e+00,1.291310788087468131e+00
1.932555038790247792e+01,9.709725186076488157e+00,1.775467884283493225e+00,2.343766037692740056e+00,3.111276780842689327e+00,-2.092964343446408471e+00,6.837616160331062565e-01
1.639097774903168059e+01,1.083107527597261210e+01,2.413558979537899774e+00,5.020615294327773093e+00,3.519518522580316500e+00,-3.183669381174079938e+00,2.147741148058508742e-01
1.794159182811601028e+01,7.840588073331189456e+00,1.650783143855995450e+00,2.169295510597298637e+00,1.689768107508712092e+00,-2.033682239104043443e+00,2.290178754780103354e+00
1.577815597262624081e+01,5.505192768955429194e+00,3.906635512887512984e-01,1.856002094401610236e+00,1.591366133788926218e+00,-2.381789758092801357e+00,3.578858581214415802e-01
1.403868932687121429e+01,6.180583731672260051e+00,-7.284140291638444564e-01,2.946489320878908913e+00,2.309496843063134186e+00,-2.149271837545558839e+00,-4.643054879674303193e-01
1.629139629824279822e+01,5.572495015849139754e+00,4.060637284175223627e-01,1.814920585542754816e+00,1.440255282474623311e+00,-2.450577633054021653e+00,5.475690385294560564e-02
1.536818460393742214e+01,7.296607647992145118e+00,1.473812226152593219e+00,2.379558321764220885e+00,3.105764679158195207e+00,-2.330981251156855283e+00,-8.320502977448485105e-01
1.452269739495287837e+01,7.326587789357522418e+00,1.012396204898060814e+00,2.936585611250339678e+00,1.106123314654003931e+00,-1.758319686944384230e+00,-9.660426532269257294e-01
1.575043888043687268e+01,5.876921212142060646e+00,4.781007026367494750e-01,1.032545107513238802e+00,8.150029506582460170e-01,-1.601296426884574187e+00,-5.065171516955495612e-01
1.451190738304432237e+01,8.405211957700783998e+00,-5.041608723134539671e-01,3.504974342985835989e+00,1.632158039855671872e+00,-2.369699069726375118e+00,-4.957945893721830699e-01
1.632447059598576899e+01,8.356752764996549843e+00,-2.562676636193024771e-01,2.629431305975653999e+00,1.719521875535848343e+00,-1.917178738234896151e+00,-7.826815671484197434e-01
1.805805528636536295e+01,8.616617252600375920e+00,8.953740197300551484e-01,2.430510485181163638e+00,1.918571896928212839e+00,-2.166044344962100521e+00,-1.882757096292692056e-01
1.792764711075628270e+01,1.122102870594905255e+01,2.417018243081699325e+00,4.692541647152016715e+00,3.334494721572162756e+00,-2.329857526634039999e+00,-2.010984694437962794e-01
1.970629151880803320e+01,9.401293770067852051e+00,2.152729926467633614e+00,2.507549825521758091e+00,2.282668770291443661e+00,-1.614712147116519558e+00,1.649571138487516686e+00
1.792265880802056444e+01,8.786901953635304352e+00,4.201658145228792662e-01,1.422612617419882763e+00,1.959303355026079441e+00,-1.040956927142030031e+00,5.726445733641545577e-02
1.437734991620096636e+01,1.038747459796309691e+01,-7.177517253165067723e-01,3.645029018627425899e+00,2.438267005849995783e+00,-2.189690737618559702e+00,8.254622109729118362e-01
1.656470963823838360e+01,8.844184646367535763e+00,5.128536104888256619e-02,2.060120373166843599e+00,1.631170333571847042e+00,-1.704686504495596999e+00,8.002555889773929065e-01
1.673258345043750950e+01,8.925093334046884763e+00,1.377409526498311498e+00,2.358250157137236069e+00,2.496774276624342814e+00,-1.779732069634341496e+00,-1.005807984184041937e+00
1.502550632775391115e+01,9.558796527021007350e+00,1.725660019024267688e+00,3.435908441643645173e+00,2.632260226917739310e+00,-2.772580355162570065e+00,-7.654927866774451084e-02
1.858897502801591628e+01,8.627248537770398684e+00,1.550880517206812970e+00,1.354315533636539115e+00,1.477697453013581352e+00,-1.017687554852803711e+00,9.051979986186718952e-01
1.821630096957263589e+01,9.278023551128205426e+00,8.576671042537309386e-01,2.416565549370352173e+00,1.632075203933170959e+00,-1.245976862719172962e+00,-2.298327203926196216e-01
1.495970732714133433e+01,6.700703129463401631e+00,-6.219131748239504764e-01,2.784549334335784998e+00,1.515318957208013240e+00,-1.822450941614630837e+00,-5.741088056989968047e-01
1.682718017438990543e+01,8.338941552153068315e+00,5.901578030811520659e-01,1.857228639570088324e+00,1.208753819156071385e+00,-1.403743999870213033e+00,1.435967842004008066e+00
1.577607232239092205e+01,1.005518984949950756e+01,2.214786893542646240e+00,3.432744708333279160e+00,3.412371471142237489e+00,-2.268707172684397477e+00,-2.146532873887314063e-01
1.651635796975763171e+01,7.732755338482664165e+00,2.101236605788048717e+00,3.123856248523302792e+00,1.830982707400277132e+00,-2.721949679102077635e+00,1.345383878720591397e+00
1.800340312410888188e+01,7.934167934374651843e+00,1.403296993027990602e+00,2.224309800653590408e+00,1.518035994353189366e+00,-2.300854316282618495e+00,1.490975518539883415e+00
1.480155124583807336e+01,7.971853789243423805e+00,-7.656925335362131657e-02,4.281219011799955787e+00,1.821767452140343746e+00,-2.987373482121792989e+00,-1.368133942856262220e+00
1.380072840812871249e+01,5.150137287643850925e+00,-9.005901968475449326e-01,2.385726804944340529e+00,5.907460328094286117e-01,-1.700664700817743791e+00,-4.598027656132119279e-01
1.509293394640445918e+01,4.898029311370874161e+00,4.686998410746718857e-01,3.014820753846837675e+00,1.505601405799166015e+00,-2.805677217811648472e+00,1.937401594260596660e+00
1.517516848383320571e+01,9.338464248258240730e+00,1.958149461470533259e+00,3.937102635326532152e+00,3.255936899811090690e+00,-2.842363370943875811e+00,-5.703723383704240035e-01
1.786829122780908463e+01,6.827404353369807666e+00,1.800553774986700883e+00,2.508471329890931134e+00,1.485557424029764872e+00,-2.944539133660566410e+00,1.598773346684269292e+00
1.744306160852267951e+01,6.378323583421458665e+00,9.474998694376763897e-01,1.835173247676562092e+00,2.044904611439303022e+00,-2.104379933661272073e+00,1.305350226827125759e+00
1.526367143600875309e+01,7.681310685420659645e+00,1.843615138689546351e-01,4.154816472239311942e+00,2.621243166202002151e+00,-2.714296524925857046e+00,-7.663626998285179015e-01
1.680419266805287037e+01,6.572238953281903662e+00,4.551686394850067985e-01,1.796462606687213137e+00,1.125318901134861438e+00,-1.465689495445319679e+00,1.234947485785516941e+00
1.057849402583323517e+01,3.436921106864284425e+00,-1.142440801671739670e-01,1.979135655750145606e+00,1.006653505898337464e+00,-2.411256144353702557e-01,5.624837147424573969e-01
-1.681870581950209775e+00,2.175859184008045677e+00,-2.354870166784188257e+00,6.867093029141663862e+00,4.594690442315186196e+00,1.051129038099173352e+00,8.794933142883676780e+00
-1.003987866736077272e+01,8.711201428952233261e-01,-4.346008154879701380e+00,1.359673781447358287e+00,2.606796276135142865e+00,-4.919765149736672893e-01,3.054763976590978980e-01
-9.996112037252283145e+00,7.460341485586647892e-01,-4.477066012010637586e+00,1.426625859085432380e+00,1.949422027897198095e+00,-3.192377351979208133e-01,5.344047618962972646e-01
-9.809704642662635976e+00,2.207215512687712433e-01,-4.455949646737384029e+00,1.392657674302907100e+00,2.112693104463320370e+00,-7.206329931673750577e-01,2.928990971009809430e-01
-9.824079773870485255e+00,9.092180530777489444e-01,-4.525741187706297630e+00,1.585640881923030765e+00,2.528563182002934173e+00,-5.416647797136237008e-01,7.607068144797576315e-01
-1.003432188068584452e+01,1.517457426375053764e+00,-4.557663933963893577e+00,1.229389753843184607e+00,2.610919491624068556e+00,-2.855974177180013451e-01,5.804391251543468133e-01
-1.028638874027501871e+01,2.057041718625176152e+00,-4.638366760153005863e+00,6.173212199131382638e-01,2.739789465624292930e+00,-4.659847587426753646e-01,2.974227723198017981e-01
-1.078808909611034395e+01,3.363583565744111326e+00,-4.788552282644745084e+00,-3.819242649024128244e-01,2.698414672924652091e+00,-6.950563152099513697e-01,2.754957227233167938e-01
1.388012497862851014e+01,2.327832692802041414e+00,-1.449770344290059743e-01,1.241538732782711207e+00,1.252809308001276101e+00,-2.456012859005744176e+00,1.351421780471205647e+00
1.165827375147928890e+01,4.638217337369470172e+00,-1.289584179752305548e+00,3.257967221774930255e+00,1.473757846450676423e+00,-3.422552421268844736e+00,-4.799693867510868017e-01
1.241191521970374190e+01,3.567400049126988826e+00,-8.152991975626554533e-01,3.242007471944116759e+00,1.455366627694981263e+00,-3.222642231787408829e+00,-1.390325185590290502e+00
1.516351195614468317e+01,3.933431718786432274e+00,2.590681658868271842e-01,2.143639772833810575e+00,3.977081922004200853e-01,-2.809021907385431227e+00,-3.347763444635616925e-01
1.632930040284326623e+01,6.870832579904281978e+00,1.905599799721840570e+00,3.480105890864564788e+00,2.451575356819982066e+00,-2.682779890965830916e+00,-1.395068491630339302e+00
1.464693085658367444e+01,7.133400988203442594e+00,1.584322174254316762e+00,3.669508162978869947e+00,9.531259506099859502e-01,-2.341402996537680803e+00,-1.843101269815762278e-01
1.485770398563014005e+01,3.810700277345216769e+00,6.551334901553002021e-01,1.652598404416061539e+00,7.109240895006654348e-01,-1.998860426194184914e+00,4.162409652859746512e-01
1.385389844192923725e+01,8.308452681713282217e+00,-5.959174051699592800e-01,4.096464246968602119e+00,1.342296055934161014e+00,-2.441288397215554351e+00,-6.823155591969972678e-01
1.412695061916062755e+01,7.136717196532091911e+00,-6.201930228333562001e-01,3.835595597069702656e+00,1.658097990333475380e+00,-2.327423744120734828e+00,-9.443635381040784704e-01
1.678250423693832261e+01,6.403170698330532318e+00,7.732505047726133673e-01,2.848208415026436402e+00,4.555500740744170551e-01,-2.504197110677897076e+00,-7.594906929800580020e-01
1.684272877158841908e+01,8.950404766151681457e+00,2.037923378874358260e+00,4.035806703897358183e+00,2.567653635587590966e+00,-2.817086790931475626e+00,-1.432797763985508066e+00
1.415314692508172811e+01,8.276245860947012645e+00,1.238437799642851278e+00,3.600706916142692560e+00,1.355099535254185472e+00,-2.108538339656814031e+00,-3.015133619133491538e-01
1.552531204503850404e+01,6.204741496474339257e+00,6.178789302604020817e-01,1.908391332015450859e+00,1.090023508336467106e+00,-1.550152776751982486e+00,1.365704159209867541e+00
1.518692837646774763e+01,9.200652749936258701e+00,1.343341487970975134e-01,4.134879427169710908e+00,1.983887864198807804e+00,-2.290423272748195238e+00,-2.830044207511456800e-01
1.567474835794158317e+01,7.211128473544983208e+00,1.309349180685557001e-01,4.109468701621736386e+00,3.108277142834872553e+00,-3.501601701497067509e+00,-6.110509212582690974e-01
1.672138080388197068e+01,6.038245610997270418e+00,2.807512003121910849e-01,2.851644717031050380e+00,1.597085718620452788e+00,-2.815862774561227688e+00,5.287442910593260770e-01
1.599656836563098139e+01,8.713047609166737928e+00,1.723628948440037334e+00,3.040199130689383633e+00,2.487913141286567154e+00,-2.168786231392203057e+00,-9.499557903248921631e-02
1.446466537698475463e+01,9.660950745563434694e+00,1.973935847295586132e+00,4.925321480514841532e+00,3.301659493413387825e+00,-3.411833922542301778e+00,7.782688865092215469e-01
1.602394657019349822e+01,7.475342126564183509e+00,8.923447161148244655e-01,2.090699442673435104e+00,1.436571804977049505e+00,-1.743294002823958300e+00,1.834082811191970475e+00
1.577098263368916164e+01,6.624426801735479486e+00,4.793312139206047928e-01,2.275968515461772146e+00,2.526136436641977845e+00,-2.220411689907882291e+00,7.413657086323868217e-01
1.462180834412460229e+01,9.453702486069301969e+00,-4.545107861071900901e-01,3.714697767862329858e+00,2.288726571259247056e+00,-2.463832366336494495e+00,-9.673207390750586665e-01
1.383559016049683166e+01,7.319669316333564879e+00,-1.109877077486183472e+00,2.392688109079411429e+00,1.064209795172524453e+00,-1.318017530755267952e+00,-2.118232455628390187e-01
1.349111076790439157e+01,4.846999210247019185e+00,1.617351060185471257e-01,1.944535268122159044e+00,1.043260432504065083e+00,-2.430771456980922451e+00,1.257989089530168858e+00
1.285913819731637808e+01,7.959207100280133673e+00,1.290262913735857664e+00,3.696225845825908962e+00,3.070759509154775468e+00,-3.022364566999872437e+00,3.087083148691719958e-01
1.480471801263978371e+01,7.967956377790358147e+00,1.736916277268876874e+00,3.889627758098506138e+00,2.445041963905425053e+00,-3.300585661560901052e+00,1.505478061883084084e+00
1.770445018279336935e+01,7.684800002051697554e+00,1.318759789454798215e+00,1.964640161781565864e+00,2.117288709895197574e+00,-1.754975839796619086e+00,1.999228928992139664e+00
1.648892531619065238e+01,9.397267400480997068e+00,3.743520467287513726e-02,3.502155707628125114e+00,2.223596480796877550e+00,-1.591785142005028186e+00,2.775312526544699843e-01
1.390734564864186673e+01,8.481399275319517983e+00,-9.047940977153284825e-01,3.813331420943555816e+00,1.353854069408974681e+00,-1.840516359418394199e+00,7.183182608333368302e-01
1.503696987475002977e+01,7.400050831757694070e+00,-6.249725084926216478e-01,2.001697127532866105e+00,-1.326326534721672390e-01,-8.377700460203008070e-01,3.554646022438402442e-01
1.616832325240510571e+01,8.205076097889151043e+00,9.591523476362837641e-01,2.706155506568569180e+00,1.627028144313371394e+00,-1.906371395752150200e+00,-7.151772806259648618e-01
1.559706113245751880e+01,1.005550158286649420e+01,2.050984842991451895e+00,4.186071244025575844e+00,2.754890359836242197e+00,-2.857949285692330754e+00,4.241588592231702037e-01
1.689609610726256150e+01,8.515457074786922931e+00,1.336327033327007863e+00,1.917875645159575093e+00,2.130987821253731873e+00,-1.431264692836355712e+00,2.190795656176949713e+00
1.469780802146768650e+01,6.909732566487027050e+00,3.690595912263571615e-02,2.160272601585286445e+00,1.970632884213277869e+00,-1.629385961301245578e+00,6.308363947867472454e-01
1.327977258524052928e+01,7.978616652389053598e+00,-5.123041323313028972e-01,3.840991349073940242e+00,2.334915004587238219e+00,-2.978980907477551288e+00,6.070280151795001133e-01
1.474768651584500923e+01,7.066497950246804827e+00,-4.323258514907472039e-01,2.622702140701755447e+00,9.887135741790301635e-01,-1.954824339193560245e+00,-1.977659310253591374e-01
1.603424482961807485e+01,8.013274345067079807e+00,1.208328556904038509e+00,2.784898824448186705e+00,2.309610999688636923e+00,-2.539551634721551654e+00,-7.770088283628411308e-01
1.439060124696099052e+01,8.416525378559065018e+00,1.778273913342649504e+00,4.087471269259745910e+00,3.063537977912255350e+00,-3.659593858767434149e+00,4.138002696454695650e-01
1.506877117869709437e+01,8.154731711429237251e+00,9.461410401722235575e-01,2.287074868061848676e+00,1.427875057940757753e+00,-1.502447325381900178e+00,1.342313661237366507e+00
1.627526557550969244e+01,9.237222541145262866e+00,4.629554118576341137e-01,2.470523337470110548e+00,2.017422998443660465e+00,-1.174873209228644466e+00,5.749568122181082375e-01
1.471717186897108043e+01,1.043387715444817943e+01,-4.302083614960568458e-01,4.205704170144900722e+00,2.462939772012273210e+00,-2.698934275025159479e+00,4.887283549506047930e-01
1.551719086354273358e+01,7.811534540960576756e+00,-2.549083001892902822e-01,3.240592188927053918e+00,1.416589220183644970e+00,-2.320388150204978128e+00,-2.239223058365012453e-01
1.510179554111831202e+01,6.183006837589215543e+00,8.757507506089140525e-01,2.622723678514609080e+00,1.780402477872678579e+00,-2.952904012249431887e+00,-1.995664315584825543e-01
1.596515407099580131e+01,8.288476028547464125e+00,1.661428284140697320e+00,3.120901184352305791e+00,1.608673806977737542e+00,-2.411259211533248070e+00,-2.131482308790041968e-01
1.727753544911232808e+01,9.432910422258037997e+00,1.569430358641756840e+00,3.109868534422749242e+00,1.013627469564116979e+00,-1.192910517496917899e+00,4.126583935833483263e-01
1.391319405549458388e+01,1.056823445805424555e+01,7.814759985059616110e-01,4.763790509758503156e+00,2.841171712175368569e+00,-1.746401858952413066e+00,1.454683347685961081e+00
1.389026768165115477e+01,9.996156205933642624e+00,1.030700701980720613e+00,4.907506702600136883e+00,3.576650668063330318e+00,-2.651190825048296507e+00,8.025123800678514163e-01
1.565762616470565582e+01,9.554960727730627212e+00,1.184118831455723830e+00,3.872885855323648041e+00,3.652777531594362248e+00,-1.979533437001350427e+00,5.988100382123050514e-01
1.107812313713941244e+01,4.786561735694688124e+00,-1.043938367061204575e+00,2.780358903717338848e+00,2.644459912598970064e+00,-1.347271517934097718e+00,2.949600394905544931e+00
-4.089414462345410506e+00,7.217991282893700955e-01,-5.144745224410277373e+00,5.614709624756658357e+00,1.427392027420214760e+00,3.178766465494496374e-01,5.171951413526017838e+00
-1.040195494696061829e+01,1.341434080755717684e+00,-5.786852309493232482e+00,1.900623710725539484e+00,1.755258003461416028e+00,-1.639930522285780512e+00,-2.574365387543303685e-01
-1.104408876642438564e+01,3.177493272716687578e+00,-5.838132834366912327e+00,2.153541003487897607e-03,1.982517202724773497e+00,-2.139321182678486810e+00,-4.957641178060618881e-01
-1.060803980038734373e+01,1.876542901250413564e+00,-5.834816778349109612e+00,1.004510320238077625e+00,1.907911932442353464e+00,-2.046861529471947883e+00,-1.109157462661681581e+00
-1.068836935171185765e+01,1.766115108808268275e+00,-5.962569975606962558e+00,8.621824688884478505e-01,1.534777155991421616e+00,-2.023094064892050792e+00,-9.333285349079807336e-01
-1.107548921404539044e+01,3.497556273918687175e+00,-5.997838653884207893e+00,-5.281275586606450773e-02,1.633467624217016745e+00,-1.810325108709006869e+00,-2.473179579674607831e-01
-1.127120706225717228e+01,3.887207563099636776e+00,-6.107734759205664332e+00,-1.334053012164595209e-01,1.665234048825685154e+00,-1.644379419906625728e+00,-1.674623132948858950e-01
2.452094207069121978e+01,9.980758166638322493e+00,5.983063083600972831e+00,6.880497513560604461e-02,3.090760530811399232e+00,1.664586709839193768e+00,9.834709761908487780e-01
2.496839328956346549e+01,1.107918461320539194e+01,4.751271426143682142e+00,4.165847650210936504e-01,2.346596477659043778e+00,6.360867641364194025e-01,8.334170001894025681e-01
2.709762429890908209e+01,1.373488133650081977e+01,7.113693390230727331e+00,2.371793493263627539e+00,3.891055427884877904e+00,1.002121154524703517e+00,4.090643172036959596e-01
2.409849129440021542e+01,1.220351561515955652e+01,5.636886727273475728e+00,5.911650894941321566e-01,3.942599044144126541e+00,1.930669312473886068e+00,2.749952657699880731e+00
2.452378516066292846e+01,1.137897395071153994e+01,4.329775729966129028e+00,1.663135670833851387e+00,3.406130420002793091e+00,-1.212567835594840826e+00,1.531430781284693454e+00
2.703287646857834403e+01,1.246845945511981313e+01,7.103605103331652515e+00,1.370130512757444796e+00,5.039162531241851539e+00,9.106726496384864866e-01,-5.092991257836751787e-03
2.274023807473341208e+01,1.097920037334032628e+01,6.071234509842586391e+00,3.747646897041502778e-01,4.720525927587945425e+00,2.252206682970705920e+00,3.067074291875217185e+00
2.432785706934570413e+01,1.088495339007009299e+01,4.766148123936310377e+00,1.029309439960645278e+00,3.757902421101270818e+00,7.505148860123564969e-01,1.408328758490740462e+00
2.526319097483327170e+01,1.130564910165269765e+01,6.037705606886930809e+00,1.170864659497848237e+00,4.192952279801819060e+00,1.102452690138401303e+00,5.823290768384067340e-01
2.153984192684506738e+01,7.622887716127983992e+00,6.425104309430330396e+00,9.127111457153133101e-01,4.393101708946968387e+00,-9.711196969461634021e-01,3.009712703066560024e+00
2.447154858951491718e+01,1.036069630535836161e+01,5.470232641632065018e+00,1.839556991172437872e+00,3.646286409114775751e+00,-1.956798264463376347e+00,2.495507847383948263e+00
2.236311780654991921e+01,1.087092684655472219e+01,4.408960094045957234e+00,5.583890658224011094e-01,4.969473488995360455e+00,1.664852510377504702e+00,9.758729610173741964e-01
2.047144009973959911e+01,1.037151771870801120e+01,5.716867026208590552e+00,1.035350417312941085e+00,5.099860697008013588e+00,-2.703724505528231625e-01,2.990398374227223321e+00
2.253929071990596356e+01,1.188479206582690928e+01,5.484595387340620576e+00,-9.570811425517837534e-02,5.424714154312152203e+00,1.523484274075268263e-01,4.285044426900226355e+00
2.250434067446432707e+01,1.111216220370291730e+01,4.256764801863875292e+00,4.950258659552306956e-02,5.242948772836961702e+00,1.437130115159587884e+00,1.139983184006860606e+00
2.170076082894818725e+01,9.610072153383582005e+00,4.692901663344176910e+00,1.830260278019229636e+00,2.735562314244876170e+00,-6.797657088314944529e-01,1.259999566551314398e+00
1.917538026077805213e+01,9.628128907195995012e+00,4.105125410430594535e+00,3.501766996775958485e-01,3.041027571626444992e+00,6.918839709389453807e-01,3.005268951487017670e+00
1.949550537324218524e+01,1.060592220452656598e+01,2.977501046634898341e+00,1.441162938311604025e+00,3.324948393394953960e+00,5.152183637966496060e-02,1.225208616285039964e+00
2.051131713880264584e+01,1.002465635804979627e+01,3.941449746817351496e+00,8.289745608432859125e-01,3.822087720149459411e+00,1.362000946392499134e+00,1.841760719237363730e+00
1.767806023686235051e+01,8.705256554102701827e+00,4.099334917274250145e+00,1.554797056871495831e-01,4.805851570823814534e+00,5.099159701829322211e-01,3.179412865149454870e+00
2.162277659293950904e+01,1.113849176886614956e+01,3.928415473123698654e+00,1.087585337483897963e+00,3.325766510356499950e+00,-5.725092079629557906e-01,2.227284800513194885e+00
2.123178761509519319e+01,1.117420278536454781e+01,3.937559140580513262e+00,2.470508052388307174e-01,4.612645501527094183e+00,2.001426415976890194e+00,1.469696251064302794e+00
1.942445276229904039e+01,8.786511630048071453e+00,5.282082764356146320e+00,1.573677345668771821e+00,4.816543188820175736e+00,-8.277432476639589032e-01,3.205091431651669875e+00
2.186656255601812404e+01,1.115853503266466973e+01,5.082246408558237505e+00,7.087666464947290912e-01,4.780531432331268427e+00,-5.677606062919718921e-01,3.612086140656860067e+00
2.310887266652949279e+01,1.154325151622910361e+01,4.386247118438605597e+00,-1.710657330102686724e-01,5.002778620904559936e+00,1.767272723898600351e+00,5.471601544234043768e-01
2.378109063587992722e+01,1.059591324944979007e+01,5.976650592886753266e+00,2.314357844481494730e+00,3.060996429926816198e+00,-6.799575899143628366e-01,1.114125705315990977e+00
2.150606444566930975e+01,8.622569114471552609e+00,5.620263685680495058e+00,1.958097829023612846e+00,3.999996317812536617e+00,-1.482585252245787411e+00,3.484025961859678056e+00
2.160810300879378687e+01,8.661325221540399966e+00,3.977675699264441089e+00,1.788548498076182602e-01,3.289999786199285126e+00,6.806571407998720513e-01,9.339498302916315886e-01
2.418832594942482217e+01,9.984964817572311802e+00,6.087314203635793675e+00,1.988728335539958980e+00,3.793591229019198430e+00,-7.664034033524995682e-01,1.120853106852416792e+00
2.092816716841684865e+01,8.182664145881350493e+00,4.965845208145706735e+00,4.375513556475514321e-01,5.149841760687793091e+00,-8.277072443268044255e-01,2.870586792185167546e+00
2.105258752658947685e+01,8.784282101770477524e+00,3.599118927437817472e+00,1.123164342363822454e+00,1.665500890065188200e+00,-1.568356757237174159e+00,2.443233533674826763e+00
2.219659879664049029e+01,9.916694350382895706e+00,4.064796291437932751e+00,3.746009863105302928e-01,3.078605717076378756e+00,1.990083015304318304e+00,-2.283079320423407055e-01
2.252822126283394866e+01,9.184366861855860265e+00,5.602524185052841332e+00,1.110192261122105339e+00,1.969361609713041750e+00,6.096428266327595935e-01,2.504594687932553132e+00
2.382790036204956508e+01,9.876691441009080918e+00,5.558989101560841917e+00,2.675142210755145356e-01,3.199861313922426564e+00,1.300471207576228971e-01,2.825947281672603673e+00
2.267810592042133067e+01,1.099380382099724862e+01,4.832428341457731591e+00,-1.150806761633986486e-01,3.730204718210624826e+00,2.569806423863814526e+00,7.040835389428200530e-01
2.117571853052871589e+01,9.061951297585174814e+00,5.302959084612420604e+00,1.558081481401532686e+00,2.766919698264259875e+00,1.698567870859868101e-01,1.369890955870917360e+00
1.996084823590579660e+01,7.430031335523418434e+00,4.299795156894870907e+00,9.691530754814879911e-01,2.687161128211729366e+00,-5.847743729025155490e-01,2.978367207498842095e+00
2.090323935459113613e+01,8.322706623900593570e+00,3.670249142555645605e+00,6.029147471558796711e-01,2.558830261396048300e+00,2.190208269615990577e+00,1.222975736174813477e+00
2.294275626218693986e+01,8.195308430588042370e+00,5.419609161744642023e+00,8.935378493269954259e-01,2.266231446719799258e+00,3.013991452310306809e-02,3.314903035918519869e+00
2.178060778948184506e+01,9.928759782679643209e+00,4.908616936394785135e+00,-6.857501173199741507e-01,3.285487400509699008e+00,1.056010792000061427e+00,4.133008817826527626e+00
2.276325752881428599e+01,1.150582913356217674e+01,4.467279726202897372e+00,-6.580217492766855802e-02,3.752075186358753367e+00,2.076937635645354607e+00,1.268724313937189319e+00
2.448087187874189397e+01,1.135213893582554334e+01,4.956939817226433398e+00,1.619059078999277590e+00,1.674133785193735457e+00,1.264107277702972265e+00,7.628951161687436144e-01
2.293964467048306233e+01,1.164431397796641576e+01,4.765532271237144180e+00,1.037125557544762433e+00,3.567175980609809560e+00,1.073434512997859525e+00,2.808248162581511220e+00
2.126616753889077316e+01,1.372055162662190675e+01,3.300366211680818118e+00,1.505351185482602716e+00,4.469295318105935166e+00,3.305220999839272311e-01,7.009251255785795554e-01
2.250345852725326168e+01,1.243342583849784333e+01,3.089246590709601392e+00,1.119069232591419993e+00,7.311643789977539498e+00,-1.473062565503610255e+00,1.204118346710213450e+00
1.843992133663637034e+01,1.218174505792731743e+01,3.658531768250753435e-01,4.205978698939731864e+00,3.176507097158372428e+00,-2.632875672440192272e+00,2.684479985014765813e+00
1.579213793227188667e+01,9.000169885460506336e+00,-1.446340310107793403e+00,4.050317124913885181e+00,6.886348297837153742e-01,-1.954465292378454233e+00,1.046211684423324462e+00
1.652641858627301374e+01,9.467326078002086476e+00,-6.688679940387949330e-01,3.883658003071042586e+00,1.203472204104591103e+00,-2.326628466876242474e+00,1.193140471041837181e+00
1.520335974244898836e+01,1.015458089234312844e+01,-8.307662306174266043e-01,4.441200128580648609e+00,1.690567692206893513e+00,-3.139711684287134208e+00,8.532270361554310512e-01
1.284783184450227544e+01,7.704174055902581308e+00,-1.726211129776177744e+00,3.898776419273310534e+00,1.075128005554147448e+00,-3.132949048118212954e+00,1.970673766478553968e-01
1.399761531794111491e+01,7.193720571366428729e+00,-9.232262823763298654e-01,4.231949026777639844e+00,1.200325391614210258e+00,-3.489985523008984014e+00,1.531115830812856404e-01
1.518231415801299988e+01,7.829385170358250434e+00,-7.142012093663696604e-01,4.747508450944087244e+00,2.217891868691181045e+00,-4.056184137720596716e+00,1.746303634700999030e+00
1.440024456127681596e+01,7.732715114293961634e+00,-9.032202882392013077e-01,4.726256406516625930e+00,1.809573668765509291e+00,-3.854563137022278152e+00,9.375733398435858179e-01
1.289844705859962204e+01,4.849559981271012177e+00,-8.926843722334104614e-01,3.872892777650112528e+00,1.165104166548563747e+00,-3.949923440211741354e+00,4.770875342837672117e-01
1.323292700254507892e+01,6.876937027126729163e+00,-1.408473020281547194e+00,3.726335638424836727e+00,1.152639825538770424e+00,-3.555557982485645585e+00,2.204178400314319997e-01
1.387312936032973099e+01,7.584557908159056616e+00,-1.029862005258678881e+00,5.168332868572965033e+00,9.802384445716094685e-01,-3.567766626919643969e+00,8.619183782593485832e-01
1.526457351880879010e+01,7.544447562758078263e+00,-3.904980544382489760e-01,5.171229800922398923e+00,1.175745576735360398e+00,-3.963141912126639799e+00,6.528842610839256100e-01
1.498621545590456527e+01,7.555556302032882421e+00,-7.718261657903129347e-01,4.709568904388026667e+00,1.490726413230262670e+00,-4.214425197181783211e+00,1.200758978356537554e+00
1.256000265810816074e+01,5.546820416723877045e+00,-1.467721035381584604e+00,4.667104516339494857e+00,4.202924346133422029e-01,-3.627545343908729070e+00,1.226515039009032915e+00
1.258010707994479205e+01,4.713364747074528793e+00,-9.875055646824282274e-01,4.109287679486974376e+00,8.993332811715200048e-01,-3.789458840195481848e+00,4.724787539503276235e-01
1.249694708972739221e+01,6.046945418255020854e+00,-1.644072774039928575e+00,3.915670169785365307e+00,6.518728884894071651e-01,-3.102136293580897597e+00,3.489440457152878095e-01
1.179724552710364271e+01,6.031574047930612359e+00,-1.785490905771314196e+00,4.094263636319309896e+00,-1.155170713307224484e-01,-2.887876767574899972e+00,1.166942046960785406e+00
1.322403753654185188e+01,7.941540818780322475e+00,-8.336080375563887923e-01,4.059972307614270193e+00,1.223841924059534847e+00,-3.002886817145621112e+00,5.036095983808570598e-01
1.394128942421405704e+01,8.634141713705956178e+00,-1.304747312240635226e+00,3.847724006562717847e+00,1.604432902995822863e+00,-3.477325731954725274e+00,1.410050940950531295e+00
1.266855608494965146e+01,7.935135637856492785e+00,-2.194860492417876952e+00,3.813393824281460898e+00,8.018070473904678197e-01,-2.578240242025941598e+00,4.843777741221069744e-01
1.288760749951780049e+01,7.222533764069567930e+00,-1.272675895655773548e+00,3.006514661714147607e+00,1.430354525434358814e+00,-3.159121143677033228e+00,-1.006135058089365764e-01
1.405338679278939118e+01,7.872251296078299099e+00,-1.240296884431385305e+00,2.920071027535067198e+00,1.380378022251353309e+00,-3.412713608833529477e+00,6.264144773340029060e-01
8.879334374227017435e+00,5.452449501907197238e+00,-3.093867954018597377e+00,3.445589757902472350e+00,1.579357597349570153e+00,-2.807891820765169744e+00,9.550237026532680806e-01
-7.283711116765870797e-01,-9.896002068568187093e-01,-4.783050901536806343e+00,3.657403832343604222e+00,1.342200720745399867e+00,-1.631755979715795668e+00,2.945905297014850710e+00
-9.951037160260803205e+00,9.563285974310750115e-01,-5.967766171627729044e+00,2.270647190974171004e+00,1.869530912305624515e+00,-1.842566384666803891e+00,-5.071944419057687892e-01
-9.975964118160316474e+00,1.122140191352217764e+00,-5.955969297763187065e+00,1.997192257687741890e+00,2.013615560952253691e+00,-1.840281650483636344e+00,-7.230882656654014085e-01
-1.075071183972217170e+01,2.358248881812154085e+00,-6.116284063913395741e+00,7.744350859679243193e-01,1.421249588080155890e+00,-2.007016097613302463e+00,-9.478737522806917060e-01
-1.085775549113348681e+01,2.779231954237573632e+00,-6.121668113991157512e+00,8.368093168539331161e-01,1.477609073938070949e+00,-1.895477106126211675e+00,-6.507867250651959701e-01
-1.091093621259615531e+01,3.042001083433346853e+00,-5.976039620436809585e+00,5.604087740109821025e-01,1.560032380068010704e+00,-1.826375691537818202e+00,-3.941452900335774001e-01
-1.071584729405662983e+01,2.934000816709311898e+00,-6.008438122544136561e+00,5.867032983999270757e-01,1.812146841178789769e+00,-1.983943695190844458e+00,-3.190671797709567215e-01
-1.050396632145579368e+01,2.535364158413929037e+00,-6.055809154543820405e+00,1.263141806912791987e+00,1.812566427985376816e+00,-1.892126405042613424e+00,-1.876200424430175817e-01
-1.018315417813347956e+01,1.375117911589440522e+00,-5.812767977613815695e+00,2.207422484679152141e+00,1.492026958080549193e+00,-1.545154082389178285e+00,-3.068619221864983260e-01
1.896940323371971360e+01,6.127107699961687359e+00,5.134480012396024584e+00,9.210571257638570097e-01,3.489572599405998510e+00,-2.990505954856975124e-01,4.129303616112209419e+00
2.033690936274982164e+01,5.834652594098596268e+00,5.222701962880870852e+00,-5.744452886222889409e-01,3.789599843371704413e+00,-3.337245871603028990e-01,4.116688617986898002e+00
2.012895112942873510e+01,7.156879699449580912e+00,3.671761696655966745e+00,8.629252080967451943e-03,3.454394342546568186e+00,1.171178320013776863e+00,9.090809991814451096e-02
2.178780427261368402e+01,7.056743714703476833e+00,4.426348955365258853e+00,-1.175203614273649527e-01,4.087126098520457163e+00,1.822421722377342457e+00,2.419184398915873169e-01
2.202422692514191738e+01,4.643879776078342125e+00,5.761128824327446551e+00,-2.135967549109533348e+00,5.331973935471068238e+00,1.074160097574699879e+00,1.098211916854590298e+00
2.203663018100662896e+01,4.668168624709247538e+00,4.537683816015983140e+00,-2.729667418822208980e+00,5.855311288404253744e+00,-2.903169609985389310e-01,1.901640662497172674e+00
2.004011559329103775e+01,8.410910122020204938e+00,2.551718922259023081e+00,6.058439227520994175e-01,4.859764743833777878e+00,8.521178289210221690e-01,1.077493040853448325e-01
2.140636107256090526e+01,8.810503650020249822e+00,4.561545130188977559e+00,1.570227323519661544e+00,4.504472470772595827e+00,1.435147668749184313e-01,1.809602623706559887e+00
1.998048688575391552e+01,4.557375149057047103e+00,5.358815685109247440e+00,7.692163601214568880e-01,3.048209769896300436e+00,-3.028590810614937290e-01,2.961550052840520308e+00
2.364183938444652711e+01,7.466288472291514822e+00,4.742108208787658263e+00,1.196820063820788205e+00,2.137535275919560274e+00,-1.400088885544174655e+00,3.499837061615217237e+00
2.252656502641888991e+01,8.487663695971557232e+00,4.755275612716947542e+00,7.468786110189001848e-01,3.557094414885662470e+00,1.824553695800884112e+00,4.457991092955823631e-01
1.806256183811173699e+01,3.749010400669660736e+00,5.468528313817309083e+00,1.026362704390974434e+00,3.266735112058046120e+00,-2.010616471058011556e-01,2.930924810120608459e+00
1.966130378179208904e+01,5.193751275775555065e+00,4.801440150689638031e+00,-3.732062957930921965e-02,4.320655337498383375e+00,-3.368948804046278944e-02,3.948330078893079964e+00
1.916466334309463804e+01,6.871318755327592065e+00,3.281307154692731043e+00,3.351021969067753403e-01,3.057713106159111405e+00,1.018038011618175753e+00,7.806984195293527051e-01
2.114584187068681231e+01,6.843041493386365914e+00,4.573776444794541263e+00,-1.739257316988326751e+00,3.559941460408269531e+00,2.319628756843377104e+00,2.695136480922666777e+00
2.284606637860541767e+01,7.744117043770073927e+00,5.079913619485576959e+00,-2.552370951440178892e+00,4.889741394329706559e+00,2.407837354379913641e+00,1.964186686194845821e+00
2.323844217935435097e+01,7.667357758210829211e+00,3.745950863126351393e+00,-1.685956266006247262e+00,3.506740416126709725e+00,8.266572380551666654e-01,1.411319299297089325e+00
2.147833154381868326e+01,8.573213138722254101e+00,4.298200619692194024e+00,5.934373331900258952e-01,2.765409356536337793e+00,1.990089709023645126e+00,3.429888279779880755e-01
1.984481190481638890e+01,6.310188501967815888e+00,5.312425707162431898e+00,1.672132118759940500e+00,2.664553504433242903e+00,2.803889911687859615e-01,2.725289196123263480e+00
2.514970614690848194e+01,9.568305570806039384e+00,5.523925243178890554e+00,9.714141916551749523e-01,3.215148105507723564e+00,-1.450788096748904452e-02,1.321120842010292673e+00
2.555103203477827734e+01,1.077862855850336565e+01,5.981729807284883016e+00,8.552481162006801974e-01,3.946000325885936633e+00,1.407442869319625478e+00,7.092209247692846663e-01
2.331912539596748246e+01,1.077829788505914976e+01,5.160694163615453967e+00,1.019995648161399870e+00,2.853609536635165700e+00,7.066909538102640331e-01,1.584892419892726556e+00
1.486483640133614337e+01,7.921798631833797621e+00,-9.368691127424573217e-01,4.404177614367731586e+00,1.472514119764895435e+00,-3.597789601364366430e+00,7.202681335269129903e-01
1.361950458048417545e+01,7.083051919503498439e+00,-8.333013832502669249e-01,4.245272324906235184e+00,1.386761986627513599e+00,-3.301075779931034404e+00,1.245121066423198197e+00
1.470441125294468598e+01,7.430139576042364524e+00,-6.224992178127539688e-01,3.784395770315088559e+00,1.685556857169660860e+00,-3.938310252075461815e+00,6.196748742054553061e-01
1.595940812977029388e+01,6.833219708675043691e+00,-1.468492348279437421e+00,3.030158040527890506e+00,2.456106817674587717e+00,-3.118478219947730334e+00,3.341209679581962910e-01
1.584162515278558736e+01,7.343600427981608725e+00,-1.210939666610230336e+00,3.665254163075629901e+00,2.477369041855955523e+00,-2.482042111987198485e+00,1.318039827468655001e-01
1.458881326865304118e+01,7.517553620214406429e+00,-8.705129329184472242e-01,3.336946265878266704e+00,7.190959702626870120e-01,-1.496545881589991911e+00,8.455690410096546039e-02
1.328651830975900161e+01,6.095531793329335812e+00,-1.792058154908901635e+00,2.613067062747384206e+00,-2.104212360234262724e-01,-1.561794680441983107e+00,-2.674148087912629479e-01
1.433043923662880736e+01,7.180260979508512165e+00,-1.497011960340634440e+00,2.915383159753274001e+00,1.052811620503779216e-01,-1.576704729115502079e+00,-1.158198819315496841e+00
1.480499905706861696e+01,6.368326339177248663e+00,-7.904455330080099040e-01,2.021213029425930507e+00,2.663498750557612427e-01,-1.526697829077716895e+00,-1.830486750914455119e+00
1.366263717364820174e+01,4.940835657038306294e+00,-8.465815331572120739e-01,1.745256006288896433e+00,1.452121230271365304e+00,-2.075534334648200474e+00,-5.310256685691232548e-01
1.347149661330925419e+01,5.728625110109287100e+00,-1.441134926688840023e+00,1.763694885254347922e+00,1.590027766182461333e+00,-1.554590470741653130e+00,-6.174831681548580420e-01
1.523801454480600448e+01,7.860736369563733561e+00,-9.783900319417619951e-01,1.705481742814868973e+00,1.523708975948682598e+00,-5.200148400517269343e-01,-1.100649462428324288e+00
1.532453237651081501e+01,8.430890347664435680e+00,-9.038951497722103046e-01,2.825361252163258730e+00,1.396640101050549365e+00,-2.009030650550284403e+00,-2.010487357914220174e-01
1.466602526415652896e+01,7.207183658747571720e+00,-1.660432583146949082e+00,2.904890669256905422e+00,3.211302640684935428e-01,-1.627587491334806735e+00,-4.949503559712926104e-01
1.555362432754962398e+01,6.913383733219376381e+00,-7.152352289602752489e-01,3.342704088786951022e+00,9.385411880242245930e-01,-2.986743788597509219e+00,-3.935954251371367452e-01
1.507558922627812414e+01,7.473070594126502542e+00,-9.729517959568587671e-01,3.838166397939634322e+00,1.670260264607189127e+00,-3.351378307921264899e+00,9.438371685328397209e-01
1.573291817714437180e+01,8.224373812764781633e+00,-6.641803388587877999e-01,3.512795881936683351e+00,2.323791213458304306e+00,-2.698495449296379523e+00,-1.305095170546933248e-01
1.560287724127728914e+01,7.833546043821370652e+00,-3.849174178681789571e-01,2.672554127720743633e+00,1.529996965016549693e+00,-1.827688913916845292e+00,-9.438084740666751182e-01
1.604883142892791881e+01,9.397339588647264819e+00,-6.478432984718038301e-02,3.371678735176527386e+00,1.421189354052543985e+00,-1.154050219264320942e+00,-9.128667707223110384e-01
1.664510897788465371e+01,1.162548947995582971e+01,-4.440121455970604258e-01,3.626984081397968573e+00,1.659816006585939752e+00,-4.291759899892144126e-01,-3.766693848645462639e-01
1.720956865713612416e+01,1.072077661389490899e+01,-2.298621450027384105e-01,2.663594350226214491e+00,1.258835673943280886e+00,-6.618832894424108160e-01,-8.052745774674635593e-01
1.657041179937458608e+01,9.459733875998427521e+00,-3.189922850727110459e-01,2.270113810778408237e+00,1.780076190621301624e+00,-9.832492403480674881e-01,-9.264205633258927319e-01
1.551196095022985944e+01,9.105256514582958260e+00,-8.072188208125044007e-01,2.582237549142492039e+00,1.415578905343305882e+00,-1.420586439435494341e+00,-6.888269692231039354e-01
1.549650408825891468e+01,8.173375013463225258e+00,-6.445351482865423476e-01,1.870200556019130156e+00,4.169948794425512584e-01,-4.845034440691775024e-01,-1.176419504140157279e+00
1.098521267728815509e+01,5.578169105609002365e+00,-3.004878597920268568e+00,1.791495963971552863e+00,1.343377772565991224e+00,-1.075188299710126416e-01,2.276410971015669471e+00
-1.089791306269716387e+01,3.067311022962055489e+00,-5.942550793727997771e+00,9.830156887321475079e-01,9.123109605105740316e-01,-2.862420882178623227e+00,-5.576199671249791878e-01
-1.044983702167899153e+01,1.607761450183907481e+00,-5.804929419682799185e+00,2.856012524064335256e+00,9.313723958553380422e-01,-2.239574979422333634e+00,1.367345396508362176e+00
-1.043561312493683602e+01,2.601158562410858632e+00,-5.736113522928036446e+00,3.546048450097994742e+00,1.831698917512150748e+00,-1.654315818705827335e+00,2.555103951328086875e+00
-1.078764492696254429e+01,3.925409371914435397e+00,-5.888559903368922654e+00,1.732756320244937198e+00,1.312375523242331310e+00,-2.154949048742664353e+00,6.428418664829608220e-01
-9.864822693231722894e+00,1.534915571437210913e+00,-6.473819295257970730e+00,4.208389361901049286e-01,3.011305092886372048e+00,-3.241876123259177067e+00,1.774264371092977521e+00
-9.889721607257978775e+00,1.632833964133261428e+00,-6.536937299393815515e+00,7.476238026992622077e-01,3.195374425165958154e+00,-3.138735510536607709e+00,1.655679822913036059e+00
-1.072947148797696570e+01,2.810217155349616025e+00,-5.867883206480962066e+00,1.515804766233262324e+00,1.185575627280882838e+00,-2.926211003747940964e+00,-2.352241827480303360e-01
-1.083417717512472045e+01,2.911796232592048117e+00,-5.950005569444588360e+00,1.453199860129707144e+00,7.321119956314949828e-01,-2.718545166043707439e+00,-9.671628491602175456e-03
-1.104092102016007715e+01,3.584975635831010532e+00,-6.115490695549233635e+00,1.170078498444387938e+00,6.454529912429037841e-01,-2.474587349752462195e+00,1.333169003085175053e-01
-1.117192112791873981e+01,3.920122886400604134e+00,-5.979271682935451970e+00,6.632652236904668097e-01,7.152451073444142660e-01,-2.773158898540364348e+00,3.994840288752629642e-02
-1.031331255928216883e+01,3.207519567483476663e+00,-6.643099160817406812e+00,-1.074352483210723852e+00,3.140683791352605336e+00,-3.714619970600850696e+00,1.474404246152145159e+00
-1.018808229640799645e+01,2.888479839195221555e+00,-6.740079871385838750e+00,-3.619302796710491266e-01,3.335353404295610780e+00,-3.240985218421076564e+00,1.833465889892095690e+00
-1.083979051434377361e+01,3.111109659151816587e+00,-6.102591910402454189e+00,1.373731582859448963e+00,4.869371299053987245e-01,-2.321263422130474208e+00,2.032494210816248453e-02
-1.078326967008629644e+01,3.326496351070014512e+00,-6.148848534984359127e+00,1.729492279906884367e+00,1.088951084691697435e+00,-2.029330540563567098e+00,7.099726661001327932e-02
-1.081622728915990628e+01,3.084706911000593799e+00,-6.058992716810303492e+00,1.603492791083830582e+00,1.111220511203485639e+00,-2.159539174641750936e+00,1.382046824785750604e-02
