-2.401193,0.059627,0.003555,2.401933,-2.159100,-2.568100,0.409000,0.622420,1.792179,0.044742,1442.320561,-35.508854,597.881200,8.793905,5.499367,21.980233,23.771490,25.753988,4.618078,0.554460,4.345646,-9.546644,0.043086,0.001856,9.546742,-9.392700,-9.673300,0.280600,0.122265,0.701851,0.033243,22785.068930,-61.614802,2377.085500,10.619415,6.091649,12.565765,20.047120,19.262710,11.232073,0.756411,4.585181,-0.124212,0.040828,0.001667,0.130750,-0.037927,-0.256090,0.218163,-0.677834,0.606312,0.031417,4.273893,-84.826578,30.919464,7.817950,6.795710,25.238747,12.005802,9.207486,5.515216,0.669151,4.445205,9.845043,0.042281,0.001788,9.845133,9.964713,9.703998,0.260715,-0.024036,0.312324,0.033200,24231.663385,-67.665158,2451.383597,10.611607,6.153833,12.391805,20.631233,18.193346,11.164714,0.771083,4.596327,0.338031,0.587881,0.345604,0.678137,2.366000,-1.457900,3.823900,0.206937,0.954469,0.442183,114.967435,2.274513,131.725587,6.968137,5.963462,359.407577,223.277327,113.230963,47.939828,0.572059,4.343368,0.656292,1.452363,2.109360,1.593763,8.222700,-4.927500,13.150200,0.784954,5.786973,0.980698,635.019836,1.289268,277.864104,7.052611,5.346606,823.505324,635.161441,367.857427,77.356057,0.501839,4.315120,-0.293297,0.618863,0.382991,0.684846,1.601100,-2.991800,4.592900,-0.178104,1.478908,0.471281,117.253526,1.971167,132.131959,7.697265,6.646620,392.422333,203.469689,112.899585,83.102721,0.672850,4.438476,1.505872,1.096044,1.201312,1.862515,8.295610,0.148745,8.146865,2.611518,10.386847,0.746335,867.240796,1.505877,373.351366,8.076511,6.603374,701.757809,379.668847,260.011156,162.978923,0.697544,4.500679,-1.024976,0.008726,0.000076,1.025014,-1.008300,-1.058000,0.049700,-0.566811,0.195293,0.007250,262.663193,-690.505223,255.223400,13.001124,7.038150,2.431575,2.834486,3.291843,3.137356,0.835656,4.664880,-0.538778,0.018329,0.000336,0.539089,-0.507940,-0.611110,0.103170,-0.705005,0.294855,0.015256,72.654353,-261.454299,134.155750,12.876085,7.065728,5.479535,5.037065,5.994424,6.834557,0.781908,4.608912,0.051158,0.008235,0.000068,0.051817,0.072368,0.030702,0.041666,0.123250,-0.343065,0.006625,0.671243,-827.182558,12.735823,11.321575,7.804579,3.323250,2.127157,2.256346,2.069915,0.792208,4.566910,1.159212,0.013509,0.000182,1.159291,1.215202,1.134414,0.080787,0.834195,0.856262,0.010931,335.988788,-367.124307,288.647555,13.169072,6.919940,3.534512,4.065012,4.874576,5.079067,0.820141,4.637893,1.000000
-2.425363,0.050318,0.002532,2.425885,-2.278300,-2.555300,0.277000,0.139641,0.021877,0.039905,1471.229632,-58.967508,603.942550,8.285099,6.125566,24.958630,16.575382,18.130517,5.127371,0.625423,4.395885,-9.538698,0.038407,0.001475,9.538776,-9.404000,-9.648800,0.244800,-0.022912,0.511520,0.029730,22747.060571,-74.660607,2375.161450,11.251823,6.160926,9.294622,18.477675,15.607026,10.384506,0.758018,4.574942,-0.097815,0.028347,0.000804,0.101839,-0.013484,-0.158560,0.145076,0.213786,-0.347230,0.022790,2.592817,-150.399553,24.384532,8.927916,7.043967,15.293457,10.077907,6.863560,4.713121,0.762629,4.535316,9.842869,0.038343,0.001470,9.842943,9.954966,9.717321,0.237645,-0.000904,0.245764,0.030001,24220.883021,-77.781975,2450.906090,11.247800,6.132758,9.077398,18.692431,15.325769,10.451394,0.755675,4.571360,0.281024,0.451722,0.204053,0.532003,1.764800,-0.750860,2.515660,0.174823,-0.072325,0.359247,70.756755,2.408857,106.240670,7.578328,6.125615,255.855751,200.054259,81.343338,42.540644,0.622582,4.393481,0.537362,0.921651,0.849441,1.066864,2.868000,-2.013700,4.881700,-0.051739,-0.186089,0.740306,284.549604,2.709548,215.957490,7.809923,5.538911,391.572827,358.805507,298.572311,51.447563,0.522436,4.266595,-0.269487,0.570429,0.325389,0.630882,1.510800,-1.969500,3.480300,-0.007165,0.321615,0.449020,99.503048,2.456743,124.060327,7.524151,6.683420,363.674563,168.761668,98.496466,62.309844,0.668713,4.400718,1.207879,0.600221,0.360265,1.348791,2.963212,0.136902,2.826310,0.708727,-0.154801,0.489615,454.809407,2.896448,301.067189,9.359642,6.684269,296.024260,235.409673,200.268552,98.013085,0.746549,4.552217,-1.026162,0.008773,0.000077,1.026199,-1.012400,-1.058000,0.045600,-0.496891,-0.056038,0.007325,263.271148,-769.370362,255.512450,12.840001,7.017389,2.455218,3.315733,2.589074,3.693657,0.841489,4.670286,-0.535254,0.017751,0.000315,0.535548,-0.505950,-0.589290,0.083340,-0.538931,-0.427957,0.014977,71.702966,-329.411295,133.269830,12.870332,6.999843,4.835604,6.102864,5.859282,6.702285,0.809065,4.630080,0.043342,0.008316,0.000069,0.044133,0.063596,0.015351,0.048245,-0.235495,-0.036817,0.006753,0.486932,-709.728890,10.793945,11.408825,7.663146,3.141038,2.430911,2.145845,2.384393,0.817544,4.587562,1.158301,0.013549,0.000184,1.158380,1.208799,1.132814,0.075986,0.588281,0.092243,0.011094,335.461046,-385.493647,288.411526,13.163471,6.843926,3.223934,4.930946,4.154920,5.716705,0.780593,4.620342,1.000000
-2.439306,0.046639,0.002175,2.439751,-2.302100,-2.555300,0.253200,0.097174,-0.295217,0.037766,1488.096744,-63.743843,607.386100,8.869800,6.141977,19.854125,15.022923,19.665976,4.556957,0.604910,4.388727,-9.538390,0.034667,0.001202,9.538453,-9.441900,-9.648800,0.206900,-0.214826,0.549536,0.027109,22745.519487,-95.816049,2375.090200,10.706207,6.345347,10.913045,15.712353,14.606819,8.105827,0.758929,4.579586,-0.080198,0.034287,0.001176,0.087219,0.010000,-0.158320,0.168320,0.197751,-0.415096,0.028276,1.901805,-121.214636,20.064200,7.914057,6.998507,19.678984,9.671550,6.592153,4.117381,0.660182,4.391621,9.845857,0.034260,0.001174,9.845917,9.954966,9.763585,0.191381,0.210036,0.277258,0.026457,24235.518036,-104.053455,2451.648661,10.999984,6.194601,9.352004,16.081286,14.436060,8.333800,0.750023,4.568998,0.259758,0.474597,0.225242,0.541032,1.660500,-1.303200,2.963700,0.087208,0.118489,0.378025,73.179029,2.227217,104.662739,7.129829,6.086008,280.968121,179.408094,90.110908,42.676835,0.560468,4.327239,0.466148,0.866240,0.750373,0.983700,2.410400,-2.013700,4.424100,-0.216970,-0.264972,0.697586,241.916617,2.833182,202.952338,7.460453,5.541398,426.321249,286.318075,311.418778,41.446252,0.493873,4.268004,-0.353826,0.477185,0.227706,0.594053,1.312000,-1.442000,2.754000,0.354375,0.147789,0.378348,88.224631,2.283259,122.907563,7.523007,6.664038,310.592929,152.044657,85.406208,51.517516,0.644121,4.410674,1.159419,0.518679,0.269028,1.270150,2.584657,0.136902,2.447755,0.596816,-0.193031,0.418597,403.320277,2.765820,289.073483,9.556257,6.806985,248.391868,180.741388,196.524105,78.887291,0.715484,4.527267,-1.026535,0.008982,0.000081,1.026574,-1.010400,-1.055900,0.045500,-0.601559,0.047911,0.007371,263.463799,-746.574481,255.604850,12.719297,7.075566,2.676686,3.218979,2.648524,3.429248,0.836607,4.653595,-0.535079,0.018061,0.000326,0.535384,-0.505950,-0.585320,0.079370,-0.479186,-0.566798,0.015254,71.658998,-354.786152,133.236080,12.170039,7.047763,5.863287,6.786336,5.842879,6.297786,0.841198,4.651926,0.039299,0.006899,0.000048,0.039900,0.057018,0.015351,0.041667,-0.246901,0.340296,0.005430,0.397994,-870.840762,9.782973,11.976375,7.286318,2.355118,2.618933,2.111234,2.517848,0.811237,4.640974,1.158400,0.013911,0.000194,1.158483,1.200367,1.132814,0.067554,0.551528,-0.310613,0.011497,335.520792,-435.683380,288.439978,12.737524,6.900831,3.876515,5.226122,4.367628,5.385407,0.828014,4.651578,1.000000
-2.435573,0.046354,0.002149,2.436014,-2.289700,-2.579300,0.289600,0.143666,-0.098520,0.036678,1483.541382,-58.666361,606.465350,8.862714,6.051660,21.756248,12.689234,21.995243,5.221025,0.632641,4.416282,-9.539093,0.036237,0.001313,9.539162,-9.441900,-9.647600,0.205700,-0.012816,0.266384,0.028184,22748.903053,-93.708381,2375.273000,10.903616,6.677900,12.427569,14.917179,13.931448,10.086297,0.772125,4.601971,-0.048922,0.043853,0.001923,0.065700,0.095485,-0.157710,0.253195,0.335022,0.056116,0.034760,1.079108,-67.513478,13.984106,6.908438,6.921224,27.251344,8.802886,5.602457,4.559072,0.592963,4.251568,9.845447,0.035465,0.001258,9.845511,9.941612,9.749133,0.192479,-0.043762,0.229583,0.027104,24233.523543,-102.147937,2451.556110,11.004617,6.611960,11.599166,14.913923,13.850056,10.054636,0.786820,4.604703,0.380677,0.603960,0.364768,0.713921,2.220400,-1.303200,3.523600,0.311271,-0.098022,0.489968,127.420651,2.539220,137.835465,6.448754,5.952410,365.918554,172.444026,88.372253,37.279475,0.536040,4.207406,0.800000,1.175164,1.381012,1.421623,4.485100,-4.088500,8.573600,-0.085018,1.579717,0.884755,505.253080,1.794633,277.811465,6.594316,5.683813,649.354673,301.138256,321.116340,49.602520,0.473229,4.173959,-0.420201,0.441950,0.195319,0.609827,0.828150,-1.372900,2.201050,0.359758,0.009846,0.345351,92.972128,2.622066,128.714887,7.691467,6.619988,280.922249,117.156030,95.666446,48.275233,0.668385,4.417934,1.488584,0.828675,0.686702,1.703697,4.681500,0.321223,4.360276,1.298825,1.760973,0.629912,725.645860,2.412241,370.935794,7.511176,6.297987,496.043561,253.450048,230.265644,55.690933,0.591749,4.370187,-1.027388,0.009666,0.000093,1.027433,-1.008300,-1.062100,0.053800,-0.804183,0.512013,0.007738,263.904882,-617.598171,255.826300,12.508074,6.930991,2.601758,4.149420,3.203200,3.002407,0.831638,4.654905,-0.535658,0.018256,0.000333,0.535969,-0.503970,-0.591270,0.087300,-0.592572,-0.220574,0.015103,71.815823,-312.182315,133.383865,12.300126,7.077425,5.285823,7.766460,5.461130,6.132421,0.841792,4.649141,0.031623,0.011212,0.000126,0.033552,0.054825,-0.004386,0.059211,-0.354840,-0.529394,0.009381,0.281432,-529.537274,7.881642,10.020086,7.750147,4.674589,2.664184,2.156069,2.296226,0.756120,4.474917,1.159222,0.014623,0.000214,1.159314,1.208021,1.129271,0.078750,0.788926,0.325685,0.011700,336.002138,-366.817241,288.654443,12.498698,6.910891,3.951896,6.274527,4.874064,4.818604,0.836742,4.652823,1.000000
-2.426188,0.048202,0.002323,2.426667,-2.253300,-2.579300,0.326000,0.147716,0.683828,0.037627,1472.178401,-50.463549,604.179550,9.166536,6.016934,19.924687,13.274584,23.543994,4.841882,0.625347,4.387493,-9.541073,0.038450,0.001478,9.541151,-9.449700,-9.635000,0.185300,0.120783,-0.155882,0.030257,22758.389059,-103.612304,2375.762700,11.106173,6.522357,12.183581,16.788830,13.936890,12.673239,0.785898,4.605761,-0.030706,0.039655,0.001573,0.050154,0.095485,-0.157710,0.253195,-0.008138,0.031445,0.031914,0.628850,-69.797989,10.136458,7.388521,6.839309,22.790853,9.861843,5.676122,4.532648,0.617674,4.304436,9.844966,0.037912,0.001437,9.845039,9.935318,9.749021,0.186297,-0.173995,-0.001205,0.029225,24231.196310,-101.982262,2451.445359,11.061520,6.596262,12.324492,16.509213,13.330381,12.356715,0.766270,4.595659,0.295009,0.650129,0.422667,0.713931,2.220400,-1.693400,3.913800,0.110360,0.032748,0.514029,127.424370,2.526702,141.290091,6.312378,6.053587,368.975914,170.206902,84.327614,33.237836,0.503673,4.135426,0.861756,1.304540,1.701824,1.563473,4.485100,-4.088500,8.573600,-0.417560,1.027142,1.015660,611.111993,1.929756,315.751925,6.590935,5.541006,695.134865,345.800684,383.590569,49.127096,0.460017,4.165589,-0.379741,0.501319,0.251320,0.628907,1.390000,-1.539700,2.929700,0.539273,0.514280,0.391390,98.880967,2.437616,131.406868,6.923987,6.339696,334.037640,119.234098,104.502618,37.507795,0.605406,4.332396,1.630675,0.831005,0.690570,1.830210,4.681500,0.260382,4.421117,1.078577,1.062677,0.653079,837.417330,2.495740,406.547217,8.372777,6.702791,481.294715,272.833502,248.034849,83.728911,0.688440,4.476716,-1.027742,0.010131,0.000103,1.027792,-1.008300,-1.062100,0.053800,-0.627859,-0.095114,0.008255,264.088860,-614.032022,255.911600,12.670411,6.782874,2.761116,3.851784,3.378357,3.855561,0.827180,4.649356,-0.535587,0.018382,0.000338,0.535902,-0.503970,-0.591270,0.087300,-0.555632,-0.373459,0.015393,71.797869,-307.748061,133.369000,12.777878,6.922903,4.595680,7.487753,5.435971,6.490305,0.834391,4.640090,0.016667,0.010670,0.000114,0.019790,0.048246,-0.008772,0.057018,0.325410,0.011220,0.008390,0.097907,-561.387625,4.216039,9.875331,7.750995,5.172821,2.679541,2.170456,2.511059,0.755058,4.501953,1.159186,0.015082,0.000227,1.159284,1.208021,1.129271,0.078750,0.686400,0.101069,0.012173,335.984636,-363.755077,288.644019,12.652142,6.777529,3.901180,6.203028,4.775932,5.727954,0.821562,4.643211,1.000000
-2.418783,0.053855,0.002900,2.419382,-2.240600,-2.567000,0.326400,0.058806,0.522056,0.041410,1463.352654,-46.065987,602.261950,9.147822,5.753661,20.131181,14.675152,27.884399,4.439123,0.607777,4.352711,-9.542645,0.036981,0.001368,9.542717,-9.417000,-9.649500,0.232500,0.304007,0.442205,0.028705,22765.861243,-82.521264,2376.100350,11.443302,6.134708,8.948335,16.054833,14.786574,12.388570,0.762676,4.571687,-0.032632,0.031420,0.000987,0.045300,0.042835,-0.155280,0.198115,-0.458557,1.134593,0.024006,0.513015,-104.612077,9.290607,7.782805,6.719212,19.386894,8.673242,5.387375,4.010383,0.645556,4.372668,9.844676,0.035441,0.001256,9.844740,9.956216,9.745348,0.210868,-0.177425,0.436296,0.027373,24229.726913,-91.714668,2451.303163,11.457167,6.245387,8.984832,16.186057,13.840862,11.937253,0.786690,4.600569,0.104545,0.528084,0.278873,0.538333,1.261800,-2.074000,3.335800,-0.885872,1.707453,0.390045,72.450701,2.128316,103.899731,7.118449,6.179884,304.640056,169.852599,112.274086,36.461019,0.594787,4.315182,0.529553,1.229843,1.512514,1.339008,3.203700,-3.432500,6.636200,-0.428675,-0.001406,0.987693,448.235282,2.414649,274.539477,7.350131,5.567365,599.575116,335.685172,471.249889,56.301357,0.494313,4.231957,-0.357916,0.492085,0.242147,0.608482,1.390000,-1.539700,2.929700,0.494516,0.418303,0.392335,92.562711,2.377540,125.432242,7.158658,6.272411,311.475382,127.033703,116.356289,39.746498,0.588031,4.329392,1.424109,0.651851,0.424909,1.566204,3.735997,0.260382,3.475615,0.874784,0.671099,0.516804,613.248695,2.662777,354.286727,10.036309,6.984689,321.603857,251.262585,233.352984,127.674788,0.794846,4.622045,-1.026915,0.009494,0.000090,1.026959,-1.010400,-1.053800,0.043400,-0.535280,-0.378337,0.007839,263.661240,-764.949235,255.700850,12.586005,6.915829,3.083444,3.048416,2.859847,4.262614,0.836739,4.657342,-0.535912,0.018212,0.000332,0.536222,-0.505950,-0.607140,0.101190,-0.627475,0.026587,0.015195,71.883453,-265.228952,133.452315,12.536995,6.973988,5.450409,5.737835,5.326948,7.205193,0.824349,4.621120,0.004149,0.008752,0.000077,0.009686,0.021930,-0.015351,0.037281,0.044777,-0.854855,0.007418,0.023455,-908.655587,1.947377,10.952411,7.945079,3.616628,1.974974,1.763030,2.194684,0.742095,4.484113,1.158475,0.014443,0.000209,1.158565,1.207306,1.135358,0.071949,0.673699,0.040090,0.011721,335.568147,-405.353203,288.463931,12.475186,6.885886,4.644373,4.739125,4.212707,6.593824,0.854131,4.660439,1.000000
-2.398533,0.105403,0.011110,2.400848,-2.001200,-2.628000,0.626800,1.307306,1.942973,0.074377,1441.017339,-16.080039,597.409500,6.680027,6.161305,56.239555,22.377971,25.669162,5.720456,0.527520,4.161296,-9.545596,0.047476,0.002254,9.545714,-9.417000,-9.718400,0.301400,-0.692046,1.438912,0.036116,22780.164234,-55.946221,2376.838450,9.914089,6.863483,22.062022,16.921954,15.160413,13.265144,0.736676,4.551137,-0.051253,0.045346,0.002056,0.068433,0.117510,-0.207690,0.325200,-0.407572,1.677295,0.033166,1.170783,-54.014464,13.896165,7.273928,6.942116,31.034065,9.846734,6.506248,5.458906,0.628370,4.345053,9.843160,0.040067,0.001605,9.843242,10.000615,9.745348,0.255267,0.298148,0.879290,0.031069,24222.352356,-71.329823,2450.973027,11.183552,6.401894,13.129744,16.330346,15.289663,13.122606,0.773183,4.593851,0.114798,0.920704,0.847696,0.927833,4.247900,-3.157700,7.405600,-0.451927,4.683928,0.590281,215.218551,1.531015,154.013496,5.737718,5.615045,615.646901,205.736936,112.753992,46.328969,0.490972,4.134915,0.593992,1.358222,1.844767,1.482428,6.285300,-3.432500,9.717800,0.453158,1.304766,1.043582,549.398527,1.748955,283.624443,6.965438,5.372566,768.078223,447.318838,414.837594,55.904718,0.464689,4.261116,-0.786582,1.641162,2.693412,1.819924,2.044900,-8.771400,10.816300,-2.626259,7.809230,0.973435,828.030664,1.315944,256.319586,4.637059,5.641193,1220.882753,160.468278,121.168501,54.895286,0.404106,3.928789,1.955315,1.596037,2.547333,2.524003,9.293242,0.368401,8.924841,2.442494,6.337810,1.038312,1592.647741,1.518348,486.887633,6.574269,6.604380,1087.210498,292.710233,240.461844,139.117413,0.607024,4.276246,-1.024973,0.011308,0.000128,1.025035,-0.989650,-1.053800,0.064150,0.339505,0.708626,0.008815,262.674235,-487.697601,255.223530,10.788540,7.557606,5.263755,3.287815,2.576925,3.758285,0.773416,4.570310,-0.537047,0.020599,0.000424,0.537442,-0.505950,-0.607140,0.101190,-0.801679,0.276436,0.016704,72.211062,-255.965330,133.698360,11.042704,7.420524,8.730828,7.326437,5.470497,5.875805,0.810100,4.611655,-0.006737,0.009299,0.000086,0.011483,0.017544,-0.041667,0.059211,-0.419098,0.513359,0.007240,0.032962,-551.701371,2.195187,10.449883,7.760983,4.525435,2.922156,2.035932,2.197031,0.750587,4.552427,1.157354,0.014348,0.000206,1.157442,1.207306,1.132167,0.075139,0.696722,0.067622,0.011558,334.918260,-385.122596,288.172623,12.163295,6.879759,4.447399,5.586902,3.826423,5.521327,0.801896,4.625736,1.000000
-2.223458,0.190524,0.036299,2.231606,-1.723400,-2.628000,0.904600,-0.141008,-1.166975,0.171766,1245.016681,-5.429874,553.568350,5.986944,6.313155,88.296983,20.979163,30.876843,8.963615,0.483556,3.967563,-9.584976,0.060897,0.003708,9.585169,-9.452200,-9.738500,0.286300,-0.018349,-0.599439,0.049905,22968.866421,-50.165312,2386.645650,9.649012,7.077021,27.154506,17.756905,17.131429,13.194121,0.757488,4.513576,-0.100392,0.063377,0.004017,0.118723,0.117510,-0.273220,0.390730,-0.079080,0.306814,0.051146,3.523794,-35.496793,25.782863,6.659432,6.696818,40.069785,12.508552,7.869338,5.372266,0.582723,4.237066,9.842144,0.042692,0.001823,9.842237,10.000615,9.740968,0.259647,0.172946,0.539994,0.033276,24217.406896,-68.095580,2450.665322,11.180862,6.511145,15.167874,17.324407,16.969120,13.803447,0.821425,4.639181,0.091236,1.020087,1.040577,1.024159,4.247900,-3.157700,7.405600,-0.273967,2.498562,0.732006,262.225217,1.828497,184.778181,5.438984,5.533424,712.254962,218.801584,116.152814,47.338140,0.462610,4.126584,0.258552,1.482838,2.198809,1.505210,6.285300,-3.996900,10.282200,0.264042,1.547043,1.103234,566.414483,1.743181,280.618492,6.830378,5.434392,843.522215,474.818932,455.243275,61.489191,0.475911,4.253016,-0.788020,1.773687,3.145966,1.940861,2.551400,-8.771400,11.322800,-1.929232,5.236928,1.136148,941.735499,1.508346,307.371753,5.249400,6.279234,1326.984107,169.884612,138.949554,88.986599,0.447044,4.003457,2.101690,1.632299,2.664398,2.661109,9.293242,0.124268,9.168974,2.098442,4.827680,1.133863,1770.375199,1.724322,523.586456,6.223001,6.327719,1087.164127,326.988312,218.779099,123.463012,0.561698,4.221943,-1.013642,0.015295,0.000234,1.013758,-0.987580,-1.049700,0.062120,-0.231956,-0.786067,0.012798,256.926193,-460.135766,252.403330,10.527670,7.865696,6.200186,3.535703,3.272358,3.390079,0.747455,4.494665,-0.553254,0.025570,0.000654,0.553845,-0.507940,-0.640870,0.132930,-0.205698,-0.332029,0.020641,76.685941,-175.391424,137.780750,11.200479,7.683803,10.107575,6.344375,6.506122,7.295455,0.792199,4.557694,-0.017053,0.009999,0.000100,0.019768,0.008772,-0.046053,0.054825,-0.196281,-0.145993,0.007992,0.097695,-587.361548,4.296084,10.942883,7.638598,4.064027,2.520275,2.669859,2.719892,0.817238,4.579638,1.155252,0.015208,0.000231,1.155352,1.209264,1.128497,0.080767,0.575031,-0.128286,0.012431,333.709829,-352.764356,287.673415,12.594779,7.088616,4.666031,4.965839,5.159583,5.714469,0.819982,4.645017,1.000000
-2.201018,0.185830,0.034533,2.208849,-1.622400,-2.701900,1.079500,-0.291295,0.047700,0.152610,1219.753686,-3.083269,548.048550,6.134321,5.960282,105.594600,37.255042,32.670992,9.694480,0.524032,4.159030,-9.593312,0.064696,0.004186,9.593530,-9.373700,-9.865100,0.491400,0.216170,1.448182,0.049028,23008.953262,-27.069193,2388.772900,9.085941,6.733401,32.871822,22.109939,19.548440,12.679182,0.710439,4.512203,-0.130922,0.121800,0.014835,0.178818,0.412870,-0.484730,0.897600,0.778048,3.825050,0.081961,7.993973,-8.847646,38.105349,5.301849,5.531072,77.552013,14.897478,9.824297,6.184941,0.415335,3.893936,9.846027,0.050556,0.002556,9.846157,10.022496,9.701079,0.321417,-0.087990,0.447945,0.039593,24236.700920,-49.355136,2451.698053,9.968690,6.640092,23.311388,20.195822,19.430271,12.675079,0.780893,4.615113,0.163010,1.745052,3.045206,1.752649,8.668800,-6.366800,15.035600,0.236181,4.539738,1.124257,767.944479,1.233913,282.015737,5.697388,5.351056,1157.752903,531.668849,169.224424,92.996722,0.499581,4.178862,0.082016,2.210035,4.884257,2.211557,10.618000,-6.163200,16.781200,0.490971,2.800465,1.639942,1222.745789,1.283647,409.794747,6.137408,5.214220,1297.719809,667.888993,476.871136,78.372122,0.455358,4.181394,0.014378,3.366686,11.334577,3.366717,11.410000,-10.553000,21.963000,0.321694,2.863887,2.134353,2833.695914,1.068517,532.126673,4.460809,5.582015,2126.349983,236.737033,166.333191,114.173071,0.349279,3.672171,3.333660,2.860814,8.184258,4.392897,12.940824,0.124268,12.816555,1.604876,2.053042,2.144023,4824.386181,1.641011,831.734493,5.629673,6.284142,1685.304901,379.806440,303.974777,142.499605,0.517315,4.061380,-1.012159,0.013332,0.000178,1.012247,-0.987580,-1.047600,0.060020,-0.285004,-0.420869,0.010582,256.160939,-500.118267,252.026270,10.929764,7.875180,5.709737,3.401393,2.893853,3.554754,0.786938,4.547259,-0.555865,0.023465,0.000551,0.556360,-0.496030,-0.640870,0.144840,-0.206255,0.029677,0.018900,77.384201,-162.541609,138.426635,11.527014,7.557627,9.436308,6.506723,6.026412,7.833571,0.778442,4.585093,-0.011439,0.013957,0.000195,0.018046,0.024123,-0.046053,0.070176,0.105763,-0.462199,0.011554,0.081411,-408.914752,3.689719,9.286748,7.676045,5.886014,2.542970,2.613692,2.397159,0.691138,4.374825,1.155105,0.015474,0.000239,1.155208,1.209264,1.128497,0.080767,0.767107,0.347194,0.012459,333.626551,-350.912826,287.627581,12.727217,7.201032,5.011449,5.036155,4.772584,6.215087,0.847899,4.670491,1.000000
-2.362373,0.124581,0.015520,2.365655,-1.622400,-2.701900,1.079500,1.456410,7.292693,0.084507,1399.081415,-7.336346,588.368650,6.130357,5.617991,80.501019,35.237152,22.475413,6.491705,0.520918,4.239254,-9.555183,0.058506,0.003423,9.555362,-9.373700,-9.865100,0.491400,-0.692033,3.278286,0.043598,22826.237248,-29.103766,2379.227500,9.590195,6.638851,27.387072,21.598995,18.577913,13.555004,0.754031,4.553784,-0.121832,0.119288,0.014230,0.170507,0.412870,-0.484730,0.897600,0.649004,4.153115,0.077727,7.268165,-9.462300,35.785506,5.150559,5.485459,77.133454,14.805140,9.367697,5.535107,0.418233,3.896346,9.845194,0.050054,0.002505,9.845321,10.022496,9.701079,0.321417,-0.004726,0.461518,0.039072,24232.586828,-49.762747,2451.473056,9.950324,6.658563,22.647838,20.203583,17.466698,13.379751,0.796673,4.608802,0.138982,1.681374,2.827018,1.687108,8.668800,-6.366800,15.035600,0.336442,5.687129,0.992389,711.583506,1.143969,246.105545,5.802734,5.373983,1077.014199,497.844710,167.730144,93.900545,0.498842,4.158840,0.455959,2.029592,4.119242,2.080178,10.618000,-6.163200,16.781200,0.299988,4.368009,1.374614,1081.785265,1.207436,366.171332,5.782710,5.086467,1281.437147,621.935502,352.127857,67.557895,0.443888,4.165017,0.042932,3.299478,10.886553,3.299757,11.410000,-10.553000,21.963000,0.322863,3.325989,1.938756,2722.099114,1.009155,482.779772,3.840012,4.835214,2118.603710,204.752533,134.599109,86.776049,0.291232,3.553344,3.019064,2.991174,8.947122,4.249926,12.940824,0.205080,12.735744,1.629265,1.929324,2.298770,4515.467885,1.551298,754.064574,5.273362,6.214959,1748.995690,306.284879,277.682380,126.841926,0.474519,3.959491,-1.022719,0.009906,0.000098,1.022767,-0.995860,-1.047600,0.051740,-0.193144,-0.622094,0.008339,261.513089,-622.119987,254.663160,11.661543,7.363846,4.206464,3.154299,2.648873,4.049627,0.809334,4.638051,-0.540762,0.019769,0.000391,0.541123,-0.496030,-0.589290,0.093260,-0.414991,-0.452271,0.016431,73.203612,-278.928742,134.626035,11.727072,7.356538,7.671310,6.803045,5.201107,6.834983,0.811190,4.629704,-0.004772,0.009975,0.000099,0.011058,0.024123,-0.026316,0.050439,0.367771,-0.303790,0.008110,0.030567,-644.571195,2.296065,9.991904,7.674297,4.603386,2.236623,2.203293,2.378421,0.736803,4.474762,1.157056,0.014485,0.000210,1.157147,1.201002,1.133628,0.067375,0.734266,0.099132,0.011641,334.747268,-431.437710,288.101095,12.671368,6.975378,4.141044,5.124348,4.193463,6.088117,0.798082,4.631435,1.000000
-2.399495,0.043531,0.001895,2.399890,-2.253500,-2.506800,0.253300,0.515097,0.759052,0.033203,1439.867564,-67.938008,597.486900,8.374827,6.191132,22.508938,12.182538,16.624441,4.876957,0.650601,4.425768,-9.543041,0.036993,0.001368,9.543113,-9.441400,-9.661800,0.220400,-0.121892,0.602156,0.028234,22767.749051,-85.520264,2376.209500,11.505158,6.217054,8.315539,17.600723,14.379735,11.686543,0.761155,4.580872,-0.127901,0.035960,0.001293,0.132860,-0.001321,-0.194800,0.193479,0.888085,0.790803,0.027976,4.412973,-104.096136,31.852404,7.337014,6.754981,19.525579,10.528906,5.264355,4.370668,0.625717,4.322344,9.841074,0.037144,0.001380,9.841144,9.971106,9.739007,0.232099,0.031505,0.677308,0.028162,24212.029588,-82.136469,2450.423283,11.389205,6.380467,9.567030,16.219670,14.932314,11.731102,0.768828,4.590037,0.100374,0.384352,0.147727,0.397243,1.520600,-0.916020,2.436620,0.739348,1.413696,0.288723,39.450426,1.694282,72.721288,7.825653,6.286131,219.894282,164.480896,83.638481,39.724196,0.641382,4.426654,0.448635,0.768805,0.591062,0.890132,2.852800,-1.937500,4.790300,-0.132562,0.452912,0.595133,198.083833,2.406753,177.162578,7.621157,5.808358,355.817600,257.399873,250.712841,46.540191,0.524360,4.254956,-0.321738,0.501227,0.251229,0.595604,1.433800,-1.539700,2.973500,0.326555,0.304552,0.392277,88.686086,2.456784,121.345730,6.482163,6.023508,348.043516,120.407887,78.900264,36.256488,0.581609,4.292303,1.038756,0.475255,0.225868,1.142314,2.917530,0.158850,2.758680,0.795491,0.794931,0.371434,326.220344,2.216839,258.125383,9.219622,6.777261,237.107393,176.128465,159.157080,63.967064,0.719673,4.533181,-1.025311,0.009112,0.000083,1.025351,-1.008300,-1.058000,0.049700,-0.460757,-0.201306,0.007699,262.836317,-682.571348,255.301800,12.917648,6.983535,2.550402,3.216635,2.767578,3.614918,0.824666,4.645940,-0.538032,0.019520,0.000381,0.538386,-0.503970,-0.605160,0.101190,-0.612109,0.023365,0.016238,72.464802,-260.491261,133.991075,12.332618,6.912395,6.289864,7.048811,6.637741,7.632947,0.835720,4.659903,-0.008298,0.008130,0.000066,0.011618,0.013158,-0.037281,0.050439,0.031286,0.237542,0.006406,0.033742,-684.701248,2.416680,11.111951,7.495711,3.625941,2.552049,2.149738,2.446245,0.801634,4.609691,1.158066,0.014911,0.000222,1.158162,1.211982,1.133628,0.078355,0.807030,0.684507,0.011832,335.334860,-369.613840,288.367733,12.605549,6.939399,4.621576,5.221101,4.778843,6.278356,0.831841,4.658850,1.000000
-2.414851,0.036222,0.001312,2.415122,-2.302700,-2.507500,0.204800,0.247216,0.253052,0.028656,1458.204110,-93.510408,601.313650,8.719494,6.209643,18.079047,10.656905,15.615146,4.157337,0.678224,4.471416,-9.541201,0.036737,0.001350,9.541272,-9.441400,-9.661800,0.220400,-0.168631,0.584536,0.028029,22758.967479,-85.567431,2375.779450,11.561320,6.212302,8.303658,17.028434,14.801558,10.888069,0.759685,4.578334,-0.145212,0.022823,0.000521,0.146995,-0.074043,-0.207810,0.133767,0.038807,0.391469,0.017532,5.401890,-174.951491,36.155861,9.196618,6.829306,10.750256,10.750028,4.654808,4.661659,0.740146,4.527418,9.843220,0.036240,0.001313,9.843287,9.971106,9.742379,0.228727,0.226448,0.722327,0.027785,24222.573479,-84.042284,2450.985436,11.469441,6.247918,8.819831,16.508330,15.257388,10.749314,0.752235,4.590625,0.152148,0.359716,0.129396,0.390570,1.392900,-0.660120,2.053020,0.621103,0.525253,0.278620,38.136246,1.699889,74.003261,8.099340,6.329942,187.102969,153.968536,79.831221,42.166989,0.657062,4.424245,0.338856,0.686651,0.471490,0.765711,2.242600,-1.937500,4.180100,-0.506973,0.437199,0.538129,146.578338,2.464941,155.652355,7.647930,5.913487,349.871044,226.538710,231.677572,53.599960,0.607272,4.370351,-0.346735,0.424168,0.179918,0.547853,1.433800,-1.539700,2.973500,0.514286,1.737353,0.320636,75.035835,1.832065,111.813744,7.002648,6.257210,284.576837,114.777793,73.451006,34.692110,0.608264,4.346362,0.937752,0.399528,0.159623,1.019314,2.413299,0.077643,2.335656,0.420059,0.158351,0.323598,259.750419,2.038503,233.556345,9.158744,6.716125,204.557079,151.876886,144.367762,59.760658,0.745308,4.561392,-1.026718,0.010045,0.000101,1.026767,-1.008300,-1.058000,0.049700,-0.621407,0.001509,0.008178,263.562691,-664.867384,255.661900,13.300124,6.932058,2.793164,3.268291,3.448530,4.176079,0.844534,4.677166,-0.537158,0.020196,0.000408,0.537538,-0.503970,-0.605160,0.101190,-0.709833,0.268357,0.016487,72.236742,-255.668906,133.771730,12.410986,7.045827,7.063256,6.198803,7.457859,7.655250,0.828367,4.660819,-0.008368,0.007131,0.000051,0.010995,0.008772,-0.037281,0.046053,-0.601528,0.616927,0.005692,0.030221,-762.223266,2.199574,11.814933,7.428404,2.833416,2.408820,2.357362,2.146038,0.848535,4.668934,1.158909,0.015786,0.000249,1.159016,1.212761,1.134563,0.078199,0.918929,0.839934,0.012575,335.829654,-366.951088,288.585302,12.928173,6.937856,4.798961,4.947573,5.760444,6.582225,0.836182,4.669284,1.000000
-2.419588,0.035769,0.001279,2.419852,-2.314600,-2.507700,0.193100,0.122900,-0.130187,0.028709,1463.921379,-103.887048,602.504100,8.310600,6.242340,18.725379,11.050350,13.343671,3.997286,0.643926,4.439553,-9.539569,0.037973,0.001442,9.539644,-9.417300,-9.650100,0.232800,0.017696,0.666807,0.028597,22751.203719,-82.399608,2375.335050,11.518852,6.073124,8.969704,15.697670,18.373125,11.892408,0.791551,4.606342,-0.151464,0.024297,0.000590,0.153401,-0.074043,-0.216210,0.142167,0.171474,0.301659,0.019128,5.882949,-168.231274,37.731430,8.765366,6.848032,13.399818,8.941038,5.401676,4.260499,0.713082,4.502689,9.842900,0.036813,0.001355,9.842969,9.954589,9.722198,0.232391,-0.003716,0.534231,0.028529,24221.008047,-81.711360,2450.871842,11.560079,6.059593,8.929457,14.721170,17.664508,11.751475,0.783326,4.600619,0.145508,0.395620,0.156515,0.421530,1.281900,-0.662150,1.944050,0.377885,-0.293587,0.321131,44.421876,2.278879,82.262361,7.876859,6.471686,215.872667,139.315755,89.915213,38.469840,0.621782,4.379358,0.348010,0.621376,0.386109,0.712193,2.090000,-1.464500,3.554500,-0.007419,-0.083027,0.492297,126.804809,2.642880,139.672201,7.885719,5.993372,312.639666,217.232915,203.380661,59.621509,0.627418,4.391001,-0.418370,0.450588,0.203030,0.614868,0.634940,-2.136700,2.771640,-0.884344,1.802605,0.340251,94.515800,1.945831,118.868535,6.544066,6.315450,311.265648,113.141298,63.783259,38.327603,0.597084,4.294343,0.926165,0.452977,0.205188,1.031004,2.509980,0.077643,2.432337,0.865832,1.036853,0.350626,265.742485,2.246659,230.553002,8.293186,6.855442,264.840946,144.734824,119.065699,58.773459,0.695382,4.470412,-1.026718,0.009734,0.000095,1.026765,-1.008300,-1.058000,0.049700,-0.530413,-0.194030,0.008094,263.561357,-671.861617,255.653700,13.112573,6.941820,2.633166,3.018577,3.315024,3.705537,0.816893,4.643917,-0.535293,0.019365,0.000375,0.535643,-0.501980,-0.611110,0.109130,-0.887567,1.009185,0.015646,71.728365,-243.268326,133.247825,12.377190,7.090479,5.805305,7.310034,6.060082,6.375979,0.819986,4.636583,-0.008877,0.006953,0.000048,0.011276,0.006579,-0.026316,0.032895,-0.275317,-0.368422,0.005614,0.031789,-1105.929819,2.310319,11.348697,7.494350,2.694361,2.165093,2.049323,1.919263,0.821064,4.603597,1.158041,0.015073,0.000227,1.158139,1.212761,1.135391,0.077370,0.918336,0.933266,0.012145,335.321511,-377.131741,288.333567,12.770109,6.920118,4.125297,5.282335,5.282702,5.486091,0.842310,4.655161,1.000000
-2.392568,0.041310,0.001707,2.392925,-2.302300,-2.507700,0.205400,-0.276751,-0.399460,0.033733,1431.522520,-89.135315,595.803300,8.125130,6.468049,19.519872,11.700982,11.652321,5.008033,0.649623,4.367267,-9.544313,0.035996,0.001296,9.544381,-9.417300,-9.625400,0.208100,0.288998,0.824630,0.027904,22773.802547,-95.406060,2376.533750,11.685436,6.166003,7.451355,15.797012,16.555391,10.891159,0.751619,4.587016,-0.143650,0.024621,0.000606,0.145744,-0.075497,-0.216210,0.140713,0.003531,-0.069808,0.019582,5.310356,-165.433646,35.769867,8.619867,6.919379,13.446173,7.938943,5.422371,4.272929,0.699036,4.463879,9.840797,0.035454,0.001257,9.840861,9.927021,9.722198,0.204823,-0.216100,0.514533,0.027453,24210.635424,-95.566357,2450.371264,11.758071,6.086841,7.567822,14.841740,17.139616,10.867199,0.779413,4.597021,0.181059,0.361381,0.130596,0.404201,1.249200,-0.662150,1.911350,0.237845,-0.208534,0.289001,40.844584,2.008553,78.383674,8.029727,6.428924,193.475999,150.905098,71.265914,42.814436,0.636102,4.403038,0.301693,0.603109,0.363740,0.674358,2.090000,-1.312000,3.402000,-0.124294,0.087425,0.473153,113.689706,2.627494,134.675833,7.743320,6.045770,282.245425,205.599718,160.342833,52.042321,0.588433,4.298997,-0.429347,0.423349,0.179225,0.602962,0.335000,-2.136700,2.471700,-1.236122,2.558329,0.314211,90.890849,1.801691,115.413581,6.537363,6.250324,282.566946,106.017414,71.042152,34.516765,0.571102,4.277275,0.890653,0.434094,0.188438,0.990808,2.509980,0.048442,2.461538,1.121031,1.856056,0.331100,245.425139,1.920127,221.914430,8.270504,6.931467,249.056054,142.282141,106.050800,53.426202,0.701539,4.462189,-1.024605,0.008974,0.000081,1.024644,-1.008300,-1.049700,0.041400,-0.370652,-0.612563,0.007681,262.473883,-837.267174,255.126350,12.464406,7.194895,2.838893,3.166408,2.698023,2.928376,0.801250,4.625131,-0.536809,0.019260,0.000371,0.537154,-0.501980,-0.611110,0.109130,-0.771467,0.423274,0.015959,72.133731,-244.890739,133.664570,12.417235,7.040735,5.814449,7.038478,5.799046,7.100893,0.821636,4.635143,-0.006781,0.007168,0.000051,0.009867,0.008772,-0.026316,0.035088,-0.227465,-0.382301,0.005773,0.024340,-1032.650120,1.964921,10.653845,7.401207,3.321980,2.215483,2.128554,1.909228,0.790116,4.591996,1.156863,0.014016,0.000196,1.156948,1.208927,1.134419,0.074508,0.747368,0.593028,0.011390,334.631953,-397.917037,288.058253,12.672200,6.952063,3.985751,5.136062,4.351254,5.134563,0.805589,4.628592,1.000000
-2.381702,0.038104,0.001452,2.382007,-2.290200,-2.507100,0.216900,-0.375497,-0.062575,0.030768,1418.489559,-86.615768,593.044550,8.388029,6.241939,19.848583,11.292083,14.021050,4.267889,0.638441,4.412220,-9.548405,0.034194,0.001169,9.548466,-9.428700,-9.625200,0.196500,0.393297,0.622997,0.026353,22793.302774,-102.468605,2377.531750,11.130663,6.507272,9.820019,16.567482,12.766060,9.579371,0.793651,4.612448,-0.131653,0.030006,0.000900,0.135029,-0.039134,-0.209510,0.170376,0.233035,0.379997,0.023522,4.558217,-124.160661,32.760427,7.780052,6.715589,18.726766,9.210994,5.124130,3.814063,0.654348,4.402032,9.841961,0.034604,0.001197,9.842022,9.927021,9.735497,0.191524,-0.325515,0.408074,0.026934,24216.350549,-102.901763,2450.627736,11.185775,6.470727,9.572189,16.613065,13.805065,9.507563,0.780202,4.607929,0.149499,0.478154,0.228631,0.500980,1.651900,-1.150400,2.802300,0.023064,0.571549,0.369655,62.745242,2.317119,97.372840,6.824495,6.361265,282.505137,154.290135,56.508653,39.855341,0.559914,4.242716,0.390663,0.695658,0.483940,0.797846,2.105300,-1.632300,3.737600,-0.396022,-0.008223,0.553064,159.139465,2.725670,167.147258,7.671448,6.076770,330.958913,191.489875,228.667066,52.224554,0.603990,4.302581,-0.366272,0.382302,0.146154,0.529443,0.835970,-1.338500,2.174470,0.261944,0.713151,0.291434,70.077481,1.879378,109.720461,7.157521,6.189078,256.436057,115.786384,72.418485,32.866307,0.635439,4.385098,1.007923,0.389795,0.151940,1.080671,2.217393,0.048442,2.168950,0.483990,0.295775,0.307485,291.962188,1.968169,250.805628,8.840105,6.637379,196.417934,144.067636,123.607920,53.209038,0.719143,4.509368,-1.024420,0.009525,0.000091,1.024465,-1.008300,-1.060000,0.051700,-0.658661,0.196406,0.007911,262.381969,-651.884702,255.089600,12.505052,7.086776,3.293250,2.927652,3.478836,3.551417,0.831048,4.661152,-0.539571,0.020071,0.000403,0.539945,-0.509920,-0.595240,0.085320,-0.500221,-0.607424,0.017219,72.885031,-311.909781,134.357135,12.593810,6.959672,6.237919,6.820475,6.723044,8.120141,0.818697,4.643656,-0.004982,0.006654,0.000044,0.008313,0.008772,-0.026316,0.035088,-0.369040,-0.268719,0.005392,0.017275,-1046.300174,1.598691,11.594504,7.240004,2.433956,2.429585,2.041717,2.045313,0.797213,4.617181,1.157974,0.015259,0.000233,1.158075,1.207177,1.134419,0.072757,0.695405,0.012868,0.012521,335.284275,-395.420369,288.345350,12.447806,6.997476,5.126032,4.931251,5.008205,6.204236,0.789143,4.621034,1.000000
-4.432673,0.100430,0.010086,4.433811,-4.182100,-4.893000,0.710900,-0.798399,1.437339,0.077977,4914.669466,-13.191232,1103.690450,10.098256,8.136734,54.473391,29.984447,18.204953,15.754113,0.736737,4.523678,-3.424972,0.116290,0.013523,3.426946,-3.088200,-3.806200,0.718000,-0.220164,1.055163,0.083757,2935.989820,-11.246258,852.747250,7.942537,7.296845,72.587320,16.532242,14.352766,14.523073,0.642333,4.299730,8.270154,0.043831,0.001921,8.270271,8.454500,8.133300,0.321200,0.094031,0.936182,0.033925,17099.343737,-54.527268,2059.298200,10.137571,7.656386,23.425344,13.552816,8.356713,13.182059,0.774117,4.571745,9.989880,0.047969,0.002301,9.989996,10.261534,9.748444,0.513090,0.181598,6.222442,0.033012,24950.003022,-32.267911,2487.460303,12.373000,7.357492,18.189100,15.864873,13.979520,14.959506,0.812096,4.638363,0.202080,1.096600,1.202531,1.115064,3.175400,-5.605700,8.781100,-0.970657,3.844792,0.789322,310.841910,1.677444,205.198753,8.484496,7.049806,690.031074,263.045213,217.070214,193.121453,0.714961,4.467963,0.655074,1.423945,2.027620,1.567400,5.202100,-3.737600,8.939700,-0.254071,0.586826,1.082166,614.185467,1.961343,314.683848,6.362929,5.691371,895.096351,433.561840,195.834827,117.821553,0.535195,4.240121,-0.300727,1.213990,1.473772,1.250683,3.960200,-4.600200,8.560400,0.832223,2.410986,0.817687,391.052246,1.717588,232.965393,6.511128,6.596011,874.856432,231.717833,135.196254,122.952718,0.567317,4.259004,2.009147,1.107993,1.227648,2.294410,7.220409,0.250518,6.969891,1.238468,2.078186,0.866913,1316.079623,2.003854,500.134260,7.190690,6.162904,640.397976,403.006328,196.764491,140.147529,0.611195,4.374569,-0.595626,0.010706,0.000115,0.595722,-0.567290,-0.625260,0.057970,-0.246061,-0.406913,0.008719,88.721273,-544.189692,148.301975,11.845187,7.626424,4.132407,2.670498,2.982682,3.349982,0.779733,4.578318,0.519968,0.018524,0.000343,0.520298,0.553570,0.446430,0.107140,-0.693352,0.770143,0.014936,67.677476,-247.888637,129.475145,12.523243,7.086769,6.057565,5.957998,6.109908,7.378337,0.824196,4.649826,1.092833,0.007693,0.000059,1.092860,1.109600,1.065800,0.043800,-0.526562,0.098330,0.006242,298.585677,-792.970075,272.117200,11.068385,7.468327,3.242601,2.261698,2.147070,2.406457,0.800341,4.602759,1.349017,0.009519,0.000091,1.349051,1.371875,1.315216,0.056659,-0.331459,0.065435,0.007687,454.984426,-574.704784,335.904082,12.667269,6.793336,2.472305,3.401312,3.449138,3.626337,0.814780,4.641879,2.000000
-4.515158,0.097728,0.009551,4.516215,-4.182100,-4.893000,0.710900,0.239537,0.671128,0.077745,5099.049750,-13.793903,1124.311600,10.519550,8.263421,44.506862,28.125295,17.502180,14.897006,0.727070,4.499324,-3.406869,0.060674,0.003681,3.407409,-3.199500,-3.613000,0.413500,-0.005472,1.861281,0.042303,2902.609777,-35.450914,848.276450,9.547274,7.805431,39.746137,12.531821,12.047737,12.647954,0.752768,4.531904,8.233571,0.042665,0.001820,8.233681,8.454500,8.167600,0.286900,1.220102,2.134356,0.034368,16948.377105,-66.592333,2050.147350,10.109237,8.280329,18.937993,7.184001,5.221401,10.536997,0.710436,4.391746,9.989937,0.036011,0.001297,9.990002,10.261534,9.857103,0.404430,1.566768,13.921541,0.023537,24950.036632,-50.368484,2487.490166,14.206859,7.146157,7.774672,12.045224,10.280581,14.005635,0.807990,4.643533,0.125036,0.759484,0.576816,0.769708,3.175400,-2.529100,5.704500,-0.019563,3.008730,0.513285,148.112526,1.763019,132.573139,9.098300,7.380470,471.667008,182.900637,172.256638,176.160374,0.721906,4.518072,0.541449,1.060668,1.125016,1.190875,5.202100,-3.264700,8.466800,0.328537,2.894388,0.754478,354.545799,1.667575,222.089886,6.698478,6.021530,660.441203,358.605156,177.849258,93.765563,0.599231,4.325255,-0.265253,0.936054,0.876197,0.972911,4.271000,-1.789200,6.060200,2.662339,8.971142,0.544984,236.639015,1.576932,170.974561,6.427592,7.209815,616.834437,87.292842,109.668561,87.465339,0.561124,4.134716,1.416333,0.975290,0.951191,1.719648,5.209996,0.328948,4.881048,1.901558,3.830219,0.698671,739.297340,2.115546,352.855110,6.570292,6.391389,632.004923,224.626277,137.087154,88.177045,0.572470,4.276299,-0.600546,0.010527,0.000111,0.600638,-0.579710,-0.633540,0.053830,-0.202328,-0.317489,0.008563,90.191519,-592.223408,149.543285,11.425430,7.483503,4.318662,2.993704,3.199799,3.134786,0.804245,4.604406,0.522293,0.018490,0.000342,0.522621,0.553570,0.454370,0.099200,-0.648269,0.384287,0.015106,68.283067,-273.080354,130.065410,12.790400,7.032447,5.199748,6.194660,5.964829,7.551577,0.800009,4.639338,1.087937,0.007623,0.000058,1.087964,1.109600,1.057000,0.052600,-0.283100,0.682784,0.005992,295.916148,-660.479241,270.896500,11.117872,7.479522,3.192006,2.549461,1.877030,2.580950,0.776158,4.596425,1.348133,0.010037,0.000101,1.348170,1.369075,1.315198,0.053877,-0.343765,-0.183040,0.008239,454.390734,-594.011390,335.694160,12.426162,6.968142,2.728611,3.793611,3.015582,3.997349,0.798531,4.623713,2.000000
-4.571583,0.058237,0.003392,4.571954,-4.375800,-4.762200,0.386400,-0.397042,0.859228,0.044980,5225.690216,-38.993880,1138.290700,9.156230,7.371764,30.920899,23.406096,10.420176,9.934615,0.721874,4.510449,-3.412334,0.045383,0.002060,3.412635,-3.259200,-3.613000,0.353800,-0.548624,3.718297,0.031736,2911.520057,-51.610312,849.646000,8.674638,7.208967,29.166423,11.765877,9.936919,8.143613,0.739691,4.505563,8.200676,0.028262,0.000799,8.200725,8.264600,8.111000,0.153600,-1.133995,1.221246,0.020982,16812.971395,-156.615503,2041.992250,9.583266,7.957811,14.936885,6.224680,5.828913,6.015695,0.741451,4.489132,9.990005,0.022931,0.000526,9.990031,10.066444,9.915889,0.150555,-0.098061,0.411428,0.017827,24950.181667,-156.583543,2487.507207,13.223234,7.101189,5.635180,9.348220,6.898005,7.982203,0.790207,4.648184,0.025023,0.581706,0.338382,0.582244,1.577700,-2.442900,4.020600,-1.312297,2.979923,0.399215,84.752055,1.852553,100.297437,7.985081,6.923175,388.301994,158.725643,122.785012,93.100465,0.701335,4.480550,0.421967,0.988824,0.977773,1.075095,6.102200,-3.264700,9.366900,1.693080,10.020272,0.629800,288.957200,1.346680,174.157206,6.721563,6.198931,653.040060,332.813710,122.327210,95.060633,0.601076,4.331321,-0.242367,0.916788,0.840500,0.948283,4.271000,-1.789200,6.060200,2.943211,9.897290,0.507088,224.810325,1.330764,165.173491,5.932029,6.648666,613.684375,150.027843,96.546729,70.502579,0.534624,4.142456,1.190317,0.988546,0.977224,1.547281,6.432837,0.273092,6.159745,2.870130,9.076760,0.609275,598.519580,1.351970,296.199860,6.230818,6.406613,699.638609,224.651274,97.490810,80.546602,0.577678,4.251462,-0.603270,0.009753,0.000095,0.603349,-0.581780,-0.639750,0.057970,-0.673736,0.543430,0.007759,91.007572,-562.308136,150.204765,11.378973,7.275525,3.991308,3.273241,3.155361,2.842106,0.790771,4.612175,0.522293,0.017916,0.000321,0.522601,0.551590,0.454370,0.097220,-0.765991,0.681759,0.014463,68.277848,-282.876960,130.073350,12.905754,7.113172,5.509835,5.833822,5.488982,7.445447,0.853930,4.671867,1.086567,0.006571,0.000043,1.086587,1.100900,1.057000,0.043900,-0.645584,0.963936,0.005262,295.167649,-841.167974,270.562750,12.211779,7.002525,2.159980,2.402305,2.104111,2.630193,0.855434,4.668849,1.348227,0.009816,0.000096,1.348263,1.368599,1.315198,0.053402,-0.485450,0.088307,0.007966,454.453068,-605.965013,335.718809,12.548801,6.957697,2.871435,3.493121,2.870922,4.218955,0.810642,4.640027,2.000000
-4.589138,0.049826,0.002483,4.589409,-4.472100,-4.762200,0.290100,-0.216382,0.378891,0.039365,5265.668468,-55.701028,1142.697800,9.495333,7.413506,23.279825,20.012547,9.452052,8.689559,0.758460,4.526841,-3.411265,0.030356,0.000921,3.411400,-3.319900,-3.493200,0.173300,-0.077118,-0.098003,0.024438,2909.412257,-122.377107,849.421850,10.516944,7.243867,13.223472,8.225389,9.874790,7.549696,0.767823,4.567679,8.189949,0.027836,0.000775,8.189996,8.254200,8.111000,0.143200,-0.559062,0.202805,0.021613,16769.009043,-155.217919,2039.299800,9.921081,7.955723,12.600401,6.285590,5.788858,5.462238,0.746442,4.474252,9.988792,0.020053,0.000402,9.988812,10.066444,9.915889,0.150555,-0.241674,1.713796,0.015237,24944.089769,-168.105809,2487.218168,13.491114,6.997983,4.588741,7.718636,6.848834,6.843026,0.800213,4.649488,0.190327,0.470757,0.221613,0.507776,1.718600,-1.866400,3.585000,-0.911536,3.261227,0.330543,64.459240,1.663185,94.355914,8.561607,7.094576,297.137683,131.505504,112.713252,91.986120,0.731341,4.517473,0.423127,0.884905,0.783057,0.980863,6.102200,-1.388300,7.490500,2.985055,14.837492,0.532201,240.523223,1.350885,151.212968,6.453194,6.237648,612.279369,288.506764,94.899729,65.472803,0.573976,4.302946,-0.383240,0.385921,0.148935,0.543882,2.217500,-1.396800,3.614300,2.627943,13.959308,0.232417,73.951822,0.750394,115.541966,8.807002,7.100442,231.162442,152.214711,76.372778,75.730884,0.771779,4.569570,0.963374,0.766582,0.587647,1.231153,6.432837,0.233532,6.199305,4.269444,23.340809,0.426969,378.934285,0.956822,240.001830,6.735668,6.511051,560.372229,213.696242,98.934782,80.852257,0.621007,4.370737,-0.605938,0.009563,0.000091,0.606013,-0.583850,-0.639750,0.055900,-0.530310,0.202098,0.007648,91.812970,-586.737033,150.885035,11.611751,7.224542,3.838856,3.063048,2.981010,3.317012,0.804342,4.622561,0.523222,0.036682,0.001346,0.524506,1.021800,0.466270,0.555530,9.936757,133.712731,0.017475,68.776687,-39.134477,130.285635,12.667953,7.038789,12.232182,13.626839,14.595430,13.791223,0.922026,4.754550,1.085634,0.006433,0.000041,1.085653,1.098700,1.065800,0.032900,-0.482795,-0.083846,0.005226,294.660641,-1147.365558,270.324100,12.089717,7.058350,2.108208,2.065769,2.577169,1.962598,0.787209,4.626538,1.349307,0.019248,0.000371,1.349445,1.613048,1.315702,0.297346,10.196408,138.190872,0.008791,455.250298,-95.017734,335.983052,12.488594,7.093308,6.908807,7.002532,7.420623,7.532854,0.937511,4.762426,2.000000
-4.598203,0.037263,0.001389,4.598354,-4.424000,-4.749400,0.325400,0.010083,2.316851,0.028634,5286.215308,-58.619406,1144.933700,11.423585,7.173998,11.304079,19.523009,10.199168,8.478746,0.772108,4.608992,-3.400050,0.024872,0.000619,3.400141,-3.331500,-3.481400,0.149900,-0.575204,0.649835,0.019314,2890.238970,-158.038641,846.617450,10.329732,6.878759,11.610503,6.777275,10.836255,6.401008,0.758808,4.592824,8.189418,0.016320,0.000266,8.189434,8.230700,8.134400,0.096300,-0.537323,0.919970,0.012643,16766.708383,-287.441537,2039.184250,11.007403,7.920217,7.605790,5.410683,3.671647,4.299131,0.800911,4.607961,9.988609,0.018603,0.000346,9.988626,10.081246,9.894485,0.186761,-0.059588,4.725385,0.013826,24943.162662,-141.123863,2487.172314,13.832487,6.712062,3.069869,7.578137,6.996243,6.291126,0.823076,4.654877,0.252246,0.340869,0.116192,0.424051,1.718600,-1.708600,3.427200,-0.010368,5.265554,0.240600,44.954864,0.925610,80.599850,9.976113,7.222637,168.692281,94.192285,116.212273,84.782894,0.756051,4.562621,0.307612,0.475724,0.226314,0.566515,3.142600,-1.037400,4.180000,0.787809,4.917003,0.347723,80.234714,1.482356,108.314316,8.197860,6.120566,231.776720,243.859906,107.255632,54.898594,0.656325,4.452602,-0.412514,0.169740,0.028812,0.446071,0.076062,-1.081300,1.157362,-0.575583,1.575352,0.128910,49.744804,-3.309506,102.785104,10.037226,7.273028,77.789389,64.885229,48.433467,39.935957,0.791453,4.594770,0.755751,0.358578,0.128578,0.836503,3.577853,0.233532,3.344321,2.842284,15.602153,0.244987,174.934382,0.589432,188.337960,9.072964,6.952510,182.971286,153.273053,90.443080,67.602131,0.763268,4.569830,-0.607056,0.008654,0.000075,0.607117,-0.592130,-0.639750,0.047620,-0.552091,0.125538,0.007153,92.147908,-713.825727,151.156290,12.285790,7.069885,3.166874,2.633737,3.086716,3.351775,0.846765,4.667853,0.524761,0.036870,0.001359,0.526055,1.021800,0.466270,0.555530,9.684751,129.322497,0.018133,69.183456,-39.157622,130.688345,12.682998,6.998584,12.242849,13.810273,14.304989,14.181935,0.926271,4.757843,1.084351,0.006307,0.000040,1.084369,1.098700,1.065800,0.032900,-0.192725,-0.196007,0.005126,293.964108,-1140.740520,270.003300,12.422483,7.042256,2.072980,1.652200,2.358135,2.326834,0.781784,4.613767,1.349374,0.019253,0.000371,1.349512,1.613048,1.315702,0.297346,10.191594,137.903624,0.008956,455.295472,-95.147706,336.002925,12.544274,7.034534,6.792699,6.856130,7.357629,7.811949,0.944661,4.767476,2.000000
-4.591412,0.041947,0.001760,4.591604,-4.424000,-4.749400,0.325400,-0.029309,1.630520,0.031774,5270.706855,-55.109791,1143.260550,10.586866,7.322083,16.829739,18.382859,12.107591,8.102672,0.778210,4.582396,-3.391943,0.025459,0.000648,3.392038,-3.284700,-3.469100,0.184400,0.404005,1.148431,0.019766,2876.481025,-125.017230,844.591800,10.687039,6.816281,11.175207,6.899091,11.589439,6.773209,0.802891,4.615539,8.198449,0.017282,0.000299,8.198467,8.252500,8.146400,0.106100,0.072370,0.477910,0.013711,16803.716986,-259.899492,2041.400600,10.722190,7.806590,8.669679,4.896108,4.489697,4.701664,0.791908,4.596637,9.990156,0.020235,0.000409,9.990176,10.081246,9.894485,0.186761,0.138527,2.959065,0.015074,24950.904866,-134.413871,2487.536809,12.903677,6.785014,4.374573,8.772247,7.616857,6.645606,0.840082,4.663768,0.181124,0.298667,0.089202,0.349297,1.175900,-1.708600,2.884500,-0.636157,6.310938,0.214176,30.502052,0.483520,67.182254,10.703643,7.012438,139.789688,94.677268,121.465638,85.676367,0.833335,4.656997,0.290344,0.662116,0.438398,0.722978,3.142600,-2.303600,5.446200,-0.216903,2.538756,0.487822,130.674428,1.740348,137.421809,7.392060,6.249051,394.850560,240.363843,141.369659,67.309500,0.620187,4.390593,-0.394705,0.222686,0.049589,0.453190,0.436430,-1.151500,1.587930,0.034788,2.587070,0.156171,51.345366,-1.261800,102.003103,8.858558,7.496523,142.352358,50.508095,53.046092,40.220662,0.724918,4.503889,0.819894,0.421735,0.177861,0.922002,3.577853,0.107193,3.470660,2.272526,8.480584,0.298210,212.521847,1.027851,204.215987,8.758027,6.916639,225.108404,170.535985,104.420404,64.918646,0.746903,4.537226,-0.605465,0.009112,0.000083,0.605534,-0.587990,-0.639750,0.051760,-0.444650,-0.109836,0.007695,91.667844,-654.342943,150.763865,12.413077,7.140893,2.939483,2.947286,3.047849,3.113471,0.812979,4.637452,0.524508,0.017809,0.000317,0.524810,0.553570,0.474210,0.079360,-0.484861,-0.423106,0.015069,68.856379,-353.210002,130.582290,13.071234,7.122218,5.138071,5.435539,5.168165,7.362742,0.797783,4.627559,1.084292,0.006718,0.000045,1.084312,1.100900,1.065800,0.035100,-0.158791,-0.014037,0.005315,293.933350,-1039.424356,269.984100,12.241196,7.012144,2.302871,2.155712,2.394963,2.796098,0.831366,4.657467,1.348233,0.009852,0.000097,1.348269,1.368880,1.320319,0.048561,-0.259135,-0.677352,0.008335,454.457573,-668.120240,335.699973,12.860575,7.044636,2.963733,2.838392,3.278805,4.250579,0.821808,4.637147,2.000000
-4.565992,0.048153,0.002319,4.566246,-4.374900,-4.713300,0.338400,0.458369,1.198934,0.036896,5212.650419,-48.386151,1136.959750,9.014124,7.199508,25.104539,19.421046,11.475579,7.561358,0.744068,4.538445,-3.386432,0.026404,0.000697,3.386535,-3.284700,-3.454100,0.169400,0.369700,0.482324,0.020907,2867.154032,-137.304844,843.239150,10.568635,7.133452,12.735920,8.409241,9.560842,6.997368,0.833547,4.638017,8.214925,0.022460,0.000504,8.214956,8.311200,8.146400,0.164800,0.674644,1.611826,0.016909,16871.373484,-147.206439,2045.509600,9.972402,7.876607,11.953497,5.665954,5.442578,4.469548,0.755154,4.540673,9.990215,0.017978,0.000323,9.990231,10.050082,9.943249,0.106833,0.395356,0.704069,0.013829,24951.177935,-246.789925,2487.576635,12.232429,6.983880,5.250212,7.634947,6.470091,6.330107,0.823680,4.667781,0.168043,0.356898,0.127376,0.394480,2.065900,-0.617150,2.683050,0.776699,3.500438,0.262111,38.903593,1.240585,75.687005,9.515026,7.188591,193.557451,128.591400,106.756562,66.753665,0.795707,4.595074,0.203387,0.766018,0.586784,0.792559,1.998500,-2.349400,4.347900,-0.509622,0.670118,0.596452,157.037637,2.592573,156.941464,6.505645,6.018876,491.279123,259.223155,114.584471,56.101644,0.514562,4.271267,-0.424367,0.290053,0.084131,0.514022,0.436430,-1.293700,1.730130,-0.267309,0.879633,0.215105,66.054528,0.605428,111.076726,7.750123,7.274985,198.435936,68.405998,48.365238,39.799646,0.696890,4.434364,0.917040,0.454995,0.207020,1.023710,2.688940,0.107193,2.581746,1.410348,2.463431,0.345988,261.995759,1.724547,228.718774,8.176422,6.764944,273.855150,157.971205,109.190113,59.725946,0.677116,4.483569,-0.603478,0.009467,0.000090,0.603552,-0.587990,-0.633540,0.045550,-0.474904,-0.476215,0.007917,91.068685,-731.338598,150.266900,12.810126,7.097476,2.715784,3.322474,3.359612,3.457931,0.837061,4.668715,0.525103,0.017810,0.000317,0.525405,0.553570,0.474210,0.079360,-0.447735,-0.520170,0.015082,69.012656,-352.841917,130.766880,12.735678,7.007273,4.793682,5.938502,5.848466,6.741550,0.794913,4.611924,1.085793,0.006755,0.000046,1.085814,1.103100,1.065800,0.037300,-0.387646,0.316989,0.005281,294.747910,-972.679677,270.360500,11.696451,7.218046,2.674570,2.283052,2.196783,2.569174,0.831122,4.659796,1.348784,0.009884,0.000098,1.348821,1.373108,1.317288,0.055820,-0.282862,-0.154314,0.008094,454.829251,-576.330165,335.852558,12.523368,7.099814,3.133134,3.119326,3.215990,3.970763,0.826214,4.648263,2.000000
-4.265194,0.410771,0.168733,4.284928,-3.105000,-4.772100,1.667100,1.022591,-0.517209,0.357694,4590.152280,-2.328812,1062.123100,4.761781,5.935757,206.819662,49.129734,24.212276,13.264208,0.422810,3.804739,-3.403303,0.037534,0.001409,3.403510,-3.261400,-3.551300,0.289900,-0.552570,1.972188,0.027693,2895.969693,-68.104957,847.445350,9.643197,7.108124,20.057596,12.456071,11.734833,6.869873,0.778444,4.589783,8.352840,0.177718,0.031584,8.354730,8.777200,8.181500,0.595700,0.907394,-0.936302,0.156665,17450.378299,-21.256761,2079.836350,4.675941,6.418134,79.142038,12.356864,8.130626,7.130522,0.410885,3.606421,9.987254,0.027540,0.000758,9.987292,10.162237,9.830479,0.331758,0.752802,12.278916,0.017934,24936.500272,-69.634336,2486.857133,10.120669,6.867200,13.532416,11.842223,9.422752,5.869134,0.805543,4.648330,0.158336,0.454500,0.206570,0.481291,3.068500,-1.489400,4.557900,1.420598,8.146390,0.311348,57.910222,1.234417,84.262721,9.328033,6.628545,242.550749,199.926045,144.931168,84.510447,0.786817,4.609867,-0.562381,5.704607,32.542541,5.732261,8.421100,-38.246000,46.667100,-4.128540,21.741267,2.581234,8214.703249,0.531991,597.025555,3.751609,4.321144,4349.150061,819.392133,233.927528,132.421350,0.305473,3.827969,-0.495465,0.756205,0.571846,0.904064,1.059600,-6.365600,7.425200,-4.340010,28.860318,0.385630,204.332753,1.063869,145.591999,6.752843,6.628471,551.757709,219.900342,98.230563,62.806476,0.633860,4.379139,2.651479,5.184346,26.877441,5.823039,38.818476,0.212937,38.605539,4.822820,26.163832,2.611697,8476.946224,0.507849,658.319033,3.983616,4.517296,4061.255313,720.607835,264.206865,142.807644,0.328949,3.889285,-0.573474,0.041506,0.001723,0.574974,-0.478260,-0.625260,0.147000,0.850234,-0.915716,0.036274,82.648674,-162.205030,142.802150,6.983287,7.848333,17.790354,3.752028,3.024690,3.338150,0.550956,3.957783,0.523778,0.018587,0.000345,0.524108,0.553570,0.450400,0.103170,-0.629732,0.145267,0.015446,68.672188,-257.662128,130.421650,12.398404,7.072583,6.027276,6.231166,6.088905,7.212692,0.822822,4.642737,1.104056,0.023730,0.000563,1.104311,1.157900,1.070200,0.087700,0.806347,-0.958637,0.020672,304.875914,-329.498653,274.905550,7.189335,7.728216,10.173169,2.751227,1.906437,2.192924,0.588204,4.045708,1.350813,0.009543,0.000091,1.350847,1.373108,1.317288,0.055820,-0.227551,-0.188299,0.007839,456.196776,-582.622250,336.352457,12.288484,7.168633,3.057455,3.502942,2.604085,3.883582,0.818173,4.636203,2.000000
-4.078425,0.323969,0.104956,4.091272,-3.105000,-4.772100,1.667100,0.604407,-0.318063,0.268058,4184.626199,0.837837,1015.188950,5.388955,6.298973,182.895277,49.515976,24.328928,13.758446,0.504609,4.023182,-3.429166,0.045179,0.002041,3.429464,-3.261400,-3.551300,0.289900,0.212092,0.919802,0.035321,2940.305828,-58.505362,853.913000,9.899175,7.051044,23.706310,15.419790,14.367355,8.697816,0.760010,4.576950,8.437054,0.136745,0.018699,8.438162,8.777200,8.238300,0.538900,0.467216,-0.990509,0.118234,17800.644836,-15.714954,2100.985100,4.982303,6.623000,65.989029,10.601752,7.631358,5.248053,0.450085,3.753358,9.985054,0.031702,0.001005,9.985104,10.162237,9.830479,0.331758,0.186051,7.283601,0.021622,24925.576863,-65.028748,2486.290105,11.257924,7.161665,13.633518,12.946009,10.671071,7.912792,0.841908,4.670587,0.120416,0.582667,0.339501,0.594980,3.068500,-1.859900,4.928400,0.417298,3.357054,0.412859,88.500286,1.714791,106.421501,9.378675,6.766100,315.631358,215.104455,188.693724,115.536516,0.745667,4.578132,0.087627,5.944092,35.332235,5.944738,9.107600,-38.246000,47.353600,-3.896798,19.705524,2.946232,8834.978294,0.563950,740.374000,3.711952,4.289055,4505.616064,872.768754,218.465476,127.851959,0.285236,3.814487,-0.402125,0.807777,0.652503,0.902335,1.374700,-6.365600,7.740300,-3.698913,23.473493,0.445233,203.552042,1.152795,139.796488,6.711387,6.594942,582.720090,223.105950,109.654509,67.099157,0.612834,4.354097,3.189969,5.131493,26.332218,6.042195,38.818476,0.325551,38.492925,4.685642,25.363950,2.641031,9127.030622,0.528699,795.725736,3.972842,4.438001,4026.551520,776.814774,251.174092,114.550654,0.299023,3.885452,-0.554402,0.032764,0.001074,0.555369,-0.478260,-0.621120,0.142860,0.346252,-0.936464,0.027880,77.108738,-149.577065,138.013515,7.601098,8.147550,14.219648,2.810647,2.844263,3.187019,0.566833,4.022684,0.517087,0.036216,0.001312,0.518354,0.549600,0.033730,0.515870,-9.560373,124.139131,0.017874,67.172711,-49.407878,128.741055,12.413207,7.406529,14.318195,13.174875,11.420172,13.852725,0.922229,4.749796,1.116201,0.018300,0.000335,1.116351,1.157900,1.076800,0.081100,0.187016,-0.930026,0.015394,311.559779,-331.007439,277.949350,8.375986,8.123358,7.656219,2.389404,1.983777,2.169167,0.654300,4.196694,1.350270,0.011600,0.000135,1.350320,1.371271,1.251464,0.119807,-2.574970,19.411670,0.008420,455.841228,-263.531740,336.211725,12.585017,7.384288,3.958446,4.239315,3.226004,4.562233,0.844549,4.676913,2.000000
-4.268205,0.134800,0.018171,4.270333,-3.794400,-4.591800,0.797400,0.895085,0.661503,0.108396,4558.936698,-8.773886,1062.798050,8.322502,7.968264,71.759032,23.308043,18.293537,16.343804,0.676145,4.326516,-3.423240,0.052495,0.002756,3.423643,-3.283800,-3.558500,0.274700,0.366698,-0.092001,0.041806,2930.332629,-58.279991,852.435650,9.474965,7.243727,29.399771,14.915913,13.583556,9.777079,0.731538,4.518225,8.355015,0.058514,0.003424,8.355220,8.538100,8.262000,0.276100,1.184961,0.860320,0.046232,17452.425713,-60.214520,2080.347850,7.625572,7.720352,31.589546,8.519280,7.920894,5.979984,0.638549,4.251039,9.988299,0.025947,0.000673,9.988332,10.082897,9.872282,0.210615,-0.678741,2.937454,0.018952,24941.695041,-107.356628,2487.065868,13.450819,7.266663,7.334921,9.174694,8.305928,9.286666,0.849410,4.684820,0.151242,0.615832,0.379249,0.634132,1.877300,-2.034700,3.912000,-0.321451,0.701721,0.478767,100.530852,2.351857,124.467809,9.271218,7.111408,370.295998,182.463303,175.935156,120.303758,0.757975,4.571386,1.002654,1.503673,2.261034,1.807304,9.107600,-2.105300,11.212900,1.547362,4.524465,1.111985,816.587229,1.531146,311.174733,7.161238,6.373558,1036.558340,504.520973,235.900997,153.268024,0.644696,4.413010,-0.341916,0.496026,0.246041,0.602452,1.811600,-1.783200,3.594800,0.092001,2.289129,0.353403,90.737006,1.811563,112.819070,8.804444,7.775876,321.076372,97.232213,109.208440,74.657359,0.723354,4.481642,1.601331,1.211263,1.467158,2.007840,9.276454,0.173280,9.103174,2.445401,9.257944,0.848338,1007.855086,1.410485,395.453822,7.786237,6.583023,783.476308,428.028156,252.706003,147.086803,0.706244,4.483137,-0.574095,0.016394,0.000269,0.574329,-0.525880,-0.610770,0.084890,0.559472,0.196379,0.012721,82.463491,-323.543116,142.951315,10.070580,8.201929,8.103899,3.483322,2.764098,3.461126,0.721768,4.477189,0.517619,0.036105,0.001304,0.518876,0.553570,0.033730,0.519840,-9.681332,126.280405,0.017523,67.308170,-48.061794,128.888805,12.324185,7.404662,14.407556,12.784013,12.016321,13.233110,0.925728,4.747454,1.105476,0.010269,0.000105,1.105523,1.131600,1.081100,0.050500,0.327423,-0.225232,0.008178,305.545437,-638.836661,275.259250,10.219139,8.060074,4.733368,2.128923,2.240245,2.164762,0.740442,4.473765,1.349495,0.011426,0.000131,1.349544,1.369978,1.251464,0.118514,-2.640120,20.087966,0.008294,455.317099,-268.512265,336.022287,12.423880,7.355536,3.866332,3.945520,3.520794,4.144026,0.843915,4.663870,2.000000
-4.393866,0.069999,0.004900,4.394424,-4.146000,-4.591800,0.445800,-0.195923,0.210082,0.055778,4827.739563,-28.472844,1094.025300,10.496411,7.898642,35.840845,22.292372,13.578127,13.967538,0.787897,4.577813,-3.406036,0.052881,0.002796,3.406446,-3.291100,-3.597600,0.306500,-0.490276,0.894265,0.040595,2900.969397,-52.843662,848.118200,8.801744,7.429116,35.820218,11.076933,11.018316,9.034779,0.718398,4.493018,8.300130,0.029587,0.000875,8.300183,8.378600,8.230300,0.148300,-0.111464,-0.535164,0.024544,17223.260011,-147.119381,2066.741200,10.217483,8.123474,14.614545,6.825339,5.540680,5.948776,0.773559,4.518503,9.990355,0.026236,0.000688,9.990389,10.082897,9.842172,0.240726,-0.546999,5.097426,0.018838,24951.968971,-95.531733,2487.590061,13.836537,7.262140,7.811228,8.066536,7.812381,10.238820,0.881540,4.709753,0.185218,0.639092,0.408439,0.665391,1.766200,-2.034700,3.800900,-0.489375,0.770035,0.489338,110.686214,2.418218,130.397312,8.311699,7.307859,443.014053,131.946484,121.194318,111.310904,0.695835,4.469217,0.564453,0.875759,0.766954,1.041903,3.691800,-2.105300,5.797100,0.219862,0.704808,0.676734,271.390380,2.216740,202.433004,7.611800,6.635948,585.011161,291.932271,142.854198,98.625015,0.664657,4.442141,-0.381416,0.574096,0.329587,0.689249,1.811600,-1.783200,3.594800,0.782964,3.021096,0.378802,118.766117,1.767534,132.964460,8.511416,7.985684,339.818421,79.657364,97.927273,76.264742,0.695963,4.368522,1.245460,0.672458,0.452200,1.415405,3.765686,0.173280,3.592406,0.964487,0.770504,0.546628,500.842712,2.451950,309.398501,7.802861,6.935352,424.590914,212.111885,120.332151,91.629537,0.662072,4.432478,-0.586939,0.010394,0.000108,0.587031,-0.567290,-0.625260,0.057970,-0.571027,0.340851,0.008262,86.151335,-555.269889,146.153985,12.459699,7.499058,3.725143,3.321520,2.856119,3.700896,0.830091,4.648224,0.522579,0.018747,0.000351,0.522915,0.553570,0.452380,0.101190,-0.671236,0.017424,0.015600,68.360072,-262.244887,130.101110,12.535458,7.093116,5.850269,6.758162,5.147398,7.992683,0.843099,4.656368,1.097244,0.006882,0.000047,1.097266,1.114000,1.081100,0.032900,-0.187644,-0.414305,0.005578,300.997939,-1107.450823,273.210100,11.870451,7.516490,2.767209,2.220579,2.176031,2.252708,0.816572,4.646058,1.349794,0.009642,0.000093,1.349829,1.371859,1.319534,0.052326,-0.152940,-0.492607,0.008084,455.509347,-619.604926,336.090311,12.202276,7.066624,3.131591,3.441988,2.770937,3.982770,0.807138,4.628772,2.000000
-4.440646,0.058418,0.003413,4.441030,-4.254300,-4.591400,0.337100,0.424694,0.346544,0.045136,4930.686506,-42.873266,1105.738400,9.665591,7.388075,29.546882,22.669678,11.627779,10.652586,0.749778,4.544957,-3.397487,0.043045,0.001853,3.397759,-3.304400,-3.597600,0.293200,-1.306294,4.146168,0.030182,2886.192357,-64.378785,846.030100,8.737605,7.289369,28.897753,10.580151,8.567483,9.477133,0.736211,4.520606,8.277700,0.023780,0.000565,8.277734,8.367200,8.230300,0.136900,0.865945,0.917695,0.018027,17130.219036,-176.317737,2061.123000,10.446990,7.999662,11.683805,6.053535,5.360264,5.834200,0.774517,4.557450,9.989386,0.023600,0.000557,9.989414,10.077825,9.842172,0.235653,-0.821151,6.801920,0.016997,24947.097900,-100.527886,2487.363893,13.377126,7.071657,6.671559,8.470275,7.156608,8.558983,0.825738,4.668296,0.142622,0.542460,0.294263,0.560895,1.766200,-1.895700,3.661900,-0.363003,1.938672,0.389790,78.650932,2.061946,101.424084,7.870279,7.309397,369.778764,84.250668,93.618191,86.167518,0.645021,4.371497,0.446620,0.749327,0.561492,0.872331,3.691800,-1.586600,5.278400,0.701165,1.891597,0.564309,190.240287,2.055056,164.294227,7.633505,6.623379,476.251361,252.973066,127.706770,76.612954,0.641734,4.408696,-0.361867,0.471222,0.222050,0.594136,1.733700,-1.469800,3.203500,1.656802,6.273984,0.280329,88.249487,1.056311,123.044585,6.413085,6.980481,311.817165,71.180745,50.545046,41.044990,0.577431,4.188683,1.024886,0.614957,0.378172,1.195225,3.765686,0.239832,3.525854,1.686731,2.924290,0.465628,357.140706,1.821200,255.601980,7.302778,6.866049,390.312122,167.189734,88.442296,68.471411,0.665692,4.385167,-0.590988,0.009707,0.000094,0.591068,-0.569360,-0.625260,0.055900,-0.469967,0.196128,0.007941,87.340296,-591.724576,147.164215,12.653830,7.277600,2.942530,3.511855,2.975222,3.166865,0.812932,4.631718,0.524293,0.018861,0.000356,0.524632,0.555560,0.452380,0.103180,-0.742597,0.234701,0.015616,68.809787,-255.067805,130.553470,12.286786,7.206057,6.030663,7.009550,5.421357,6.404849,0.821946,4.633475,1.094361,0.006352,0.000040,1.094380,1.109600,1.081100,0.028500,-0.065736,-0.611433,0.005220,299.416696,-1319.806959,272.493800,11.868776,7.321194,2.264585,2.415457,2.029596,1.793755,0.814313,4.637759,1.349879,0.009617,0.000092,1.349914,1.372792,1.319631,0.053161,-0.121151,-0.427971,0.007986,455.566779,-612.540618,336.123648,11.612155,6.987621,3.215016,3.691075,2.988549,3.035596,0.808174,4.610487,2.000000
-4.448894,0.046620,0.002173,4.449139,-4.290300,-4.568300,0.278000,0.084235,0.251307,0.036373,4948.708706,-61.570471,1107.752000,10.578743,6.994088,16.700538,23.393752,12.598953,8.917880,0.752369,4.568324,-3.389928,0.039958,0.001597,3.390164,-3.257100,-3.560900,0.303800,-0.134619,1.935929,0.029610,2873.302800,-60.922431,844.084350,9.642311,6.329825,18.827480,18.401025,12.300127,9.535381,0.771819,4.599232,8.276781,0.018125,0.000329,8.276801,8.333500,8.227300,0.106200,0.169251,0.038834,0.014372,17126.358890,-252.008495,2060.932950,11.361677,7.377074,7.421805,6.445770,6.033462,4.948110,0.819793,4.637406,9.989651,0.018760,0.000352,9.989669,10.040757,9.935700,0.105057,-0.324045,-0.276089,0.015248,24948.370396,-247.377032,2487.422467,12.165358,6.708207,4.953079,9.308011,6.896592,5.802967,0.850802,4.683158,0.164200,0.397172,0.157746,0.429776,1.552000,-0.999530,2.551530,0.455867,1.287156,0.297291,46.176868,1.757308,81.363723,10.108883,6.905901,202.429831,158.466102,123.079408,104.026542,0.800222,4.642481,0.306026,0.627964,0.394338,0.698563,2.196800,-2.013700,4.210500,-0.252312,1.226323,0.483349,121.997561,2.227382,136.323444,7.808435,6.226410,349.953848,293.490396,127.555793,66.875130,0.653456,4.443307,-0.371757,0.239290,0.057260,0.442112,0.641170,-0.977370,1.618540,0.899276,2.432247,0.176228,48.865742,-0.504186,99.126285,8.946918,7.101468,138.814345,89.806679,48.655901,39.809523,0.723168,4.531696,0.840808,0.401501,0.161203,0.931751,2.603873,0.231886,2.371987,1.695844,3.515042,0.296489,217.040171,1.203134,209.358185,9.810416,7.135299,217.712147,163.413244,97.045031,107.444010,0.826776,4.639729,-0.591145,0.009161,0.000084,0.591216,-0.573500,-0.623190,0.049690,-0.714746,0.273706,0.007482,87.384224,-680.283168,147.195275,12.680260,7.068994,2.641096,3.225544,3.208721,3.135574,0.807666,4.640548,0.524738,0.018877,0.000356,0.525077,0.555560,0.452380,0.103180,-0.731756,0.330859,0.015494,68.926495,-256.828627,130.668550,12.371217,7.127492,6.137424,6.767038,5.616063,5.951323,0.807112,4.624334,1.093974,0.006061,0.000037,1.093991,1.107500,1.081100,0.026400,0.092261,-0.465766,0.004887,299.204181,-1437.400837,272.402600,12.098381,7.140449,2.112144,2.208151,1.858240,2.346788,0.836846,4.660006,1.349802,0.009649,0.000093,1.349837,1.374564,1.319631,0.054933,-0.091178,-0.385090,0.007973,455.514900,-592.292144,336.106764,12.108872,6.966556,3.087185,3.573422,2.981692,3.218092,0.811164,4.621379,2.000000
-4.452275,0.046780,0.002188,4.452521,-4.290300,-4.604500,0.314200,0.109099,0.669508,0.036462,4956.235718,-52.347026,1108.615500,10.408362,7.069579,18.285978,23.423451,12.160697,8.773485,0.751483,4.574097,-3.387148,0.043157,0.001862,3.387423,-3.257100,-3.560900,0.303800,-0.182837,1.074091,0.033530,2868.659194,-57.593894,843.383800,9.617294,6.369716,20.360319,18.483450,12.718765,9.636244,0.775445,4.583096,8.276058,0.019131,0.000366,8.276081,8.333500,8.194000,0.139500,-0.154555,1.138172,0.014818,17123.377162,-181.336740,2060.734650,11.120457,7.594949,9.024498,6.416535,5.094092,5.288722,0.791788,4.624357,9.989631,0.019249,0.000371,9.989649,10.044192,9.935700,0.108492,-0.027133,0.231261,0.015104,24948.272073,-236.888504,2487.409010,12.327144,7.044223,5.682878,8.002388,6.237254,6.323593,0.818276,4.648507,0.146843,0.421198,0.177408,0.446061,1.552000,-1.323000,2.875000,0.243200,1.385523,0.312088,49.742689,1.733089,83.639481,10.368380,6.763134,195.828365,171.582526,131.802028,114.846830,0.800772,4.625346,0.360152,0.688443,0.473954,0.776958,2.196800,-2.013700,4.210500,-0.392809,1.015891,0.523512,150.916051,2.431716,154.881847,7.594548,6.282551,404.765448,277.665170,124.049847,71.905540,0.651024,4.403324,-0.386139,0.224377,0.050345,0.446597,0.598190,-0.977370,1.575560,0.198752,1.005097,0.175734,49.862124,-0.555943,98.630720,9.254272,7.237728,132.424651,77.954503,51.113673,43.629472,0.764316,4.570500,0.901084,0.436039,0.190130,1.001041,2.603873,0.210909,2.392964,1.322284,2.089511,0.326830,250.520864,1.689766,224.596961,9.703965,7.121778,236.694928,166.606896,98.524631,107.162668,0.786560,4.595506,-0.590640,0.009051,0.000082,0.590710,-0.573500,-0.623190,0.049690,-0.737269,0.611738,0.007267,87.234431,-681.749722,147.065840,12.885965,7.036055,2.470787,3.379361,3.290033,3.186611,0.820586,4.661656,0.524087,0.018766,0.000352,0.524423,0.551590,0.454370,0.097220,-0.731735,0.150937,0.015429,68.754882,-279.548663,130.477150,12.629810,6.888425,5.213733,7.435143,6.908826,5.882979,0.812983,4.654050,1.094028,0.005997,0.000036,1.094044,1.107500,1.074600,0.032900,-0.088837,-0.030394,0.004735,299.233307,-1153.759356,272.411600,12.737213,7.001464,1.760935,2.211130,1.934660,2.258963,0.824631,4.656673,1.349370,0.009527,0.000091,1.349404,1.374564,1.319932,0.054632,-0.304681,-0.109291,0.007805,455.222620,-598.513187,335.982512,12.741784,6.954059,2.630738,3.639596,3.257969,3.283361,0.835048,4.658159,2.000000
-4.478819,0.041830,0.001750,4.479015,-4.374900,-4.604500,0.229600,-0.240622,0.114144,0.033201,5015.392785,-79.067442,1115.221100,9.700581,7.231338,20.962249,18.286003,8.330218,7.476299,0.726900,4.545806,-3.387928,0.032236,0.001039,3.388082,-3.281300,-3.479200,0.197900,-0.104995,0.272529,0.025323,2869.774494,-103.250749,843.620650,9.506552,7.001955,18.901994,9.471965,8.570040,7.009500,0.753416,4.550770,8.262460,0.016967,0.000288,8.262477,8.308800,8.194000,0.114800,-0.113765,0.586272,0.012888,17067.133282,-232.072534,2057.359050,11.253385,8.005445,8.362999,4.414660,3.993455,4.639038,0.765211,4.597147,9.990440,0.017674,0.000312,9.990456,10.044192,9.943843,0.100349,0.208997,0.448115,0.013661,24952.300561,-264.177487,2487.631757,12.321911,7.295626,6.239814,7.412653,4.984238,5.859421,0.847224,4.686522,0.149181,0.330546,0.109261,0.362651,1.130700,-1.323000,2.453700,-0.258777,1.591864,0.249840,32.878924,1.280425,69.732715,9.590336,7.177118,193.387567,93.146554,93.066004,67.515934,0.761432,4.556102,0.408361,0.628193,0.394626,0.749256,2.135800,-1.510300,3.646100,-0.187825,0.606807,0.477307,140.346240,2.527757,149.893436,7.154157,6.130465,392.366080,213.444312,100.450237,54.706368,0.587182,4.336169,-0.385354,0.241849,0.058491,0.454960,0.450580,-1.029100,1.479680,0.139966,0.817361,0.183690,51.747238,-0.302103,100.305530,8.395225,7.493875,153.017318,48.424068,40.796511,43.274210,0.702170,4.435238,0.865015,0.389408,0.151639,0.948625,2.240134,0.202017,2.038117,1.072697,1.406074,0.293986,224.972402,1.799127,215.509465,8.455672,6.892813,228.975869,135.767716,82.529275,58.377475,0.717451,4.497302,-0.594027,0.009579,0.000092,0.594105,-0.573500,-0.627330,0.053830,-0.565150,0.094085,0.007748,88.240042,-613.983811,147.911585,12.597976,7.143968,2.727221,3.844852,3.078005,3.063262,0.824963,4.654062,0.523579,0.019362,0.000375,0.523937,0.551590,0.454370,0.097220,-0.858485,0.574699,0.015504,68.627580,-277.060510,130.377000,12.989819,6.934726,5.213717,6.481685,7.180669,6.610808,0.835232,4.654058,1.092190,0.006353,0.000040,1.092208,1.105300,1.070200,0.035100,-0.348709,-0.051893,0.005057,298.229620,-1055.928528,271.958600,11.745495,7.171822,2.270843,2.434223,1.936684,1.938764,0.791572,4.619321,1.349183,0.009707,0.000094,1.349218,1.372188,1.319690,0.052499,-0.460234,0.079247,0.007905,455.097243,-620.928835,335.951126,12.355416,6.983175,2.875334,3.749220,3.247629,3.290968,0.806208,4.640994,2.000000
-4.492293,0.037778,0.001427,4.492452,-4.374900,-4.592400,0.217500,0.239633,0.375076,0.029320,5045.530444,-85.245219,1118.631600,10.071289,7.119399,16.506394,17.613501,9.421411,7.150624,0.780989,4.583841,-3.387872,0.025396,0.000645,3.387967,-3.318600,-3.465600,0.147000,-0.254504,0.642203,0.019678,2869.579738,-159.889485,843.539700,10.992997,6.784304,11.024472,8.311845,10.515535,7.708598,0.810373,4.638020,8.255101,0.013913,0.000194,8.255113,8.297600,8.225500,0.072100,0.291981,0.173695,0.011136,17036.722351,-432.265742,2055.525300,12.301767,7.812348,5.474892,4.224336,4.110437,3.948014,0.836909,4.655718,9.990348,0.016749,0.000281,9.990362,10.042691,9.945197,0.097493,-0.156799,0.044792,0.013338,24951.832532,-275.492596,2487.609697,13.029853,7.056889,4.418725,6.575461,6.279963,5.391709,0.836077,4.681620,0.167907,0.287014,0.082377,0.332521,1.130700,-0.718620,1.849320,-0.090641,0.490609,0.222788,27.642483,0.825144,66.968843,9.967517,7.435709,167.852676,72.524467,85.565836,71.807417,0.793844,4.602342,0.416171,0.560211,0.313837,0.697879,1.800200,-1.235700,3.035900,-0.101567,0.429714,0.423582,121.758892,2.574720,142.257994,6.743162,6.073882,377.088067,191.824884,95.132294,44.526728,0.589591,4.356762,-0.377804,0.217413,0.047268,0.435895,0.450580,-1.029100,1.479680,0.225109,2.112323,0.152204,47.501143,-1.274683,97.745060,8.726278,7.773115,132.653056,44.988241,38.892152,36.080060,0.715934,4.452001,0.817025,0.346527,0.120081,0.887474,2.223703,0.202017,2.021686,1.193435,1.669019,0.263282,196.902518,1.266003,203.337503,8.163008,6.814337,207.156447,113.920172,75.314008,45.976182,0.661298,4.446703,-0.595791,0.009590,0.000092,0.595868,-0.575570,-0.631470,0.055900,-0.690959,0.337228,0.007752,88.764803,-595.641307,148.359830,12.454866,6.962364,3.028851,3.670571,3.223653,3.345404,0.861869,4.682434,0.523857,0.019567,0.000383,0.524222,0.551590,0.458330,0.093260,-0.678338,0.067570,0.015953,68.702223,-286.876529,130.435450,12.935197,6.947165,5.139414,7.024304,6.718988,7.450578,0.862551,4.674113,1.090976,0.006590,0.000043,1.090996,1.107500,1.070200,0.037300,-0.159984,-0.117854,0.005278,297.567796,-974.389517,271.655100,11.871316,7.145951,2.285841,2.380062,2.109928,1.996540,0.784523,4.612392,1.349090,0.009804,0.000096,1.349125,1.372188,1.319690,0.052499,-0.158245,-0.446840,0.008135,455.034822,-616.626148,335.926631,12.391380,7.078802,2.947449,3.700732,2.825038,3.662089,0.833179,4.640806,2.000000
-4.496456,0.035861,0.001286,4.496599,-4.387200,-4.580400,0.193200,0.158959,0.238661,0.027704,5054.849743,-101.769564,1119.636050,10.322394,7.139281,11.953590,16.748765,9.044182,6.211614,0.740090,4.510209,-3.383410,0.022851,0.000522,3.383488,-3.319000,-3.464600,0.145600,-0.063881,0.440925,0.017728,2861.997021,-167.502325,842.442100,11.592549,6.898773,8.839985,5.335620,10.852040,7.127740,0.802440,4.619580,8.253404,0.014143,0.000200,8.253416,8.287300,8.226200,0.061100,0.170754,-0.293822,0.011283,17029.719405,-488.017254,2055.112300,12.171401,7.885588,5.346383,3.477847,3.810520,3.952304,0.807842,4.590519,9.989295,0.015653,0.000245,9.989308,10.041551,9.945197,0.096354,-0.049340,0.210066,0.012463,24946.566169,-284.693589,2487.345878,13.216185,6.818725,3.254858,6.630876,5.757579,5.300526,0.835619,4.664408,0.155403,0.263020,0.069179,0.305499,0.825250,-0.718620,1.543870,-0.186178,0.332745,0.208089,23.332410,0.436005,60.222911,11.060950,7.554570,122.300152,56.346595,96.594767,67.434469,0.791051,4.596641,0.371747,0.502409,0.252415,0.624989,1.708600,-0.778030,2.486630,-0.020323,-0.223354,0.391159,97.652669,2.784333,129.359490,7.406020,6.598445,232.736159,167.239730,68.733732,40.920358,0.599085,4.238437,-0.381693,0.124672,0.015543,0.401538,-0.066771,-0.740270,0.673499,-0.205616,-0.048178,0.097711,40.308261,-10.480651,94.784828,11.042216,7.664354,54.262693,45.243506,34.063975,28.305552,0.806271,4.625259,0.748335,0.291835,0.085168,0.803227,1.823149,0.293600,1.529549,1.115996,1.144108,0.223824,161.293340,0.254667,186.119346,8.484806,6.966933,162.715306,102.789212,66.472369,45.775196,0.722091,4.497455,-0.595013,0.009176,0.000084,0.595083,-0.575570,-0.631470,0.055900,-0.751155,0.624555,0.007376,88.531058,-597.590009,148.151715,12.293580,7.022877,3.004044,3.250503,3.271307,3.465207,0.837358,4.669200,0.525841,0.018314,0.000335,0.526160,0.553570,0.472220,0.081350,-0.505023,-0.288844,0.015431,69.211016,-340.711762,130.919555,13.125792,7.027385,4.855541,6.017835,5.775009,7.480640,0.828338,4.652710,1.091178,0.006474,0.000042,1.091198,1.107500,1.072400,0.035100,-0.197347,-0.292021,0.005268,297.678054,-1051.727534,271.698100,12.355413,7.303079,2.224218,2.141679,2.159566,2.206050,0.824345,4.650078,1.349663,0.009551,0.000091,1.349696,1.373108,1.321522,0.051586,-0.129978,-0.620919,0.008099,455.420129,-633.796433,336.053176,12.789577,7.096613,2.780630,3.236962,3.073203,3.603609,0.850532,4.659713,2.000000
-4.503933,0.035159,0.001236,4.504070,-4.411400,-4.580400,0.169000,0.077092,-0.354953,0.028597,5071.661706,-118.646468,1121.499350,10.309416,6.976709,11.619554,15.459964,10.564526,5.361272,0.739983,4.512351,-3.377357,0.023899,0.000571,3.377441,-3.294500,-3.440800,0.146300,0.281824,0.081063,0.018764,2851.777529,-162.826596,840.959250,10.715499,7.048417,11.187426,6.056722,9.185208,5.808102,0.746103,4.563223,8.252451,0.013839,0.000192,8.252462,8.287300,8.215600,0.071700,0.010875,-0.457282,0.011040,17025.783931,-434.213635,2054.868400,11.665466,7.680675,5.823723,3.605299,3.650661,4.568294,0.820546,4.622316,9.989828,0.015051,0.000227,9.989839,10.041551,9.950933,0.090619,0.160734,0.181099,0.011935,24949.223166,-308.646721,2487.482192,12.611300,6.847762,4.064296,6.553484,5.195564,5.592047,0.850512,4.685883,0.152901,0.250803,0.062902,0.293736,0.791820,-0.548220,1.340040,-0.082449,0.095657,0.197026,21.570152,0.084217,57.959054,10.615937,7.365378,125.651555,64.056560,86.196130,61.569761,0.803912,4.607260,0.337026,0.519615,0.270000,0.619344,1.708600,-0.854310,2.562910,0.115675,-0.334007,0.413892,95.896651,2.912716,124.943212,7.467383,6.442713,260.579200,173.218581,99.902081,44.716528,0.632421,4.341529,-0.387593,0.139776,0.019537,0.412026,0.028683,-0.801980,0.830663,-0.088333,0.100202,0.109460,42.441369,-6.743556,96.464814,10.751214,7.392112,59.159130,53.475553,41.353396,28.156533,0.765802,4.590147,0.744036,0.293331,0.086043,0.799770,1.823149,0.315430,1.507719,1.152081,1.231735,0.226607,159.908171,0.221152,185.359897,8.614427,7.090330,167.958899,108.876036,60.569221,43.259466,0.730322,4.512912,-0.594930,0.009041,0.000082,0.594998,-0.577640,-0.623190,0.045550,-0.669676,0.284330,0.007170,88.505791,-750.437889,148.145485,12.593561,6.982782,2.669925,3.099934,2.874152,3.464383,0.809774,4.635519,0.526754,0.017188,0.000295,0.527034,0.555560,0.472220,0.083340,-0.399741,-0.267607,0.014435,69.441273,-336.994189,131.170610,13.211975,7.012261,4.547278,5.770195,4.932417,6.865853,0.833440,4.641669,1.091328,0.006370,0.000041,1.091346,1.107500,1.076800,0.030700,-0.083426,-0.536221,0.005304,297.759127,-1206.598364,271.739800,12.634533,7.397970,2.238322,2.216425,1.805584,2.258281,0.849204,4.673156,1.350088,0.009404,0.000088,1.350120,1.373108,1.321522,0.051586,-0.088831,-0.589897,0.007954,455.706192,-636.055092,336.178206,12.935550,7.251574,2.832299,3.063850,2.404363,3.593218,0.801600,4.613175,2.000000
-4.506769,0.037769,0.001426,4.506927,-4.387300,-4.604300,0.217000,0.234445,-0.313303,0.030873,5078.098780,-87.841096,1122.220700,10.113498,7.231019,16.325842,15.733371,11.200781,6.335687,0.767203,4.574359,-3.374886,0.026193,0.000686,3.374987,-3.293500,-3.440800,0.147300,0.157164,0.319890,0.020750,2847.634717,-159.108973,840.335850,11.249098,7.121431,12.304489,7.271424,9.615787,8.645177,0.820214,4.644741,8.253113,0.014933,0.000223,8.253127,8.299300,8.213900,0.085400,0.104447,-0.144277,0.011918,17028.525119,-337.819151,2055.016200,11.358086,7.618190,6.870699,4.091447,4.747449,4.406439,0.823297,4.637942,9.990835,0.015944,0.000254,9.990848,10.033406,9.945469,0.087937,-0.088333,0.272909,0.012411,24954.258616,-312.183838,2487.722520,12.803753,6.921583,4.207488,6.258385,5.820644,5.542680,0.814188,4.647432,0.141970,0.250303,0.062652,0.287762,0.700910,-0.652960,1.353870,-0.277102,0.015312,0.195502,20.701739,0.046518,58.115871,11.018519,7.343154,123.408931,62.334374,82.350035,77.022565,0.795569,4.621242,0.305478,0.621872,0.386725,0.692850,1.662900,-2.440900,4.103800,-1.016750,2.572600,0.457516,120.010448,2.138859,137.719640,6.863916,6.304398,402.989421,169.392749,108.952937,54.170025,0.615416,4.334002,-0.394464,0.155553,0.024197,0.424027,0.081520,-0.855370,0.936890,-0.122365,0.392056,0.118461,44.949716,-4.813278,98.241827,9.846592,7.424204,84.415357,54.987685,42.521297,29.376066,0.785315,4.604778,0.790552,0.343038,0.117675,0.861770,2.547523,0.327909,2.219614,1.708829,4.356574,0.255731,185.661903,0.576610,196.662614,8.400621,6.933134,202.747658,129.465034,66.511156,46.979698,0.711009,4.501260,-0.594979,0.009405,0.000088,0.595054,-0.575570,-0.621120,0.045550,-0.511662,-0.066214,0.007577,88.522260,-731.025792,148.150670,12.306332,6.970385,3.173891,2.921778,3.225344,3.475695,0.817295,4.638681,0.525897,0.018212,0.000332,0.526212,0.555560,0.448410,0.107150,-0.640384,0.638020,0.014818,69.224778,-252.945439,130.949400,12.989924,6.973972,4.930534,6.196580,6.097176,7.010082,0.831513,4.654737,1.091090,0.006219,0.000039,1.091107,1.107500,1.072400,0.035100,-0.053082,-0.311420,0.005156,297.628797,-1062.259032,271.683600,12.568291,7.276792,2.164363,2.202058,1.945286,2.284712,0.858113,4.686373,1.349597,0.009555,0.000091,1.349631,1.373589,1.317426,0.056163,-0.089176,-0.303982,0.007937,455.375834,-580.848722,336.052360,13.099582,7.210652,2.649533,3.220894,2.602965,3.432752,0.791728,4.612182,2.000000
-4.518477,0.056725,0.003218,4.518833,-4.387300,-4.749100,0.361800,-0.722906,1.868593,0.042620,5104.963496,-40.793470,1125.111250,8.926167,6.600760,26.223466,29.140007,14.287804,7.302763,0.709439,4.518818,-3.368805,0.040553,0.001645,3.369049,-3.247600,-3.501400,0.253800,-0.056811,0.628354,0.030397,2837.623248,-70.137496,838.814650,9.774142,7.057026,22.368943,11.832816,11.864695,9.864758,0.782733,4.577241,8.248282,0.018246,0.000333,8.248302,8.299300,8.194200,0.105100,-0.029119,-0.263805,0.014838,17008.622217,-253.759238,2053.843450,10.618611,7.550049,9.428268,5.829190,5.402511,4.855647,0.843019,4.653321,9.990212,0.022350,0.000500,9.990237,10.064100,9.941208,0.122892,0.173039,0.106277,0.017479,24951.208961,-197.974472,2487.579156,11.644890,6.799092,6.401161,11.711964,7.325170,5.907748,0.810606,4.642020,0.171138,0.396329,0.157077,0.431701,1.509700,-1.226200,2.735900,0.167776,1.058816,0.297948,46.591331,1.796151,83.071516,9.640833,7.040329,224.259341,136.653295,96.388101,94.076769,0.780876,4.581706,0.398110,0.894775,0.800622,0.979343,3.646100,-2.669700,6.315800,-0.329886,1.690233,0.657772,239.778256,1.985650,192.311456,6.453487,5.474256,563.814331,367.048967,135.460286,54.138498,0.509948,4.292518,-0.322922,0.262691,0.069006,0.416275,1.218200,-1.023800,2.242000,1.511750,6.725779,0.185373,43.321262,0.063986,90.224434,8.074559,6.885816,175.738816,85.656868,45.244802,42.182105,0.719267,4.497396,1.011319,0.544056,0.295997,1.148374,3.656076,0.187743,3.468333,1.592115,3.510733,0.413357,329.690849,1.850414,251.860571,7.976593,6.492284,331.165853,203.279603,131.834541,72.821019,0.670755,4.477151,-0.595841,0.009732,0.000095,0.595920,-0.575570,-0.625260,0.049690,-0.452944,-0.204418,0.007967,88.780291,-664.642694,148.369145,12.781216,7.017062,2.880537,3.546180,3.265254,3.530444,0.845201,4.669717,0.526714,0.019750,0.000390,0.527084,0.557540,0.448410,0.109130,-0.773531,0.621590,0.016148,69.454465,-242.757869,131.131915,12.729674,6.920460,5.145866,7.288531,6.633033,7.142876,0.812950,4.633985,1.090333,0.006115,0.000037,1.090350,1.103100,1.070200,0.032900,-0.321132,0.095993,0.004938,297.215972,-1144.544530,271.494500,11.949622,7.204426,2.301533,2.021911,1.883264,2.313983,0.794065,4.634621,1.349707,0.009657,0.000093,1.349742,1.373589,1.317051,0.056539,-0.357470,-0.004229,0.007970,455.450728,-579.178395,336.072653,12.588642,7.101548,2.923017,3.344359,2.935628,3.531007,0.809675,4.630483,2.000000
-4.538014,0.060693,0.003684,4.538419,-4.387300,-4.749100,0.361800,-0.313218,0.564768,0.047947,5149.312754,-38.209683,1130.109850,8.596313,6.469245,29.565734,29.653169,15.086084,8.353328,0.720824,4.515949,-3.367327,0.043341,0.001878,3.367606,-3.247600,-3.501400,0.253800,-0.278882,0.405210,0.032963,2835.192066,-67.291997,838.391500,8.903749,6.794445,24.991089,13.454680,12.416530,7.887437,0.718977,4.521006,8.236788,0.021353,0.000456,8.236816,8.283500,8.169500,0.114000,-0.258617,-0.344369,0.017572,16961.283124,-214.798078,2050.960250,9.718988,7.721539,12.285823,5.721322,4.821765,4.569609,0.750933,4.548670,9.989122,0.024540,0.000602,9.989152,10.083337,9.937838,0.145499,0.411474,0.451087,0.019403,24945.787943,-159.135670,2487.331255,11.593643,6.703382,7.021562,12.267234,8.759942,6.973692,0.841217,4.659731,0.185433,0.455831,0.207782,0.492105,1.509700,-1.226200,2.735900,0.120521,-0.012054,0.364483,60.541711,2.326581,97.778634,9.220569,6.982642,265.248720,146.299674,127.520616,92.783772,0.772715,4.570667,0.518447,0.936980,0.877931,1.070850,3.646100,-2.669700,6.315800,0.092182,0.967514,0.722856,286.679700,2.093242,209.832971,6.468363,5.594065,591.140817,372.413742,141.856956,61.050451,0.525222,4.295269,-0.358115,0.351219,0.123355,0.501598,1.218200,-2.247800,3.466000,-0.368638,6.162896,0.254539,62.900260,0.901772,100.051246,7.979288,6.921620,231.734979,101.426074,74.379814,46.215273,0.707757,4.476130,1.136268,0.591086,0.349383,1.280815,3.656076,0.187743,3.468333,1.418077,2.611759,0.448624,410.121671,2.037011,282.485633,8.112581,6.514129,361.473630,217.663569,153.840184,74.401999,0.721114,4.509852,-0.596446,0.010556,0.000111,0.596539,-0.577640,-0.637680,0.060040,-0.728687,0.609217,0.008480,88.964754,-536.584861,148.512070,12.146041,7.361543,3.850339,3.797005,3.610968,3.189340,0.863503,4.687441,0.527087,0.019863,0.000395,0.527461,0.561510,0.458330,0.103180,-0.742963,0.446524,0.016111,69.553810,-254.138516,131.236035,12.656323,6.886620,5.674807,7.661897,6.219313,7.711459,0.820737,4.644589,1.089472,0.006457,0.000042,1.089492,1.105300,1.070200,0.035100,-0.263633,-0.130806,0.005266,296.747951,-1058.080599,271.278200,11.642714,7.252620,2.478991,2.315976,2.018889,2.234266,0.833857,4.658488,1.349435,0.009572,0.000092,1.349469,1.369440,1.317051,0.052390,-0.428901,-0.052919,0.007800,455.266515,-623.899613,336.004350,12.115370,7.013114,3.005678,3.563075,2.851270,3.676533,0.762954,4.600775,2.000000
-4.578234,0.065776,0.004326,4.578706,-4.399800,-4.845300,0.445500,-0.497503,1.172912,0.049909,5241.138258,-29.859702,1139.959750,10.202464,7.935598,35.275187,19.531165,14.032348,11.886336,0.783530,4.575231,-3.355286,0.049499,0.002450,3.355651,-3.187600,-3.489500,0.301900,0.607173,1.719134,0.035320,2815.098568,-54.755409,835.451700,8.584903,7.199212,32.507927,11.927484,10.821960,10.470080,0.729730,4.509611,8.219971,0.022357,0.000500,8.220002,8.277200,8.151200,0.126000,-0.022695,-0.093613,0.017992,16892.106588,-193.334444,2046.793450,10.720857,8.159028,11.308208,5.365990,4.856257,5.360519,0.795042,4.572578,9.989630,0.025759,0.000664,9.989663,10.120943,9.855108,0.265835,0.300497,5.907582,0.018382,24948.343414,-88.075609,2487.420749,14.282852,7.119096,5.473595,8.776499,7.700072,9.328517,0.811657,4.655368,0.088528,0.628759,0.395338,0.634961,2.278900,-2.440800,4.719700,-0.009220,3.175991,0.432146,100.793749,1.814185,110.208158,8.587624,7.420388,402.190037,111.639025,151.131307,123.996838,0.720963,4.478208,0.473656,1.002210,1.004426,1.108501,5.720800,-1.876400,7.597200,1.063214,3.533848,0.714212,307.193811,1.774272,198.009701,6.886161,6.379657,713.700269,278.329563,143.018751,107.145654,0.621738,4.360807,-0.405737,0.625266,0.390957,0.745372,1.929100,-2.597600,4.526700,0.780629,4.272407,0.382751,138.894932,1.477537,149.043636,7.065045,7.017875,371.192679,114.361712,92.508486,77.905535,0.630443,4.264663,1.214180,0.844569,0.713296,1.479030,5.964172,0.299565,5.664607,2.242951,6.605953,0.593682,546.882493,1.505830,302.540625,7.164541,7.006339,603.815310,187.170349,109.815606,91.946678,0.650014,4.370602,-0.598674,0.010743,0.000115,0.598770,-0.577640,-0.637680,0.060040,-0.601239,0.401595,0.008679,89.631397,-529.593261,149.065935,11.464326,7.446631,4.195214,3.804461,3.218749,3.204530,0.827570,4.633203,0.527778,0.019711,0.000389,0.528145,0.561510,0.450400,0.111110,-0.810013,0.911090,0.015762,69.734406,-237.087135,131.409660,12.430355,6.937387,6.686024,7.332706,6.182376,8.092868,0.858512,4.680915,1.087171,0.006753,0.000046,1.087192,1.105300,1.065800,0.039500,-0.182711,-0.080124,0.005472,295.496704,-913.714136,270.707300,11.790309,7.560754,2.727976,2.156484,1.967920,2.246028,0.835387,4.658191,1.348835,0.009717,0.000094,1.348870,1.369147,1.314858,0.054289,-0.426426,0.047178,0.007902,454.862507,-600.415824,335.856863,12.471975,7.060455,3.125735,3.522144,2.966031,3.777087,0.826793,4.656256,2.000000
-4.626793,0.054298,0.002948,4.627111,-4.424500,-4.845300,0.420800,-0.021153,1.427656,0.041867,5352.539965,-35.415817,1152.141550,11.344595,8.027463,25.798638,17.850089,12.099035,11.252825,0.811953,4.635654,-3.346016,0.044840,0.002011,3.346316,-3.187600,-3.481900,0.294300,0.735469,2.236033,0.031787,2799.457765,-58.639110,833.146550,9.226378,7.450143,27.123206,12.790811,9.403243,10.629171,0.750555,4.540341,8.198063,0.019318,0.000373,8.198086,8.242500,8.151200,0.091300,0.179771,-0.600445,0.016104,16802.151711,-290.997949,2041.323900,11.837623,7.978236,7.447034,5.412347,4.179579,5.149266,0.816062,4.587440,9.990797,0.024038,0.000578,9.990826,10.120943,9.855108,0.265835,0.179172,7.476783,0.016843,24954.149440,-91.031764,2487.741646,14.685581,7.218481,5.769368,6.522428,6.802857,8.799994,0.847746,4.673475,0.126439,0.605400,0.366509,0.618463,2.278900,-2.440800,4.719700,-0.191704,4.080746,0.392006,95.624026,1.514118,104.012013,8.793936,7.381610,381.961024,105.794139,149.566144,129.573314,0.717532,4.469908,0.407384,0.899199,0.808558,0.987178,5.720800,-1.876400,7.597200,1.261156,6.280655,0.596344,243.629999,1.599883,176.277558,7.057512,6.640762,664.397343,235.277556,123.884224,91.842610,0.631521,4.380486,-0.352020,0.593099,0.351766,0.689699,1.929100,-2.597600,4.526700,0.843835,5.038160,0.345532,118.921016,1.400310,133.901830,7.333158,7.125853,362.008088,110.408566,102.444190,72.601797,0.640258,4.310415,1.089699,0.803278,0.645256,1.353773,5.964172,0.074629,5.889543,2.792342,9.837939,0.522991,458.175040,1.475014,270.357033,7.501467,7.019775,540.484055,204.371557,104.912708,100.381005,0.667087,4.394066,-0.603237,0.009768,0.000095,0.603317,-0.583850,-0.633540,0.049690,-0.453224,-0.050306,0.007888,90.997716,-657.856269,150.212065,11.958320,7.082552,3.322745,3.344098,3.248861,3.600941,0.807616,4.632336,0.530937,0.036519,0.001334,0.532191,1.015900,0.450400,0.565500,9.182003,121.758355,0.017793,70.806805,-43.857466,132.212305,12.656018,7.237670,12.802867,13.245047,11.600266,15.012873,0.918822,4.738668,1.084372,0.006192,0.000038,1.084389,1.098700,1.065800,0.032900,-0.196934,-0.449830,0.005125,293.975028,-1149.400962,270.012900,12.354104,7.327947,2.138054,1.818757,1.776970,2.403302,0.806434,4.619121,1.350097,0.018881,0.000356,1.350229,1.603389,1.314858,0.288530,9.566444,126.786843,0.009172,455.779549,-99.456854,336.184252,12.602131,7.344379,6.887014,6.809279,5.766611,7.749599,0.917731,4.742512,2.000000
-4.645599,0.062361,0.003889,4.646018,-4.460300,-5.074500,0.614200,-1.139380,9.074631,0.042384,5396.370198,-22.896235,1156.541950,12.075796,7.357596,22.172030,26.470692,19.529093,18.055999,0.829289,4.684797,-3.348471,0.039562,0.001565,3.348705,-3.094600,-3.482900,0.388300,1.107062,7.283221,0.027667,2803.456133,-48.038660,833.830650,10.968716,6.971206,17.485516,16.797904,11.751928,13.218527,0.839130,4.669447,8.187204,0.019967,0.000399,8.187229,8.271700,8.011700,0.260000,-2.294899,23.818852,0.013442,16757.678646,-102.335369,2038.607700,13.459735,7.437260,5.759415,6.631277,6.828179,6.104640,0.848242,4.683066,9.991438,0.034414,0.001184,9.991497,10.174505,9.815181,0.359323,0.330038,7.619629,0.022242,24957.504977,-57.824898,2487.780781,13.542570,6.977124,7.942060,13.169271,12.435435,12.538544,0.876928,4.700633,0.342202,0.955963,0.913865,1.015366,7.451200,-0.830960,8.282160,5.169154,32.470483,0.460602,257.741844,0.918683,116.952738,7.824544,6.679610,671.644875,309.357921,160.875284,185.605354,0.674718,4.485665,0.385597,0.876046,0.767456,0.957153,7.048100,-3.630800,10.678900,1.161546,14.250976,0.582186,229.035276,1.158641,168.466520,9.382213,6.469544,444.125436,379.578837,272.792415,196.442237,0.769924,4.597659,-0.514631,0.914044,0.835476,1.048962,1.231300,-8.677500,9.908800,-6.325906,46.822373,0.364557,275.080237,0.548943,132.219206,8.417641,7.243372,648.092015,230.667727,181.874386,210.579273,0.769110,4.554762,1.140154,1.321922,1.747479,1.745689,11.531008,0.074629,11.456379,6.042876,40.885584,0.574199,761.857357,0.747244,278.963327,7.423539,6.409898,941.865551,428.871277,219.014256,254.659979,0.663464,4.473963,-0.604836,0.008914,0.000079,0.604902,-0.587990,-0.633540,0.045550,-0.408973,-0.234526,0.007378,91.476559,-739.293635,150.592060,12.718537,6.940856,2.514711,3.268620,2.947711,3.799832,0.825807,4.657835,0.531325,0.036349,0.001321,0.532567,1.015900,0.454370,0.561530,9.307671,123.666684,0.017873,70.906982,-42.769468,132.300595,12.637160,7.197420,12.860823,13.218476,11.712314,15.822764,0.930811,4.748757,1.083417,0.006088,0.000037,1.083434,1.098700,1.063600,0.035100,-0.138560,-0.404026,0.004997,293.457473,-1060.362614,269.775350,12.504397,7.096629,1.912132,1.841558,1.624262,2.593055,0.766120,4.579536,1.350188,0.018890,0.000357,1.350320,1.603389,1.315255,0.288134,9.543693,126.334319,0.009293,455.841014,-99.157972,336.195436,12.605762,7.321442,6.999218,6.410133,5.855864,8.002117,0.913239,4.732822,2.000000
-4.741931,0.180636,0.032629,4.745370,-4.110300,-5.545400,1.435100,-0.548996,2.633140,0.134862,5629.634300,-2.713930,1180.660200,10.967263,7.900095,77.556550,46.197898,51.004966,36.629603,0.776428,4.566076,-3.307953,0.083287,0.006937,3.309002,-2.838300,-3.645000,0.806700,1.222848,7.511293,0.057243,2737.372775,-14.522461,823.699800,10.921400,7.533454,39.854946,22.510809,26.604223,25.687030,0.822004,4.634848,8.144223,0.072551,0.005264,8.144546,8.356300,7.917900,0.438400,-0.793929,0.279882,0.058085,16583.407180,-31.885783,2027.947650,9.502009,7.981102,33.091317,17.492083,11.738833,12.385519,0.737634,4.445822,9.989859,0.066209,0.004384,9.990078,10.273744,9.756726,0.517018,-0.019788,3.538324,0.044192,24950.414255,-27.107204,2487.472360,14.029344,6.834812,14.725133,17.205122,28.449927,22.659918,0.811824,4.646353,0.125428,2.051768,4.209752,2.055598,7.451200,-7.360900,14.812100,-0.443910,3.759324,1.219188,1056.371102,1.304487,309.442988,7.880052,7.152206,1388.684259,336.358145,429.575328,330.532305,0.646392,4.394328,0.701691,2.256247,5.090649,2.362841,11.243000,-9.443200,20.686200,0.239492,6.184669,1.358647,1395.754961,0.973644,360.708771,8.052053,6.297996,1402.763879,691.946131,659.736591,358.195579,0.667958,4.476459,-0.223876,1.593465,2.539131,1.609115,10.809000,-8.677500,19.486500,0.584730,15.671641,0.824478,647.312947,0.800843,224.005361,8.524508,6.898710,1032.304802,462.455058,472.832391,271.006633,0.753786,4.561482,2.351159,2.621032,6.869809,3.521045,15.714648,0.214778,15.499870,2.313200,5.476417,1.810233,3099.439009,1.089182,586.607027,8.273075,7.211082,1518.131781,678.400734,449.324632,520.193354,0.710444,4.446324,-0.612588,0.012859,0.000165,0.612723,-0.587990,-0.648030,0.060040,-0.384352,-0.301018,0.010364,93.857452,-502.748448,152.532170,10.741721,7.579498,5.033713,3.528183,3.454378,3.086496,0.763787,4.535231,0.534166,0.020559,0.000423,0.534562,0.575400,0.454370,0.121030,-0.697621,0.583677,0.016941,71.439128,-208.427090,133.014835,12.355278,7.195933,6.526227,6.823215,6.746754,6.946507,0.797064,4.623855,1.076007,0.010484,0.000110,1.076058,1.098700,1.043900,0.054800,-0.488875,-0.166752,0.008407,289.475135,-584.357235,267.933700,9.976253,7.744911,4.479641,2.364936,1.958882,2.612030,0.749232,4.475250,1.348696,0.010241,0.000105,1.348735,1.369088,1.314289,0.054799,-0.503870,0.216277,0.008401,454.771715,-592.384621,335.833737,12.453152,7.196056,3.323360,3.162825,3.260259,4.120016,0.816864,4.634161,2.000000
-4.867381,0.194143,0.037691,4.871251,-4.110300,-5.545400,1.435100,0.740553,2.790306,0.140347,5932.272788,-2.433081,1212.143850,10.647560,7.991856,106.019952,52.784069,50.507200,42.756015,0.813715,4.619314,-3.268468,0.079595,0.006335,3.269437,-2.838300,-3.645000,0.806700,0.312443,8.523363,0.049324,2672.304613,-15.731314,813.702800,11.438799,7.195885,34.079615,24.505786,31.424440,26.086598,0.826181,4.663860,8.085896,0.079695,0.006351,8.086288,8.356300,7.905200,0.451100,0.801681,0.715284,0.063622,16347.014747,-28.584887,2013.306750,9.184544,7.908120,46.569396,20.169836,12.732895,15.151267,0.755491,4.506152,9.990023,0.076196,0.005806,9.990314,10.368902,9.700963,0.667939,0.243362,4.261375,0.050257,24951.592148,-19.101829,2487.478484,14.144201,6.890048,18.215129,18.492369,30.985854,26.593337,0.808475,4.648780,-0.025787,2.193460,4.811266,2.193611,5.611400,-9.628500,15.239900,-1.285438,3.671009,1.408780,1202.982828,1.260728,349.704906,7.928129,7.006887,1507.984225,359.475917,487.295613,352.307567,0.647533,4.397317,0.573664,3.932229,15.462424,3.973854,17.498000,-17.712000,35.210000,-0.337777,6.204194,2.254712,3947.878712,0.735587,579.068436,7.246023,6.551755,2634.688307,771.951474,769.306332,508.207402,0.645507,4.359316,-0.068896,2.444733,5.976720,2.445704,12.577000,-11.128000,23.705000,1.293402,10.409717,1.306729,1495.366765,0.830438,330.562889,8.247049,7.199625,1676.269912,596.709188,646.924426,217.274040,0.680651,4.473468,3.362093,3.909123,15.281244,5.156056,19.145301,0.156138,18.989163,2.000637,3.745097,2.821972,6646.228305,1.112957,838.744712,7.454284,6.999358,2419.001417,1032.846393,617.815770,482.670579,0.666155,4.384724,-0.621335,0.012370,0.000153,0.621458,-0.585920,-0.662530,0.076610,-0.257010,0.871880,0.009654,96.552427,-390.110294,154.717705,10.586139,7.627752,5.970549,3.197621,3.622808,3.127413,0.755216,4.561484,0.538897,0.019678,0.000387,0.539256,0.575400,0.464290,0.111110,-0.747101,0.636262,0.016081,72.699184,-234.467055,134.176525,12.543638,7.100542,6.215089,6.512582,6.732587,6.628838,0.841291,4.652775,1.067885,0.008503,0.000072,1.067919,1.092100,1.043900,0.048200,-0.055866,0.080266,0.006762,285.112563,-711.209999,265.904300,10.504905,7.709177,3.961869,2.375792,2.186254,2.112626,0.775761,4.557908,1.348095,0.009761,0.000095,1.348131,1.369088,1.314289,0.054799,-0.374474,0.059971,0.008077,454.364174,-592.550317,335.675642,12.353311,7.063764,2.908718,3.611195,3.275176,3.429421,0.816341,4.644819,2.000000
-4.916999,0.131137,0.017197,4.918748,-4.375800,-5.485600,1.109800,1.785020,7.634595,0.072154,6048.519490,-9.354828,1224.306050,10.122123,8.148509,82.187697,30.637837,27.069317,28.397683,0.792692,4.594864,-3.259014,0.045445,0.002065,3.259331,-3.043000,-3.515500,0.472500,-1.393215,12.675289,0.026584,2655.809378,-41.442040,811.486700,11.701248,6.266984,12.995632,16.640810,24.142294,14.781378,0.792339,4.646012,8.063870,0.057346,0.003289,8.064074,8.340500,7.905200,0.435300,2.160523,7.076247,0.032400,16257.320385,-43.297053,2007.934450,9.366533,8.137919,35.146389,10.657162,9.096890,10.770927,0.729226,4.479185,9.992197,0.050867,0.002587,9.992327,10.368902,9.700963,0.667939,0.874393,16.865864,0.027798,24961.649253,-27.217530,2488.067010,13.856381,6.858400,12.450912,15.064972,21.158455,19.003913,0.861068,4.699515,0.135505,1.248739,1.559350,1.256070,4.262900,-9.628500,13.891400,-3.525211,28.896711,0.560937,394.427755,1.010547,148.845942,8.049761,6.661844,896.190800,245.977129,353.064734,206.835859,0.671730,4.475450,0.200758,3.308874,10.948648,3.314959,17.498000,-17.712000,35.210000,-0.345938,13.203692,1.402462,2747.237867,0.634621,362.661510,6.820565,6.584312,2307.609121,438.885953,534.027918,444.094604,0.568248,4.251957,-0.391401,2.084465,4.344994,2.120893,12.577000,-11.128000,23.705000,1.758677,19.351040,0.801103,1124.547265,0.665663,249.106994,7.827560,7.267217,1543.588592,399.509012,525.336130,121.118264,0.613228,4.419401,2.055867,3.583052,12.838264,4.130963,19.145301,0.156138,18.989163,3.083502,9.128943,2.178257,4266.212888,0.791701,513.162411,6.709984,7.000607,2263.075310,711.232221,389.421922,337.658222,0.613999,4.257098,-0.620714,0.011994,0.000144,0.620830,-0.585920,-0.662530,0.076610,-0.402968,1.353295,0.009253,96.357359,-398.160260,154.553180,11.069398,7.791626,5.634632,2.869295,3.356422,3.298536,0.771295,4.575927,0.540357,0.017868,0.000319,0.540652,0.569440,0.474210,0.095230,-0.565290,0.037900,0.014961,73.076210,-288.046345,134.556485,12.584162,6.935841,5.522321,6.335649,5.702480,7.113469,0.854904,4.667129,1.066596,0.007485,0.000056,1.066622,1.092100,1.046100,0.046000,0.194795,0.950339,0.005839,284.420763,-757.157466,265.578800,11.216274,7.708606,3.456614,2.155987,2.117880,1.983864,0.784830,4.597996,1.347343,0.009154,0.000084,1.347374,1.365435,1.324295,0.041140,-0.254543,-0.815532,0.007763,453.854332,-813.772870,335.486547,12.465684,6.923453,2.722620,3.409196,2.894778,3.503147,0.820517,4.636086,2.000000
-4.946624,0.038527,0.001484,4.946774,-4.847200,-5.208400,0.361200,-1.119557,7.604318,0.027919,6117.642350,-49.571864,1231.694100,12.069879,7.642383,11.982518,14.451575,10.166501,9.020823,0.775832,4.572478,-3.248162,0.022226,0.000494,3.248238,-3.194400,-3.317400,0.123000,-0.320159,0.081853,0.017837,2637.761942,-194.951336,808.797900,12.412411,7.044266,6.570389,6.217804,8.816374,8.177318,0.763852,4.589597,8.050709,0.016036,0.000257,8.050725,8.092400,7.996800,0.095600,-0.072763,0.146456,0.013029,16203.543943,-289.489892,2004.638300,11.521913,8.020491,6.574506,4.294062,3.590347,3.866835,0.786477,4.561261,9.991765,0.020723,0.000429,9.991786,10.167923,9.931516,0.236407,2.257419,19.890925,0.013962,24958.948234,-108.382605,2487.953247,14.149016,7.027545,4.010800,7.615616,6.453038,6.156708,0.822875,4.640455,0.171644,0.289211,0.083643,0.336310,0.951250,-2.229900,3.181150,-2.038177,18.087604,0.195872,28.276127,0.131310,61.957888,11.381760,7.107939,117.813584,84.291290,110.766577,97.242790,0.823870,4.638179,0.387489,0.403107,0.162495,0.559145,2.044200,-0.533940,2.578140,0.544337,1.115412,0.308161,78.160761,1.886268,111.426146,7.627611,6.701883,230.613873,135.663600,65.635383,44.704359,0.637483,4.371856,-0.404300,0.176553,0.031171,0.441168,0.650980,-2.051600,2.702580,-2.351855,33.298388,0.110554,48.657408,-1.506105,101.941740,12.354047,6.715826,52.241380,58.719504,87.084588,61.273921,0.864330,4.695176,0.721577,0.315760,0.099704,0.787640,2.703898,0.163417,2.540482,2.598946,11.505107,0.211274,155.094296,0.122793,179.795963,8.558630,7.185372,187.875219,102.403523,56.774331,55.331177,0.690034,4.473471,-0.620946,0.009549,0.000091,0.621019,-0.602480,-0.656310,0.053830,-0.509378,0.136235,0.007694,96.416241,-605.630563,154.610175,13.101538,7.267736,2.829323,2.527068,2.952025,3.758078,0.800964,4.618299,0.542396,0.017330,0.000300,0.542673,0.569440,0.486110,0.083330,-0.580177,-0.278355,0.014849,73.623555,-339.110298,135.056450,12.659854,6.844788,4.880873,6.058809,5.486949,6.730675,0.811506,4.627154,1.065614,0.006459,0.000042,1.065634,1.081100,1.046100,0.035000,-0.305237,-0.137523,0.005175,283.893941,-1055.423262,265.334500,12.552288,7.303352,2.182770,2.154157,1.959470,2.346812,0.839476,4.661341,1.347461,0.009131,0.000083,1.347492,1.367384,1.324295,0.043090,-0.266401,-0.639243,0.007624,453.933736,-771.166727,335.512579,12.422197,6.937859,2.717784,3.467120,2.740803,3.611446,0.860769,4.664514,2.000000
-4.951654,0.039565,0.001565,4.951812,-4.834700,-5.208400,0.373700,-0.793694,6.629973,0.029019,6130.109694,-49.367088,1232.999950,11.902180,7.190844,11.380782,18.779431,11.859608,9.478013,0.804068,4.614917,-3.244250,0.021773,0.000474,3.244323,-3.180700,-3.327000,0.146300,-0.451495,0.802786,0.016801,2631.407385,-167.648861,807.796300,12.018803,6.739007,7.116097,6.968245,10.025762,7.931389,0.842609,4.667064,8.048853,0.015226,0.000232,8.048868,8.101200,7.996800,0.104400,0.104494,0.598994,0.012190,16196.067419,-275.225880,2004.157200,12.358547,7.819932,5.944183,3.926474,4.512305,4.171210,0.805229,4.615551,9.991491,0.020949,0.000439,9.991513,10.167923,9.931516,0.236407,2.406210,19.098646,0.014330,24957.584498,-106.948140,2487.887331,13.940396,6.930881,4.127692,8.609512,6.729972,6.166586,0.830699,4.658276,0.182230,0.286757,0.082230,0.339761,0.951250,-2.229900,3.181150,-2.031693,18.975854,0.194624,28.859307,0.125654,62.257896,11.724535,7.240135,123.372211,80.427296,114.885341,91.034635,0.852985,4.676776,0.394140,0.430264,0.185127,0.583501,2.044200,-0.533940,2.578140,0.678540,0.735182,0.333954,85.118402,2.045384,112.516799,7.743915,6.558642,242.328803,164.558702,90.088627,45.086654,0.669598,4.423491,-0.395906,0.181782,0.033045,0.435645,0.650980,-2.051600,2.702580,-2.242413,30.087566,0.113291,47.446552,-1.344325,99.958118,11.951727,6.831741,64.339298,52.701051,87.565215,62.333069,0.820819,4.667429,0.729240,0.337500,0.113906,0.803553,2.703898,0.163417,2.540482,2.307281,8.572029,0.236888,161.424260,0.311103,181.453306,8.451737,7.006280,200.874494,116.231326,64.401281,60.953301,0.696038,4.489652,-0.621385,0.009002,0.000081,0.621450,-0.604550,-0.648030,0.043480,-0.375725,-0.354026,0.007376,96.550064,-765.436565,154.722005,12.296024,7.121135,2.887682,2.820008,2.838310,3.298100,0.788362,4.609626,0.543103,0.017009,0.000289,0.543369,0.569440,0.490080,0.079360,-0.541551,-0.313372,0.014462,73.812542,-359.627410,135.229125,12.994217,6.904675,4.154002,5.225973,5.592898,6.184100,0.798453,4.596273,1.065791,0.006457,0.000042,1.065811,1.081100,1.046100,0.035000,-0.377937,-0.088288,0.005149,283.988144,-1062.786485,265.375400,12.358676,7.220500,2.062021,2.464280,1.802830,2.621801,0.828629,4.663162,1.348079,0.009305,0.000087,1.348111,1.367384,1.319437,0.047948,-0.279445,-0.251687,0.007576,454.350749,-690.626437,335.663751,12.752503,6.958100,2.420517,3.525057,2.522140,3.622932,0.816608,4.624915,2.000000
-4.941521,0.034994,0.001225,4.941645,-4.834700,-5.040300,0.205600,0.026549,0.366648,0.027250,6104.963098,-96.160586,1230.454900,10.785156,6.358538,8.714647,19.235397,12.281264,6.574491,0.735456,4.542577,-3.242320,0.025434,0.000647,3.242420,-3.156500,-3.327000,0.170500,0.128344,0.570805,0.019010,2628.321463,-135.010109,807.332350,11.215887,6.914746,10.761479,7.447656,10.142724,7.694642,0.795453,4.610839,8.054968,0.014670,0.000215,8.054981,8.116500,8.008000,0.108500,0.343143,1.238718,0.011061,16220.679561,-267.530218,2005.673750,12.760839,7.330138,5.027214,4.170691,5.445894,4.690885,0.797654,4.645586,9.990773,0.017906,0.000321,9.990789,10.044575,9.944378,0.100197,0.190259,0.176549,0.014238,24953.964122,-262.967014,2487.697975,12.714645,6.656821,3.865453,8.128137,6.729143,5.752264,0.829768,4.657482,0.142514,0.248425,0.061715,0.286400,0.869950,-0.535090,1.405040,0.197981,0.304592,0.193795,20.506281,0.170470,55.938639,11.767669,7.314177,106.616720,73.524386,94.672952,75.841255,0.846525,4.675431,0.308162,0.432280,0.186866,0.530876,1.632300,-1.067900,2.700200,0.344260,0.589243,0.334572,70.457424,2.071109,101.647623,8.166163,6.434404,217.688211,162.606260,107.633536,44.592915,0.654163,4.407796,-0.398599,0.137991,0.019042,0.421809,0.065609,-0.867860,0.933469,-0.023156,0.855746,0.107205,44.480761,-6.148622,99.294071,10.880988,7.355908,65.635722,45.836079,48.597305,34.221215,0.809478,4.640178,0.688042,0.261489,0.068377,0.736056,1.745777,0.297434,1.448343,1.374708,2.422524,0.198537,135.444466,-0.756793,171.329925,9.527497,6.891727,130.305635,105.975914,74.227609,56.402170,0.752343,4.567066,-0.620077,0.008414,0.000071,0.620134,-0.606630,-0.645960,0.039330,-0.466803,-0.250708,0.006889,96.141483,-889.384398,154.407375,12.589341,6.901759,2.217097,3.231168,2.654245,2.793877,0.808523,4.622321,0.542103,0.017570,0.000309,0.542388,0.569440,0.488100,0.081340,-0.566812,-0.189105,0.014579,73.546103,-339.251018,134.965245,12.710746,6.786010,4.401028,6.669534,5.898646,6.154083,0.807714,4.626307,1.066345,0.006434,0.000041,1.066365,1.081100,1.048200,0.032900,-0.407198,0.031396,0.005130,284.283369,-1141.779185,265.520500,12.111519,6.968565,1.928626,2.425568,2.255764,2.458542,0.828628,4.650367,1.347510,0.010007,0.000100,1.347547,1.367434,1.319437,0.047997,-0.249832,-0.585012,0.008394,453.970956,-677.886527,335.526820,12.401199,6.880519,2.592568,4.071302,3.215905,3.611701,0.807192,4.631844,2.000000
-4.936134,0.043874,0.001925,4.936329,-4.835000,-5.112500,0.277500,-0.754053,1.403965,0.032946,6091.836940,-64.685661,1229.108150,9.270216,6.628976,20.144843,22.358117,11.412629,6.299818,0.695816,4.520090,-3.238775,0.045096,0.002034,3.239089,-3.119800,-3.374800,0.255000,-0.055713,0.685609,0.033347,2622.923954,-67.060689,806.397050,8.507765,7.235661,28.220425,8.573888,9.041606,8.055513,0.689909,4.420599,8.058788,0.015275,0.000233,8.058802,8.116500,8.008000,0.108500,-0.085860,0.716491,0.012039,16236.074342,-263.622488,2006.639900,12.326883,7.398979,5.647527,4.685779,5.544156,4.838228,0.833773,4.666376,9.990145,0.018329,0.000336,9.990162,10.048848,9.938021,0.110827,0.230151,0.210592,0.014457,24950.835235,-233.570555,2487.533914,12.519908,6.757715,4.387363,9.218227,6.249886,5.746548,0.847624,4.673770,0.133511,0.518146,0.268475,0.535070,2.010300,-1.648900,3.659200,0.124508,2.888888,0.346319,71.575066,1.712153,93.540167,8.178100,7.683834,316.760516,70.390114,85.155641,75.154862,0.661011,4.333702,0.315546,0.666633,0.444400,0.737543,2.562900,-1.251000,3.813900,0.285067,0.504799,0.512495,135.992415,2.564084,141.899839,6.893613,6.025964,413.604570,243.705523,101.120246,52.666709,0.592949,4.332536,-0.371813,0.600904,0.361085,0.706633,1.487800,-2.442600,3.930400,-0.257009,3.383083,0.353792,124.832526,1.403467,138.303924,5.550385,6.737223,340.991740,58.041799,47.518218,36.294096,0.470342,3.895701,0.972217,0.619996,0.384395,1.153083,3.711869,0.297434,3.414435,2.272480,5.795247,0.421811,332.400007,1.540260,242.656390,6.771517,6.757376,377.035210,115.360385,83.372004,64.048676,0.582095,4.207827,-0.620275,0.009365,0.000088,0.620346,-0.602480,-0.652170,0.049690,-0.600911,0.053323,0.007521,96.207292,-662.587333,154.455990,12.411216,7.186185,2.927278,3.629537,2.625284,3.615793,0.825009,4.653416,0.540944,0.019227,0.000370,0.541286,0.571430,0.478170,0.093260,-0.730955,0.171256,0.015641,73.247519,-288.504055,134.683425,12.828927,6.738852,4.743241,7.727029,6.344894,7.727592,0.830144,4.659429,1.066019,0.006409,0.000041,1.066038,1.081100,1.046100,0.035000,-0.373156,0.078584,0.004965,284.109504,-1073.142246,265.436800,12.312539,7.144556,2.172700,2.272018,2.164567,2.456366,0.846705,4.672924,1.346906,0.010049,0.000101,1.346944,1.367434,1.315576,0.051857,-0.352526,-0.420324,0.008479,453.564316,-624.111789,335.376893,12.754235,6.930759,2.667799,3.739234,3.086587,3.995491,0.798322,4.625087,2.000000
-4.932330,0.045164,0.002040,4.932537,-4.835000,-5.112500,0.277500,-0.613297,1.285793,0.033500,6082.480733,-64.531373,1228.157200,9.257285,6.759448,21.913622,21.730120,10.536379,7.257102,0.731246,4.534780,-3.235764,0.043887,0.001926,3.236061,-3.119800,-3.374800,0.255000,-0.314478,1.150492,0.031564,2618.023031,-69.515012,805.662650,8.169036,7.200559,28.570567,8.041549,8.229688,7.404852,0.649184,4.392100,8.063386,0.014955,0.000224,8.063399,8.104100,8.012700,0.091400,-0.216351,0.233909,0.012081,16254.602744,-308.891382,2007.783700,11.416821,7.597048,6.485006,4.864213,4.444208,4.203263,0.806478,4.630586,9.991002,0.017505,0.000306,9.991017,10.048848,9.938021,0.110827,0.196040,0.306289,0.013699,24955.106507,-237.651512,2487.749769,12.367803,6.843627,4.108845,8.611640,5.859945,4.938170,0.796417,4.631176,0.144287,0.512266,0.262417,0.532199,2.010300,-1.648900,3.659200,0.095382,3.144454,0.335901,70.808886,1.613904,91.361408,8.147969,7.734783,316.274083,59.908102,78.719097,77.068368,0.637619,4.306471,0.304013,0.664053,0.440966,0.730335,2.562900,-1.632300,4.195200,0.262131,0.766671,0.504663,133.347384,2.319961,139.191757,6.448281,5.791629,438.079615,228.679160,95.512384,40.262689,0.521403,4.281043,-0.397833,0.604786,0.365767,0.723905,1.487800,-2.442600,3.930400,-0.148486,3.209561,0.352194,131.009526,1.499346,144.529743,5.401182,6.714536,347.570762,58.964804,40.098856,32.009750,0.459386,3.869948,0.975172,0.624262,0.389703,1.157870,3.711869,0.341296,3.370573,2.232071,5.533853,0.431775,335.165796,1.460728,242.661714,6.670463,6.786664,393.106273,107.907247,86.116698,55.203321,0.556443,4.200735,-0.619248,0.009594,0.000092,0.619323,-0.602480,-0.652170,0.049690,-0.615457,0.039575,0.007681,95.890108,-663.576013,154.203365,12.206409,7.140754,3.120279,3.845255,2.711278,3.819609,0.856968,4.676941,0.541889,0.018651,0.000348,0.542210,0.571430,0.478170,0.093260,-0.817844,0.608225,0.015030,73.497835,-289.519775,134.908705,12.440267,6.963269,5.657874,6.860806,6.241458,7.268987,0.838464,4.665100,1.066390,0.006207,0.000039,1.066408,1.078900,1.043900,0.035000,-0.659097,0.548436,0.004847,284.306327,-1073.784119,265.523900,12.244643,7.231154,2.266227,2.075720,2.183258,2.249086,0.866175,4.691450,1.347103,0.009534,0.000091,1.347137,1.367727,1.315576,0.052151,-0.547942,0.111012,0.007711,453.694271,-628.618740,335.419087,12.630052,7.154545,2.992926,3.191517,3.140550,3.722643,0.830872,4.665132,2.000000
-4.921512,0.036508,0.001333,4.921647,-4.834800,-5.016000,0.181200,0.042535,-0.386969,0.029226,6055.653299,-107.800961,1225.494950,10.083515,6.906451,13.421751,17.654595,9.727696,6.884998,0.756370,4.540063,-3.233411,0.026346,0.000694,3.233519,-3.155700,-3.338300,0.182600,-0.437150,0.978413,0.020540,2613.910520,-122.681560,805.057050,11.011904,6.962631,11.248528,8.513458,10.499652,6.781788,0.791861,4.612925,8.070579,0.013573,0.000184,8.070590,8.113300,8.033200,0.080100,0.066056,0.006447,0.010905,16283.606600,-386.781077,2009.564800,10.974286,7.734450,6.279343,4.154075,3.934660,2.945593,0.816324,4.617164,9.990616,0.016437,0.000270,9.990630,10.032824,9.951139,0.081684,0.147843,-0.187720,0.013109,24953.170419,-332.495189,2487.654343,12.261305,6.878045,3.993858,7.872547,5.517542,4.403336,0.831322,4.643075,0.173720,0.259146,0.067157,0.311986,1.025500,-0.921670,1.947170,-0.186001,1.024449,0.205591,24.333842,0.341798,61.609310,11.027794,7.510038,124.022727,68.851346,84.667063,77.914977,0.815799,4.630243,0.315790,0.439825,0.193446,0.541451,1.632300,-1.632300,3.264600,-0.268592,1.743593,0.335609,73.292284,1.728487,107.650634,7.358726,6.289098,258.517684,177.054720,72.006973,43.341372,0.612294,4.375608,-0.419726,0.161163,0.025973,0.449603,-0.061653,-1.171800,1.110147,-0.885796,2.821917,0.118585,50.535761,-4.312943,104.471736,9.452043,7.631405,99.055418,41.429110,42.099128,30.350041,0.775403,4.571012,0.722154,0.266723,0.071141,0.769836,1.929841,0.257083,1.672758,1.414641,2.705262,0.201468,148.161887,-0.218828,179.932448,8.875246,6.890164,147.675960,83.101482,81.990663,44.820832,0.735328,4.524494,-0.616780,0.008865,0.000079,0.616844,-0.600410,-0.648030,0.047620,-0.617223,0.338088,0.007176,95.124186,-706.280253,153.582285,12.364581,7.087904,2.745371,3.132587,2.615484,3.447928,0.793878,4.633954,0.543309,0.017480,0.000306,0.543591,0.573410,0.472220,0.101190,-0.769239,0.798941,0.014175,73.872684,-269.237869,135.302565,12.697437,6.958487,5.024808,6.434408,5.549908,7.106374,0.843605,4.670889,1.068112,0.006218,0.000039,1.068130,1.087700,1.043900,0.043800,-0.339031,0.666828,0.004886,285.225263,-834.996173,265.968700,12.179431,7.064380,2.164065,2.052906,2.214258,2.085570,0.799932,4.644723,1.347885,0.009792,0.000096,1.347920,1.368814,1.319754,0.049060,-0.302074,-0.318905,0.008066,454.222133,-659.710882,335.639501,12.721201,7.001271,2.818485,3.208190,3.183390,3.791430,0.830301,4.648056,2.000000
-4.902727,0.044131,0.001948,4.902926,-4.689400,-5.039800,0.350400,0.399226,1.851745,0.033825,6009.670386,-49.986657,1220.756600,10.472799,7.055474,17.868205,19.838333,14.652411,8.872297,0.793917,4.613098,-3.228172,0.037210,0.001385,3.228387,-3.070200,-3.314100,0.243900,0.412923,0.813810,0.028782,2605.620407,-77.367521,803.826150,10.100457,6.885803,18.900003,12.885016,12.323397,8.757769,0.796251,4.602576,8.084081,0.019274,0.000371,8.084104,8.168100,8.035400,0.132700,0.736137,1.134288,0.015006,16338.183468,-194.390101,2012.940650,10.810478,7.643404,8.564486,5.788357,5.116847,4.757781,0.811340,4.598289,9.990674,0.018351,0.000337,9.990691,10.040387,9.939647,0.100741,0.171581,-0.105534,0.014713,24953.474261,-257.730423,2487.674069,12.090439,6.926909,5.621244,8.422110,6.845037,5.483585,0.860176,4.691979,0.169725,0.368092,0.135492,0.405337,1.020800,-0.921670,1.942470,-0.348577,-0.026220,0.296045,41.074590,1.998750,82.296986,10.288149,7.106026,182.517358,133.393909,108.690249,93.901394,0.790385,4.610976,0.337148,0.593540,0.352290,0.682612,2.181500,-1.739100,3.920600,-0.377512,1.037974,0.454225,116.489826,2.146506,134.004881,7.273408,6.229356,356.878869,215.868556,113.708741,52.613941,0.604382,4.367938,-0.399843,0.256599,0.065843,0.475097,0.425170,-1.341000,1.766170,-0.106367,1.233283,0.190840,56.429257,0.224526,104.021252,8.176903,7.329757,171.979197,52.256415,48.069360,39.100953,0.678477,4.431733,0.860342,0.340273,0.115786,0.925189,2.203077,0.257083,1.945994,0.874191,0.643599,0.274427,213.993673,1.223346,213.877500,9.111692,6.926661,177.851408,127.393954,86.318718,59.507814,0.769387,4.550770,-0.614345,0.009226,0.000085,0.614415,-0.598340,-0.648030,0.049690,-0.638920,0.554424,0.007412,94.376309,-677.700384,152.972450,12.062891,7.136016,2.917450,2.908472,2.773988,3.214252,0.776072,4.583671,0.543777,0.018014,0.000324,0.544076,0.573410,0.472220,0.101190,-0.704932,0.427878,0.014607,74.004589,-265.298216,135.405660,13.004912,6.834688,4.650507,6.106336,6.074730,7.599067,0.822241,4.651993,1.069564,0.006706,0.000045,1.069585,1.087700,1.048200,0.039500,-0.183623,-0.148592,0.005465,286.003243,-925.056317,266.319850,12.242649,7.089113,2.287069,2.007388,2.396254,2.475797,0.798397,4.632468,1.348121,0.010275,0.000106,1.348160,1.368814,1.318101,0.050713,-0.316162,-0.503170,0.008611,454.384141,-632.035054,335.682995,12.518276,6.934887,3.040657,3.169559,3.533974,4.173792,0.799562,4.622958,2.000000
-4.906179,0.044165,0.001951,4.906378,-4.689400,-5.039800,0.350400,0.538498,1.919290,0.033068,6018.135252,-49.925468,1221.655700,10.381289,7.101256,18.934942,19.189712,15.379084,8.903528,0.803858,4.626385,-3.219779,0.035742,0.001277,3.219977,-3.070200,-3.314100,0.243900,0.196282,0.892807,0.027503,2592.063252,-79.521647,801.728350,10.309110,6.735546,16.212794,13.928023,10.068780,9.388981,0.761179,4.572481,8.086088,0.018740,0.000351,8.086110,8.168100,8.043000,0.125100,0.638342,1.165658,0.014536,16346.292586,-213.005022,2013.431500,10.833249,7.663374,8.737801,5.745147,4.953754,5.298670,0.782346,4.594697,9.991276,0.019301,0.000373,9.991294,10.041305,9.939647,0.101659,0.112367,-0.256569,0.015645,24956.491090,-250.045100,2487.833785,12.277034,6.812020,5.709510,8.122911,7.439361,6.908451,0.861852,4.693538,0.144409,0.363623,0.132222,0.391249,1.020800,-0.797300,1.818100,-0.150910,-0.143745,0.291435,38.268912,2.161453,78.754585,10.506196,6.969199,167.134262,155.213452,103.501271,101.805858,0.814466,4.635686,0.340566,0.662894,0.439428,0.745261,2.181500,-2.257800,4.439300,-0.724124,1.461459,0.502848,138.853360,2.192932,147.933222,7.031938,6.250089,409.229455,231.219746,116.664696,60.247265,0.592430,4.352750,-0.391743,0.259045,0.067104,0.469646,0.425170,-1.341000,1.766170,-0.185885,1.185704,0.190173,55.141806,0.198227,101.931981,8.098978,7.207801,166.198193,62.301340,47.145615,36.973486,0.668821,4.421456,0.888622,0.373374,0.139408,0.963876,2.406018,0.243980,2.162037,0.947628,0.958954,0.299919,232.264079,1.553724,221.450949,8.780988,6.949513,207.547001,139.432627,77.760150,68.211421,0.738295,4.521008,-0.614353,0.009375,0.000088,0.614425,-0.598340,-0.639750,0.041410,-0.494418,-0.210847,0.007723,94.379448,-807.126078,152.982720,12.618021,7.179956,3.149726,2.780600,3.421791,3.354346,0.848100,4.662126,0.544547,0.018636,0.000347,0.544866,0.575400,0.474210,0.101190,-0.724267,0.259091,0.015144,74.219777,-263.411844,135.592195,13.308506,6.922844,5.089467,4.889447,6.842489,7.543876,0.820956,4.643321,1.069065,0.006662,0.000044,1.069086,1.083300,1.048200,0.035100,-0.365325,-0.083276,0.005308,285.735982,-1054.769825,266.201500,12.028685,7.224006,2.555122,2.038320,2.265652,2.683144,0.861804,4.683271,1.348050,0.010053,0.000101,1.348088,1.365791,1.312557,0.053234,-0.537892,0.059243,0.008185,454.335207,-610.401494,335.671928,12.483452,6.881969,3.060567,2.924719,3.732009,4.202694,0.789569,4.629053,2.000000
-4.919769,0.038850,0.001509,4.919923,-4.702000,-5.015900,0.313900,0.526419,3.508063,0.028728,6051.409578,-61.035545,1225.016900,11.492248,7.228147,14.233786,17.567225,12.037203,10.398848,0.809966,4.647888,-3.223963,0.028692,0.000823,3.224091,-3.156000,-3.314600,0.158600,-0.249340,0.099712,0.022617,2598.690480,-140.097741,802.755250,10.833675,7.248929,13.101076,9.513710,8.124076,9.705633,0.809758,4.621648,8.076362,0.014977,0.000224,8.076376,8.138200,8.032700,0.105500,0.256802,1.136533,0.011565,16306.963479,-274.526654,2011.028750,11.346042,7.453518,6.886270,4.987307,4.380583,4.234657,0.811351,4.637867,9.991389,0.019843,0.000394,9.991409,10.049864,9.905149,0.144714,-0.181697,0.878089,0.015596,24957.063536,-172.155192,2487.861148,13.210773,6.969974,5.165078,7.494267,6.451650,7.905526,0.835866,4.669396,0.117275,0.317046,0.100518,0.338041,1.193100,-1.130500,2.323600,-0.092881,0.799582,0.247308,28.567877,1.150269,66.227301,10.757034,7.464205,146.976476,106.697643,78.596412,102.502501,0.820598,4.618502,0.391397,0.583689,0.340693,0.702769,1.968000,-2.257800,4.225800,-0.456326,2.197156,0.445984,123.471142,1.901970,134.126817,6.822189,5.994299,367.105722,210.798402,91.053431,50.180467,0.603094,4.341354,-0.386651,0.175830,0.030916,0.424753,0.340690,-0.841620,1.182310,0.468043,1.809657,0.132480,45.103789,-3.295888,98.122596,9.768086,7.211508,98.441607,59.539796,46.267306,48.148745,0.805411,4.618962,0.808540,0.367197,0.134834,0.888015,2.406018,0.168472,2.237546,1.376784,2.295861,0.279726,197.142808,1.090789,201.507810,7.724503,6.386106,234.874337,129.942300,71.564732,47.662280,0.654192,4.441459,-0.616010,0.009328,0.000087,0.616080,-0.600410,-0.639750,0.039340,-0.515626,-0.350229,0.007745,94.888782,-868.246587,153.385480,13.077430,7.063187,2.641260,2.973877,3.577105,3.482294,0.858860,4.681338,0.543809,0.018430,0.000340,0.544122,0.575400,0.474210,0.101190,-0.709795,0.268868,0.014998,74.017069,-263.530170,135.397775,12.921844,7.068952,5.644772,6.110620,6.040590,6.866870,0.834481,4.660724,1.067740,0.006397,0.000041,1.067759,1.081100,1.048200,0.032900,-0.415649,-0.169326,0.005094,285.027409,-1145.884157,265.861500,11.826378,7.106041,2.404344,2.249943,2.297485,2.472229,0.851194,4.682132,1.347457,0.009630,0.000093,1.347491,1.366633,1.312557,0.054075,-0.518076,0.261990,0.007772,453.933260,-604.355747,335.507409,12.251613,7.057595,3.369139,3.321632,3.152489,3.844545,0.843583,4.673654,2.000000
-4.931511,0.040918,0.001674,4.931681,-4.702000,-5.027800,0.325800,0.725494,3.481076,0.030801,6080.368256,-55.934671,1227.964500,11.321505,7.323130,14.945749,19.336392,11.846428,10.787598,0.833040,4.655912,-3.211563,0.034716,0.001205,3.211751,-3.132000,-3.314600,0.182600,-0.462881,-0.135493,0.028042,2578.835854,-107.561072,799.673850,10.452710,7.566445,15.159574,8.637900,8.683777,8.521705,0.785257,4.542258,8.072948,0.017364,0.000301,8.072967,8.138200,7.984800,0.153400,-0.516234,2.870730,0.013460,16293.199342,-175.185784,2010.163900,10.974102,7.352662,7.752297,6.029883,5.532002,4.649140,0.832048,4.643001,9.990455,0.020559,0.000423,9.990476,10.049864,9.905149,0.144714,-0.199075,1.075239,0.015826,24952.403452,-170.978824,2487.630466,13.147898,6.872360,4.712504,9.344509,6.679176,7.686685,0.860250,4.691083,0.166963,0.350948,0.123165,0.388640,1.395300,-1.130500,2.525800,0.304475,1.061174,0.265916,37.760313,1.468898,73.082572,10.029625,7.579933,177.989919,97.769536,82.843510,90.473931,0.764202,4.547877,0.362961,0.513419,0.263599,0.628761,1.968000,-1.083100,3.051100,0.516497,0.188787,0.407833,98.835003,2.389967,117.551759,7.411131,6.247082,312.740842,215.021869,80.166029,63.644703,0.649435,4.423993,-0.374806,0.195874,0.038366,0.422902,0.430340,-0.874280,1.304620,0.899651,2.166986,0.145901,44.711534,-2.274079,96.849689,9.350289,7.308065,112.387252,59.603229,50.642806,46.767835,0.782599,4.575158,0.780222,0.341292,0.116481,0.851603,2.270073,0.168472,2.101602,1.349672,2.055898,0.256814,181.306849,0.796352,194.435034,8.246608,6.838887,217.366303,116.895910,69.183759,48.505236,0.685859,4.487288,-0.616010,0.009000,0.000081,0.616076,-0.598340,-0.650100,0.051760,-0.641483,0.398110,0.007267,94.887331,-647.322511,153.388625,12.485889,7.018306,2.770268,3.296016,3.267888,2.715293,0.809165,4.641333,0.546833,0.034386,0.001182,0.547913,1.013900,0.494050,0.519850,9.930710,133.342226,0.016799,75.052261,-43.140728,136.160700,12.644726,7.135114,11.941884,13.318922,12.461732,13.860722,0.936995,4.762125,1.066773,0.006186,0.000038,1.066791,1.078900,1.048200,0.030700,-0.260424,-0.161299,0.004964,284.510619,-1245.733212,265.625200,11.983742,7.102071,2.237115,2.056771,2.274499,2.199227,0.841062,4.666358,1.348130,0.018636,0.000347,1.348258,1.601334,1.317037,0.284297,9.972166,133.488928,0.008846,454.450210,-100.340166,335.684229,12.469865,6.977016,6.416970,7.415043,7.037467,8.009350,0.938960,4.767234,2.000000
-4.931317,0.034139,0.001166,4.931435,-4.834500,-5.027800,0.193300,-0.152062,0.055878,0.027186,6079.763708,-103.417101,1227.898050,10.562783,6.966171,11.197621,16.235774,10.314639,6.242062,0.792854,4.566747,-3.198927,0.024222,0.000587,3.199019,-3.132000,-3.290800,0.158800,-0.295405,1.032244,0.018876,2558.430485,-150.542337,796.520900,11.193586,7.469301,11.433450,7.268550,7.790868,6.873816,0.837261,4.656896,8.077895,0.017024,0.000290,8.077913,8.127700,7.984800,0.142900,-0.980770,3.719175,0.012060,16313.170170,-185.566953,2011.394150,10.954938,7.458209,7.074214,5.549241,4.993004,3.825285,0.806452,4.600139,9.990252,0.018156,0.000330,9.990268,10.046603,9.921180,0.125423,0.071545,0.776030,0.014073,24951.364363,-207.068062,2487.567495,12.473417,6.579551,3.998061,9.113450,6.669028,5.439639,0.825147,4.663535,0.188718,0.276413,0.076404,0.334692,1.395300,-0.525650,1.920950,1.013085,2.367039,0.201342,28.004646,0.332582,61.185387,10.065968,7.399605,142.691429,81.216202,83.509066,64.402601,0.776434,4.582356,0.327995,0.397621,0.158102,0.515445,1.708600,-1.083100,2.791700,0.193776,1.012109,0.297179,66.420786,1.783011,103.402226,7.927839,6.477009,220.079990,154.668082,74.612015,58.752211,0.651404,4.424227,-0.382143,0.172130,0.029629,0.419121,0.430340,-0.874280,1.304620,0.851884,2.611642,0.130069,43.915571,-3.032104,97.309874,9.441463,7.522018,96.745675,54.823800,40.558604,33.725152,0.738441,4.542995,0.698595,0.255596,0.065329,0.743884,1.773053,0.219318,1.553735,1.643623,3.612892,0.181782,138.341003,-0.819757,174.134362,9.175198,7.196855,148.276554,90.463606,60.365085,53.938444,0.710183,4.539302,-0.615604,0.009408,0.000089,0.615676,-0.596270,-0.650100,0.053830,-0.745146,0.710786,0.007432,94.764198,-619.743312,153.277810,12.576901,7.010640,2.991975,3.419552,3.109025,3.781928,0.858583,4.691212,0.547960,0.035030,0.001227,0.549079,1.013900,0.482140,0.531760,9.273522,122.473395,0.017831,75.371865,-43.705904,136.442435,12.716167,7.104869,11.603524,13.523781,12.692936,14.005598,0.922864,4.752005,1.067354,0.005882,0.000035,1.067371,1.085500,1.052600,0.032900,0.003805,0.187915,0.004636,284.820003,-1156.242946,265.766200,12.047988,7.185456,2.054887,1.899271,1.847964,2.115387,0.814115,4.626923,1.348880,0.018661,0.000348,1.349009,1.601334,1.321046,0.280288,9.844986,131.171443,0.009057,454.956067,-102.051745,335.864015,12.596206,6.967048,6.140780,7.276602,6.898702,7.932291,0.931740,4.754862,2.000000
-4.918057,0.031740,0.001007,4.918160,-4.834500,-5.027700,0.193200,-0.246181,0.731536,0.024081,6047.073515,-108.764472,1224.601200,10.796471,6.785435,9.058925,15.216558,11.067482,5.215662,0.725747,4.523743,-3.205610,0.019567,0.000383,3.205670,-3.143200,-3.266800,0.123600,0.051346,0.860523,0.014494,2569.079589,-211.169789,798.204100,12.577363,6.815038,5.440221,5.275860,9.729623,6.561556,0.800261,4.625281,8.083511,0.011980,0.000144,8.083520,8.127700,8.055400,0.072300,0.481119,0.424528,0.009723,16335.822595,-460.940462,2012.792800,12.308106,7.625423,4.088476,4.249232,3.295026,3.513322,0.794359,4.619168,9.990377,0.016274,0.000265,9.990391,10.048557,9.943475,0.105082,0.508799,1.115616,0.012433,24951.975699,-259.620475,2487.607613,13.023537,6.878008,3.194468,6.845286,6.406045,4.174048,0.815488,4.628060,0.141245,0.197396,0.038965,0.242725,0.961900,-0.419650,1.381550,0.091395,0.747718,0.153119,14.728867,-1.628597,48.656757,11.844718,7.310240,80.996976,39.570836,78.294671,64.973770,0.794432,4.604292,0.363204,0.363875,0.132405,0.514123,1.708600,-0.579710,2.288310,0.211153,0.609109,0.280843,66.080551,1.668894,106.773585,8.163960,6.503725,167.169228,155.935657,73.707961,38.427173,0.663992,4.400243,-0.402428,0.119886,0.014373,0.419906,-0.021557,-0.773930,0.752373,0.073958,0.242675,0.095376,44.080190,-9.493481,100.131999,10.578839,7.391610,56.948626,45.440192,34.506910,31.795651,0.821234,4.644354,0.673651,0.213897,0.045752,0.706794,1.740564,0.302788,1.437776,1.455745,3.542352,0.156035,124.889608,-1.556508,167.654252,9.562907,7.087830,104.324766,90.758834,53.912232,47.485420,0.786926,4.590465,-0.615273,0.009938,0.000099,0.615353,-0.596270,-0.648030,0.051760,-0.784772,0.459081,0.007850,94.664786,-640.134121,153.212560,12.840897,6.782666,2.628796,3.450137,3.322488,4.425182,0.816454,4.642678,0.544682,0.019607,0.000384,0.545035,0.573410,0.480160,0.093250,-0.836156,0.311535,0.016006,74.265837,-288.068901,135.615045,12.875678,6.911699,5.029549,6.845864,6.783458,6.998811,0.812458,4.630606,1.068181,0.005978,0.000036,1.068198,1.085500,1.048200,0.037300,-0.111324,0.372334,0.004655,285.261489,-1001.817790,265.982700,12.411300,7.172239,2.068161,2.110727,1.815780,2.446014,0.857043,4.687297,1.347841,0.009599,0.000092,1.347876,1.371340,1.318739,0.052601,-0.270220,-0.312111,0.007941,454.192111,-619.824802,335.617096,12.492591,7.086940,2.916615,3.596980,2.844677,3.542431,0.822805,4.649864,2.000000
-4.914025,0.032873,0.001081,4.914135,-4.822600,-5.027700,0.205100,-0.216071,0.639593,0.024839,6037.181082,-101.011729,1223.581050,11.247792,7.055781,9.397867,13.847973,12.021373,5.159359,0.746934,4.539173,-3.203799,0.019685,0.000387,3.203859,-3.142600,-3.266800,0.124200,-0.052191,1.083022,0.014245,2566.178559,-213.778573,797.757150,13.031923,6.756509,5.274638,4.646714,9.184734,7.583080,0.802650,4.620674,8.086631,0.013463,0.000181,8.086642,8.125600,8.057100,0.068500,0.417956,-0.263949,0.011147,16348.444739,-473.359852,2013.578600,11.318089,7.765195,5.362833,3.922980,3.614362,3.244297,0.792745,4.573933,9.990344,0.015516,0.000241,9.990356,10.048557,9.943475,0.105082,0.302717,1.069599,0.011838,24951.804381,-263.265973,2487.599922,13.131787,6.697664,3.174343,6.223623,6.771653,4.636165,0.837044,4.665890,0.149509,0.203156,0.041272,0.252241,0.666510,-0.510210,1.176720,-0.312460,0.028349,0.163039,15.906367,-1.728849,51.703896,12.003532,7.228181,77.930009,43.348947,79.378684,76.598760,0.782092,4.600558,0.317864,0.362695,0.131548,0.482272,1.251000,-0.625480,1.876480,-0.015616,-0.586220,0.300594,58.146460,1.983905,99.161051,8.081807,6.583518,172.942983,135.259976,83.074638,37.353681,0.650327,4.386935,-0.403422,0.103905,0.010796,0.416588,-0.119760,-0.696860,0.577100,-0.062145,0.213713,0.080977,43.386344,-15.132202,100.355775,11.234826,7.408773,46.456716,34.808373,32.634154,30.695675,0.817208,4.642411,0.656890,0.195582,0.038252,0.685388,1.332187,0.237615,1.094571,0.831274,0.567980,0.152920,117.439170,-2.785752,163.479013,9.311900,7.220939,104.617660,65.900544,53.212660,38.999578,0.744160,4.549861,-0.614030,0.009500,0.000090,0.614104,-0.598340,-0.648030,0.049690,-0.703320,0.425579,0.007622,94.280860,-671.514833,152.886450,12.582210,6.975357,2.895780,2.837352,3.111468,3.738095,0.810026,4.618674,0.545159,0.018304,0.000335,0.545466,0.575400,0.480160,0.095240,-0.648772,-0.008649,0.015356,74.383231,-282.500780,135.732110,12.733894,6.945998,4.616935,6.382648,5.853676,6.221544,0.774328,4.587334,1.068072,0.006659,0.000044,1.068093,1.083300,1.048200,0.035100,-0.308223,0.084378,0.005219,285.205748,-1052.522683,265.949000,12.197491,7.212471,2.302233,2.392107,2.378215,2.237011,0.852009,4.676604,1.347361,0.009866,0.000097,1.347397,1.371340,1.318739,0.052601,-0.194214,-0.583787,0.008288,453.869838,-615.269672,335.483950,12.404918,7.080186,2.866609,3.498401,3.120944,3.183556,0.771174,4.590254,2.000000
-4.908099,0.030909,0.000955,4.908196,-4.810600,-4.991700,0.181100,0.108137,0.348885,0.023569,6022.597299,-117.264385,1222.081400,11.167403,7.058969,9.249642,13.718349,9.540467,6.212308,0.720913,4.538324,-3.201398,0.020993,0.000441,3.201467,-3.142600,-3.277300,0.134700,-0.129327,0.801107,0.016078,2562.347467,-178.751398,797.132400,12.217671,7.114327,7.876506,5.172934,9.025637,7.266530,0.807439,4.643454,8.091370,0.013142,0.000173,8.091380,8.125600,8.057100,0.068500,0.060849,-0.297368,0.010032,16367.608676,-469.139493,2014.762300,11.866177,7.904210,5.250997,3.294207,3.585580,3.851596,0.783260,4.583859,9.990493,0.015923,0.000254,9.990506,10.031907,9.947575,0.084332,-0.171009,-0.175161,0.012742,24952.553442,-325.246940,2487.619612,12.689663,6.938382,4.133490,6.600891,5.791880,4.654686,0.819263,4.658499,0.146284,0.217906,0.047483,0.262454,0.780510,-0.510210,1.290720,-0.131525,0.029493,0.175260,17.220491,-0.985890,53.055222,11.465191,7.384083,89.270858,54.278110,77.091793,68.653478,0.784418,4.588349,0.325431,0.362836,0.131650,0.487396,1.235700,-0.640730,1.876430,0.000928,-0.493124,0.298175,59.388791,2.034792,98.253367,7.831010,6.565944,192.918053,131.751822,75.308253,41.987925,0.651708,4.394604,-0.401534,0.112964,0.012761,0.417121,-0.043194,-0.760470,0.717276,0.021519,0.374823,0.087278,43.497503,-10.619212,99.984209,11.196961,7.517619,49.136527,40.426305,33.949410,29.440620,0.819787,4.637854,0.663134,0.201695,0.040681,0.693129,1.317182,0.232999,1.084183,0.709278,0.113831,0.162316,120.106785,-2.486636,164.928750,9.209301,7.046086,105.094171,73.740127,52.221995,39.659529,0.743276,4.538784,-0.612606,0.008786,0.000077,0.612669,-0.596270,-0.639750,0.043480,-0.544633,-0.049093,0.007265,93.840692,-773.032380,152.543730,13.390969,6.974023,2.313287,2.783338,2.980337,3.507592,0.830650,4.658357,0.546103,0.018480,0.000341,0.546415,0.575400,0.470240,0.105160,-0.703112,0.255644,0.015644,74.642473,-256.294148,135.963230,12.920391,6.995622,4.736655,7.051006,5.179099,7.399394,0.792357,4.624225,1.068519,0.006654,0.000044,1.068540,1.083300,1.048200,0.035100,-0.236774,-0.068504,0.005270,285.444389,-1051.790390,266.054150,12.186633,7.141163,2.274714,2.356430,2.287983,2.361416,0.826032,4.655383,1.347447,0.009862,0.000097,1.347483,1.366388,1.320806,0.045581,-0.175011,-0.754816,0.008347,453.927555,-715.855993,335.504243,12.339395,7.032379,2.989842,3.790038,2.907684,3.808315,0.827208,4.639213,2.000000
-4.911888,0.030873,0.000953,4.911985,-4.810600,-4.991600,0.181000,0.065218,0.243299,0.024155,6031.898234,-116.627759,1223.077100,10.759464,6.860197,9.578715,14.597156,9.888182,6.065212,0.738825,4.542385,-3.201741,0.021539,0.000464,3.201813,-3.142700,-3.278300,0.135600,-0.291539,0.880747,0.016478,2562.902016,-176.069331,797.243550,11.961239,7.109895,7.961110,5.566787,9.243918,6.490827,0.791791,4.620716,8.088453,0.012783,0.000163,8.088463,8.115600,8.045200,0.070400,-0.080019,-0.027175,0.010085,16355.809645,-470.824294,2014.005050,11.850546,7.755300,5.444434,3.432872,3.854125,4.013259,0.837972,4.649194,9.990103,0.016715,0.000279,9.990117,10.059131,9.947575,0.111556,0.188431,0.590575,0.013164,24950.609896,-239.452359,2487.531300,12.553937,6.748105,4.109306,6.909401,6.547849,5.178220,0.823003,4.658771,0.123469,0.211694,0.044814,0.245069,0.780510,-0.463300,1.243810,0.037056,0.043678,0.168998,15.014761,-1.132584,48.690616,11.529521,7.417819,94.617390,54.624635,75.070828,72.407350,0.830392,4.659644,0.318536,0.343413,0.117932,0.468399,1.235700,-0.747520,1.983220,-0.078923,-0.075097,0.274443,54.849338,1.761775,95.370053,8.105943,6.523532,166.698636,143.225518,79.151924,36.667954,0.641981,4.400654,-0.396989,0.117507,0.013808,0.414015,-0.043194,-0.760470,0.717276,0.007514,-0.016599,0.093472,42.852114,-10.245450,98.821769,10.927609,7.330491,50.540598,45.495325,33.176689,32.969045,0.808430,4.626637,0.644075,0.189822,0.036032,0.671465,1.317182,0.232999,1.084183,0.680713,0.278163,0.151156,112.716212,-2.725483,160.478026,9.887689,7.341949,93.069251,69.455830,56.856050,33.877900,0.780622,4.580489,-0.613484,0.009086,0.000083,0.613551,-0.596270,-0.639750,0.043480,-0.550991,-0.118149,0.007401,94.111146,-766.969440,152.762180,12.673352,7.095338,2.845681,3.268303,2.883773,3.351725,0.842966,4.667566,0.545603,0.019099,0.000365,0.545937,0.577380,0.470240,0.107140,-0.806114,0.555594,0.015763,74.511890,-247.827261,135.839280,12.596574,7.020801,5.991720,6.767090,5.628362,7.831732,0.815591,4.643658,1.068444,0.006021,0.000036,1.068461,1.083300,1.052600,0.030700,-0.181973,-0.240216,0.004858,285.402209,-1229.098751,266.039700,12.754940,7.121586,1.950442,2.111934,1.788782,2.306666,0.834389,4.655714,1.347592,0.009842,0.000097,1.347628,1.367912,1.322495,0.045417,-0.200080,-0.592538,0.008232,454.025246,-719.174409,335.543923,12.562231,7.078985,3.154742,3.349363,2.445829,4.000946,0.778742,4.603314,2.000000
-4.914414,0.030353,0.000921,4.914508,-4.834500,-4.991700,0.157200,-0.207268,-0.125530,0.024303,6038.096567,-137.630732,1223.660200,10.749936,6.944629,9.060072,14.374353,9.640195,4.834748,0.733320,4.515996,-3.202046,0.019272,0.000371,3.202104,-3.143900,-3.278300,0.134400,-0.431986,1.309623,0.014657,2563.367496,-185.656182,797.288300,12.663386,6.887067,5.892243,5.451191,9.364135,5.660224,0.825803,4.650345,8.086610,0.012822,0.000164,8.086620,8.115000,8.045200,0.069800,-0.051227,-0.245131,0.010658,16348.354809,-470.345905,2013.572150,11.310644,7.497886,5.744816,3.937463,4.138087,4.125569,0.820716,4.645911,9.989947,0.015353,0.000236,9.989959,10.059131,9.950778,0.108352,0.499475,1.299564,0.011881,24949.818873,-255.509174,2487.480929,12.709365,6.644503,3.379302,6.390478,6.349210,4.877525,0.840739,4.658970,0.141483,0.199562,0.039825,0.244627,0.792970,-0.463300,1.256270,0.039074,0.566423,0.153499,14.960559,-1.567747,49.116626,12.081744,7.386304,77.108274,49.480801,79.738688,57.755259,0.798406,4.621864,0.309749,0.373177,0.139261,0.484980,1.327200,-1.128900,2.456100,-0.789967,1.668076,0.276170,58.801300,1.574454,101.548423,7.803909,6.626653,199.502746,134.990376,76.045969,39.193257,0.628893,4.374307,-0.403099,0.117301,0.013760,0.419820,0.055996,-0.682690,0.738686,0.036254,0.409611,0.090778,44.062136,-10.383020,100.518131,11.054819,7.474855,51.061175,38.969407,36.852330,31.307830,0.819534,4.629085,0.658146,0.195293,0.038139,0.686510,1.409383,0.286680,1.122703,0.946454,1.255543,0.151922,117.823995,-2.657322,163.767537,10.070632,7.310587,94.266287,76.998997,59.994588,36.081468,0.800814,4.605006,-0.614461,0.009079,0.000082,0.614528,-0.596270,-0.639750,0.043480,-0.464805,-0.266066,0.007391,94.411162,-763.473535,153.000320,11.947398,6.961148,3.159452,3.156349,3.125263,3.098259,0.824241,4.644427,0.545786,0.018972,0.000360,0.546115,0.577380,0.472220,0.105160,-0.793200,0.583356,0.015579,74.560478,-253.761401,135.908715,12.809476,7.018057,5.662904,5.979791,6.506108,7.742113,0.826510,4.652643,1.068366,0.006298,0.000040,1.068384,1.083300,1.046100,0.037200,-0.518770,0.156277,0.005043,285.361181,-997.346748,266.024500,11.944640,7.261126,2.357864,2.334388,1.953751,2.096297,0.850862,4.670145,1.348046,0.010166,0.000103,1.348084,1.369500,1.312994,0.056506,-0.367863,-0.127944,0.008378,454.332820,-565.388867,335.667762,12.515670,7.188631,3.218978,3.416683,3.113775,3.627326,0.841533,4.644311,2.000000
-1.943912,0.073255,0.005366,1.945292,-1.720600,-2.140300,0.419700,0.341549,-0.209490,0.060177,946.040445,-29.973739,484.017900,7.112618,5.949161,46.089269,22.352560,16.079649,5.942456,0.602818,4.347011,-9.644465,0.068282,0.004662,9.644707,-9.466000,-9.862300,0.396300,-0.136153,0.444053,0.052143,23255.092869,-33.122138,2401.463800,9.069301,6.299667,34.108806,20.732564,20.106662,13.211542,0.667532,4.438816,0.331640,0.080210,0.006434,0.341202,0.571900,0.081556,0.490344,0.058252,0.657626,0.060512,29.104712,-22.623244,82.543701,5.872857,5.453914,51.646590,10.361945,7.591845,3.957288,0.436607,3.943188,9.844548,0.076378,0.005834,9.844844,10.080471,9.633666,0.446805,0.071327,0.443845,0.057628,24230.238027,-26.378561,2451.280552,8.610908,6.307073,40.972974,21.685589,19.935813,13.344988,0.669000,4.414448,0.218576,2.700214,7.291157,2.709046,8.815200,-6.142400,14.957600,0.095183,0.631498,1.994145,1834.733019,1.569624,499.787717,4.821514,4.469375,1791.070295,353.343044,124.748601,73.399643,0.339421,3.755497,0.738552,1.432800,2.052916,1.611948,5.019100,-3.402000,8.421100,-0.155536,0.344812,1.100126,649.593732,2.083960,319.893735,6.509634,5.307392,939.555045,565.629526,257.394624,69.652739,0.492935,4.290064,-0.445537,2.515974,6.330127,2.555118,5.596800,-6.583100,12.179900,-0.038418,-0.117605,1.949060,1632.157479,1.882853,493.309402,4.867675,4.719568,1667.969235,273.343675,124.583227,67.915492,0.322364,3.725162,3.380106,2.245178,5.040824,4.057824,10.703377,0.245420,10.457957,0.989007,0.343556,1.809929,4116.484230,1.955034,843.253399,5.936074,5.396099,1059.279181,785.682847,238.584538,124.367375,0.477430,4.100299,-0.836183,0.010363,0.000107,0.836247,-0.815730,-0.863350,0.047620,-0.261652,-0.357070,0.008357,174.827433,-676.673964,208.213500,11.644123,7.509919,4.003356,3.284903,2.583679,3.501931,0.783170,4.591362,-0.598699,0.018099,0.000328,0.598973,-0.567460,-0.652780,0.085320,-0.500528,-0.247432,0.015048,89.692038,-316.209731,149.079530,12.605161,6.930068,5.346437,6.084959,6.018217,6.390934,0.806126,4.619149,0.555298,0.009562,0.000091,0.555380,0.583330,0.532890,0.050440,0.258361,-0.126863,0.007661,77.111856,-653.662125,138.266420,10.125231,7.659858,4.676504,2.224971,2.610699,2.197353,0.764201,4.535975,1.168917,0.012580,0.000158,1.168985,1.206638,1.145603,0.061036,0.547008,-0.211296,0.010271,341.631327,-496.801245,291.063561,12.942132,6.786794,2.989627,4.660474,3.577486,5.043714,0.789207,4.592385,1.000000
-1.958818,0.089393,0.007991,1.960857,-1.720600,-2.260800,0.540200,-0.587737,1.021875,0.068157,961.239767,-19.370116,487.811350,6.371818,6.064427,56.357970,20.224918,15.227063,6.332789,0.522196,4.190994,-9.639180,0.063392,0.004019,9.639388,-9.418000,-9.853400,0.435400,0.098082,0.495211,0.048482,23229.452404,-30.045823,2400.193600,9.169206,6.323592,32.916912,23.332854,19.988677,14.439151,0.745004,4.551663,0.349668,0.074304,0.005521,0.357476,0.575060,0.153800,0.421260,0.063386,0.424787,0.056929,31.947298,-28.765735,86.969505,6.463193,6.237214,49.719683,11.787504,8.850464,6.440566,0.536981,4.177269,9.843072,0.067089,0.004501,9.843300,10.066853,9.633666,0.433187,-0.009174,0.431646,0.051120,24222.639469,-29.556870,2450.970374,9.114471,6.244267,33.868875,24.131603,19.398770,14.415103,0.723739,4.511393,0.300727,2.133338,4.551131,2.154430,5.849200,-5.982800,11.832000,-0.226360,0.499966,1.616176,1160.392007,1.784437,405.401142,4.695035,4.681503,1401.284227,278.365961,114.285679,58.073740,0.341242,3.790184,0.848209,1.367951,1.871290,1.609580,5.415700,-2.990100,8.405800,0.363179,0.577277,1.079704,647.687132,2.048218,308.642941,5.874307,5.371140,923.452133,439.875561,194.903626,63.767605,0.459800,4.198042,-0.363722,2.608553,6.804550,2.633789,5.354100,-6.221500,11.575600,-0.345002,-0.510955,2.117060,1734.211097,1.973751,518.824477,4.614681,5.235455,1831.860894,266.041708,156.192830,102.337429,0.389077,3.840293,3.217529,1.953629,3.816666,3.764195,8.728384,0.184526,8.543857,0.683284,-0.333975,1.588444,3542.290236,2.260090,800.233017,5.855631,5.727615,1186.789389,591.025849,208.249004,127.258377,0.483306,4.142700,-0.845532,0.011934,0.000142,0.845616,-0.824020,-0.881990,0.057970,-0.601710,-0.075590,0.009510,178.766661,-535.542702,210.532045,11.002530,7.726654,5.417066,3.058035,3.495233,3.539625,0.806018,4.594066,-0.596350,0.019142,0.000366,0.596657,-0.563490,-0.652780,0.089290,-0.505275,-0.428133,0.016041,88.999864,-296.534011,148.495175,12.667546,7.111959,5.933827,6.328413,6.393207,7.492206,0.812793,4.649486,0.546175,0.007652,0.000059,0.546229,0.563600,0.517540,0.046060,-0.552187,0.511335,0.005953,74.591550,-751.331884,136.005495,10.549315,7.668859,3.848752,2.281060,1.916059,2.096224,0.806151,4.603668,1.170156,0.012940,0.000167,1.170227,1.208195,1.146741,0.061454,0.600448,-0.130861,0.010508,342.358076,-490.703529,291.370559,13.039200,7.042928,3.701302,4.210913,4.596384,5.272972,0.852287,4.673297,1.000000
-1.962870,0.079644,0.006343,1.964485,-1.803200,-2.260800,0.457600,-1.118791,1.962252,0.059038,964.800051,-26.886394,488.720900,6.799691,6.137140,49.964756,19.882124,16.690699,6.931400,0.563206,4.278091,-9.637475,0.053726,0.002886,9.637625,-9.418000,-9.781900,0.363900,0.178467,1.125905,0.040236,23220.953668,-42.420463,2399.733850,9.582575,6.453952,26.159551,22.716273,17.525424,13.401304,0.752479,4.583547,0.344310,0.062887,0.003955,0.350006,0.575060,0.207060,0.368000,0.895854,1.382359,0.047742,30.626120,-38.360711,85.728620,6.566562,6.535194,40.286760,11.016713,7.357702,5.819906,0.592552,4.216531,9.841888,0.052447,0.002751,9.842028,9.997147,9.680171,0.316976,0.106272,0.534780,0.039929,24216.379839,-49.005227,2450.626194,9.957049,6.296509,21.992035,23.870744,17.980275,13.526830,0.744264,4.576005,0.221056,1.074281,1.154080,1.096789,3.640200,-3.875500,7.515700,0.037005,1.633680,0.787701,300.736398,1.944622,198.266866,5.213422,5.272426,745.422568,238.696312,90.658136,52.297677,0.420146,4.044706,0.903433,1.411123,1.991267,1.675547,5.415700,-2.410400,7.826100,0.219812,0.272445,1.120796,701.864546,2.217853,332.532954,6.205482,5.621862,842.885181,453.866361,224.996656,73.664568,0.483879,4.190268,-0.330913,2.089953,4.367902,2.115988,4.042200,-6.218200,10.260400,-0.615673,0.398840,1.577559,1119.351453,1.985966,390.129691,4.206390,5.041883,1367.062943,215.795639,139.961200,66.809965,0.345108,3.768207,2.463472,1.555351,2.419116,2.913385,6.839212,0.184526,6.654686,0.991809,0.301154,1.241237,2121.952397,2.505482,613.952326,5.737695,5.768754,954.664119,353.102450,172.687297,93.195692,0.486329,4.124131,-0.858219,0.013062,0.000171,0.858318,-0.828160,-0.890270,0.062110,0.195260,-0.610491,0.010814,184.177533,-472.311312,213.704805,10.756263,7.632595,5.530080,2.939882,3.483647,3.598647,0.773347,4.542901,-0.596064,0.020193,0.000408,0.596406,-0.563490,-0.674600,0.111110,-0.739509,0.263560,0.016508,88.924917,-233.153019,148.410760,12.286890,7.102791,6.831433,6.783136,6.869311,7.725876,0.835286,4.661441,0.528587,0.016164,0.000261,0.528834,0.557020,0.489040,0.067980,-0.094425,-1.288800,0.014433,69.916465,-420.732722,131.619430,9.326677,8.086664,5.958285,2.607262,1.672722,2.304043,0.689532,4.275895,1.171278,0.013575,0.000184,1.171356,1.216361,1.147974,0.068387,0.677906,0.084909,0.010911,343.018915,-432.026573,291.650102,12.759474,6.886739,4.001745,4.397733,5.391129,5.536707,0.855375,4.682296,1.000000
-1.931088,0.053595,0.002872,1.931831,-1.803200,-2.118400,0.315200,-0.466710,0.632521,0.041806,932.992949,-49.017026,480.836900,8.284884,6.244558,28.611650,17.857791,18.697470,7.197137,0.667366,4.456403,-9.642917,0.041459,0.001719,9.643006,-9.514300,-9.781900,0.267600,-0.029681,1.007112,0.031616,23246.892745,-68.975767,2401.115750,10.168462,6.325281,16.506140,17.921028,16.700388,10.429354,0.776953,4.605760,0.336911,0.048104,0.002314,0.340328,0.527630,0.207060,0.320570,0.139197,0.633574,0.038099,28.955807,-50.544754,83.754630,7.041619,6.744092,30.036808,9.010132,7.649695,4.799366,0.612629,4.275392,9.840405,0.042485,0.001805,9.840496,9.976031,9.706425,0.269606,0.045129,1.157619,0.031899,24208.841501,-66.685409,2450.283205,10.244825,6.278580,16.038930,18.897051,17.196050,10.404629,0.771836,4.596983,0.196433,0.587126,0.344717,0.619114,1.559800,-2.101200,3.661000,-0.714614,1.222685,0.449569,95.825643,2.356658,120.649306,6.913603,6.098890,380.447513,195.669668,91.009679,62.961944,0.565763,4.331852,0.560244,1.086644,1.180795,1.222566,3.996900,-2.410400,6.407300,-0.103291,0.703722,0.814022,373.667012,2.288623,242.754071,7.041273,5.791169,599.001838,407.553571,254.902868,78.533162,0.565032,4.323126,-0.517244,1.062691,1.129312,1.181885,3.285800,-5.698300,8.984100,-0.484971,5.125325,0.706113,349.213322,1.406498,208.137835,6.734178,6.726385,679.092035,182.252207,166.842223,101.495920,0.602316,4.254121,1.557827,0.920869,0.847999,1.809647,6.023888,0.305780,5.718108,1.890269,4.392522,0.650231,818.705977,1.897740,385.867214,7.771886,6.874417,576.897270,256.885130,187.723279,111.694856,0.670598,4.434056,-0.865424,0.009248,0.000086,0.865473,-0.844720,-0.900620,0.055900,-0.433860,0.285210,0.007423,187.260919,-595.031823,215.483245,12.304680,6.979444,2.960416,2.947029,3.394343,3.629917,0.806442,4.630589,-0.597714,0.020025,0.000401,0.598050,-0.567460,-0.674600,0.107140,-0.790768,0.572712,0.016285,89.415893,-245.180842,148.848250,12.353541,6.897858,6.369046,6.760118,7.403569,7.860847,0.831682,4.656511,0.515148,0.007203,0.000052,0.515199,0.530700,0.489040,0.041660,-0.337545,0.078426,0.005824,66.357449,-856.575202,128.258600,11.741493,7.643862,3.014416,2.271319,2.007194,2.461488,0.858037,4.663596,1.171302,0.013751,0.000189,1.171383,1.216361,1.147974,0.068387,0.810514,0.576097,0.011003,343.034260,-432.490932,291.651689,12.463562,6.658581,3.918772,4.706037,5.427008,5.598213,0.786684,4.633783,1.000000
-1.920787,0.046517,0.002164,1.921350,-1.803400,-2.032900,0.229500,0.096000,-0.564638,0.038580,922.896445,-75.072099,478.290300,8.963048,6.580696,24.783505,13.300085,17.788245,8.324259,0.714967,4.504637,-9.644796,0.034514,0.001191,9.644858,-9.535300,-9.730500,0.195200,0.267404,0.100331,0.027084,23255.820270,-101.633314,2401.552250,11.033922,6.207262,9.626732,13.683363,15.770465,7.891998,0.754231,4.551283,0.369459,0.034239,0.001172,0.371042,0.442620,0.263850,0.178770,-0.335742,-0.275356,0.027361,34.418110,-111.494036,92.042385,7.856948,6.995720,18.287385,7.691413,5.372887,5.025436,0.623498,4.311767,9.841311,0.033599,0.001129,9.841369,9.917580,9.742767,0.174813,-0.290269,-0.009387,0.026864,24213.134825,-114.879587,2450.488890,11.285594,6.051768,7.791167,13.779766,15.871791,7.761912,0.732526,4.531644,0.322111,0.483989,0.234245,0.581378,1.739400,-1.159800,2.899200,0.193624,0.236786,0.381464,84.500221,2.311578,114.970459,7.148827,6.279821,311.230825,154.382117,87.028887,51.820502,0.613884,4.374149,0.939375,0.957681,0.917153,1.341484,3.966400,-1.830700,5.797100,0.359675,-0.064094,0.770093,449.894544,2.308105,263.692153,7.362269,5.904886,455.541866,338.892615,254.886063,62.893612,0.570987,4.308211,-0.427266,0.803788,0.646075,0.910292,1.670900,-3.223800,4.894700,-0.692047,2.467044,0.564906,207.157756,2.115289,169.003690,6.039050,6.214761,540.733318,140.000252,119.901845,46.154927,0.522449,4.168032,1.534443,0.782109,0.611695,1.722269,4.081800,0.285889,3.795912,0.992185,0.475121,0.622004,741.552520,2.697651,381.988234,7.573541,6.876672,420.630348,220.173205,141.381108,101.289221,0.636716,4.351013,-0.870874,0.011963,0.000143,0.870956,-0.846790,-0.910970,0.064180,-0.495773,0.026641,0.009597,189.641089,-472.823634,216.843720,11.501388,7.637960,4.601678,3.198118,2.939186,3.819273,0.793209,4.568538,-0.593738,0.018941,0.000359,0.594040,-0.561510,-0.668650,0.107140,-0.606998,0.121644,0.016019,88.220981,-247.733002,147.835365,12.511647,6.893495,5.100866,6.304587,6.075874,7.367282,0.754463,4.571305,0.506956,0.013208,0.000174,0.507128,0.528510,0.478070,0.050440,-0.516549,-0.977912,0.011450,64.294671,-616.946441,126.248825,9.597963,8.225411,5.985542,1.925480,1.774822,2.593942,0.704886,4.373082,1.169813,0.012787,0.000164,1.169883,1.216000,1.148961,0.067038,0.754151,0.676769,0.010277,342.156741,-453.696803,291.284833,12.581136,6.727372,3.202151,4.761718,4.329948,5.163943,0.791942,4.607195,1.000000
-1.909304,0.045094,0.002034,1.909836,-1.803400,-2.008700,0.205300,-0.099154,-0.375566,0.036198,911.868817,-85.233432,475.462300,8.832679,6.660476,23.691140,11.915503,16.409868,7.820679,0.697740,4.477622,-9.648409,0.035043,0.001228,9.648472,-9.535300,-9.757000,0.221700,0.157268,0.571843,0.027096,23273.255100,-86.345892,2402.450850,11.102333,6.414508,10.377911,15.549080,15.045403,8.712205,0.771229,4.595044,0.365862,0.032629,0.001065,0.367314,0.442620,0.296700,0.145920,-0.045754,-0.451872,0.026256,33.729866,-142.955799,91.089985,7.850100,6.832157,18.583497,9.615202,5.633643,4.666807,0.662974,4.399976,9.842471,0.034384,0.001182,9.842531,9.952273,9.732518,0.219755,-0.158892,0.388218,0.027037,24218.853783,-88.291537,2450.780862,11.426988,6.253505,8.739074,15.341529,15.401333,8.681431,0.764490,4.583896,0.164974,0.458625,0.210337,0.487395,1.739400,-1.159800,2.899200,0.357467,1.022053,0.351803,59.388410,2.049009,94.529183,6.941045,6.188796,298.328066,157.044715,76.527205,44.361632,0.583913,4.354300,0.898795,0.969747,0.940408,1.322211,3.966400,-1.113700,5.080100,0.453416,-0.261285,0.780208,437.060384,2.617018,258.718801,6.949719,6.023865,492.949323,292.001262,228.357497,65.423182,0.550535,4.249932,-0.398950,0.831657,0.691653,0.922396,1.670900,-3.223800,4.894700,-0.920381,2.345992,0.575943,212.703487,2.161410,160.917107,5.777462,6.032986,559.459056,125.004944,120.830743,51.505871,0.501553,4.120708,1.455399,0.847599,0.718424,1.684224,4.081800,0.141657,3.940143,0.880392,0.078974,0.688595,709.152281,2.822934,362.715705,6.908310,6.657171,476.901595,210.691481,136.632053,90.226322,0.606010,4.276356,-0.880059,0.011258,0.000127,0.880131,-0.850930,-0.917180,0.066250,-0.117593,0.219997,0.008901,193.657823,-466.742964,219.150460,11.839431,7.729058,4.201722,3.233787,2.424230,4.303926,0.801941,4.593562,-0.593111,0.017906,0.000321,0.593382,-0.561510,-0.652780,0.091270,-0.505035,-0.306392,0.015271,88.025415,-302.501203,147.703425,12.762105,6.982263,4.803707,6.355988,5.596171,6.967893,0.799144,4.621773,0.489254,0.013283,0.000176,0.489435,0.526320,0.458330,0.067990,0.723785,0.149602,0.010445,59.886597,-437.169778,121.814715,9.322712,8.181644,6.637167,2.353489,1.980694,2.391855,0.706663,4.385175,1.168811,0.012643,0.000160,1.168880,1.215033,1.147413,0.067621,0.538718,-0.109353,0.010306,341.569835,-446.260440,291.051046,12.834895,6.803767,3.130831,4.655771,3.660262,5.780607,0.788520,4.618131,1.000000
-1.896274,0.049339,0.002434,1.896916,-1.623600,-2.010200,0.386600,1.166210,4.209160,0.036249,899.572745,-41.424987,472.107550,7.688042,6.414109,31.765335,14.172711,12.998164,6.707184,0.655160,4.449517,-9.650724,0.035747,0.001278,9.650790,-9.535900,-9.757300,0.221400,0.092788,0.539613,0.028001,23284.435970,-86.217294,2402.990000,11.246293,6.294922,9.791482,16.022910,14.206970,11.276226,0.777041,4.595902,0.343637,0.036993,0.001368,0.345623,0.418550,0.182010,0.236540,-0.840290,1.646322,0.028008,29.863790,-80.872614,85.632610,7.713975,6.835765,23.662829,11.573458,6.659792,5.035488,0.693162,4.454938,9.841448,0.037404,0.001399,9.841519,9.964882,9.696279,0.268603,-0.123337,1.071854,0.029088,24213.872505,-69.953613,2450.470133,11.043442,6.305931,11.332007,16.314795,14.758077,11.103377,0.771689,4.590345,0.025192,0.585822,0.343188,0.586364,1.344800,-2.408500,3.753300,-1.207926,3.138160,0.428005,85.955633,2.060724,107.451017,6.223004,5.862311,372.255795,196.296089,61.122876,40.137423,0.521651,4.213033,0.344349,1.071798,1.148750,1.125756,3.051100,-3.218900,6.270000,-0.536426,0.882554,0.800425,316.831481,2.303415,223.401942,6.588726,5.955136,651.754603,360.050749,192.956580,66.613630,0.562013,4.289033,-0.431632,0.755738,0.571139,0.870313,1.565500,-3.544200,5.109700,-1.108433,3.258975,0.521831,189.361349,1.962832,150.425708,6.113898,5.958433,488.137361,181.791850,91.905723,54.954792,0.524342,4.179174,1.310645,0.806724,0.650804,1.539024,5.260365,0.141657,5.118707,1.838863,4.623716,0.575219,592.148463,1.953941,325.726896,6.434238,6.474541,521.281389,182.174837,125.456431,74.062449,0.587851,4.265272,-0.884201,0.009688,0.000094,0.884254,-0.867490,-0.919250,0.051760,-0.701855,0.443922,0.007693,195.476123,-635.149946,220.165045,12.619537,7.075538,3.112651,3.087598,3.089446,4.125382,0.824901,4.649403,-0.596445,0.018445,0.000340,0.596730,-0.565480,-0.654760,0.089280,-0.617503,-0.175015,0.015321,89.021608,-301.467187,148.503025,12.997337,7.099146,5.660873,5.096724,6.438429,7.064621,0.813385,4.644194,0.478974,0.007532,0.000057,0.479033,0.495610,0.456140,0.039470,-0.204986,0.059505,0.005956,57.368147,-894.796261,119.258790,11.073468,7.586932,3.401781,2.355672,2.361200,1.981169,0.842901,4.641272,1.169304,0.013823,0.000191,1.169386,1.215033,1.147413,0.067621,0.677631,0.095439,0.011292,341.865877,-439.313933,291.147791,13.040282,6.984226,4.142939,3.913418,4.570857,6.007813,0.842503,4.654913,1.000000
-4.400784,0.052991,0.002808,4.401103,-4.249900,-4.575800,0.325900,-0.175674,0.225845,0.042398,4842.426955,-46.799874,1095.795150,9.589165,6.445506,20.984468,27.557101,13.693856,9.616006,0.769988,4.553273,-2.073870,0.046728,0.002184,2.074396,-1.943400,-2.246900,0.303500,-0.565869,1.539962,0.034723,1075.779667,-55.605259,516.378100,8.678849,6.697052,28.705396,16.033747,10.050019,9.179565,0.718682,4.516893,8.731428,0.022290,0.000497,8.731456,8.797500,8.654500,0.143000,-0.213941,0.429943,0.018002,19059.582936,-171.071406,2174.147050,10.318072,6.825016,7.838227,10.076474,6.883623,4.372530,0.722966,4.540328,9.995530,0.023175,0.000537,9.995557,10.059434,9.913178,0.146256,-0.360716,0.711937,0.017971,24977.789558,-160.963456,2488.902638,12.004126,6.270968,5.690613,10.471491,10.162091,7.167888,0.806835,4.637452,0.113130,0.377790,0.142725,0.394365,1.297700,-1.191700,2.489400,-0.316079,0.660410,0.290609,38.880870,1.789771,77.406871,9.672269,7.223805,218.637982,117.252618,107.296015,94.861846,0.778859,4.597049,0.366866,0.694780,0.482719,0.785690,3.951200,-1.144200,5.095400,1.461916,5.132121,0.502829,154.327319,1.845016,142.746323,7.270572,5.784203,424.302944,303.706466,128.710721,60.929404,0.606799,4.393622,-0.424443,0.495428,0.245449,0.652381,1.601800,-1.833200,3.435000,0.329014,2.792866,0.347402,106.400145,1.748499,130.110588,6.581980,6.678357,351.708871,80.776336,59.583932,54.798950,0.593282,4.260265,0.933512,0.571829,0.326988,1.094730,4.195392,0.103652,4.091740,2.392078,8.382893,0.390398,299.608334,1.530140,232.854524,7.495686,6.090739,371.479030,211.192938,107.833429,73.537859,0.652988,4.437335,-0.546840,0.009925,0.000099,0.546930,-0.525880,-0.581780,0.055900,-0.380121,-0.175507,0.008161,74.783113,-581.461676,136.172725,12.033826,7.340627,3.716676,3.165398,2.746822,3.212361,0.781174,4.600721,0.670270,0.019387,0.000376,0.670550,0.700400,0.605160,0.095240,-0.675554,0.093908,0.016208,112.409310,-283.823261,166.878915,12.476198,6.679786,5.150866,7.524545,6.335092,7.516274,0.804267,4.622736,1.028653,0.006260,0.000039,1.028672,1.043900,1.008800,0.035100,-0.307402,0.021733,0.004993,264.541649,-1066.805058,256.131500,12.517447,7.037057,1.757338,2.345239,2.309218,2.078025,0.820637,4.657704,1.344172,0.011762,0.000138,1.344223,1.372217,1.309456,0.062761,-0.459771,-0.319175,0.009720,451.734071,-489.408930,334.691183,12.627259,6.753271,2.844923,4.506455,3.979057,4.475076,0.805996,4.615286,3.000000
-4.393305,0.056195,0.003158,4.393664,-4.250500,-4.587400,0.336900,-0.309791,0.614657,0.043668,4826.071230,-44.045351,1093.967800,9.407275,6.107468,20.086812,31.993204,17.884107,8.076556,0.717839,4.526597,-2.084996,0.041342,0.001709,2.085406,-1.967600,-2.236700,0.269100,-0.246100,0.402717,0.032526,1087.229784,-68.395882,519.173000,9.290666,6.568760,22.332845,14.939658,10.477374,8.708743,0.726044,4.522797,8.732339,0.023746,0.000564,8.732371,8.824800,8.654500,0.170300,-0.030225,0.844468,0.018831,19063.577946,-137.027932,2174.346250,10.452533,6.756259,9.571569,9.949567,9.126170,5.983146,0.774490,4.608506,9.995334,0.028562,0.000816,9.995375,10.084362,9.897133,0.187228,-0.397593,1.559930,0.021118,24976.878960,-117.429902,2488.850080,11.653001,6.153470,7.109099,12.794947,13.684849,7.629877,0.798590,4.617105,0.161259,0.383555,0.147114,0.416075,1.786200,-0.883220,2.669420,0.187650,1.374060,0.295831,43.279631,1.638462,80.679250,9.790822,7.030117,204.089511,123.579119,120.113191,98.283773,0.773630,4.582755,0.351915,0.747517,0.558781,0.826211,3.951200,-1.830700,5.781900,1.058249,4.123315,0.533552,170.656325,1.803078,147.773264,7.512109,5.735758,418.455730,335.371676,186.986721,64.305319,0.603560,4.404480,-0.387039,0.343150,0.117752,0.517254,0.699260,-1.632900,2.332160,-0.490192,1.109225,0.261156,66.887850,1.399904,104.144612,8.280043,6.993884,225.384279,95.431942,67.042702,59.499632,0.712255,4.487397,0.906876,0.548517,0.300871,1.059856,4.195392,0.109624,4.085769,2.739649,10.793416,0.359293,280.823806,1.358539,225.876999,8.320167,6.580408,347.066071,191.401650,127.828547,94.246971,0.701515,4.514705,-0.548521,0.009723,0.000095,0.548607,-0.525880,-0.581780,0.055900,-0.252863,-0.070684,0.007795,75.242509,-582.123987,136.575435,12.062414,7.197340,3.632482,3.209708,3.257291,3.313593,0.828939,4.655082,0.667452,0.019569,0.000383,0.667739,0.700400,0.603170,0.097230,-0.702660,0.277530,0.016046,111.468790,-271.123655,166.233050,12.581543,6.851989,5.557167,7.536735,7.243755,6.920410,0.806182,4.654077,1.028443,0.006677,0.000045,1.028465,1.046100,1.006600,0.039500,-0.364976,0.298715,0.005309,264.435001,-924.588895,256.083400,11.867797,7.192932,2.597662,1.899675,2.605394,2.189722,0.812916,4.642904,1.343295,0.012024,0.000145,1.343349,1.365584,1.302875,0.062709,-0.623608,0.256735,0.009677,451.146300,-488.137457,334.496681,12.419872,6.968554,3.746364,4.149141,4.523165,4.405768,0.848398,4.665710,3.000000
-4.380345,0.056574,0.003201,4.380711,-4.129100,-4.587400,0.458300,-0.058845,1.477723,0.044775,4797.656179,-30.997704,1090.661600,9.929470,6.640780,21.228674,28.772318,17.543709,10.408833,0.754368,4.558417,-2.076587,0.047118,0.002220,2.077122,-1.905500,-2.197900,0.292400,0.204400,0.488954,0.036998,1078.608626,-57.475421,517.076050,10.042551,7.321500,25.800153,14.807811,10.983991,9.997882,0.779318,4.576225,8.741325,0.024387,0.000595,8.741359,8.824800,8.676200,0.148600,-0.093759,0.238930,0.019183,19102.840244,-156.474241,2176.596900,10.569834,7.093802,11.083637,7.726246,8.967336,6.596575,0.806240,4.614661,9.995777,0.029535,0.000872,9.995820,10.084362,9.897133,0.187228,-0.270179,1.121750,0.022447,24979.105049,-114.454944,2488.936162,11.770221,6.503502,8.511538,12.628432,12.193602,9.518447,0.825486,4.644855,0.150061,0.450835,0.203252,0.475153,1.786200,-1.462500,3.248700,0.141540,1.642745,0.343627,56.442661,1.709577,88.880038,11.165557,7.813780,230.323500,116.737584,125.333207,116.028136,0.791468,4.609412,0.229198,0.620645,0.385200,0.661613,2.425600,-1.830700,4.256300,0.008624,0.905032,0.484894,109.433048,2.154827,128.459322,8.397453,6.004006,310.671109,311.434500,169.433299,79.946477,0.688884,4.502696,-0.347612,0.394018,0.155250,0.525437,2.180300,-1.291600,3.471900,1.040719,6.238769,0.298683,69.021114,1.223855,103.953907,9.074066,7.473305,244.519103,108.542938,74.928930,85.136206,0.745404,4.531893,0.870406,0.426592,0.181981,0.969323,3.574374,0.109624,3.464750,1.551510,6.278048,0.321405,234.896823,1.322219,216.880449,9.687367,6.953690,236.138469,164.132563,110.248552,103.885931,0.782989,4.607386,-0.546252,0.009737,0.000095,0.546338,-0.525880,-0.571430,0.045550,-0.197302,-0.331209,0.007843,74.621416,-720.302044,136.009080,12.391850,7.306123,3.288948,3.055485,3.214755,3.506008,0.813786,4.635971,0.666429,0.020214,0.000409,0.666735,0.700400,0.601190,0.099210,-0.668754,0.169124,0.016429,111.133921,-259.928537,165.961320,12.636612,7.074505,6.521857,6.677948,6.978605,7.688034,0.823192,4.659060,1.028022,0.007166,0.000051,1.028047,1.046100,1.004400,0.041700,-0.514783,0.382979,0.005681,264.220147,-863.030541,255.984700,12.142733,7.209921,2.720708,1.742179,2.699658,2.575706,0.818690,4.640481,1.341547,0.012365,0.000153,1.341604,1.365584,1.299605,0.065979,-0.666236,0.462532,0.009895,449.975484,-459.615767,334.057766,12.126746,7.141274,4.500098,3.647807,4.397902,4.607106,0.800220,4.640202,3.000000
-4.372286,0.090666,0.008220,4.373226,-3.814100,-5.215000,1.400900,-1.947135,35.365586,0.051109,4781.277152,-7.813191,1088.695000,14.411035,7.372864,22.945777,26.917288,23.980419,37.543312,0.848360,4.685871,-2.072581,0.050949,0.002596,2.073207,-1.849300,-2.269600,0.420300,0.205806,2.019821,0.038489,1074.547149,-37.854390,516.105300,11.259684,7.733755,24.614917,17.027757,13.009028,11.645369,0.815434,4.631625,8.747270,0.030498,0.000930,8.747323,8.948700,8.621800,0.326900,1.496168,11.050157,0.020489,19128.915644,-67.384681,2178.091150,13.187300,7.734600,10.009715,9.301475,8.557574,9.844675,0.809935,4.650323,9.996879,0.037017,0.001370,9.996948,10.310390,9.904340,0.406050,2.526849,19.894210,0.024955,24984.739944,-49.219960,2489.246458,13.021635,7.130008,11.202132,11.544483,12.844104,14.428360,0.834640,4.669841,0.112942,0.698368,0.487718,0.707442,4.972700,-3.808700,8.781400,-0.286218,16.604610,0.414885,125.118571,0.964662,106.096866,14.140098,7.689349,219.790242,165.113986,173.830579,258.811599,0.843485,4.671481,0.390237,0.740398,0.548190,0.836943,6.178500,-0.991610,7.170110,2.360812,14.542474,0.514280,175.118583,1.363834,145.820083,9.342979,6.528419,358.584496,346.579499,233.266679,131.783650,0.759032,4.582888,-0.389953,0.645828,0.417094,0.754425,2.180300,-3.224300,5.404600,-0.485640,2.912355,0.468896,142.289449,1.691335,141.474975,9.168573,7.842039,404.355464,115.477809,105.846394,110.852268,0.697106,4.453920,1.066478,0.795444,0.632732,1.330453,6.731628,0.118839,6.612788,3.361609,15.876402,0.484454,442.526603,1.193404,265.774070,8.193514,6.876890,490.640848,291.886442,127.108360,132.855671,0.706822,4.483613,-0.544239,0.009533,0.000091,0.544322,-0.525880,-0.571430,0.045550,-0.426115,-0.271721,0.007748,74.071720,-726.559692,135.521430,12.314712,7.127247,3.064199,3.378699,2.990365,3.315797,0.806685,4.631088,0.668056,0.020358,0.000414,0.668366,0.702380,0.601190,0.101190,-0.714126,0.081561,0.016495,111.678187,-257.115819,166.331360,12.583539,6.910795,6.191560,6.948008,7.057083,8.015199,0.820548,4.662727,1.029244,0.006908,0.000048,1.029268,1.043900,1.004400,0.039500,-0.626396,0.405099,0.005603,264.847938,-917.118240,256.287000,12.257169,7.216185,2.594547,2.028565,2.483298,2.673409,0.859372,4.683681,1.342476,0.012283,0.000151,1.342532,1.368241,1.299605,0.068636,-0.549551,0.169153,0.009773,450.597845,-440.212845,334.275547,12.172636,7.092448,4.434795,4.082738,4.291739,4.863425,0.860063,4.686538,3.000000
-4.398029,0.101766,0.010356,4.399206,-3.814100,-5.215000,1.400900,-1.171136,20.793013,0.060645,4838.253409,-6.646768,1095.076300,13.019744,7.730712,35.645347,38.132705,25.175870,37.075529,0.897663,4.728258,-2.080566,0.064532,0.004164,2.081567,-1.849300,-2.269600,0.420300,0.580236,1.110988,0.049783,1083.230232,-33.047947,518.076500,9.864109,7.292310,32.878140,24.426806,14.394425,11.818975,0.769167,4.562510,8.731672,0.041797,0.001747,8.731772,8.948700,8.555700,0.393000,0.185462,5.810588,0.027687,19060.962480,-48.388120,2174.201700,10.945977,7.805045,20.670621,15.334665,9.650277,10.316158,0.824039,4.645354,9.996396,0.043012,0.001850,9.996489,10.310390,9.837563,0.472827,1.266094,12.021339,0.028428,24982.446121,-37.991137,2489.104786,12.066797,7.102265,14.579633,17.297651,14.796124,13.519362,0.830276,4.674386,0.059298,0.828695,0.686736,0.830814,4.972700,-3.808700,8.781400,0.058021,8.558392,0.530936,172.562974,1.243377,132.977080,12.330599,8.051479,371.191017,240.550896,181.926932,255.913066,0.825635,4.656784,0.522289,1.225728,1.502409,1.332364,6.178500,-4.561400,10.739900,0.382504,3.641693,0.841717,443.798605,1.418680,231.930291,7.567020,6.180335,735.223293,492.009849,235.211537,133.620525,0.650536,4.420307,-0.317183,0.827824,0.685292,0.886508,3.272100,-3.224300,6.496400,0.173419,1.935896,0.610215,196.474326,1.862010,168.178842,8.239244,7.842859,552.954101,138.927094,100.278939,102.078879,0.658344,4.360092,1.437592,1.088427,1.184673,1.803148,6.731628,0.139778,6.591850,1.902002,4.137610,0.798672,812.835905,1.807283,358.749144,7.486025,6.733172,740.103012,311.285752,168.758147,146.161225,0.657008,4.408679,-0.546351,0.009801,0.000096,0.546439,-0.525880,-0.581780,0.055900,-0.649154,0.326959,0.007828,74.648804,-582.917820,136.045245,12.520504,7.217521,3.282307,3.285160,3.088299,3.689405,0.848335,4.663682,0.669492,0.019412,0.000377,0.669773,0.702380,0.615080,0.087300,-0.658482,-0.213594,0.015968,112.149065,-301.916609,166.724170,13.144971,6.915155,5.290016,5.847555,6.243455,8.350588,0.822004,4.644589,1.029806,0.006403,0.000041,1.029826,1.048200,1.008800,0.039400,-0.412177,0.270612,0.005183,265.135142,-942.688733,256.422900,12.431672,7.189256,2.002388,2.119975,2.073083,2.416862,0.817035,4.639490,1.344471,0.011424,0.000130,1.344519,1.368241,1.312881,0.055360,-0.335720,-0.306909,0.009389,451.933012,-562.836428,334.785967,12.790977,7.117659,3.395883,3.503870,3.434003,4.693984,0.805610,4.630146,3.000000
-4.431914,0.071772,0.005151,4.432495,-4.154000,-4.661400,0.507400,-0.123114,1.711158,0.052283,4911.752337,-25.704612,1103.601850,8.118897,6.067420,32.362703,37.872208,14.257593,7.681642,0.628262,4.408972,-2.075107,0.062486,0.003904,2.076048,-1.857500,-2.224300,0.366800,0.412860,0.517949,0.049396,1077.493597,-37.659472,516.694300,8.077180,6.315428,35.993625,24.487182,11.828292,9.089856,0.680254,4.453424,8.716725,0.035581,0.001266,8.716797,8.836800,8.555700,0.281100,-0.566026,3.193672,0.024930,18995.639312,-70.505671,2170.448000,8.854086,6.775719,19.996338,14.737828,9.365495,6.207963,0.752651,4.573104,9.996918,0.034281,0.001175,9.996977,10.097822,9.837563,0.260259,-0.775976,4.026440,0.024586,24984.885246,-78.790411,2489.241290,10.399882,6.517514,12.854312,16.645091,11.149379,8.158068,0.785526,4.608847,0.105083,0.636375,0.404973,0.644993,2.840600,-2.326500,5.167100,0.117898,2.883239,0.465979,104.003968,1.710045,118.981317,8.113184,6.879577,414.240208,192.735565,127.568110,106.493529,0.694863,4.474435,0.352036,1.200498,1.441195,1.251049,4.729200,-4.561400,9.290600,0.107796,2.390134,0.835022,391.281144,1.639185,223.623408,6.211803,5.463855,754.817749,452.821922,131.523657,78.804831,0.515680,4.249629,-0.224375,0.831203,0.690899,0.860955,3.272100,-2.122700,5.394800,0.788940,1.541733,0.612145,185.310811,2.098991,164.736699,6.588025,7.212943,542.336656,131.424952,63.902100,70.441574,0.529146,4.148585,1.362783,0.930165,0.865207,1.649965,5.657300,0.125440,5.531860,1.776606,4.028242,0.697445,680.595923,1.990141,340.241239,7.283788,6.591206,621.308961,251.430038,154.521155,109.317253,0.633029,4.384377,-0.544959,0.010300,0.000106,0.545057,-0.523810,-0.581780,0.057970,-0.573470,0.378703,0.008150,74.271722,-554.105817,135.700520,12.162189,7.402097,3.834010,3.120432,3.159447,3.543645,0.783676,4.614076,0.671032,0.018637,0.000347,0.671290,0.700400,0.619050,0.081350,-0.551846,-0.454179,0.015648,112.657686,-331.980579,167.064450,13.266175,7.056373,5.102215,5.121435,5.442402,8.085967,0.800171,4.611861,1.030174,0.006479,0.000042,1.030195,1.048200,1.008800,0.039400,-0.337969,0.174979,0.005146,265.325316,-933.467018,256.511800,12.380695,7.121929,2.132444,2.255828,2.242674,2.453430,0.830403,4.666124,1.344953,0.010946,0.000120,1.344998,1.365233,1.308850,0.056383,-0.340497,-0.272608,0.009171,452.254725,-562.221179,334.883118,12.996087,7.055326,3.034460,3.523242,3.359320,4.591793,0.823604,4.639643,3.000000
-4.439380,0.064591,0.004172,4.439850,-4.238500,-4.636100,0.397600,0.130578,0.796805,0.049777,4928.067568,-34.337672,1105.365750,8.623373,6.061433,28.311580,38.299729,13.362862,9.208477,0.692782,4.494668,-2.058828,0.076674,0.005879,2.060256,-1.821100,-2.369300,0.548200,-0.072214,2.391040,0.054983,1061.163326,-22.977671,512.665450,6.704224,5.912359,50.516373,27.392826,9.810503,6.991570,0.583396,4.323515,8.717248,0.024807,0.000615,8.717284,8.787800,8.636700,0.151100,-0.152550,0.504998,0.019044,18997.758760,-151.206723,2170.618800,10.141107,6.622977,10.605506,11.621609,8.106793,5.995864,0.768307,4.604804,9.997353,0.029747,0.000885,9.997398,10.084060,9.889578,0.194482,-0.337970,1.006436,0.022549,24986.989654,-108.332335,2489.347811,11.099988,6.276556,8.288229,15.999358,10.992656,7.907872,0.790301,4.621602,0.134939,0.655034,0.429069,0.668788,1.737100,-2.737300,4.474400,-1.078569,3.169904,0.474668,111.819330,2.019985,125.287179,7.337415,6.933047,443.878233,149.325857,98.307602,79.616434,0.664664,4.380125,0.248847,0.786163,0.618053,0.824608,2.059500,-3.402000,5.461500,-0.984482,2.852200,0.571686,169.994403,2.013757,157.986108,6.777901,5.644582,470.778119,338.454259,125.389004,62.368246,0.550214,4.320971,-0.253433,1.190572,1.417461,1.217246,4.874000,-2.589600,7.463600,1.326787,3.090156,0.843453,370.422211,1.959348,226.130103,5.282561,6.501889,793.851300,99.022788,81.991120,72.270286,0.458232,3.926482,1.353868,0.880900,0.775985,1.615223,5.402280,0.125440,5.276840,2.021802,5.955466,0.633138,652.235944,1.956337,336.720871,6.779757,6.674488,620.463567,213.707407,100.937200,101.504054,0.632085,4.336912,-0.537158,0.010906,0.000119,0.537269,-0.505180,-0.575570,0.070390,-0.158496,0.091826,0.008795,72.164514,-443.196617,133.753360,11.422573,7.800859,4.643260,2.943046,2.857593,3.181903,0.784897,4.582462,0.673746,0.018067,0.000326,0.673988,0.700400,0.609130,0.091270,-0.639880,0.010544,0.015105,113.565065,-300.565934,167.753990,13.371962,7.043749,4.754191,5.533688,5.786628,6.733284,0.840726,4.643202,1.032346,0.006763,0.000046,1.032369,1.048200,1.011000,0.037200,-0.254990,-0.155497,0.005477,266.446205,-975.322472,257.057000,11.920655,7.366637,2.588852,2.285013,2.281307,2.201268,0.826013,4.654746,1.344833,0.011282,0.000127,1.344880,1.365006,1.308850,0.056156,-0.465809,-0.011140,0.009328,452.175784,-563.050619,334.861562,13.081920,7.068333,3.249689,3.627804,3.820937,4.307259,0.859606,4.670511,3.000000
-4.433652,0.055742,0.003107,4.434002,-4.238500,-4.623400,0.384900,0.043000,1.100794,0.042789,4915.094298,-39.744008,1103.994100,8.664673,6.335370,27.074621,29.814469,13.137270,8.206074,0.713182,4.526187,-2.030450,0.082185,0.006754,2.032113,-1.821100,-2.369300,0.548200,-0.646476,1.903730,0.062354,1032.370805,-20.970580,505.498700,6.308563,6.030228,58.391960,25.368746,8.340239,6.952866,0.567956,4.291270,8.725955,0.021537,0.000464,8.725982,8.787800,8.665800,0.122000,-0.113226,0.153798,0.016833,19035.689498,-201.045242,2172.777800,10.653248,6.373499,7.235695,11.380393,7.426906,5.797307,0.776306,4.615903,9.996592,0.027771,0.000771,9.996630,10.084060,9.889578,0.194482,-0.391289,1.786505,0.020190,24983.154601,-114.569682,2489.154014,11.195003,6.374429,7.859064,15.727870,9.045897,7.321759,0.817319,4.637843,0.160158,0.890136,0.792342,0.904430,2.003300,-2.737300,4.740600,-0.601852,0.397044,0.691589,204.498211,2.590456,177.642644,6.307691,6.866318,570.592740,139.064480,91.937327,70.806537,0.566566,4.169066,0.394507,0.711714,0.506537,0.813740,2.059500,-3.402000,5.461500,-1.293848,4.742665,0.524897,165.543222,1.808500,161.937368,6.724468,5.805372,442.716598,266.334577,128.166977,55.986067,0.573440,4.328818,-0.464061,1.580243,2.497168,1.646973,4.874000,-3.316400,8.190400,0.979427,1.009618,1.144834,678.130192,2.083428,331.064359,4.106453,5.867555,952.954533,80.664561,67.526268,56.655717,0.344244,3.605794,1.741913,1.076301,1.158425,2.047605,5.402280,0.161641,5.240639,1.049403,0.752274,0.861650,1048.171624,2.444833,434.668808,5.503616,6.339507,721.249901,168.808319,69.819856,63.352365,0.485576,4.048449,-0.534525,0.011076,0.000123,0.534640,-0.505180,-0.567290,0.062110,-0.180974,-0.017243,0.008797,71.459926,-497.362899,133.092960,11.599040,7.609301,4.640678,2.847311,3.361075,3.490783,0.823424,4.619010,0.673326,0.019343,0.000374,0.673603,0.706350,0.609130,0.097220,-0.606880,0.078421,0.016025,113.435355,-272.969221,167.666700,12.958071,7.208687,5.727518,6.056694,5.932988,7.073405,0.817970,4.629803,1.032355,0.007266,0.000053,1.032380,1.052600,1.006600,0.046000,-0.280267,0.112325,0.005757,266.452305,-757.785632,257.051400,11.900867,7.578270,2.772437,2.228177,2.103871,2.496284,0.841229,4.647592,1.343597,0.011727,0.000138,1.343648,1.367894,1.309209,0.058685,-0.310218,-0.356722,0.009787,451.347586,-524.781977,334.554769,13.049406,7.150028,3.345117,3.704771,3.414346,4.780304,0.821273,4.641492,3.000000
-4.441916,0.046745,0.002185,4.442162,-4.334500,-4.587800,0.253300,-0.368801,0.142860,0.037063,4933.200701,-64.754136,1106.030100,8.611506,6.456753,24.841503,23.061540,10.866945,6.799657,0.722431,4.535509,-2.023554,0.064126,0.004112,2.024570,-1.846200,-2.222700,0.376500,-0.167968,0.385728,0.049509,1024.721139,-35.100682,503.878300,7.156898,6.660689,43.492912,15.232313,8.860745,7.885213,0.630179,4.347104,8.723706,0.019838,0.000394,8.723728,8.777000,8.656000,0.121000,-0.325649,0.252653,0.015721,19025.858231,-210.165731,2172.204550,11.069734,6.846655,6.724202,9.263801,7.043001,5.433157,0.813760,4.634868,9.996731,0.022155,0.000491,9.996755,10.060944,9.926224,0.134720,0.005943,0.268019,0.017605,24983.780071,-178.284770,2489.187455,11.846668,6.427251,4.886856,12.272851,7.196247,6.531397,0.812253,4.624723,0.251608,0.840306,0.706114,0.877166,2.213000,-2.032300,4.245300,-0.286728,0.351683,0.622868,192.355109,2.740804,167.000539,6.943676,7.215451,496.866357,114.176624,99.556938,88.686609,0.616589,4.219600,0.423372,0.626121,0.392027,0.755825,1.968000,-1.464500,3.432500,-0.331165,0.048668,0.500471,142.817768,2.635040,154.767485,6.971032,6.078683,387.346014,207.216545,113.380597,57.809698,0.574072,4.335671,-0.632622,1.481914,2.196070,1.611298,3.524300,-3.974200,7.498500,0.359799,0.818564,1.022773,649.070097,2.121985,301.439923,4.273767,5.818468,860.291737,120.617526,63.728062,55.684088,0.396416,3.719217,1.623345,1.140930,1.301722,1.984180,4.721574,0.161641,4.559933,0.948627,-0.208039,0.951846,984.242974,2.709880,404.160411,5.275455,6.188096,735.580307,152.405976,78.399795,64.234118,0.483681,3.999820,-0.540761,0.011904,0.000142,0.540892,-0.507250,-0.571430,0.064180,-0.010676,-0.220170,0.009686,73.141042,-466.308865,134.644705,11.020065,7.623942,5.128818,3.618124,3.027451,3.360219,0.757076,4.561997,0.673055,0.020153,0.000406,0.673357,0.706350,0.609130,0.097220,-0.568122,-0.153263,0.016752,113.352360,-270.074701,167.601105,12.884128,7.021828,5.223014,7.071072,6.570356,7.533092,0.804062,4.626460,1.028452,0.007493,0.000056,1.028479,1.052600,1.004400,0.048200,-0.244905,0.429035,0.005828,264.442415,-735.543212,256.088900,11.461536,7.507208,3.114007,2.253853,2.287642,2.328552,0.816916,4.627919,1.342981,0.012024,0.000145,1.343035,1.367894,1.309761,0.058133,-0.316574,-0.464202,0.010064,450.935817,-530.330736,334.409036,12.717662,6.971267,3.391961,4.150164,3.933797,4.797637,0.841548,4.656055,3.000000
-4.447120,0.049236,0.002424,4.447393,-4.334500,-4.575800,0.241300,-0.262729,-0.452197,0.040508,4944.825998,-68.435130,1107.337200,8.854575,6.481464,24.553023,25.506266,11.527836,6.749918,0.709788,4.529141,-2.031014,0.059681,0.003562,2.031891,-1.846200,-2.198000,0.351800,0.301523,0.447619,0.045855,1032.145330,-41.273691,505.749450,7.419602,6.763056,42.373953,14.693324,8.433670,9.794938,0.638015,4.393128,8.719142,0.018408,0.000339,8.719161,8.766400,8.656000,0.110400,-0.093910,0.319647,0.014398,19005.944013,-241.083634,2171.063950,12.219794,6.823751,5.246555,8.316884,7.204505,5.821257,0.866336,4.692251,9.996558,0.022281,0.000496,9.996582,10.060944,9.939007,0.121937,0.129023,-0.193984,0.018181,24982.915341,-197.743232,2489.148056,11.879858,6.275130,4.685728,12.454703,7.291607,7.473254,0.809015,4.629148,0.138114,0.761434,0.579782,0.773859,2.213000,-1.828200,4.041200,0.237687,0.330351,0.574081,149.714368,2.714257,146.519396,7.229496,7.231256,455.228734,130.346221,91.854585,96.272257,0.645404,4.289108,0.354722,0.611853,0.374364,0.707243,2.059500,-1.464500,3.524000,0.004073,0.126756,0.487232,125.048025,2.619182,138.634767,7.351136,6.174599,378.183943,196.618864,134.858353,66.875105,0.612811,4.377681,-0.367600,1.399187,1.957723,1.446669,2.895700,-3.974200,6.869900,-0.461138,0.157008,1.036700,523.213112,2.403221,267.761941,4.694412,6.186677,797.801159,117.855493,76.683411,58.777605,0.435532,3.785367,1.453442,1.038945,1.079408,1.786589,4.721574,0.237915,4.483659,1.330972,1.105054,0.805645,797.975506,2.495489,361.456422,5.566861,6.271869,638.551755,156.713369,79.287167,72.111069,0.507410,4.034771,-0.545995,0.012291,0.000151,0.546134,-0.517600,-0.590060,0.072460,-0.373258,0.010441,0.009872,74.565479,-414.700904,135.958450,11.365605,7.456670,4.548359,3.889353,3.182474,3.575400,0.781736,4.569490,0.674238,0.020066,0.000403,0.674536,0.702380,0.605160,0.097220,-0.710782,0.048068,0.016858,113.749823,-275.047727,167.860055,12.251019,6.881165,5.829574,8.127693,6.951265,6.598248,0.817737,4.641987,1.026678,0.007053,0.000050,1.026702,1.043900,1.004400,0.039500,-0.349187,-0.097316,0.005709,263.529159,-906.350047,255.638700,11.562150,7.356029,3.052244,2.252602,2.450302,2.134690,0.838117,4.660291,1.344335,0.011843,0.000140,1.344388,1.364413,1.305132,0.059280,-0.559331,0.090125,0.009711,451.844462,-523.636005,334.726054,12.053845,7.028854,3.856936,4.625952,4.061664,3.854328,0.819217,4.647498,3.000000
-4.443204,0.048875,0.002389,4.443473,-4.322600,-4.575500,0.252900,-0.142433,-0.226337,0.039473,4936.113536,-62.482198,1106.418350,9.196076,6.550287,23.024822,27.094048,10.693033,7.439180,0.729252,4.549871,-2.037922,0.057534,0.003310,2.038734,-1.870800,-2.259500,0.388700,-0.218090,0.863015,0.044300,1039.109056,-38.191335,507.446350,7.721875,6.830938,37.035898,14.383913,8.932367,8.405132,0.656476,4.394833,8.720560,0.018673,0.000349,8.720580,8.790800,8.655800,0.135000,0.059703,1.295996,0.014356,19012.127106,-184.941063,2171.425600,12.516567,6.602930,4.011684,8.519076,7.679251,6.127229,0.839626,4.666026,9.997442,0.023514,0.000553,9.997470,10.100953,9.942699,0.158254,0.272916,0.703271,0.018755,24987.349698,-149.191372,2489.396241,12.434392,6.239680,4.044409,12.652723,8.195528,7.590106,0.792612,4.615067,0.010532,0.913009,0.833585,0.913070,2.085400,-2.416500,4.501900,-0.043239,-0.481252,0.737515,208.424089,2.863634,184.022665,7.266609,7.645256,435.164867,105.112282,92.532307,92.483232,0.605343,4.099344,0.329519,0.632104,0.399555,0.712838,2.059500,-1.266200,3.325700,-0.059588,-0.431158,0.511487,127.034504,2.792689,142.936741,7.673329,6.390703,343.130579,209.775400,123.966072,74.830488,0.651966,4.374434,-0.147994,1.804466,3.256096,1.810524,3.514100,-3.908100,7.422200,-0.208013,-0.632442,1.474301,819.499510,2.462623,365.539642,3.904321,5.675934,837.246321,103.221712,82.485933,48.210629,0.352573,3.457120,1.819247,1.144628,1.310172,2.149380,4.491953,0.111498,4.380455,0.646390,-0.876769,0.980194,1154.958103,2.979800,453.828211,5.151793,6.217471,663.904567,142.618693,80.842935,67.376008,0.466308,3.931682,-0.544356,0.014073,0.000198,0.544538,-0.507250,-0.590060,0.082810,-0.065438,-0.046455,0.011133,74.130323,-340.258007,135.534085,10.715282,7.597471,5.803196,4.120961,3.086287,3.546861,0.785404,4.540871,0.674627,0.019186,0.000368,0.674900,0.704370,0.605160,0.099210,-0.771223,0.180563,0.015896,113.872419,-270.728359,167.984130,12.518936,7.089462,6.081286,7.591232,5.837523,6.746137,0.857380,4.678740,1.028408,0.007401,0.000055,1.028435,1.050400,1.008800,0.041600,-0.059637,-0.226023,0.005964,264.419448,-852.355761,256.082250,11.268547,7.492732,2.944548,2.250540,2.061677,2.096451,0.787579,4.581767,1.345202,0.010956,0.000120,1.345247,1.369766,1.305132,0.064634,-0.390261,0.066563,0.008957,452.422191,-487.135041,334.958314,12.162483,7.128452,3.409252,4.388145,2.980983,3.759601,0.802361,4.625638,3.000000
-4.448974,0.051343,0.002636,4.449271,-4.310600,-4.575700,0.265100,0.255494,-0.164029,0.040580,4949.002323,-60.028988,1107.764650,9.009665,6.923860,26.818436,23.412267,11.288217,7.836815,0.741355,4.535795,-2.042392,0.066478,0.004419,2.043473,-1.883000,-2.259500,0.376500,-0.272166,0.207021,0.052677,1043.945696,-34.398103,508.618050,7.104497,6.586488,45.150372,16.276865,9.920184,8.370701,0.623433,4.351628,8.717114,0.021694,0.000471,8.717141,8.790800,8.655800,0.135000,-0.141916,0.547744,0.016671,18997.138525,-175.087108,2170.544400,11.817786,6.606927,5.638657,10.272224,7.694154,6.633001,0.827333,4.638337,9.997985,0.025322,0.000641,9.998017,10.100953,9.935997,0.164956,0.134035,0.546139,0.020091,24990.086544,-138.544615,2489.482889,12.213307,6.376846,5.018013,12.799201,9.615806,7.534078,0.808979,4.624945,0.069517,1.046950,1.096104,1.049255,2.540000,-2.416500,4.956500,-0.169576,-0.419760,0.836787,275.234111,2.840164,208.119480,6.828998,7.349113,596.982070,118.047439,128.733266,110.237003,0.584068,4.145253,0.324333,0.753764,0.568160,0.820580,1.968000,-2.090000,4.058000,-0.444649,0.007750,0.595325,168.337983,2.732780,166.247347,6.584029,6.274365,468.833354,207.139323,110.961380,65.054681,0.594894,4.282699,-0.279970,2.050137,4.203061,2.069165,3.718400,-4.785000,8.503400,-0.056721,-0.615616,1.645511,1070.361109,2.381557,412.050883,4.387412,6.042521,1144.929632,140.405239,118.434054,71.664191,0.398951,3.707553,2.051492,1.359086,1.847115,2.460840,5.515798,0.111498,5.404300,0.542741,-0.905840,1.187807,1513.933203,2.783320,510.119157,5.027008,6.279689,772.590094,136.247662,79.972714,73.540348,0.439433,3.836938,-0.543139,0.014612,0.000214,0.543335,-0.507250,-0.590060,0.082810,-0.194833,-0.283890,0.012032,73.803244,-339.583341,135.249435,10.401400,7.939386,6.403903,3.346860,2.722445,3.365924,0.750653,4.478299,0.675627,0.018303,0.000335,0.675875,0.704370,0.623020,0.081350,-0.787136,0.001314,0.014957,114.201658,-334.412879,168.243020,12.622622,6.960301,5.153449,7.220619,5.221049,6.791835,0.833652,4.654707,1.027898,0.007754,0.000060,1.027928,1.050400,0.997810,0.052590,-0.043155,0.360164,0.006116,264.158831,-655.439297,255.941710,11.090007,7.791756,3.247208,2.328885,1.968382,2.073069,0.777958,4.572531,1.344817,0.010995,0.000121,1.344862,1.369766,1.311469,0.058297,-0.328229,-0.440632,0.009014,452.163733,-537.913734,334.865010,12.358823,7.154829,3.183815,4.300354,2.809664,3.787029,0.800229,4.611075,3.000000
-4.454102,0.053709,0.002885,4.454426,-4.286100,-4.611600,0.325500,0.109566,0.351934,0.041395,4960.478204,-47.866059,1109.094800,8.990241,6.586112,25.165582,25.350752,14.226204,7.766364,0.719668,4.516803,-2.036726,0.072239,0.005218,2.038007,-1.847400,-2.248000,0.400600,-0.006871,0.107593,0.057529,1038.368225,-31.782588,507.092200,6.992635,6.589580,48.918164,17.767837,8.698922,8.681269,0.616732,4.331223,8.715131,0.021942,0.000481,8.715158,8.777300,8.655800,0.121500,-0.097306,0.010481,0.017182,18988.496581,-201.252175,2170.059800,11.547242,6.601474,5.997849,9.957339,7.891380,5.865394,0.783486,4.598167,9.997433,0.026523,0.000703,9.997468,10.100715,9.915552,0.185163,0.058817,0.665927,0.020608,24987.343010,-120.106643,2489.353403,11.111345,6.328675,7.032445,13.390589,8.773967,6.364097,0.752525,4.567786,0.204276,0.944262,0.891631,0.966105,3.203000,-2.380100,5.583100,0.254327,0.776432,0.696061,233.339922,2.284802,175.910906,6.895431,7.302368,546.098427,122.908902,92.002795,112.513769,0.580291,4.169576,0.403173,0.742630,0.551500,0.845014,2.196800,-2.090000,4.286800,-0.278065,0.535748,0.569868,178.512080,2.522980,166.292812,7.376198,6.532029,397.083415,232.533662,124.788661,69.327246,0.629695,4.322517,-0.526648,1.706626,2.912572,1.786038,3.718400,-4.785000,8.503400,-0.299497,0.708243,1.225119,797.482704,2.102333,314.393822,3.965607,5.756869,860.052597,88.870866,61.256300,51.149888,0.346125,3.506127,1.694683,1.401923,1.965389,2.199395,5.779477,0.157598,5.621879,1.308854,0.648594,1.108574,1209.334706,2.378911,422.132974,4.575898,6.041691,835.217294,122.798542,84.321125,58.994863,0.403748,3.767059,-0.547370,0.012813,0.000164,0.547520,-0.519670,-0.590060,0.070390,-0.215258,-0.135012,0.010412,74.944599,-423.663799,136.291845,11.052699,7.673426,5.036467,3.274976,2.675007,3.633770,0.744513,4.503071,0.676770,0.017380,0.000302,0.676993,0.706350,0.623020,0.083330,-0.614782,-0.346247,0.014533,114.579775,-327.328207,168.523740,12.340944,6.987925,5.565411,6.141096,4.905926,7.002107,0.775688,4.620705,1.025298,0.007142,0.000051,1.025323,1.043900,0.997810,0.046090,-0.089765,0.722965,0.005586,262.821974,-763.790166,255.291710,11.987681,7.668336,2.643723,2.215727,1.534619,2.428257,0.746949,4.559697,1.345089,0.011056,0.000122,1.345134,1.364961,1.309866,0.055095,-0.460849,-0.312753,0.009167,452.346349,-574.915785,334.923996,12.208214,7.128196,3.803454,3.568388,2.737151,4.734625,0.779363,4.602252,3.000000
-4.458842,0.046632,0.002175,4.459086,-4.286100,-4.611600,0.325500,-0.045155,1.204276,0.035767,4970.861629,-51.983892,1110.309700,8.816897,6.247896,20.638660,24.977851,12.950895,5.934772,0.698557,4.514995,-2.036274,0.061520,0.003785,2.037203,-1.847400,-2.211900,0.364500,0.145323,0.953250,0.046625,1037.549117,-38.806931,507.046350,7.978516,6.905005,40.165148,17.960989,10.545318,9.958627,0.690956,4.453310,8.713289,0.021150,0.000447,8.713314,8.777300,8.620400,0.156900,-0.257526,1.398066,0.016037,18980.462255,-160.808585,2169.607550,11.102563,6.611796,7.077669,10.180474,7.120474,6.252477,0.796895,4.624723,9.997745,0.024375,0.000594,9.997774,10.100715,9.913155,0.187560,-0.038405,1.588705,0.018126,24988.873001,-123.169082,2489.466031,11.356655,6.284510,6.660003,12.580438,7.948760,7.443764,0.779793,4.600942,0.129058,0.639104,0.408454,0.652005,3.203000,-1.202300,4.405300,1.731902,4.979404,0.428537,106.277499,1.765211,107.439174,7.776878,7.468570,411.556042,125.196149,89.107358,110.375904,0.667255,4.373995,0.383767,0.545770,0.297865,0.667190,2.196800,-1.083100,3.279900,0.758776,1.007218,0.416722,111.285539,2.232647,125.774002,7.475546,6.332832,304.661641,230.895100,93.602263,61.967711,0.636738,4.393952,-0.412471,1.042733,1.087292,1.121349,1.677800,-4.623400,6.301200,-1.994518,5.772238,0.610848,314.355941,1.706407,170.992265,4.388337,6.029413,648.459105,81.026892,52.404219,49.892949,0.379719,3.729212,1.054982,1.007318,1.014689,1.458656,5.779477,0.246427,5.533050,3.042492,9.511094,0.599533,531.918978,1.229429,262.582613,5.142484,6.299336,643.393484,119.044819,83.881330,61.547989,0.459346,3.944297,-0.546691,0.010332,0.000107,0.546788,-0.525880,-0.577640,0.051760,-0.408533,-0.057025,0.008335,74.744353,-623.407488,136.139535,11.755363,7.511901,4.074423,3.040521,2.615616,3.761417,0.763455,4.581818,0.676635,0.017586,0.000309,0.676863,0.706350,0.630950,0.075400,-0.533123,-0.599039,0.014997,114.535926,-371.298496,168.473140,12.609605,7.080374,5.450530,6.102014,4.588173,7.392698,0.828042,4.632980,1.026020,0.006616,0.000044,1.026041,1.043900,1.004400,0.039500,-0.492890,0.116260,0.005251,263.189999,-916.608190,255.478600,12.225082,7.151986,2.351141,2.187069,2.341030,2.388516,0.841452,4.671336,1.345271,0.011264,0.000127,1.345318,1.368241,1.309866,0.058375,-0.478765,-0.226697,0.009373,452.470278,-530.568819,334.973348,12.693616,7.007855,3.374917,3.766446,3.237701,4.647752,0.805434,4.621408,3.000000
-4.456800,0.038409,0.001475,4.456965,-4.334300,-4.575800,0.241500,0.076448,0.393402,0.029577,4966.134475,-77.295443,1109.708500,9.477773,6.218450,13.756420,21.936363,11.222983,6.173591,0.711934,4.523655,-2.034461,0.039381,0.001551,2.034842,-1.894400,-2.163700,0.269300,-0.132476,1.238173,0.029540,1035.145398,-70.788030,506.549050,9.545431,6.765817,21.197408,15.305990,10.338720,9.212669,0.770349,4.587593,8.715167,0.018935,0.000359,8.715188,8.753600,8.620400,0.133200,-0.673285,2.241449,0.014021,18988.624461,-195.368875,2170.097650,11.281563,7.115627,6.826062,8.800886,5.407528,5.425938,0.830007,4.642672,9.997961,0.019781,0.000391,9.997981,10.052261,9.913155,0.139106,-0.129651,1.058216,0.015052,24989.904334,-179.413725,2489.488701,12.158225,6.544759,4.599077,9.189548,7.722591,6.559026,0.798614,4.633716,0.059307,0.330030,0.108920,0.335316,0.972230,-1.202300,2.174530,-0.655653,1.102127,0.251313,28.109279,1.272927,65.723947,10.072297,7.310324,179.352743,105.117066,90.066855,95.920328,0.824558,4.626708,0.316217,0.377921,0.142825,0.492766,1.388300,-0.762780,2.151080,0.166687,0.066405,0.297045,60.704490,2.050518,98.047438,8.895401,6.243909,162.359287,203.973866,97.711186,63.362978,0.668970,4.488642,-0.266496,0.425027,0.180648,0.501665,1.677800,-1.109500,2.787300,2.228467,6.532673,0.273826,62.917028,0.912374,104.396734,6.414181,7.027026,294.084730,57.200350,50.138833,43.500715,0.573426,4.196659,0.718620,0.300846,0.090508,0.779053,1.829641,0.087531,1.742110,1.047794,1.450454,0.232465,151.730797,0.672264,178.629649,8.870667,6.767059,169.943784,110.797833,76.885518,56.854323,0.710548,4.520828,-0.541829,0.009611,0.000092,0.541914,-0.521740,-0.575570,0.053830,-0.600974,0.253294,0.007834,73.417725,-614.038626,134.923060,12.206088,7.575650,3.697219,2.995525,2.345170,3.398228,0.799950,4.624208,0.677008,0.018206,0.000331,0.677252,0.708330,0.619050,0.089280,-0.704250,-0.142008,0.015244,114.667664,-311.763872,168.558430,12.485082,7.073736,5.695184,6.126113,5.255647,6.493863,0.787353,4.607583,1.028654,0.006148,0.000038,1.028673,1.046100,1.006600,0.039500,-0.487935,0.473433,0.004783,264.541918,-936.402034,256.134000,12.235454,7.049443,1.990764,2.214132,2.172504,2.089279,0.797112,4.631855,1.345505,0.011243,0.000126,1.345552,1.368241,1.311276,0.056965,-0.449761,-0.308600,0.009262,452.627307,-547.162994,335.024745,12.508658,7.069108,3.425497,3.921755,3.223942,3.997863,0.774911,4.600623,3.000000
-4.455929,0.036906,0.001362,4.456082,-4.334300,-4.551600,0.217300,0.204305,0.404758,0.028153,4964.166780,-87.160188,1109.557500,9.479363,6.223581,12.637246,20.381243,10.100469,6.261464,0.710566,4.498924,-2.032250,0.026575,0.000706,2.032423,-1.944100,-2.102200,0.158100,-0.204168,0.423068,0.020666,1032.686164,-145.355771,505.991400,10.450985,7.117756,13.273120,9.800239,7.814245,6.925800,0.812875,4.632383,8.715528,0.016482,0.000272,8.715544,8.752900,8.668700,0.084200,0.061838,-0.181862,0.012954,18990.176737,-337.581975,2170.159750,11.778229,7.244718,5.362891,7.399015,5.561248,4.308610,0.849300,4.667165,9.997388,0.018502,0.000342,9.997406,10.052261,9.943329,0.108932,0.167590,0.317151,0.014332,24987.029681,-235.996806,2489.349725,12.165355,6.513419,4.207602,8.655233,7.729046,5.820856,0.821395,4.650164,0.141989,0.251995,0.063502,0.289244,0.972230,-0.539390,1.511620,0.201487,0.184697,0.199032,20.915576,0.204496,57.172502,10.467520,7.324751,130.179718,83.636252,80.482017,65.493632,0.805545,4.630943,0.362594,0.382056,0.145967,0.526727,1.586600,-0.762780,2.349380,0.285538,0.430733,0.297028,69.360364,1.879185,105.789662,8.847152,6.210621,179.059666,183.597329,120.329245,61.072855,0.725226,4.532304,-0.409194,0.253090,0.064055,0.481138,0.305960,-1.215600,1.521560,-0.557892,0.874519,0.188934,57.873500,-0.017837,103.659215,8.356379,7.447613,165.057410,60.035697,42.472094,46.129679,0.738694,4.476980,0.719363,0.274071,0.075115,0.769804,1.798945,0.087531,1.711414,0.848581,1.321010,0.212540,148.149441,0.412871,179.292434,9.196005,6.851345,144.735846,111.692336,68.444262,61.489565,0.759685,4.560521,-0.541680,0.009215,0.000085,0.541758,-0.521740,-0.569360,0.047620,-0.457660,-0.275201,0.007685,73.375461,-700.999799,134.875420,12.893520,7.120806,2.793666,2.989253,2.620934,3.811150,0.771461,4.616413,0.675746,0.019326,0.000374,0.676022,0.708330,0.601190,0.107140,-0.849055,0.657984,0.015642,114.251392,-247.827053,168.270715,12.428264,6.995238,6.319165,6.138548,6.349004,7.568000,0.800821,4.626268,1.028697,0.005909,0.000035,1.028714,1.046100,1.013200,0.032900,-0.245187,-0.189254,0.004723,264.563005,-1161.651376,256.144600,12.372982,7.109382,1.884678,2.191049,1.953322,2.222839,0.834654,4.664994,1.344852,0.011502,0.000132,1.344901,1.367072,1.309150,0.057922,-0.421868,-0.286328,0.009414,452.189858,-535.225492,334.871494,12.278505,6.930096,3.806140,4.079902,3.693398,4.789861,0.842783,4.662459,3.000000
-4.463930,0.038515,0.001483,4.464096,-4.322400,-4.575800,0.253400,0.038120,0.770422,0.029332,4982.038613,-72.318092,1111.539650,10.003440,6.529631,14.235273,20.744983,12.252925,6.892187,0.765243,4.587979,-2.033451,0.032027,0.001026,2.033703,-1.930900,-2.175100,0.244200,-0.285341,1.691040,0.024155,1033.986967,-83.633766,506.303800,10.148821,6.983977,16.419419,11.704559,9.359462,9.063187,0.803415,4.625650,8.710587,0.018024,0.000325,8.710605,8.787300,8.657700,0.129600,0.309964,0.835449,0.014283,18968.661817,-196.661430,2168.918000,11.210485,7.290018,6.949692,7.932293,6.171790,3.871322,0.822806,4.650936,9.996916,0.020298,0.000412,9.996937,10.048441,9.936632,0.111809,-0.091576,0.380384,0.015653,24984.687397,-224.903751,2489.220689,12.183581,6.467820,4.701492,9.300898,8.616184,6.354464,0.841325,4.668206,0.130038,0.291557,0.085005,0.319241,1.233500,-0.749100,1.982600,0.358568,0.598645,0.226773,25.478769,0.887532,60.945419,10.946721,7.464563,146.837037,84.884743,91.610689,84.719908,0.816872,4.643395,0.338856,0.445308,0.198299,0.559574,1.617100,-1.373000,2.990100,-0.396667,1.523576,0.327510,78.280698,1.866155,114.363241,8.038155,6.315181,249.561261,182.075509,115.404205,56.268149,0.690824,4.480584,-0.376040,0.312491,0.097650,0.488934,0.863970,-1.215600,2.079570,0.554424,2.185189,0.222548,59.764072,0.742799,104.737587,7.580638,7.266972,214.392710,71.738105,38.647572,38.425009,0.635877,4.373236,0.752063,0.297481,0.088495,0.808761,1.798945,0.119330,1.679615,0.992562,1.226935,0.227130,163.523538,0.629758,186.976111,9.339576,7.077251,168.481862,106.809404,75.997829,62.816413,0.761087,4.565777,-0.543402,0.009345,0.000087,0.543483,-0.525880,-0.569360,0.043480,-0.338626,-0.503509,0.007798,73.843364,-755.362499,135.306080,12.576716,7.135875,3.164490,3.022521,2.865870,3.838811,0.833563,4.655995,0.673746,0.020143,0.000406,0.674047,0.702380,0.601190,0.101190,-0.743623,0.199073,0.016431,113.584728,-264.239933,167.746925,12.440539,7.138346,6.943530,6.218092,6.839825,7.415148,0.822437,4.647679,1.027756,0.006067,0.000037,1.027774,1.041700,1.006600,0.035100,-0.549923,0.223443,0.004858,264.080008,-1068.178697,255.907300,12.635500,7.246995,1.935639,1.990778,1.984569,2.239706,0.805757,4.649739,1.343833,0.012016,0.000144,1.343887,1.367400,1.309150,0.058250,-0.410602,-0.353970,0.009842,451.508099,-522.283420,334.603111,12.136048,7.300832,4.514201,3.585513,3.874890,4.414969,0.798196,4.633295,3.000000
-4.454810,0.038551,0.001486,4.454976,-4.322400,-4.575800,0.253400,-0.075439,0.675245,0.029682,4961.703691,-71.754442,1109.259600,9.948793,6.667258,15.193719,20.593222,11.457832,6.610036,0.785432,4.594555,-2.026948,0.034983,0.001224,2.027250,-1.930000,-2.175100,0.245100,-0.226086,1.371323,0.026545,1027.435502,-80.565867,504.714800,9.741226,6.961646,19.061197,12.616787,10.206019,8.468943,0.798287,4.607935,8.716546,0.018828,0.000354,8.716567,8.787300,8.657700,0.129600,-0.055340,0.462092,0.014370,18994.633906,-192.647227,2170.402600,11.244449,7.372973,7.215118,7.523723,6.191824,4.096828,0.799895,4.629559,9.996734,0.020012,0.000400,9.996754,10.047480,9.936632,0.110848,-0.187694,0.336445,0.015615,24983.773099,-226.614265,2489.177966,12.364859,6.715379,4.866639,9.012926,7.402475,6.240325,0.835318,4.665692,0.115010,0.303275,0.091976,0.324350,1.233500,-0.749100,1.982600,0.376267,0.547614,0.236113,26.300806,0.971893,62.821803,10.977216,7.526333,152.023406,93.178647,89.225598,88.555464,0.780526,4.631294,0.343066,0.437238,0.191177,0.555762,1.632300,-1.373000,3.005300,-0.519279,1.738113,0.316716,77.217880,1.754701,114.630074,8.100253,6.408999,236.380550,186.516322,100.896476,56.681147,0.670431,4.450742,-0.355533,0.274310,0.075246,0.449055,0.863970,-1.000300,1.864270,1.234633,3.363571,0.196319,50.412487,0.159349,99.545519,7.949981,7.392102,182.404088,71.107406,39.371184,29.656196,0.646780,4.400952,0.731709,0.283419,0.080326,0.784681,1.740260,0.224494,1.515767,0.968107,1.169249,0.214666,153.931172,0.417099,182.279453,9.356056,6.926098,151.895990,111.094532,83.360256,54.434752,0.752118,4.575162,-0.541473,0.009618,0.000093,0.541558,-0.523810,-0.573500,0.049690,-0.530517,-0.027142,0.007806,73.321280,-663.269899,134.838140,12.360845,7.255329,3.476080,3.022357,3.017988,3.731558,0.835897,4.663119,0.674706,0.019651,0.000386,0.674992,0.708330,0.623020,0.085310,-0.591288,-0.321082,0.016215,113.903516,-311.513140,167.995895,12.586360,7.116819,6.897552,6.112500,6.505550,7.510328,0.838468,4.667289,1.028925,0.006529,0.000043,1.028946,1.043900,1.006600,0.037300,-0.361242,0.226141,0.005206,264.682423,-982.007071,256.197300,12.496940,7.297179,2.232594,2.064336,1.935883,2.612239,0.818067,4.640149,1.344427,0.011996,0.000144,1.344481,1.368677,1.310551,0.058126,-0.248737,-0.533094,0.010014,451.907220,-527.302979,334.760224,12.506317,7.336995,4.500977,3.339065,3.522409,4.749618,0.800414,4.628550,3.000000
-4.452231,0.035475,0.001259,4.452372,-4.358300,-4.599700,0.241400,-0.147426,0.330064,0.029145,4955.904401,-81.405620,1108.657100,9.872547,6.080060,11.175941,21.799784,11.311885,6.840448,0.751528,4.565189,-2.018872,0.028014,0.000785,2.019066,-1.930000,-2.101700,0.171700,0.297994,1.134266,0.021077,1019.156837,-130.892447,502.750950,10.062937,6.790964,13.523030,11.681161,8.023223,6.228602,0.799856,4.604382,8.719052,0.014228,0.000202,8.719064,8.761900,8.679900,0.082000,0.097265,-0.024469,0.011375,19005.517557,-358.168831,2171.031400,11.485533,7.197471,5.027586,6.126013,4.503874,3.748097,0.809702,4.642550,9.996098,0.018644,0.000348,9.996115,10.053275,9.947844,0.105431,0.010007,-0.068462,0.014827,24980.578794,-244.155718,2489.050625,11.685715,6.581409,4.589970,9.765281,6.377002,5.117938,0.780893,4.621592,0.114512,0.250388,0.062694,0.275331,0.977200,-0.622010,1.599210,0.016713,0.476181,0.195168,18.951823,0.096074,54.809030,11.330641,7.408490,111.380506,89.782210,77.586894,73.444540,0.831235,4.664691,0.374187,0.391877,0.153567,0.541833,2.547700,-0.671240,3.218940,0.924361,3.772314,0.294326,73.395864,1.446677,105.636884,9.277723,6.429560,183.267480,199.542863,106.702289,67.609093,0.744693,4.560476,-0.364764,0.193983,0.037630,0.413137,0.256890,-1.026700,1.283590,-0.010529,0.479451,0.151631,42.670562,-1.572935,92.429808,9.674282,7.511514,118.387323,63.959781,41.451704,42.705581,0.780144,4.599262,0.672032,0.297398,0.088446,0.734897,2.562055,0.114898,2.447156,1.734231,7.220044,0.214436,135.018249,0.455027,166.382512,9.476355,6.616901,160.794259,122.206643,90.051588,57.101888,0.791258,4.604358,-0.539543,0.008989,0.000081,0.539618,-0.523810,-0.573500,0.049690,-0.710258,0.547705,0.007234,72.796851,-678.388723,134.348475,12.778975,7.106481,2.958429,2.758335,3.019027,3.559338,0.825343,4.662525,0.676920,0.018668,0.000348,0.677177,0.708330,0.613100,0.095230,-0.685723,-0.011907,0.015317,114.642308,-285.008188,168.561360,12.423288,7.074598,6.640672,5.846555,6.073625,7.336622,0.834698,4.662888,1.029065,0.006505,0.000042,1.029086,1.043900,1.004400,0.039500,-0.295494,0.247978,0.005266,264.754376,-926.186410,256.236700,12.271029,7.059252,1.968439,2.734999,2.053912,2.481155,0.866846,4.689653,1.344856,0.011724,0.000137,1.344907,1.368677,1.305351,0.063325,-0.368568,-0.188912,0.009732,452.193534,-490.304403,334.873814,12.498198,7.191254,3.972984,3.926394,3.455018,4.904538,0.846179,4.673431,3.000000
-4.481278,0.104401,0.010900,4.482494,-3.607500,-5.290100,1.682600,-0.332943,36.196992,0.050473,5023.188921,-5.733641,1115.574150,13.385962,6.954541,22.618976,46.445675,38.517989,37.091372,0.867601,4.709413,-2.010347,0.044619,0.001991,2.010842,-1.652800,-2.138000,0.485200,2.413684,17.685941,0.030236,1010.871671,-37.470005,500.528150,11.062342,7.122147,21.589667,15.429150,14.301151,16.323628,0.870776,4.695020,8.706065,0.046247,0.002139,8.706188,9.126800,8.343900,0.782900,-0.145972,45.732149,0.020012,18949.425762,-26.561044,2167.929050,13.108353,7.142424,14.121902,16.630580,17.012312,17.271490,0.891062,4.722985,9.996654,0.029237,0.000855,9.996697,10.086450,9.834058,0.252392,-0.928976,5.617298,0.020552,24983.486353,-86.591653,2489.132362,12.461460,6.616700,7.094168,12.910442,12.427290,8.900369,0.835907,4.671820,0.077594,0.568034,0.322663,0.573309,2.833400,-4.998600,7.832000,-2.874582,28.703613,0.310392,82.170875,0.725257,82.190424,12.999790,7.338225,217.269603,135.400742,172.706488,272.964457,0.855083,4.696220,0.661847,1.364162,1.860937,1.516238,10.252000,-1.601800,11.853800,4.065820,20.525981,0.686036,574.744594,0.936539,189.199245,8.420235,7.070547,904.871697,396.537329,367.755832,204.393379,0.742220,4.539306,-0.199376,0.762822,0.581897,0.788447,6.270600,-3.493200,9.763800,3.675986,28.963204,0.389084,155.412006,0.791901,118.902045,9.089680,6.611370,434.667635,277.348030,234.690109,212.656499,0.779457,4.606224,1.082370,1.441452,2.077785,1.802584,10.427932,0.099836,10.328096,4.331247,20.631912,0.714065,812.327475,0.724414,266.131212,8.383974,7.209094,974.342191,380.572004,323.846131,275.048727,0.770271,4.543521,-0.539883,0.009182,0.000084,0.539961,-0.523810,-0.573500,0.049690,-0.638114,0.186178,0.007503,72.889384,-673.806566,134.417855,12.142449,7.165412,3.459621,3.059058,2.919740,3.354036,0.834485,4.666007,0.677801,0.018791,0.000353,0.678061,0.712300,0.613100,0.099200,-0.699351,0.152689,0.015467,114.941824,-266.734216,168.777635,12.592714,6.958499,5.915610,6.114285,6.126983,7.321231,0.823977,4.643480,1.027932,0.006392,0.000041,1.027951,1.043900,1.004400,0.039500,-0.202313,0.210560,0.005111,264.171058,-929.770341,255.962100,11.842213,6.993891,2.224718,2.460980,2.182705,2.229189,0.832260,4.660331,1.344572,0.011605,0.000135,1.344622,1.368239,1.305351,0.062887,-0.321179,-0.332647,0.009606,452.002267,-489.668857,334.801397,12.388620,6.958537,3.552824,4.119594,3.622304,4.625932,0.806669,4.634277,3.000000
-4.618274,0.175264,0.030717,4.621599,-3.607500,-5.290100,1.682600,0.200993,4.590445,0.140853,5339.793937,-2.703235,1149.914100,11.558288,7.770574,63.846313,57.080126,38.550928,45.432171,0.775036,4.569685,-1.970261,0.078888,0.006223,1.971840,-1.652800,-2.339800,0.687000,0.188798,3.058029,0.057655,972.038111,-16.750874,490.618550,11.570784,7.938204,39.608444,19.244284,17.124657,24.012373,0.802680,4.621735,8.644701,0.075915,0.005763,8.645035,9.126800,8.343900,0.782900,0.490040,5.928725,0.061336,18684.155463,-16.108074,2152.526850,11.386044,7.774966,29.581962,21.230162,20.622219,19.450605,0.832244,4.617258,9.999059,0.052691,0.002776,9.999197,10.424029,9.731603,0.692427,1.523817,19.096995,0.032063,24995.987510,-22.825624,2489.750873,12.859811,6.691862,13.073696,23.241051,17.121294,22.381215,0.856284,4.692557,0.110006,1.001623,1.003248,1.007646,5.420100,-4.998600,10.418700,-0.860624,8.649466,0.602802,253.837434,1.249023,155.080484,13.874754,7.573216,340.147626,203.654411,233.390980,432.303549,0.779111,4.621135,0.697180,1.727066,2.982757,1.862476,10.252000,-3.417200,13.669200,2.237678,7.990550,1.031031,867.204243,1.227122,269.031411,8.495106,6.909894,1072.723267,521.623165,471.932118,262.359648,0.718561,4.512663,-0.125674,1.195238,1.428595,1.201827,6.736100,-3.493200,10.229300,2.350706,9.717644,0.742872,361.097205,1.384599,194.735245,9.527859,7.473523,735.541501,330.622675,318.728180,285.047260,0.775681,4.597066,1.678690,1.763677,3.110555,2.434863,10.427932,0.064487,10.363446,2.676127,7.932982,1.160401,1482.138882,1.329900,416.647232,8.758636,7.439711,1075.016157,459.094517,325.150429,353.065112,0.720677,4.489753,-0.545515,0.010738,0.000115,0.545620,-0.525880,-0.577640,0.051760,-0.315974,-0.369715,0.008636,74.425402,-616.801329,135.834170,11.544909,7.450956,4.195697,3.299409,2.681497,3.393057,0.793007,4.588653,0.682190,0.019113,0.000365,0.682458,0.714290,0.621030,0.093260,-0.510849,-0.230499,0.016115,116.437169,-283.162899,169.848125,12.625262,7.173348,5.584746,6.369674,4.958900,7.402552,0.797589,4.599278,1.021027,0.009382,0.000088,1.021070,1.043900,0.993420,0.050480,-0.030483,-0.340499,0.007666,260.646221,-653.129406,254.233790,10.578664,7.758710,4.142298,2.310840,2.045791,2.328830,0.795902,4.550732,1.343840,0.011376,0.000129,1.343888,1.368239,1.315251,0.052988,-0.073614,-0.815678,0.009543,451.508791,-588.990899,334.606350,12.765252,7.064036,3.208310,3.979915,3.178996,4.401934,0.817966,4.626729,3.000000
-4.741743,0.098820,0.009765,4.742773,-4.155300,-5.237100,1.081800,0.541932,7.764915,0.065085,5623.473479,-9.417948,1180.539250,12.082271,7.228067,35.193089,41.986336,31.282613,34.298741,0.884564,4.710641,-1.917191,0.085880,0.007375,1.919114,-1.657100,-2.339800,0.682700,-0.278242,2.703781,0.062466,920.749356,-15.923394,477.212300,10.354362,8.176610,52.620082,18.547194,14.951880,22.219498,0.783315,4.584966,8.591633,0.037199,0.001384,8.591713,8.820700,8.482900,0.337800,1.048912,6.933357,0.025744,18454.384487,-58.407200,2139.370200,12.083511,7.387755,13.660229,13.671277,14.325578,10.468292,0.870136,4.700341,9.999601,0.049145,0.002415,9.999721,10.424029,9.731603,0.692427,2.061350,25.115773,0.028847,24998.607322,-24.182711,2489.837423,12.795524,6.703846,12.581015,22.247130,16.424284,21.474306,0.888143,4.716236,0.024224,1.317674,1.736265,1.317897,5.420100,-4.211300,9.631400,0.066745,1.631537,0.947413,434.213051,1.696346,236.489263,11.467440,8.631288,657.719228,172.866060,200.423105,357.460297,0.701038,4.477124,0.302062,1.253118,1.570305,1.289010,7.048100,-3.417200,10.465300,1.410751,5.799793,0.844376,415.386526,1.410385,209.275580,8.930599,6.753341,710.697646,394.684135,418.934895,200.240310,0.735415,4.538069,-0.047107,2.001222,4.004891,2.001777,6.736100,-5.176500,11.912600,0.226113,1.152661,1.423372,1001.777606,1.674373,355.643778,7.448278,7.790659,1164.271106,225.654260,249.260576,214.842757,0.611528,4.221659,2.121143,1.704776,2.906263,2.721306,9.755787,0.064487,9.691300,1.365064,1.462275,1.338481,1851.377183,1.698183,526.859546,7.855782,7.538605,1085.787562,340.854780,260.969610,241.874074,0.716517,4.416462,-0.548463,0.011342,0.000129,0.548581,-0.519670,-0.577640,0.057970,-0.082203,-0.290921,0.009247,75.235210,-535.738705,136.581710,11.324761,7.570525,4.995035,3.463999,3.153835,3.554672,0.810651,4.622616,0.687230,0.018815,0.000354,0.687488,0.716270,0.632940,0.083330,-0.529413,-0.506299,0.015953,118.159865,-322.995447,171.109155,13.154369,7.234844,5.573497,5.887253,4.362993,7.221985,0.801740,4.609749,1.014654,0.007612,0.000058,1.014683,1.035100,0.989040,0.046060,-0.298167,0.299106,0.006013,257.395414,-743.408889,252.642820,11.552137,7.809536,3.409845,2.094872,1.723060,2.416680,0.782248,4.589753,1.342768,0.011632,0.000135,1.342819,1.370253,1.306981,0.063273,-0.267986,-0.356925,0.009664,450.790489,-487.336247,334.344763,13.342075,7.290388,3.422732,3.464811,2.641692,4.321314,0.815185,4.611574,3.000000
-4.723513,0.064501,0.004160,4.723954,-4.492100,-4.866100,0.374000,0.539662,0.936970,0.050658,5578.934337,-35.847885,1176.120900,8.431876,6.490180,32.540482,30.142300,15.768836,8.916234,0.698598,4.496447,-1.904399,0.081078,0.006574,1.906124,-1.657100,-2.144400,0.487300,0.028187,0.318726,0.062426,908.327108,-22.917943,474.175300,7.035846,6.754833,51.816284,19.292593,12.008714,8.259655,0.626673,4.329124,8.602734,0.025884,0.000670,8.602773,8.682900,8.532500,0.150400,0.167071,0.139708,0.020525,18501.925563,-149.722092,2142.086650,10.649002,7.235228,10.284518,9.726656,9.189070,5.656046,0.791451,4.592914,9.997804,0.025633,0.000657,9.997837,10.058435,9.897751,0.160685,-0.330968,0.570855,0.019891,24989.187009,-141.729729,2489.438729,11.732675,6.161474,5.932179,12.173420,11.666568,7.273212,0.779182,4.613465,0.044709,1.461826,2.136936,1.462510,3.442100,-2.893800,6.335900,0.247693,-0.617172,1.176712,534.733665,2.723519,292.660662,6.422244,7.458799,735.618314,147.285446,114.948681,112.888301,0.578929,4.012680,0.179408,0.915511,0.838160,0.932924,2.212100,-2.929100,5.141200,-0.173516,0.093814,0.734504,217.586778,2.473048,183.044090,6.466616,5.756715,534.771095,317.642948,149.066216,59.399531,0.544414,4.268602,-0.237133,2.566805,6.588490,2.577736,4.914700,-5.176500,10.091200,-0.156579,-0.698494,2.070359,1661.180405,2.193106,513.318003,3.430192,5.497509,1221.011837,118.549676,79.756215,52.887697,0.306070,3.304085,2.595940,1.707367,2.915101,3.107089,6.459267,0.221432,6.237835,0.505870,-0.972784,1.471668,2413.500848,2.775985,647.248714,4.614391,6.239777,991.862265,119.769905,107.750248,87.294973,0.387664,3.711591,-0.545756,0.015440,0.000238,0.545974,-0.515530,-0.592130,0.076600,-0.261595,-0.405352,0.012695,74.521882,-364.641715,135.902660,10.214622,7.827534,6.654024,3.543234,3.407290,3.110634,0.714112,4.447340,0.688001,0.019882,0.000395,0.688288,0.716270,0.621030,0.095240,-0.775620,0.232118,0.016079,118.435005,-281.947721,171.316595,12.973649,7.001511,5.723436,6.490121,7.100094,6.816644,0.804793,4.645973,1.015529,0.009690,0.000094,1.015576,1.039500,0.989040,0.050460,-0.019875,-0.508802,0.007985,257.848423,-647.061669,252.870280,10.350086,8.076272,4.679511,1.846900,1.881440,2.253978,0.735169,4.476607,1.342790,0.011700,0.000137,1.342841,1.370253,1.306981,0.063273,-0.289546,-0.195870,0.009626,450.805309,-483.679842,334.363623,12.886805,7.122719,3.493474,3.758292,3.666476,4.114108,0.824848,4.644134,3.000000
-4.686838,0.062383,0.003892,4.687254,-4.468100,-4.853700,0.385600,0.482754,1.018778,0.047356,5492.586451,-37.045211,1166.970500,8.615808,6.467253,31.978277,29.357039,16.168831,9.616808,0.709614,4.522940,-1.907207,0.080685,0.006510,1.908913,-1.741200,-2.190500,0.449300,-0.765720,0.873709,0.062182,910.987353,-25.758356,474.835350,7.134896,6.778630,52.189616,22.088176,11.113829,9.331103,0.603430,4.341320,8.622126,0.024146,0.000583,8.622159,8.695700,8.532500,0.163200,-0.097965,0.553310,0.018776,18585.408223,-143.447935,2146.910100,10.750760,6.992876,10.053662,9.290277,8.876343,6.072387,0.771594,4.619340,9.997763,0.025853,0.000668,9.997796,10.064986,9.897751,0.167235,-0.161231,0.882313,0.019680,24988.982026,-135.284101,2489.407272,11.127861,6.011562,6.351104,13.379244,10.639502,7.547410,0.759684,4.589503,0.421634,1.614326,2.606047,1.668479,4.152400,-2.893800,7.046200,-0.068937,-0.945132,1.373942,695.955419,2.603865,351.872965,6.163798,7.372311,799.901884,157.987290,117.557757,126.809229,0.512915,3.922935,0.409399,1.042901,1.087643,1.120380,3.112100,-2.929100,6.041200,-0.262993,-0.049245,0.851771,313.812632,2.379898,227.414821,6.703618,6.041222,605.862254,353.759386,176.709959,73.401110,0.551257,4.287763,-0.948479,2.861060,8.185662,3.014179,3.921800,-6.744900,10.666700,0.071864,-1.100389,2.464026,2271.318579,2.166405,638.823347,4.053883,6.073341,1378.534643,166.801949,94.171958,112.717611,0.372572,3.470150,3.167532,1.758148,3.091086,3.622754,7.935347,0.237920,7.697427,0.316706,-0.484754,1.460500,3281.086631,2.436504,788.849406,5.030350,6.521402,913.687206,149.544352,98.151544,88.781400,0.433262,3.752323,-0.544273,0.017116,0.000293,0.544543,-0.509320,-0.592130,0.082810,-0.187915,-0.421402,0.014094,74.131637,-320.998374,135.517635,9.529979,7.772710,8.515249,3.781363,3.425720,3.806092,0.738917,4.463240,0.688167,0.019994,0.000400,0.688457,0.724210,0.617060,0.107150,-0.746673,0.436979,0.016288,118.493413,-241.563411,171.366165,12.921114,6.750543,5.685215,6.197656,7.271965,7.364562,0.792426,4.622947,1.016532,0.010636,0.000113,1.016588,1.043900,0.986840,0.057060,0.146579,-0.531226,0.008824,258.362629,-553.443149,253.124210,9.854728,7.901055,5.328488,2.335257,2.321005,2.250129,0.736467,4.484907,1.343060,0.011833,0.000140,1.343112,1.367641,1.308180,0.059461,-0.384932,-0.012023,0.009582,450.987679,-515.891540,334.431644,12.718481,6.937960,3.657665,3.813812,4.026584,4.279292,0.805992,4.634124,3.000000
-4.679578,0.070009,0.004901,4.680102,-4.395200,-4.889900,0.494700,0.180860,1.388577,0.052919,5475.838809,-25.590621,1165.233950,9.427693,7.190268,36.747410,30.135989,18.100097,12.172750,0.756620,4.580194,-1.899025,0.096670,0.009345,1.901484,-1.666800,-2.190500,0.523700,-0.462982,0.418970,0.074616,903.910472,-19.102164,472.833650,6.958722,7.194075,63.696414,20.309837,8.982622,8.937317,0.607354,4.274900,8.630078,0.022492,0.000506,8.630108,8.697400,8.536200,0.161200,-0.213630,1.316350,0.017410,18619.689770,-150.330793,2148.883500,11.590688,7.320730,9.358752,8.600166,7.687995,5.935946,0.851415,4.681463,9.999855,0.025657,0.000658,9.999888,10.068676,9.916135,0.152541,-0.024388,0.610755,0.019599,24999.439052,-149.100875,2489.963510,11.557833,6.352217,6.320019,13.936050,9.731864,7.202709,0.818877,4.642320,0.433269,1.989648,3.958700,2.036277,5.558900,-2.922400,8.481300,0.391483,-0.483997,1.643783,1036.605562,2.368763,415.346471,5.465695,7.231458,997.736233,143.802352,109.322749,108.767797,0.431983,3.729015,0.457848,1.194858,1.427685,1.279574,3.966400,-2.090000,6.056400,0.320725,-0.498929,0.994980,409.327555,2.562483,256.361734,7.286997,6.859827,699.815258,298.097217,193.313700,127.201702,0.638337,4.329351,-0.925204,3.612907,13.053098,3.729491,4.613700,-8.739800,13.353500,-0.274310,-0.982912,3.105562,3477.275017,1.875174,783.728143,4.481439,6.412294,1803.817559,213.339311,155.147876,144.209467,0.415641,3.593930,3.798161,2.294953,5.266808,4.437661,10.545436,0.265328,10.280108,0.873878,0.631866,1.754572,4923.208134,2.007991,946.015501,4.804044,6.439030,1175.547639,188.202703,95.994179,96.563028,0.419419,3.696019,-0.548398,0.020846,0.000435,0.548794,-0.509320,-0.604550,0.095230,-0.152136,-0.581366,0.017044,75.293661,-262.018360,136.555960,9.000828,7.884869,9.488147,3.474375,3.343038,3.538219,0.642410,4.289539,0.687421,0.020270,0.000411,0.687720,0.724210,0.617060,0.107150,-0.692554,0.067734,0.016693,118.239554,-245.523484,171.151830,12.753822,6.942054,6.021582,7.018442,6.448381,7.873185,0.797885,4.634971,1.013962,0.012932,0.000167,1.014044,1.043900,0.984650,0.059250,-0.061531,-0.752456,0.010747,257.071422,-498.647444,252.478385,9.532456,7.911362,5.953971,2.356192,2.411354,2.394548,0.681904,4.384619,1.342485,0.012347,0.000152,1.342542,1.366608,1.306744,0.059865,-0.439643,-0.165445,0.009889,450.604636,-506.325517,334.274161,12.675849,7.035329,3.734589,4.306213,4.000520,4.568873,0.804703,4.638355,3.000000
-4.662545,0.070694,0.004998,4.663081,-4.395200,-4.889900,0.494700,-0.143241,0.786306,0.055483,5436.081360,-24.863403,1160.873100,10.011774,7.302534,30.927871,29.213042,16.985342,13.790865,0.765970,4.556817,-1.905640,0.109363,0.011960,1.908776,-1.581100,-2.204100,0.623000,0.172952,-0.011509,0.087098,910.856030,-12.858995,474.546950,7.334695,7.157739,65.160922,24.268456,12.132954,10.739384,0.646285,4.310981,8.637116,0.027617,0.000763,8.637161,8.732900,8.528400,0.204500,-0.358309,2.218802,0.020081,18650.135597,-110.572422,2150.659200,11.369426,6.762526,8.076710,14.434405,9.342379,7.143822,0.817887,4.639743,9.999368,0.030635,0.000938,9.999415,10.093957,9.908031,0.185926,-0.057113,0.540273,0.023458,24997.072987,-112.579329,2489.818239,11.570188,6.296932,6.552554,16.417380,10.222387,9.003018,0.787132,4.587527,0.001040,2.144536,4.599034,2.144536,5.558900,-3.607600,9.166500,0.492774,-0.484594,1.788947,1149.758702,2.239088,445.609780,5.895004,7.103997,1020.985955,186.484321,146.746764,115.693183,0.497435,3.862845,0.278687,1.156395,1.337249,1.189502,3.966400,-1.830700,5.797100,0.545434,-0.250892,0.950123,353.728897,2.564192,235.721261,7.820895,6.750788,529.435072,301.809864,205.260409,120.955760,0.634117,4.292988,-0.199104,3.795329,14.404522,3.800548,5.289800,-8.739800,14.029600,-0.377258,-0.882240,3.273053,3611.041087,1.801951,814.859634,4.269447,6.619018,1454.381492,107.651620,111.822242,115.412815,0.347814,3.197868,3.955788,2.193139,4.809858,4.523065,10.545436,0.249604,10.295832,0.810456,0.721384,1.719555,5114.528686,1.987928,985.314186,4.593203,6.217433,1280.604498,176.488951,95.811703,80.331188,0.394411,3.731876,-0.545706,0.020763,0.000431,0.546101,-0.505180,-0.604550,0.099370,-0.392256,-0.473116,0.017153,74.556515,-251.498626,135.847805,9.423529,8.080183,8.591038,3.538947,2.638393,3.583377,0.704016,4.317992,0.688643,0.019322,0.000373,0.688914,0.718250,0.626980,0.091270,-0.746985,0.110047,0.015989,118.650683,-296.424566,171.507020,12.719618,7.064397,5.556774,7.132007,5.785131,7.470486,0.804357,4.641381,1.015064,0.012828,0.000165,1.015145,1.039500,0.984650,0.054850,-0.272670,-0.818053,0.010743,257.629892,-551.027076,252.761605,9.362900,7.908012,5.182034,2.269838,1.730015,2.195336,0.674978,4.294594,1.342836,0.011787,0.000139,1.342888,1.365949,1.306744,0.059205,-0.376186,-0.321801,0.009626,450.837090,-522.132352,334.378008,12.607345,7.123315,3.424240,4.257130,3.469701,4.283725,0.818607,4.633546,3.000000
-4.642732,0.056935,0.003242,4.643081,-4.503800,-4.805200,0.301400,-0.108838,-0.363319,0.046966,5389.551425,-48.488805,1156.052700,8.227281,6.055819,28.530894,28.093393,12.874073,8.449529,0.674772,4.475059,-1.904356,0.098447,0.009692,1.906899,-1.581100,-2.204100,0.623000,0.264210,0.270243,0.077416,909.066289,-14.439803,474.221800,6.817457,6.557137,61.233782,25.891622,11.149722,10.193962,0.588772,4.278161,8.647440,0.025837,0.000668,8.647479,8.732900,8.528400,0.204500,-0.873935,3.493805,0.019344,18694.721520,-115.037102,2153.213850,10.703322,6.419665,8.180301,13.774412,8.835616,6.731410,0.790909,4.613448,9.998628,0.028309,0.000801,9.998668,10.093957,9.908031,0.185926,0.000526,1.043935,0.021282,24993.339234,-116.576771,2489.672638,11.284624,5.878452,5.842259,17.034520,9.741019,8.485590,0.774789,4.597129,-0.110732,1.747848,3.054974,1.751353,3.654000,-3.607600,7.261600,0.067645,-1.026210,1.505007,766.808985,2.602994,376.535013,5.550380,6.807662,911.341740,171.945419,121.544753,96.831574,0.493274,3.879959,0.244454,0.880996,0.776153,0.914282,2.318800,-1.449300,3.768100,0.173403,-0.821895,0.735464,208.977765,3.268093,186.545208,6.789722,6.165067,488.288614,250.047776,155.617829,80.179435,0.581392,4.273396,0.020249,3.042268,9.255392,3.042335,5.289800,-5.537500,10.827300,0.047190,-1.272127,2.693641,2313.950525,2.160124,671.058443,3.275928,5.331922,1439.432269,136.407997,87.943759,61.112951,0.282802,3.251886,3.250742,1.609854,2.591629,3.627527,6.353977,0.056008,6.297969,0.054375,-1.022951,1.370334,3289.737274,2.855070,810.093253,5.048720,6.129396,949.504225,158.611273,100.920319,74.497297,0.445565,3.856627,-0.539999,0.014389,0.000207,0.540191,-0.505180,-0.579710,0.074530,-0.015090,-0.320845,0.011697,72.951609,-381.459587,134.447065,10.010141,7.916920,7.155443,3.347432,2.794444,3.187666,0.759986,4.503957,0.690262,0.017835,0.000318,0.690492,0.718250,0.626980,0.091270,-0.621727,0.137921,0.014958,119.194916,-300.624576,171.870055,12.628844,6.962376,4.847226,6.038765,5.680788,6.330362,0.775470,4.588512,1.019449,0.008952,0.000080,1.019489,1.039500,0.993420,0.046080,-0.068316,-0.449624,0.007412,259.839264,-712.898769,253.851380,9.821850,7.637086,4.256648,2.306189,1.995299,1.822357,0.714617,4.465352,1.344551,0.011193,0.000125,1.344598,1.368385,1.308409,0.059976,-0.305564,-0.193703,0.009272,451.985789,-519.332444,334.791901,12.542393,7.069499,2.951908,4.085556,3.321844,3.774664,0.786603,4.589324,3.000000
-4.635436,0.053825,0.002897,4.635749,-4.479600,-4.817300,0.337700,0.137965,0.163383,0.042440,5372.541944,-44.451859,1154.252700,9.351314,6.875794,28.685092,22.853860,14.525612,10.230320,0.787931,4.594546,-1.893172,0.088704,0.007868,1.895249,-1.715300,-2.155100,0.439800,-0.436806,-0.474687,0.072964,897.992523,-23.735867,471.310000,7.007022,7.010455,61.382700,16.738946,10.436571,11.402684,0.610192,4.303897,8.654178,0.019865,0.000395,8.654201,8.705900,8.588900,0.117000,-0.326667,0.284922,0.015902,18723.799603,-213.013380,2154.908900,10.801861,7.018288,8.820576,7.931132,5.960772,6.483528,0.809453,4.639895,9.998842,0.022400,0.000502,9.998867,10.070595,9.928042,0.142553,0.108279,0.560819,0.017526,24994.334070,-167.987373,2489.723382,12.315354,6.192346,5.021420,9.890021,8.617359,8.741072,0.810905,4.630319,-0.149497,1.737540,3.019045,1.743960,3.609000,-4.340100,7.949100,-0.101476,-0.410746,1.394507,760.348690,2.416405,349.898127,5.578011,7.021848,983.672528,141.851437,118.660149,132.496274,0.467316,3.902217,0.205584,0.924296,0.854323,0.946883,5.507200,-1.861200,7.368400,0.715267,3.178815,0.734017,224.146935,1.765809,186.010669,7.084175,6.293008,557.378919,292.867723,178.180204,105.159005,0.616096,4.360429,0.149949,3.006906,9.041484,3.010643,6.753900,-5.512300,12.266200,0.004458,-0.830608,2.525979,2265.992252,1.959325,633.061281,3.850599,5.860037,1640.098532,171.093592,107.263122,98.931812,0.350521,3.522583,3.081332,1.872791,3.507346,3.605822,7.897583,0.056008,7.841575,0.554202,-0.558219,1.551470,3250.487876,2.461704,767.148666,5.164953,6.241848,1180.251849,196.790027,149.462652,112.694743,0.474128,3.951997,-0.538426,0.016447,0.000270,0.538677,-0.496890,-0.579710,0.082820,0.092127,-0.671433,0.013752,72.543349,-326.433683,134.080700,9.763254,7.857249,8.372369,3.699870,3.617089,3.392134,0.773222,4.512226,0.689690,0.018389,0.000338,0.689936,0.718250,0.621030,0.097220,-0.747350,0.404243,0.015119,119.002766,-277.846435,171.743045,12.576751,6.734761,4.722130,6.721048,6.571673,6.261700,0.801566,4.622419,1.020494,0.009705,0.000094,1.020540,1.048200,0.993420,0.054780,0.042942,-0.442459,0.008087,260.375386,-593.786522,254.098170,9.987583,7.888944,4.662488,2.492973,2.135283,1.783205,0.744249,4.492310,1.344455,0.011301,0.000128,1.344502,1.368385,1.307266,0.061119,-0.445830,0.118945,0.009229,451.921501,-507.190883,334.775612,12.195134,7.052688,3.393152,4.067990,3.713461,3.441595,0.815422,4.618326,3.000000
-4.622267,0.058870,0.003466,4.622642,-4.443300,-4.817300,0.374000,0.123182,0.809364,0.045258,5342.204951,-37.765702,1150.978700,9.155588,6.990443,31.269818,22.993604,15.802733,10.489513,0.776183,4.567452,-1.898041,0.099810,0.009962,1.900663,-1.630100,-2.177600,0.547500,-0.062879,-0.001589,0.080000,903.130239,-16.859129,472.619200,6.700174,6.996909,63.516738,18.266969,8.917330,11.553484,0.608156,4.242237,8.660144,0.020847,0.000435,8.660169,8.720400,8.588900,0.131500,-0.426265,0.892720,0.015773,18749.632173,-187.435315,2156.378650,10.491732,6.942132,8.847464,9.927170,5.384303,6.561046,0.788191,4.624735,9.998965,0.023839,0.000568,9.998993,10.070595,9.928042,0.142553,0.138166,0.314187,0.018892,24994.967362,-163.170802,2489.762438,12.444781,6.255024,5.028039,10.498038,9.766760,8.983265,0.804811,4.640790,0.208084,2.046669,4.188853,2.057219,5.185400,-4.340100,9.525500,0.297048,-0.037784,1.548220,1058.037924,2.109037,381.605452,5.782984,7.253353,910.955199,127.752348,106.093201,148.594007,0.480360,3.745561,0.371565,1.121100,1.256866,1.181070,5.507200,-2.929100,8.436300,0.626920,1.529040,0.844065,348.731617,1.782288,219.679631,6.671316,6.170022,645.388848,300.740485,179.349790,106.187546,0.583868,4.276131,-0.518251,3.579757,12.814662,3.617077,6.753900,-9.175600,15.929500,-0.402542,-0.183371,2.766645,3270.811425,1.621051,681.192812,3.208088,5.431009,1500.604560,99.365920,88.012609,67.142235,0.270684,3.077677,3.345797,2.741526,7.515967,4.325543,11.005383,0.149604,10.855780,0.892373,-0.035560,2.277519,4677.580966,1.919087,835.952841,4.218376,5.765037,1528.724496,194.301047,152.783891,107.273610,0.372740,3.655344,-0.537027,0.019816,0.000393,0.537392,-0.486540,-0.583850,0.097310,0.284518,-0.464443,0.016187,72.197647,-260.343403,133.723605,9.471781,7.987436,7.820883,3.371153,2.920453,3.384055,0.675330,4.280433,0.689223,0.018669,0.000349,0.689475,0.716270,0.621030,0.095240,-0.748981,0.274820,0.015302,118.844080,-286.094538,171.621125,12.663746,6.826175,5.210689,6.538088,7.370189,6.254029,0.814288,4.638367,1.019986,0.011634,0.000135,1.020052,1.052600,0.989040,0.063560,0.267162,-0.239750,0.009459,260.126696,-486.799075,253.976800,10.478699,8.239449,4.791282,2.004331,1.925839,2.236260,0.725558,4.406553,1.343335,0.011183,0.000125,1.343381,1.365685,1.307266,0.058420,-0.520166,0.255001,0.009011,451.168423,-536.468020,334.494833,12.512839,6.978457,3.443991,3.877196,4.251874,3.807438,0.809225,4.644783,3.000000
-4.610098,0.053393,0.002851,4.610407,-4.443300,-4.817000,0.373700,-0.088890,1.318539,0.040164,5313.962664,-40.346098,1147.936200,8.473100,6.519670,28.218512,23.820687,13.674125,7.903812,0.712126,4.509532,-1.894459,0.079193,0.006271,1.896114,-1.630100,-2.177600,0.547500,0.252572,2.175657,0.055890,898.811787,-22.129968,471.638200,6.816700,6.615650,48.821631,20.293437,10.095330,9.569044,0.609750,4.297984,8.667229,0.020004,0.000400,8.667252,8.741400,8.600200,0.141200,0.047749,1.132144,0.015220,18780.313809,-186.035094,2158.160150,10.929634,6.905678,8.130110,9.122171,6.725776,5.834681,0.816935,4.662541,9.998593,0.022242,0.000495,9.998618,10.069877,9.931576,0.138301,0.127360,0.121594,0.017809,24993.088260,-172.390562,2489.660932,12.429633,6.368313,4.466489,10.375860,9.087036,7.948979,0.823959,4.645182,0.411397,1.421379,2.020318,1.479718,5.185400,-2.258300,7.443700,1.713437,2.950681,0.916729,547.391311,1.791974,207.562849,5.763030,7.261082,702.430513,106.252011,96.578116,109.634285,0.481559,3.790683,0.432952,0.884975,0.783181,0.985205,3.417200,-2.929100,6.346300,0.771993,2.310518,0.602719,242.657113,1.823879,165.919331,6.280996,6.003258,541.001999,224.183679,141.965384,65.548884,0.545695,4.226282,-0.870456,2.556006,6.533166,2.700159,3.965500,-9.175600,13.141100,-1.669050,2.873703,1.618039,1822.714613,1.336057,367.551381,3.045932,5.297165,1244.884515,71.545961,73.994382,59.732382,0.265338,3.145216,1.924707,2.597413,6.746556,3.232809,11.005383,0.098206,10.907178,2.126172,3.583315,1.855913,2612.763036,1.212361,480.133753,3.405300,5.391095,1395.182680,127.859138,86.907071,77.313295,0.307510,3.416461,-0.537639,0.016660,0.000278,0.537897,-0.486540,-0.583850,0.097310,0.423524,0.939222,0.012426,72.333310,-286.612130,133.899400,9.195846,7.838417,8.362367,3.200635,3.029358,3.513235,0.702697,4.395634,0.689493,0.019071,0.000364,0.689756,0.718250,0.632940,0.085310,-0.653208,-0.159565,0.015818,118.940924,-318.581311,171.692580,12.937713,6.900916,5.378371,6.244517,6.062631,7.649566,0.809227,4.636608,1.019261,0.009651,0.000093,1.019306,1.052600,0.989040,0.063560,0.389587,1.244746,0.007168,259.746412,-517.432845,253.788840,10.569558,8.112037,4.663585,1.794383,2.130947,2.343700,0.736828,4.495807,1.343115,0.011218,0.000126,1.343161,1.369818,1.311420,0.058398,-0.363176,-0.153009,0.009037,451.020647,-530.108613,334.445445,12.850177,6.981832,3.365108,3.612633,3.791648,4.436052,0.823392,4.649487,3.000000
-4.603202,0.055113,0.003037,4.603532,-4.165600,-4.768300,0.602700,1.867001,15.101310,0.037793,5298.126514,-25.912231,1146.206550,9.548778,6.151255,21.952982,32.401973,15.227378,8.965341,0.747332,4.566205,-1.883364,0.039823,0.001586,1.883785,-1.684000,-1.982700,0.298700,0.360699,1.540187,0.031480,887.161832,-62.967588,468.968650,9.767579,6.737721,20.047625,16.520382,10.523413,8.695864,0.766113,4.581237,8.672343,0.019851,0.000394,8.672366,8.741400,8.621600,0.119800,0.446386,1.412157,0.014930,18802.482663,-217.280549,2159.410550,11.481976,6.795933,7.431018,7.366693,9.098747,5.191945,0.826673,4.666066,9.997522,0.025388,0.000645,9.997554,10.103078,9.824625,0.278454,-0.683552,9.009296,0.017896,24987.771009,-82.969125,2489.386875,11.868274,6.646125,7.301064,12.864487,8.337221,7.633140,0.821404,4.660769,0.090245,0.300032,0.090019,0.313310,1.039700,-0.960980,2.000680,-0.006063,0.747497,0.228536,24.540804,1.006586,60.653566,10.599816,7.154033,143.104376,125.258756,75.278188,86.168275,0.821562,4.643460,0.334950,0.551699,0.304372,0.645417,4.454600,-1.098400,5.553000,2.395808,14.369014,0.360785,104.140736,1.283232,110.816070,8.229328,5.746865,282.023770,294.101735,144.435631,70.251726,0.685686,4.503366,-0.341827,0.342032,0.116986,0.483561,1.037900,-1.355500,2.393400,0.470226,1.806646,0.260212,58.457816,1.242057,99.205620,7.531972,6.799263,232.597295,90.499585,58.564936,40.663169,0.654094,4.408406,0.728992,0.465970,0.217128,0.865192,4.661816,0.021677,4.640139,3.699894,23.522187,0.286796,187.139356,0.842461,181.628622,7.881385,6.260145,287.900959,188.320433,112.283266,74.094566,0.679635,4.503584,-0.535345,0.009169,0.000084,0.535423,-0.517600,-0.569360,0.051760,-0.581316,0.096752,0.007532,71.669476,-648.518817,133.292675,12.926752,7.021365,2.581200,3.267968,2.830502,3.909172,0.838592,4.671289,0.690857,0.019834,0.000393,0.691142,0.720240,0.619050,0.101190,-0.830189,0.370712,0.016115,119.419331,-260.055969,172.018915,12.546856,6.931020,5.874633,7.674465,5.783106,7.315807,0.825244,4.643272,1.020212,0.006349,0.000040,1.020232,1.035100,0.997810,0.037290,-0.171039,-0.156393,0.005166,260.218229,-993.521244,254.026710,12.220448,6.969861,2.223503,1.956811,2.140377,2.508838,0.795641,4.620029,1.343535,0.011945,0.000143,1.343588,1.369818,1.304575,0.065243,-0.291831,-0.262077,0.009821,451.307036,-462.269930,334.529950,12.229666,6.989485,4.056687,4.226702,3.655200,4.441003,0.829536,4.647627,3.000000
-4.596644,0.053369,0.002848,4.596954,-4.165600,-4.768300,0.602700,1.836500,16.271929,0.036980,5282.996067,-26.360240,1144.513100,9.748288,6.332572,20.188789,30.230651,12.327056,8.511019,0.727816,4.527474,-1.878608,0.040397,0.001632,1.879042,-1.684000,-2.006900,0.322900,0.321620,1.543939,0.031341,882.699607,-55.908329,467.773450,9.501145,6.880482,21.915172,14.923450,10.324072,7.781408,0.769630,4.568938,8.677736,0.017666,0.000312,8.677754,8.739900,8.623600,0.116300,0.244529,1.170582,0.013583,18825.855278,-225.433900,2160.726950,11.122510,6.958037,6.650523,7.356417,7.146953,4.081535,0.817017,4.644108,9.998280,0.024651,0.000608,9.998310,10.103078,9.824625,0.278454,-0.820273,10.329783,0.017310,24991.550951,-84.095156,2489.522609,11.628626,6.845937,7.295138,13.408805,6.113195,6.503997,0.834598,4.642285,0.127325,0.272463,0.074236,0.300746,1.039700,-0.960980,2.000680,-0.103379,1.427035,0.208165,22.611968,0.635937,57.642658,10.768653,7.261199,136.179799,103.671639,74.126945,79.992023,0.844704,4.664496,0.348741,0.517610,0.267921,0.624132,4.454600,-1.098400,5.553000,2.762120,18.444757,0.334359,97.385232,1.096616,107.513301,8.203371,5.815535,260.797708,274.643561,123.157411,59.998494,0.663140,4.470345,-0.357927,0.281901,0.079468,0.455610,1.037900,-1.355500,2.393400,0.975024,6.014426,0.189571,51.895097,0.001143,98.461498,7.926721,6.830653,197.333465,89.930547,51.670280,35.094383,0.690978,4.483700,0.698404,0.446991,0.199801,0.829198,4.661816,0.021677,4.640139,4.154379,28.850799,0.261700,171.892297,0.603649,173.724729,7.778250,6.263299,273.070478,185.518454,99.263130,62.497037,0.667949,4.474421,-0.533871,0.009615,0.000092,0.533957,-0.515530,-0.569360,0.053830,-0.737800,0.651061,0.007603,71.277597,-620.611879,132.931450,13.070502,6.953457,2.832561,2.868964,3.575105,4.028210,0.862670,4.689532,0.691016,0.019794,0.000392,0.691299,0.720240,0.617060,0.103180,-0.897317,0.850026,0.015882,119.473740,-257.960362,172.061550,12.861620,7.049888,5.897063,7.072175,6.131777,7.721306,0.843695,4.660701,1.020669,0.006448,0.000042,1.020689,1.035100,1.004400,0.030700,-0.295157,-0.531840,0.005328,260.451594,-1211.526139,254.152950,12.264132,7.175964,2.485326,2.134176,2.168827,2.537374,0.866951,4.698495,1.343379,0.012018,0.000144,1.343433,1.369414,1.301105,0.068309,-0.435476,0.118198,0.009803,451.202931,-444.361364,334.504675,12.608892,7.185218,3.974204,4.209873,3.451694,4.640047,0.840178,4.660218,3.000000
-4.590722,0.077212,0.005962,4.591371,-3.839800,-5.347600,1.507800,-0.214405,70.269126,0.034227,5270.172528,-7.510903,1143.098750,15.998164,6.286168,7.277485,20.791168,21.079851,37.335620,0.778162,4.631502,-1.871190,0.040372,0.001630,1.871625,-1.649500,-2.045400,0.395900,-0.022705,5.616335,0.028312,875.745488,-48.015189,465.925500,11.607926,7.220277,18.404896,12.079575,9.647144,17.380361,0.821655,4.643391,8.682179,0.017882,0.000320,8.682197,8.794700,8.610900,0.183800,0.621807,7.158112,0.012489,18845.137117,-149.041913,2161.851700,13.118530,6.865967,4.191513,7.795894,4.919313,7.646129,0.835556,4.662541,9.998168,0.029187,0.000852,9.998211,10.273151,9.811956,0.461195,2.391102,36.142387,0.017634,24991.055133,-48.418935,2489.538761,14.661150,6.798120,4.949867,10.273160,8.877820,11.216296,0.835096,4.675861,0.125649,0.778528,0.606106,0.788603,7.986300,-6.362600,14.348900,0.553758,67.217324,0.271579,155.473526,0.379809,74.485254,16.738649,6.648016,123.960908,98.207174,141.797205,374.448523,0.741304,4.571339,0.363936,0.454525,0.206593,0.582274,4.546100,-2.181500,6.727600,2.604825,30.949989,0.287117,84.760619,0.723972,103.539248,11.780905,5.961699,118.354591,187.018722,236.038936,156.953397,0.843006,4.665653,-0.375855,0.688347,0.473821,0.784276,7.061900,-7.809100,14.871000,0.000374,105.962074,0.182831,153.772069,0.763939,109.448018,16.014002,6.146786,79.630420,128.487551,245.138851,358.497913,0.802222,4.662934,0.756718,1.001700,1.003402,1.255398,11.185572,0.102735,11.082837,8.440001,77.015787,0.327853,394.006214,0.301628,188.331008,7.271374,5.899316,677.945961,441.182443,236.569063,112.324086,0.693376,4.512939,-0.532355,0.009453,0.000089,0.532439,-0.515530,-0.561080,0.045550,-0.687287,0.344445,0.007648,70.872895,-737.984129,132.568135,12.807432,6.950542,2.786922,2.950456,3.588025,3.497132,0.828772,4.656589,0.691778,0.019445,0.000378,0.692051,0.726190,0.617060,0.109130,-0.710368,0.365820,0.016027,119.733644,-243.762846,172.253960,12.720866,7.038971,5.927265,6.554682,6.763094,7.309580,0.814534,4.647747,1.021034,0.006330,0.000040,1.021054,1.037300,1.002200,0.035100,-0.326263,-0.089305,0.005138,260.637624,-1057.417084,254.243100,12.069917,7.362805,2.484251,1.980314,2.162924,1.972227,0.801437,4.643902,1.343440,0.012055,0.000145,1.343494,1.368165,1.301105,0.067060,-0.389708,0.023765,0.009769,451.244163,-453.865299,334.526211,12.574319,7.296884,4.103947,4.016989,3.762694,4.176830,0.848458,4.659464,3.000000
-4.599047,0.088354,0.007806,4.599896,-3.839800,-5.347600,1.507800,-0.102813,41.229724,0.044281,5289.760400,-6.866136,1145.119600,14.748102,7.037028,18.410233,28.504711,21.658000,38.986074,0.854630,4.685520,-1.867881,0.048405,0.002343,1.868508,-1.649500,-2.092300,0.442800,-0.453559,4.015264,0.034073,872.830426,-37.694800,465.097200,12.151012,7.384146,20.122010,14.031322,11.836236,19.597035,0.786157,4.633233,8.678508,0.029401,0.000864,8.678557,8.810000,8.506500,0.303500,-0.791282,6.858448,0.019259,18829.339643,-72.579817,2160.956200,12.476886,7.333244,10.929778,9.405520,9.601023,11.640454,0.871437,4.704863,9.998321,0.036072,0.001301,9.998386,10.273151,9.811956,0.461195,1.255367,16.993163,0.022346,24991.930469,-43.503363,2489.568262,14.213920,6.785675,7.283349,12.419001,11.491040,15.934074,0.853531,4.689804,0.124827,0.958844,0.919382,0.966935,7.986300,-6.362600,14.348900,0.171815,30.209163,0.442459,233.740898,0.644315,116.982245,14.913097,7.642047,295.195035,155.995291,189.003528,399.278726,0.776076,4.617039,0.393653,0.814759,0.663833,0.904873,4.546100,-4.836000,9.382100,-0.398332,10.957144,0.504639,204.698931,1.091034,156.239463,9.543983,6.811883,466.199947,270.133650,262.600740,198.397186,0.746887,4.586771,-0.395047,0.819434,0.671472,0.909689,7.061900,-7.809100,14.871000,0.020822,52.920515,0.353645,206.883440,0.806238,132.478564,14.248325,7.363097,239.091239,171.548750,260.931524,364.589697,0.856655,4.692387,1.088006,1.182174,1.397536,1.606640,11.185572,0.215046,10.970526,5.286355,35.431895,0.615431,645.323269,0.717669,271.232897,8.531354,6.895506,733.701948,490.060179,267.610850,193.583122,0.779513,4.586120,-0.533159,0.009296,0.000086,0.533240,-0.515530,-0.569360,0.053830,-0.660262,0.429797,0.007421,71.086137,-624.888128,132.760675,12.500232,7.353179,3.162428,2.906580,3.283651,3.004114,0.847473,4.658934,0.692357,0.018977,0.000360,0.692617,0.726190,0.630950,0.095240,-0.646817,-0.012858,0.015664,119.929652,-282.784774,172.398825,12.581199,6.910669,5.719314,6.351609,6.733034,6.632528,0.826464,4.645554,1.020471,0.006232,0.000039,1.020490,1.037300,1.002200,0.035100,0.022546,-0.155204,0.004988,260.350078,-1069.660165,254.098100,12.131181,7.384155,2.310701,2.162675,1.879149,2.046452,0.828231,4.658940,1.343623,0.011862,0.000141,1.343675,1.368165,1.306841,0.061325,-0.245050,-0.338495,0.009659,451.365868,-495.457947,334.565447,12.222400,7.182539,3.948572,3.974165,3.604460,3.919453,0.784982,4.614550,3.000000
-4.608621,0.064979,0.004222,4.609079,-4.310900,-4.925200,0.614300,-0.379093,3.504210,0.047616,5310.901988,-21.714530,1147.567400,11.210244,7.520589,28.535483,27.792220,15.241832,17.310787,0.831623,4.646676,-1.864674,0.050137,0.002514,1.865348,-1.750900,-2.092300,0.341400,-0.783576,1.775240,0.038740,869.880723,-48.288117,464.302450,10.676867,7.594658,25.229624,18.488822,10.563555,13.037219,0.819005,4.630876,8.675358,0.030843,0.000951,8.675412,8.810000,8.506500,0.303500,-0.874337,4.503449,0.022597,18815.695190,-69.897603,2160.152400,11.564938,7.398849,13.760908,9.431058,10.498146,9.945797,0.849001,4.674538,9.999251,0.029957,0.000897,9.999296,10.145071,9.844134,0.300937,0.018341,4.599464,0.021513,24996.477901,-70.875396,2489.812898,12.711750,6.634226,7.593067,12.415576,10.820859,12.806957,0.819255,4.666129,0.167072,0.618014,0.381941,0.640198,2.996600,-4.134100,7.130700,-0.651529,12.874174,0.374803,102.463459,1.128179,103.372747,12.181004,7.794458,296.097475,159.221236,151.850077,229.647528,0.864729,4.690093,0.322746,1.159645,1.344776,1.203720,5.232600,-4.836000,10.068600,0.334994,4.553428,0.763083,362.235406,1.460545,204.073632,7.503212,6.616670,730.688511,316.933752,189.503052,142.716013,0.631454,4.353923,-0.422724,0.503529,0.253541,0.657447,2.738500,-3.135400,5.873900,-0.064029,8.865605,0.345384,108.059113,1.153371,124.589846,10.690194,7.818186,271.317376,140.835834,121.521239,129.531698,0.819385,4.623908,1.195245,0.928666,0.862421,1.513616,6.495940,0.092470,6.403470,2.414453,7.496408,0.644776,572.757979,1.596325,298.083042,9.255324,7.460350,535.860510,283.841087,164.967415,178.190809,0.772875,4.543249,-0.534028,0.009348,0.000087,0.534110,-0.515530,-0.569360,0.053830,-0.592789,0.356985,0.007322,71.318355,-619.527638,132.970800,12.038828,7.199567,3.216683,3.208719,3.321557,3.081870,0.819316,4.637650,0.693104,0.018473,0.000341,0.693350,0.724210,0.636900,0.087310,-0.631229,-0.043003,0.015347,120.183438,-313.584500,172.590365,12.633962,6.838384,5.246338,6.322336,5.431040,7.352265,0.763845,4.594895,1.019647,0.005929,0.000035,1.019664,1.035100,1.006600,0.028500,-0.086552,-0.307296,0.004639,259.928891,-1345.354779,253.897550,12.824939,7.252431,1.836610,1.854478,1.599677,2.297007,0.800895,4.610013,1.343724,0.011337,0.000129,1.343772,1.366307,1.315813,0.050493,-0.248868,-0.537361,0.009319,451.430684,-613.931990,334.594498,12.526018,7.113893,3.612048,3.550207,3.079884,4.525199,0.807066,4.617161,3.000000
-4.595279,0.052888,0.002797,4.595584,-4.454900,-4.781300,0.326400,-0.702474,1.404917,0.039810,5279.847012,-47.674684,1144.225900,8.787524,6.397413,26.297390,26.525762,13.469857,7.950150,0.725544,4.532634,-1.855099,0.041658,0.001735,1.855567,-1.750500,-2.055500,0.305000,-0.689304,1.667682,0.032472,860.782103,-59.177846,461.920800,8.988699,6.761946,22.572493,18.045280,8.073003,7.022414,0.723766,4.517744,8.684162,0.022730,0.000517,8.684191,8.739100,8.578700,0.160400,-0.913637,1.806145,0.017250,18853.794840,-153.911494,2162.359500,9.959872,7.165736,11.367134,8.577153,6.733659,4.828579,0.780178,4.593699,9.998861,0.021566,0.000465,9.998885,10.080341,9.948473,0.131869,0.194443,0.163771,0.016868,24994.423954,-182.958611,2489.720354,11.745553,6.348086,5.856866,9.791642,8.889987,6.356532,0.808763,4.630313,0.140707,0.286210,0.081916,0.318927,0.922000,-0.989110,1.911110,-0.500413,0.929290,0.220320,25.428632,0.823589,63.585624,10.551510,7.328304,150.840289,104.556137,78.256501,78.045253,0.811206,4.647147,0.311092,0.964668,0.930585,1.013589,5.232600,-3.417200,8.649800,1.033014,7.547398,0.584366,256.840735,1.336691,160.793807,5.951922,5.394818,641.542440,288.379867,130.392942,49.169897,0.498530,4.198579,-0.426213,0.258741,0.066947,0.498603,0.297960,-1.317700,1.615660,-0.562393,0.616269,0.201485,62.151167,0.176911,107.881121,8.287787,7.110217,176.616308,68.259898,55.585292,40.215422,0.721876,4.509474,0.922861,0.725265,0.526009,1.173747,5.307991,0.092470,5.215521,3.231141,12.635352,0.438207,344.420534,1.260011,230.336993,6.457044,6.112301,508.840238,193.366425,99.748214,66.312305,0.585557,4.312137,-0.533084,0.009633,0.000093,0.533171,-0.511390,-0.567290,0.055900,-0.483776,0.115494,0.007832,71.067834,-586.974570,132.738910,12.620584,6.991974,2.683898,3.339604,3.315651,3.384425,0.840105,4.642759,0.694460,0.017935,0.000322,0.694692,0.724210,0.638890,0.085320,-0.572573,-0.135065,0.015080,120.649213,-322.968430,172.927590,12.383113,6.864369,5.304429,6.101886,4.683990,6.833256,0.795633,4.596409,1.019553,0.005891,0.000035,1.019570,1.035100,1.000000,0.035100,-0.376571,0.258707,0.004647,259.880654,-1064.455056,253.863000,13.127374,6.959030,1.692636,2.006084,1.978668,2.423012,0.868471,4.694836,1.343975,0.010993,0.000121,1.344020,1.366307,1.310907,0.055399,-0.290514,-0.448572,0.009047,451.597701,-561.981687,334.649676,12.535401,7.056421,3.460641,3.553848,3.206923,4.168767,0.806309,4.624762,3.000000
-4.577984,0.037695,0.001421,4.578140,-4.479500,-4.672200,0.192700,0.150452,-0.175479,0.030333,5239.840521,-99.916997,1139.878350,9.953010,6.294945,12.171248,23.977922,9.652676,6.159512,0.764187,4.561880,-1.853136,0.034713,0.001205,1.853461,-1.750500,-1.944700,0.194200,0.033756,-0.082431,0.027786,858.829138,-100.631946,461.454500,9.286967,6.567244,17.980919,14.869456,8.180012,6.105514,0.766464,4.556604,8.693243,0.015669,0.000246,8.693257,8.739100,8.647400,0.091700,-0.067036,-0.095980,0.012497,18893.178972,-312.555397,2164.605450,11.999913,6.811866,4.305574,7.555422,5.382076,3.944175,0.797890,4.626850,9.998350,0.019550,0.000382,9.998370,10.043997,9.930241,0.113756,-0.214696,0.113199,0.015442,24991.848631,-222.717692,2489.565045,11.985838,6.581836,4.607283,11.005940,7.173964,4.432156,0.821515,4.652818,0.097743,0.261627,0.068449,0.279289,0.912240,-0.782760,1.695000,-0.265680,0.561445,0.203487,19.500587,0.266868,55.034709,10.392326,7.288785,139.866401,83.357720,75.598885,70.180329,0.827815,4.640321,0.347399,0.411084,0.168990,0.538216,1.693400,-0.808540,2.501940,0.257549,0.200236,0.324738,72.419150,2.127502,106.811749,8.530377,5.764010,188.704997,226.770966,110.651886,54.857607,0.689359,4.500059,-0.390528,0.207480,0.043048,0.442222,0.132960,-1.316500,1.449460,-0.742622,1.641896,0.159030,48.890016,-1.264195,98.166366,9.115975,7.458923,132.251710,63.819712,40.747495,41.965810,0.737143,4.555679,0.692481,0.289325,0.083709,0.750493,1.796274,0.089444,1.706830,1.106253,1.719460,0.215544,140.809753,0.508881,172.333392,9.425566,6.996218,162.777674,116.949404,75.708209,65.375871,0.798086,4.615443,-0.532455,0.009340,0.000087,0.532537,-0.511390,-0.567290,0.055900,-0.623696,0.407540,0.007548,70.898793,-596.564216,132.581570,13.293513,7.104895,2.544202,3.142804,3.078960,3.041201,0.830879,4.660890,0.694087,0.018247,0.000333,0.694327,0.722220,0.632940,0.089280,-0.633269,0.049845,0.014906,120.522447,-302.821525,172.830295,12.509455,7.049066,5.490155,6.553623,5.154391,6.693158,0.785369,4.614042,1.020762,0.005989,0.000036,1.020780,1.037300,1.000000,0.037300,-0.343619,0.443303,0.004757,260.497731,-995.799668,254.165300,12.571421,7.074919,1.855593,2.045554,2.042486,2.085140,0.834121,4.658591,1.344454,0.010880,0.000118,1.344498,1.365894,1.310907,0.054987,-0.353968,-0.301803,0.008944,451.918971,-572.892298,334.767345,12.359316,7.025210,3.435581,3.793943,3.425493,3.954193,0.822916,4.634734,3.000000
-4.565912,0.050521,0.002552,4.566191,-4.334500,-4.744500,0.410000,0.541967,2.353814,0.037838,5212.525276,-38.350665,1136.914300,8.991172,6.087928,19.635480,30.408463,13.524089,6.488051,0.679599,4.503025,-1.859937,0.051913,0.002695,1.860662,-1.724500,-2.076400,0.351900,-0.608805,2.013689,0.038043,865.515336,-45.818571,463.094350,7.746823,6.517673,31.956551,18.265450,8.050052,6.178118,0.671401,4.423791,8.695864,0.017893,0.000320,8.695883,8.751300,8.647400,0.103900,0.221655,0.406322,0.014187,18904.594459,-260.155347,2165.267300,11.631265,6.921605,5.742850,8.636261,6.033563,4.972454,0.818188,4.655404,9.996502,0.022046,0.000486,9.996526,10.060284,9.930241,0.130043,-0.043472,0.092279,0.017500,24982.635071,-186.167815,2489.122125,11.955717,6.616236,5.010714,11.693971,7.579622,5.609601,0.802325,4.629498,0.167597,0.480903,0.231268,0.509271,2.408500,-1.037500,3.446000,1.575461,4.965906,0.329113,64.839158,1.581322,83.772869,7.900304,7.463908,321.980501,89.058465,82.712406,71.700121,0.690317,4.407859,0.357957,0.570875,0.325898,0.673818,3.264700,-1.601800,4.866500,0.708809,4.107627,0.398091,113.507808,1.676234,126.964218,7.317882,5.641864,304.427608,281.640359,127.403598,46.894779,0.581335,4.377771,-0.525130,0.710706,0.505103,0.883665,1.572900,-3.515600,5.088500,-1.731543,6.121996,0.422779,195.216106,1.387440,152.318367,5.303352,6.525510,455.451811,84.171544,45.094060,45.007366,0.463081,3.970219,0.949895,0.769384,0.591951,1.222396,5.134357,0.089444,5.044913,2.933259,10.326679,0.477077,373.563072,1.366678,236.781052,5.949701,6.547639,515.569305,133.914828,80.244777,63.302893,0.525503,4.160726,-0.532421,0.008998,0.000081,0.532497,-0.511390,-0.561080,0.049690,-0.338373,-0.145586,0.007283,70.888390,-675.261658,132.569130,12.789559,7.348034,2.915200,2.796062,2.504064,3.692419,0.812214,4.647172,0.692897,0.018175,0.000330,0.693135,0.722220,0.628970,0.093250,-0.626079,0.170781,0.014943,120.109075,-288.836659,172.525790,12.667630,7.035731,5.358453,6.675733,5.544183,6.934776,0.829539,4.652494,1.021289,0.006568,0.000043,1.021310,1.037300,1.000000,0.037300,-0.273642,-0.114949,0.005332,260.768487,-976.032298,254.303550,11.531343,7.229287,2.483420,2.438936,2.237318,1.909523,0.825980,4.650111,1.344222,0.011418,0.000130,1.344271,1.370349,1.305024,0.065325,-0.432061,0.056627,0.009270,451.765952,-475.636395,334.709024,12.299660,7.049819,3.443884,4.260959,3.683435,3.940259,0.794832,4.628443,3.000000
-4.561269,0.053989,0.002915,4.561588,-4.334500,-4.744500,0.410000,0.200496,1.603124,0.039953,5202.021978,-37.403390,1135.753600,8.807136,5.975492,21.844253,29.542960,14.776411,6.507876,0.668883,4.472430,-1.860207,0.055454,0.003075,1.861033,-1.724500,-2.076400,0.351900,-0.532904,1.336037,0.041618,865.861133,-43.979790,463.222700,7.768034,6.452970,34.444958,20.686436,8.776482,7.565892,0.660189,4.434107,8.697224,0.019387,0.000376,8.697246,8.751300,8.634400,0.116900,-0.092768,0.425772,0.015469,18910.520293,-213.673126,2165.608400,11.446655,6.753510,6.035617,9.451887,6.641075,5.677127,0.825234,4.641835,9.995652,0.023587,0.000556,9.995680,10.060284,9.923796,0.136489,0.003884,-0.086230,0.019003,24978.403405,-172.365483,2488.921887,11.772568,6.415888,5.160422,11.996639,7.764442,7.145055,0.791072,4.595585,0.153337,0.529642,0.280521,0.551392,2.408500,-1.059200,3.467700,1.126330,2.956480,0.387381,76.008207,2.009535,97.901015,7.901723,7.425488,339.459849,106.511074,88.750415,73.030312,0.670656,4.393033,0.334158,0.613071,0.375856,0.698225,3.264700,-1.601800,4.866500,0.799668,2.973290,0.447954,121.879508,1.831200,128.848256,7.250169,5.657738,340.729095,276.414014,135.224815,60.373729,0.576241,4.375882,-0.422319,0.833037,0.693951,0.933972,1.572900,-3.515600,5.088500,-0.856679,3.393774,0.524132,218.076069,1.840032,169.333551,5.090582,6.514638,493.825706,89.757096,41.810739,47.272653,0.452599,3.871505,1.037144,0.766934,0.588188,1.289905,5.134357,0.125771,5.008586,2.692595,9.237312,0.490240,415.963784,1.466818,258.817292,6.052132,6.561789,518.173011,145.803327,82.231286,69.389978,0.545318,4.189824,-0.533266,0.009320,0.000087,0.533347,-0.511390,-0.573500,0.062110,-0.436228,0.709095,0.007552,71.114873,-531.139908,132.774060,12.319775,7.433162,3.275886,2.818738,2.398639,3.954000,0.792558,4.617254,0.693445,0.017945,0.000322,0.693677,0.722220,0.628970,0.093250,-0.598562,0.012957,0.015000,120.296847,-292.001739,172.678600,12.953399,7.127439,5.208255,6.418001,4.554667,7.306942,0.816408,4.634560,1.019530,0.006795,0.000046,1.019553,1.037300,1.000000,0.037300,-0.123227,-0.294093,0.005435,259.872103,-968.432337,253.858500,11.693785,7.372316,2.500335,2.513073,1.958850,2.374639,0.815040,4.630222,1.343504,0.011539,0.000133,1.343553,1.370349,1.305024,0.065325,-0.295914,-0.103944,0.009456,451.283822,-469.229345,334.530957,12.633767,7.031400,3.371406,4.346241,3.251194,4.577232,0.801530,4.631292,3.000000
-4.560937,0.042644,0.001819,4.561137,-4.455000,-4.708200,0.253200,-0.205884,0.194546,0.033822,5200.991667,-67.869332,1135.694900,9.350763,6.109011,16.284078,25.086321,11.357925,6.828249,0.724424,4.529905,-1.851884,0.036681,0.001345,1.852247,-1.738000,-1.982700,0.244700,-0.250378,1.307820,0.027586,857.704952,-79.956240,461.112000,9.311821,6.647485,18.426292,17.361319,8.232511,8.403473,0.727281,4.562527,8.700999,0.017240,0.000297,8.701016,8.753100,8.634400,0.118700,-0.482061,1.101236,0.013421,18926.919335,-224.960580,2166.540150,11.767767,6.765633,5.514981,7.511881,6.341329,5.681948,0.837409,4.663095,9.997100,0.021315,0.000454,9.997123,10.055524,9.923796,0.131728,-0.188868,0.202931,0.017096,24985.615954,-184.971987,2489.279025,12.076008,6.341296,4.622440,10.553189,8.319748,6.795488,0.807280,4.633038,0.062186,0.325075,0.105674,0.330969,1.134100,-1.059200,2.193300,0.004464,0.575328,0.251590,27.385171,1.363080,64.255172,9.856312,7.553034,179.682803,102.500280,75.994656,75.205169,0.756073,4.580077,0.339893,0.437424,0.191340,0.553956,2.059500,-0.778030,2.837530,0.451696,0.589516,0.352322,76.716772,2.058445,107.574282,8.158762,5.948580,229.416508,222.194061,110.368201,52.085886,0.672653,4.487699,-0.263794,0.458397,0.210128,0.528881,1.540000,-1.052100,2.592100,1.872601,4.444210,0.308699,69.928863,1.370260,110.129665,6.601550,7.421176,294.775119,62.516211,41.656977,43.935703,0.535358,4.154173,0.755713,0.353583,0.125021,0.834340,2.154124,0.151882,2.002242,0.925237,1.148741,0.276381,174.030807,1.352455,188.016661,8.537908,7.061998,211.106211,135.295391,69.486730,59.962983,0.729845,4.523092,-0.532802,0.009085,0.000083,0.532880,-0.515530,-0.573500,0.057970,-0.683916,0.992448,0.007387,70.990200,-584.212903,132.664340,12.412573,7.209823,2.914856,2.761513,2.638703,4.173615,0.806221,4.622144,0.694254,0.018024,0.000325,0.694488,0.722220,0.642860,0.079360,-0.483075,-0.500088,0.015274,120.578382,-348.867331,172.894860,13.001292,7.173111,5.143320,5.747968,4.830200,7.878151,0.822317,4.624292,1.018794,0.006270,0.000039,1.018813,1.035100,1.002200,0.032900,-0.241044,-0.064379,0.005006,259.494928,-1155.784665,253.684100,12.646217,7.045792,1.994542,2.120723,2.176439,2.590230,0.839066,4.670716,1.343177,0.011401,0.000130,1.343225,1.369405,1.310209,0.059197,-0.115369,-0.526150,0.009542,451.063509,-520.175792,334.466256,12.848173,7.180794,3.515508,3.642913,3.306206,4.679749,0.798552,4.624495,3.000000
-4.561988,0.049664,0.002467,4.562258,-4.294200,-4.696200,0.402000,0.404665,2.764462,0.038650,5203.550261,-40.318171,1135.933250,10.131632,6.429940,17.154587,27.094242,13.572843,7.341092,0.742067,4.530578,-1.858653,0.042750,0.001828,1.859144,-1.763100,-2.055000,0.291900,-1.172483,3.326749,0.030304,864.104458,-63.479313,462.815650,8.835131,6.773683,24.902511,17.071008,9.206662,9.454138,0.737882,4.551807,8.702034,0.033842,0.001145,8.702100,9.131800,8.633200,0.498600,8.055476,101.503694,0.017040,18931.635254,-46.311181,2166.822600,11.860374,6.909950,12.031378,15.672558,12.661028,11.586814,0.928288,4.752486,9.999815,0.029295,0.000858,9.999858,10.279265,9.930516,0.348750,3.524096,31.413896,0.019700,24999.289973,-65.553597,2489.969255,11.752727,6.494307,8.372092,14.759814,10.864761,10.184539,0.861788,4.690191,0.097252,0.398372,0.158701,0.410071,1.452600,-1.826100,3.278700,0.034209,3.656912,0.272845,42.039641,1.230369,71.089929,9.528240,7.414792,240.318963,109.320702,92.758067,96.724596,0.781583,4.578507,0.420808,0.532809,0.283886,0.678944,3.081600,-2.196800,5.278400,0.396637,4.570213,0.388630,115.241241,1.315042,128.382878,8.671686,5.872104,257.666151,255.982276,167.181540,73.138016,0.688824,4.500989,-0.446454,0.479851,0.230257,0.655422,0.757300,-2.798700,3.556000,-1.790644,6.720983,0.311687,107.394389,1.321096,122.228658,7.365715,6.934589,318.477568,123.177848,68.271197,62.757677,0.649491,4.378769,0.862697,0.560763,0.314455,1.028932,3.235684,0.151882,3.083803,2.149259,5.295095,0.376726,264.675271,1.623606,213.845504,7.839233,6.675876,334.223684,204.589441,86.527292,83.014397,0.660595,4.432770,-0.531370,0.008871,0.000079,0.531444,-0.513460,-0.565220,0.051760,-0.468220,0.081658,0.007378,70.608128,-657.712545,132.312420,12.688891,7.139995,2.684518,2.686630,2.580948,4.081148,0.830273,4.637700,0.692810,0.018268,0.000334,0.693050,0.722220,0.630950,0.091270,-0.565705,-0.115798,0.015189,120.079745,-298.908655,172.505000,12.381728,7.120334,6.056512,6.112193,5.565807,7.762144,0.822017,4.642539,1.020132,0.006574,0.000043,1.020154,1.035100,0.995610,0.039490,-0.476076,0.566263,0.005125,260.178352,-929.006244,254.018860,12.076357,7.058450,2.579729,2.290521,2.337300,2.792724,0.889760,4.721359,1.342878,0.012031,0.000145,1.342931,1.367262,1.297847,0.069415,-0.472111,0.111318,0.009850,450.866225,-437.811268,334.379084,12.406511,7.155461,4.278728,3.912412,3.928302,5.131516,0.834291,4.664731,3.000000
-4.564034,0.069116,0.004777,4.564557,-4.294200,-4.756600,0.462400,0.649267,1.456364,0.051409,5208.795848,-28.540549,1136.438750,8.528081,6.421207,35.658912,35.748244,15.539260,9.085911,0.710217,4.521388,-1.862568,0.050017,0.002502,1.863239,-1.713400,-2.055000,0.341600,-0.695207,1.490712,0.036875,867.915323,-47.520201,463.800500,7.987619,6.717696,33.452676,16.640277,7.817725,8.662433,0.683539,4.464721,8.700148,0.036736,0.001350,8.700225,9.131800,8.633200,0.498600,6.646104,74.179440,0.020239,18923.479442,-42.430186,2166.350900,11.044911,7.145450,16.318284,16.081443,12.554984,11.281552,0.913737,4.732989,9.999988,0.031724,0.001006,10.000038,10.279265,9.930516,0.348750,2.888445,22.504352,0.022307,25000.190612,-62.449784,2490.010924,11.508009,6.396514,9.004051,15.791905,11.289904,10.279989,0.779233,4.632919,0.043398,0.588513,0.346348,0.590111,1.578000,-1.826100,3.404100,-0.027856,0.657276,0.426220,87.057869,2.320688,107.585742,7.969374,7.479746,361.846829,100.652571,80.763494,97.991900,0.652461,4.352418,0.339588,1.240039,1.537698,1.285697,7.734600,-3.737600,11.472200,1.416351,10.259294,0.735287,413.254370,1.188002,200.617856,5.811196,5.441621,890.930861,368.638305,167.451195,78.016016,0.503423,4.237827,-0.277539,0.948487,0.899628,0.988259,2.401600,-2.852600,5.254200,0.224929,1.670762,0.633079,244.164048,2.171726,183.431794,4.660367,6.268035,573.513278,84.137740,40.226106,46.979591,0.413367,3.786768,1.343042,1.083579,1.174143,1.725661,7.772907,0.114742,7.658164,2.237338,7.743960,0.799618,744.476286,1.494230,334.582272,5.841093,5.734597,715.506688,324.649361,107.779914,75.880175,0.515741,4.214230,-0.529648,0.012084,0.000146,0.529786,-0.496890,-0.569360,0.072470,-0.185291,-0.068286,0.009815,70.168174,-419.697277,131.875690,10.695587,7.636297,4.919776,3.302986,2.678859,3.520653,0.733207,4.491827,0.693207,0.018643,0.000348,0.693457,0.726190,0.630950,0.095240,-0.627529,0.059218,0.015369,120.220738,-284.206201,172.638950,12.343559,7.169234,6.461632,6.806595,5.357457,7.630735,0.836371,4.658076,1.022054,0.007475,0.000056,1.022082,1.041700,0.995610,0.046090,-0.252530,0.507858,0.005804,261.162790,-748.292069,254.493860,11.396621,7.518477,3.283082,2.400320,1.907097,2.657083,0.823450,4.634422,1.343897,0.012170,0.000148,1.343952,1.367354,1.297847,0.069507,-0.518664,0.135023,0.010026,451.551701,-435.164514,334.645013,12.029299,7.210304,4.563527,4.369787,3.505009,4.852133,0.844007,4.664123,3.000000
-4.564679,0.068788,0.004732,4.565197,-4.345800,-4.756600,0.410800,0.541466,0.982008,0.051805,5210.256091,-31.629156,1136.593700,7.506130,5.986720,38.496914,34.518044,10.874801,7.391939,0.590209,4.399764,-1.854610,0.067229,0.004520,1.855829,-1.640000,-2.028500,0.388500,0.227222,0.899697,0.050052,861.024863,-35.521137,461.792300,6.735855,6.497885,46.590550,15.493566,8.145458,6.639928,0.602425,4.299226,8.698420,0.021674,0.000470,8.698447,8.793500,8.656100,0.137400,1.303581,3.391401,0.015962,18915.745060,-181.681181,2165.942550,9.439357,7.404429,11.478580,8.583206,5.070730,3.761479,0.734290,4.548595,9.997375,0.024260,0.000589,9.997405,10.089157,9.936408,0.152749,0.284566,0.454394,0.019294,24987.026014,-151.498959,2489.371902,10.988898,6.372633,6.531311,13.982710,7.512535,5.390052,0.772367,4.589265,0.007389,1.198967,1.437521,1.198989,3.142300,-4.103000,7.245300,-0.424108,1.289062,0.843681,359.393840,2.064482,208.466980,6.173418,6.998740,761.199619,142.572204,116.318789,112.077722,0.558070,4.121122,0.340624,1.306676,1.707401,1.350343,7.734600,-3.737600,11.472200,1.235139,7.933517,0.828107,455.856610,1.295414,220.137090,5.383604,5.190100,929.156787,360.114089,130.804336,64.763513,0.456806,4.150081,-0.160785,2.053208,4.215665,2.059494,5.503800,-5.178900,10.682700,0.334580,0.435957,1.479668,1060.379273,1.851285,376.042562,5.252736,6.522559,1302.248251,208.273429,162.116144,116.941717,0.530827,4.004389,2.169040,1.672658,2.797784,2.739073,7.772907,0.114742,7.658164,1.084708,0.475692,1.369113,1875.629723,2.155127,537.266314,5.206102,5.905080,1093.231485,315.191176,112.928869,98.468442,0.482952,4.060794,-0.533772,0.016781,0.000282,0.534036,-0.496890,-0.577640,0.080750,-0.363647,-0.508254,0.013897,71.298609,-339.248156,132.914085,9.787959,7.865351,6.797973,3.559130,3.096021,3.020230,0.702626,4.380759,0.693778,0.018228,0.000332,0.694018,0.726190,0.636900,0.089290,-0.611445,0.025659,0.015239,120.415082,-304.894122,172.744130,13.032093,7.030526,4.757594,6.302330,5.378575,6.793647,0.804069,4.615785,1.019798,0.009111,0.000083,1.019839,1.041700,0.997810,0.043890,-0.170943,-0.538823,0.007505,260.017761,-774.183098,253.924310,10.910301,7.834467,3.653755,2.275993,1.951955,2.538176,0.772305,4.525643,1.344171,0.011465,0.000131,1.344219,1.367606,1.308008,0.059598,-0.220792,-0.428264,0.009542,451.731452,-519.704396,334.692973,12.768351,7.012025,3.195146,4.004941,3.370423,4.378676,0.812108,4.626523,3.000000
-1.930260,0.237229,0.056278,1.944783,-1.382700,-3.285200,1.902500,-2.246877,10.696559,0.152101,945.545308,-1.210080,480.828900,5.820558,5.405226,167.977100,76.894156,27.796031,12.935994,0.486862,4.219308,-9.640704,0.090905,0.008264,9.641133,-9.268700,-9.899200,0.630500,0.749165,2.724615,0.063382,23237.861253,-16.920477,2400.650400,8.791307,6.895710,56.845689,27.685915,22.490366,13.783814,0.712199,4.515614,-0.013953,0.165113,0.027262,0.165702,0.684600,-0.326220,1.010820,1.563852,2.525372,0.122197,6.864274,-6.484272,31.837198,4.801494,5.640729,119.105065,20.705825,10.877051,7.545417,0.418015,3.963298,9.836054,0.114522,0.013115,9.836721,10.429607,9.451811,0.977796,0.843359,6.568606,0.072220,24190.270835,-9.603062,2449.328849,8.088164,6.682108,74.985314,32.732477,22.812617,13.915747,0.667494,4.439798,0.052039,3.313379,10.978480,3.313788,14.361000,-7.440500,21.801500,1.390530,4.525264,2.054780,2745.297051,1.063056,507.050592,5.299107,5.708074,2436.053370,705.278419,254.530708,183.140593,0.475017,4.127640,1.253825,9.108619,82.966941,9.194510,45.828000,-21.465000,67.293000,2.040517,7.334210,5.387239,21134.754380,0.494309,1283.586203,4.987803,4.949783,6559.682718,2502.366688,643.654220,331.996205,0.419538,4.082147,-0.765012,4.381359,19.196304,4.447645,16.023000,-23.595000,39.618000,-1.485940,9.619505,2.574978,4945.386839,0.670635,624.962296,5.213396,5.790511,3141.258335,787.188800,307.563599,227.273442,0.468963,4.072660,6.826453,8.288624,68.701293,10.737865,48.572974,0.259393,48.313581,2.724793,8.156965,5.315847,28825.438271,0.586309,1694.104207,5.406443,5.570806,5790.802486,2040.888097,870.490408,441.182306,0.493597,4.159864,-0.917044,0.017473,0.000305,0.917210,-0.877850,-0.956520,0.078670,0.102589,-0.779379,0.014630,210.318675,-339.742476,228.340670,9.936689,8.191273,7.537599,3.028934,2.573557,3.926472,0.682717,4.369230,-0.596889,0.018295,0.000335,0.597169,-0.561510,-0.642860,0.081350,-0.380361,-0.617929,0.015246,89.152806,-323.699760,148.639920,11.755654,7.374400,6.472798,5.028317,5.049416,6.899964,0.755697,4.545572,0.380860,0.029408,0.000865,0.381994,0.442980,0.324560,0.118420,0.149517,-1.210627,0.025533,36.479773,-191.533424,94.799410,6.354620,7.254766,14.874692,2.833724,2.294125,2.522612,0.543297,4.013795,1.159157,0.012650,0.000160,1.159226,1.200531,1.137498,0.063033,0.474843,-0.323256,0.010496,335.951254,-478.195615,288.623283,13.304435,6.923339,2.935430,3.608537,3.728131,5.604357,0.774559,4.575815,1.000000
-1.973417,0.086379,0.007461,1.975306,-1.626500,-2.193400,0.566900,0.500033,0.828593,0.067193,975.458817,-18.656507,491.486100,7.925418,5.778617,41.524449,39.958523,22.278576,9.244350,0.608824,4.381156,-9.633862,0.048701,0.002372,9.633985,-9.327200,-9.791500,0.464300,0.871245,6.226012,0.034485,23203.419127,-36.629979,2398.835900,11.242583,6.784917,17.906349,18.917758,22.405732,11.869899,0.845035,4.672795,-0.084265,0.039426,0.001554,0.093032,0.008834,-0.204600,0.213434,-0.118783,-0.122755,0.031399,2.163740,-85.881195,21.022028,7.608685,6.561023,25.240715,12.160648,7.261648,4.694478,0.642830,4.401649,9.834723,0.048871,0.002388,9.834845,10.034367,9.540139,0.494228,-0.667918,5.699415,0.035474,24181.041683,-32.762668,2448.871006,11.269000,6.688540,16.568229,21.261607,21.313887,11.541672,0.828056,4.660021,0.010483,0.615722,0.379113,0.615811,1.712600,-2.091500,3.804100,-0.473037,1.372388,0.458559,94.805848,2.313582,114.785687,6.823814,6.053111,405.610025,189.997911,106.522979,57.574877,0.585651,4.341592,-0.277530,2.182678,4.764082,2.200251,7.368400,-6.529400,13.897800,0.446477,0.598134,1.740351,1210.276167,1.562711,437.612496,6.263374,5.008993,1247.968764,1003.710466,302.668368,83.255758,0.428586,4.189720,-0.285367,1.053280,1.109399,1.091253,3.184700,-2.967100,6.151800,0.097891,0.859044,0.791836,297.708231,2.297762,204.617997,6.354493,5.912896,707.660509,326.918295,121.408766,84.416630,0.548278,4.264436,2.167898,1.308197,1.711381,2.532027,7.428093,0.259393,7.168701,1.297033,2.258411,1.006188,1602.790246,2.109554,540.745421,8.769854,6.592662,737.291382,506.731508,359.221439,308.374656,0.743217,4.561086,-0.922435,0.011101,0.000123,0.922502,-0.902690,-0.956520,0.053830,-0.488691,-0.288054,0.009066,212.752333,-596.817235,229.688430,11.781343,7.685551,4.254780,3.070301,2.673021,3.637249,0.778395,4.570359,-0.595341,0.018661,0.000348,0.595634,-0.565480,-0.666670,0.101190,-0.747886,0.377567,0.015522,88.694925,-263.604254,148.231205,12.509070,7.013052,5.735705,6.296090,6.030431,7.984978,0.825830,4.650646,0.372114,0.014497,0.000210,0.372397,0.394740,0.337720,0.057020,-0.537506,-0.543084,0.011978,34.669818,-521.795379,92.671135,8.688619,7.728952,7.267638,3.061899,2.224067,2.423887,0.712594,4.390936,1.159434,0.013452,0.000181,1.159512,1.208711,1.136199,0.072513,0.714266,0.363787,0.010920,336.117076,-410.988736,288.700825,12.880760,6.984850,3.823648,4.299608,4.379292,5.763890,0.823473,4.638303,1.000000
-2.000567,0.075914,0.005763,2.002007,-1.626500,-2.206100,0.579600,1.022461,3.053189,0.055697,1002.008006,-21.085046,498.201250,7.741998,6.077226,41.224226,27.053561,20.475212,7.873911,0.608708,4.381159,-9.629087,0.038683,0.001496,9.629165,-9.520200,-9.737600,0.217400,-0.085006,0.401713,0.029577,23180.204166,-85.950686,2397.616600,10.237331,6.071002,13.446814,16.572625,17.973970,10.028491,0.762408,4.590926,-0.100317,0.044187,0.001952,0.109617,0.001326,-0.205090,0.206416,-0.096020,-0.417758,0.035828,3.003986,-83.785616,25.001958,7.067191,6.389978,25.366378,12.763592,7.652431,3.352929,0.599354,4.300045,9.835623,0.037159,0.001381,9.835693,9.941031,9.720734,0.220297,-0.006590,0.620128,0.028070,24185.216158,-84.813369,2449.056752,10.519978,5.964966,10.768673,17.131165,17.165970,9.644433,0.753291,4.575040,-0.014985,0.417375,0.174202,0.417644,1.712600,-1.063700,2.776300,0.561827,1.794106,0.318995,43.606635,1.772999,79.337558,7.485522,6.458444,253.257217,128.621046,95.176324,47.225441,0.631802,4.395408,0.184346,1.688453,2.850875,1.698487,7.368400,-4.271500,11.639900,0.804818,2.397016,1.278475,721.214601,1.613970,320.709480,6.640120,5.309052,979.017436,727.958127,328.270790,80.434777,0.493467,4.263306,-0.331922,0.822650,0.676752,0.887088,3.184700,-2.184500,5.369200,0.735338,2.055356,0.626496,196.731205,2.188358,172.049416,6.340777,5.978763,521.214276,234.669936,135.070743,63.282098,0.549239,4.254272,1.643030,1.070823,1.146662,1.961176,7.428093,0.081327,7.346766,2.366320,8.210594,0.717922,961.552441,1.650303,409.131623,8.599088,6.779344,581.199686,356.897895,299.046611,205.652840,0.738063,4.519273,-0.918848,0.009544,0.000091,0.918898,-0.896480,-0.944100,0.047620,-0.450559,-0.459216,0.007876,211.093292,-696.184183,228.796945,12.539989,7.349905,3.056255,2.982885,2.518344,3.893653,0.795307,4.608068,-0.595953,0.019581,0.000383,0.596274,-0.563490,-0.666670,0.103180,-0.672179,0.077274,0.016435,88.885781,-257.066340,148.411800,12.606744,7.062055,5.743086,7.209328,5.999595,8.244878,0.843210,4.663923,0.383211,0.008632,0.000075,0.383308,0.401320,0.357460,0.043860,-0.445741,-0.126318,0.007044,36.731203,-779.145407,95.417760,10.930007,7.591594,3.759975,2.619439,1.960715,2.706847,0.804822,4.594774,1.160453,0.013784,0.000190,1.160535,1.208711,1.136199,0.072513,0.654661,0.068078,0.011191,336.710276,-406.733657,288.965284,12.861928,6.918342,3.434822,5.012440,4.288111,5.561763,0.806743,4.624384,1.000000
-2.015854,0.056028,0.003139,2.016633,-1.844800,-2.206100,0.361300,-0.152137,0.433628,0.043813,1016.702013,-41.018893,502.022850,8.363803,6.216586,29.106866,21.564874,16.603846,7.971683,0.677728,4.464736,-9.625390,0.037711,0.001422,9.625464,-9.521800,-9.755100,0.233300,-0.068091,0.992408,0.028123,23162.390622,-83.629289,2396.722550,11.434166,5.965858,8.532805,13.411954,19.157114,11.226969,0.742853,4.542458,-0.134679,0.035669,0.001272,0.139322,-0.023289,-0.213610,0.190321,0.477570,0.241047,0.027771,4.852687,-102.817661,33.571087,7.735467,6.393126,19.772509,11.433106,8.449354,3.926548,0.659114,4.399709,9.835363,0.037738,0.001424,9.835435,9.946259,9.723187,0.223072,-0.077606,0.840176,0.028401,24183.945322,-86.273721,2449.021266,11.309649,5.942715,8.691181,14.715209,18.617840,11.365801,0.753158,4.561949,0.042285,0.354517,0.125682,0.357030,1.092800,-0.766510,1.859310,0.060097,-0.126219,0.282174,31.867530,2.010610,71.267575,8.330847,6.586435,173.003049,95.468356,110.885099,44.876373,0.655475,4.400384,0.361495,1.048373,1.099087,1.108948,2.700200,-2.440900,5.141100,-0.198773,-0.409945,0.851557,307.441284,2.807293,227.910521,7.174258,5.443563,593.106478,466.567352,280.252517,67.919523,0.555991,4.366238,-0.355165,0.545408,0.297470,0.650855,0.990240,-2.117300,3.107540,-0.486935,0.361157,0.427684,105.903063,2.584441,123.600269,7.145161,6.420223,308.537569,135.017202,124.296000,51.555133,0.601438,4.305291,1.207963,0.567162,0.321673,1.334484,2.788318,0.081327,2.706991,0.562886,-0.211749,0.458250,445.211877,2.884560,300.562670,9.400593,6.736852,298.098030,209.649408,181.897397,137.713824,0.784960,4.600178,-0.918542,0.009328,0.000087,0.918589,-0.896480,-0.944100,0.047620,-0.321426,-0.694769,0.007875,210.951587,-704.851759,228.717270,12.106346,7.553421,3.533281,2.640416,2.456877,3.352363,0.782130,4.588435,-0.596945,0.019206,0.000369,0.597254,-0.563490,-0.662700,0.099210,-0.649436,0.091036,0.015837,89.177995,-263.651165,148.641955,12.506262,6.847297,5.679805,6.280008,6.656365,7.748830,0.831312,4.642628,0.383789,0.007561,0.000057,0.383864,0.401320,0.359650,0.041670,-0.245657,0.150882,0.005984,36.837800,-847.392292,95.564585,11.935340,7.647664,2.959272,1.911913,2.129630,2.733299,0.801987,4.602151,1.160896,0.013788,0.000190,1.160978,1.206048,1.136280,0.069768,0.656151,0.130181,0.011166,336.967382,-420.428303,289.065172,12.294505,6.927367,4.185404,4.499693,4.435761,5.189897,0.783829,4.597573,1.000000
-2.023592,0.055727,0.003105,2.024359,-1.880500,-2.230900,0.350400,-0.328827,0.564566,0.044248,1024.507521,-43.906842,503.884800,8.391377,5.986333,28.437579,22.531055,18.849413,8.935706,0.650105,4.485656,-9.623866,0.038454,0.001479,9.623943,-9.509200,-9.755100,0.245900,-0.031121,0.920894,0.028881,23155.070795,-75.724627,2396.425850,11.106508,5.989862,10.596807,15.412276,20.149389,10.805588,0.771046,4.595781,-0.137562,0.026592,0.000707,0.140109,-0.070841,-0.213610,0.142769,-0.061843,-0.120694,0.021421,4.907598,-156.609108,34.274200,9.521141,6.315948,10.205973,12.452201,7.857310,5.033227,0.708121,4.502281,9.835472,0.037742,0.001424,9.835545,9.946259,9.710444,0.235815,-0.188230,1.041173,0.028212,24184.485913,-80.159977,2449.116583,11.323284,5.887489,8.629295,16.594991,19.277141,10.699913,0.762077,4.583146,0.154977,0.282378,0.079737,0.322110,1.092800,-0.524670,1.617470,0.213878,0.493281,0.216334,25.938769,0.718494,63.894639,9.261455,6.406503,128.632723,104.156681,117.838329,38.924448,0.694306,4.509955,0.451624,1.161818,1.349820,1.246509,6.041200,-2.517200,8.558400,0.781516,3.233464,0.874291,388.446165,1.769355,237.681621,7.161362,5.348439,668.957095,463.198700,344.827072,68.357029,0.531853,4.346243,-0.318282,0.421220,0.177426,0.527948,0.772960,-1.435300,2.208260,-0.177665,-0.221707,0.343729,69.682389,2.413319,104.823067,8.529041,6.587053,244.605752,129.667895,140.275570,68.164997,0.722787,4.525705,1.181596,0.734914,0.540099,1.391499,6.054729,0.170008,5.884721,2.752698,13.862171,0.501201,484.067323,1.444864,294.571804,8.839976,6.875984,440.514395,251.057955,197.279425,151.399366,0.760172,4.567594,-0.918658,0.008844,0.000078,0.918701,-0.902690,-0.944100,0.041410,-0.413268,-0.417832,0.007418,211.002740,-810.996375,228.747345,12.121604,7.510857,3.460840,2.655624,2.416658,3.201574,0.813956,4.631914,-0.595135,0.018966,0.000360,0.595437,-0.565480,-0.662700,0.097220,-0.797778,0.563164,0.015438,88.636340,-276.497030,148.183555,12.113347,6.996928,6.656790,5.631484,6.530328,7.391146,0.788997,4.623579,0.382508,0.006690,0.000045,0.382567,0.399120,0.359650,0.039470,-0.232249,0.198369,0.005450,36.589336,-916.296378,95.253170,12.007659,7.438013,2.554480,2.297587,1.893986,2.510622,0.841543,4.663054,1.159626,0.013421,0.000180,1.159704,1.206048,1.134266,0.071782,0.835591,0.601081,0.010909,336.228416,-419.429801,288.748317,12.296356,7.139904,4.766461,3.897877,4.369342,4.813095,0.808579,4.626755,1.000000
-2.036712,0.054323,0.002951,2.037436,-1.880500,-2.230900,0.350400,-0.223429,0.617759,0.042887,1037.786677,-44.348380,507.212500,9.143532,5.730167,23.102052,24.748265,23.447151,8.320522,0.694939,4.524924,-9.621090,0.033338,0.001111,9.621148,-9.509200,-9.719100,0.209900,-0.084799,0.579507,0.025551,23141.621054,-96.731333,2395.609300,10.857590,6.396844,11.682923,12.192286,14.773471,9.049773,0.766570,4.590892,-0.138621,0.029402,0.000864,0.141705,-0.038114,-0.217740,0.179626,0.073628,0.033086,0.023628,5.020085,-118.701040,34.491902,9.447316,6.366480,12.054045,13.665298,7.732103,4.891418,0.714016,4.490474,9.835477,0.033105,0.001096,9.835533,9.933675,9.710444,0.223232,-0.078066,0.874529,0.025408,24184.427815,-89.526505,2449.006662,10.989648,6.260450,10.483584,13.495480,14.696559,8.602513,0.768669,4.590510,0.110680,0.265868,0.070686,0.287986,0.940470,-0.529830,1.470300,-0.016843,0.104919,0.208067,20.733936,0.487111,57.684123,9.280334,6.689690,129.202203,88.797298,108.819828,35.796982,0.720097,4.528375,0.505141,1.287937,1.658782,1.383456,6.041200,-2.517200,8.558400,0.904404,2.243188,0.966727,478.487515,1.863136,258.306699,7.316957,5.415078,716.805726,567.321223,363.246965,84.290250,0.551972,4.363003,-0.427699,0.449258,0.201833,0.620290,0.772960,-1.626800,2.399760,0.160338,-0.288420,0.361303,96.189775,2.510690,130.981603,8.942398,6.522185,228.898361,165.664436,151.774639,76.466154,0.743737,4.534450,1.304610,0.824402,0.679639,1.543258,6.054729,0.170008,5.884721,2.486676,9.255647,0.547353,595.411226,1.564283,324.967612,9.032139,6.848399,466.814055,282.270558,218.458613,187.885369,0.746104,4.557932,-0.922617,0.009345,0.000087,0.922665,-0.902690,-0.960660,0.057970,-0.559719,0.560788,0.007442,212.827548,-565.462071,229.739240,12.056464,7.466284,3.314764,2.880838,2.795359,3.048123,0.777831,4.593638,-0.593516,0.018904,0.000357,0.593817,-0.561510,-0.660710,0.099200,-0.712218,0.239184,0.015633,88.154623,-267.341009,147.765885,12.388140,7.079049,5.841278,6.174952,6.511902,6.813626,0.796409,4.628971,0.377438,0.008731,0.000076,0.377539,0.396930,0.355260,0.041670,-0.143531,-0.478914,0.007144,35.633970,-814.477597,93.982380,10.826362,7.792735,3.620863,2.302403,2.028007,2.188921,0.765749,4.538036,1.160297,0.013224,0.000175,1.160373,1.208072,1.134266,0.073806,0.807645,0.717399,0.010554,336.616140,-404.871262,288.910006,12.514762,7.052905,3.940165,4.363401,4.700393,4.743451,0.825312,4.638790,1.000000
-2.146262,0.685621,0.470076,2.253113,-0.364290,-3.748200,3.383910,0.049995,-0.174130,0.534106,1269.128991,2.966104,534.440100,4.773907,5.404957,403.738470,116.818059,35.863584,21.148337,0.407169,3.880653,-9.739152,1.504304,2.262930,9.854644,-6.817200,-14.916000,8.098800,-0.626166,0.535839,1.158258,24278.503001,2.153594,2422.647000,5.438673,4.341958,933.732913,444.678907,113.161971,52.001045,0.385903,4.001382,-0.380202,0.943916,0.890977,1.017610,2.368700,-2.589800,4.958500,-0.192768,-0.017830,0.734986,258.882628,2.632515,191.004292,4.174786,4.551079,602.197006,193.580956,42.193432,25.680687,0.327133,3.834004,10.047955,1.504881,2.264666,10.160023,15.341625,6.974404,8.367221,0.625135,0.700108,1.150191,25806.514619,2.094291,2499.629363,5.393901,4.322297,926.983800,430.514200,115.827637,50.727435,0.379273,3.988542,-6.562603,25.215982,635.845729,26.055968,66.909000,-48.419000,115.328000,0.434401,-0.536568,21.341995,169728.370690,0.393966,5502.767599,4.652981,5.451646,14898.182170,3157.824093,1239.469276,966.688099,0.409174,3.838274,-32.783898,49.313778,2431.848676,59.216827,87.826000,-127.430000,215.256000,0.294804,-0.478214,40.361909,876658.156415,0.241107,12496.503630,2.947733,4.251910,26414.098684,3540.512563,872.572053,631.722902,0.228506,3.320732,3.519997,50.200518,2520.091971,50.323775,116.220000,-118.210000,234.430000,-0.364917,-0.150067,39.784711,633120.587278,0.225077,10002.325710,3.350385,4.699912,27244.010086,2061.279698,1099.107748,930.583804,0.268766,3.315517,75.154920,32.707284,1069.766448,81.963580,142.661598,7.292210,135.369388,0.215577,-0.963793,28.197509,1679507.114382,0.354743,18742.635362,3.841980,4.276786,24297.361867,3931.388318,1058.224332,679.184420,0.287640,3.746429,-0.446857,0.470725,0.221582,0.649048,0.424430,-1.403700,1.828130,0.631693,-1.161654,0.426397,105.315893,0.632244,142.784636,4.997312,6.635934,217.350489,37.380836,24.261568,19.630084,0.479143,3.761321,-0.553778,0.144967,0.021015,0.572438,-0.212300,-0.807540,0.595240,0.528994,-0.540866,0.117583,81.921273,-10.577029,137.761870,4.962684,6.932890,74.421242,7.993365,7.011495,7.151713,0.405128,3.616570,0.447149,0.187092,0.035003,0.484712,0.800440,0.092105,0.708335,0.144096,-1.093991,0.161498,58.736427,-5.670460,111.657893,2.567594,5.004847,81.022753,4.338493,2.701560,2.616668,0.212764,2.835402,0.990123,0.059589,0.003551,0.991914,1.487473,0.866064,0.621409,1.983354,17.760486,0.042423,245.973593,-24.623222,246.578727,9.666059,7.927374,30.979070,13.568948,12.822207,12.161158,0.811018,4.542455,4.000000
-2.224482,0.474206,0.224871,2.274465,-1.369400,-3.514400,2.145000,-0.305697,-0.436234,0.389666,1293.297424,2.796480,554.122900,5.098480,5.564565,285.533576,102.446683,34.183787,15.414248,0.426915,3.983655,-9.749742,1.323352,1.751261,9.839143,-6.821600,-13.726000,6.904400,-0.645296,0.263872,1.040083,24202.184385,2.382448,2428.487850,5.652806,4.827299,840.955328,406.874755,93.350900,53.669032,0.407233,4.058718,-0.428631,0.895208,0.801397,0.992533,1.593600,-2.589800,4.183400,-0.397575,-0.301983,0.728809,246.280322,2.927449,185.409004,4.204127,4.636905,549.184525,183.864815,33.278437,20.907119,0.324902,3.811821,10.062315,1.310290,1.716860,10.147268,14.103080,7.228094,6.874986,0.619779,0.219246,1.034181,25741.762131,2.376683,2506.370408,5.638736,4.865901,838.480949,396.703657,94.031727,53.822260,0.415089,4.068622,-6.800462,22.141550,490.248232,23.162351,48.245000,-42.219000,90.464000,0.319868,-0.941820,19.122017,134123.628699,0.484992,5005.462609,4.321332,5.253413,13687.107385,2992.992595,863.677732,765.286198,0.374564,3.791915,-35.874266,43.086863,1856.477783,56.066396,64.012000,-127.430000,191.442000,-0.060819,-0.474102,35.171420,785860.181809,0.266562,11220.667840,2.608022,3.929366,23805.047812,2928.879075,705.805921,464.664582,0.194464,3.249503,1.972333,41.538600,1725.455310,41.585399,95.107000,-116.940000,212.047000,-0.438441,-0.011327,33.515156,432336.351451,0.239935,8389.392440,3.750880,4.964516,26185.835945,2588.431303,1314.428461,1049.522285,0.329976,3.577476,66.675441,31.042974,963.666234,73.547812,134.520840,6.810403,127.710437,0.323323,-0.634614,25.568139,1352320.161959,0.372448,16592.018017,3.432379,3.951906,21128.495445,2707.614683,833.603753,415.875900,0.233840,3.574760,0.207213,0.383153,0.146806,0.435595,0.645960,-0.805380,1.451340,-1.108774,0.118964,0.312234,47.435843,0.201793,98.002021,4.843108,6.432444,199.736994,33.958749,21.242489,17.060722,0.504131,3.824759,-0.707230,0.086751,0.007526,0.712531,-0.486110,-0.904760,0.418650,0.379769,-0.253198,0.069200,126.924938,-25.630457,176.153690,6.996449,7.515384,49.223441,14.853055,8.512516,7.231234,0.604823,4.208675,0.258404,0.319211,0.101895,0.410692,0.800440,-0.155700,0.956140,0.304404,-1.489465,0.295111,42.166953,-2.263365,76.498945,3.955991,6.105939,116.756120,15.231825,9.880295,7.484968,0.403722,3.318724,0.929745,0.041049,0.001685,0.930651,1.035957,0.863044,0.172913,0.746740,-0.404109,0.033635,216.527734,-112.721587,231.474544,9.063445,8.171312,17.600029,4.306264,5.532264,5.731869,0.655923,4.248014,4.000000
-2.143025,0.547583,0.299848,2.211878,-0.734330,-3.514400,2.780070,-0.103747,-0.312460,0.445945,1223.100726,2.824477,533.754900,5.041766,5.525134,308.481038,89.722821,41.839995,18.149092,0.418220,3.903409,-9.778811,1.424776,2.029987,9.882061,-6.990900,-13.726000,6.735100,-0.649076,-0.235790,1.176485,24413.781800,2.488704,2433.728900,6.420175,5.469821,866.004415,460.830931,148.578529,85.197287,0.511861,4.176350,0.001313,0.677002,0.458331,0.677003,1.593600,-1.401000,2.994600,-0.046490,-0.708883,0.552321,114.583269,3.261909,137.391782,4.872375,4.834356,428.175690,187.577125,48.361010,24.177685,0.375788,3.983194,10.047834,1.430696,2.046891,10.149180,14.103080,7.444598,6.658482,0.664621,-0.280928,1.187023,25751.465795,2.513308,2500.750002,6.315091,5.484570,879.783396,441.588483,146.723921,83.546972,0.507497,4.169072,-1.807415,19.056404,363.146539,19.141925,48.245000,-37.846000,86.091000,0.005088,-0.740404,16.085251,91603.321999,0.494284,3979.054035,5.105253,5.756730,11215.404909,3034.251404,990.657633,902.369140,0.437514,3.915208,-1.046594,38.288639,1466.019913,38.302941,89.275000,-85.019000,174.294000,-0.226656,-0.201390,29.503601,366778.817878,0.285118,7329.205360,2.965307,3.984252,21877.441573,3078.639653,694.047034,486.723350,0.218312,3.400872,-1.493584,47.681806,2273.554598,47.705193,95.107000,-116.940000,212.047000,-0.332736,-0.625592,39.914749,568946.347907,0.245468,9928.802290,3.209351,4.478271,27465.981090,2153.940693,895.192912,838.007785,0.258138,3.338676,55.441449,32.180114,1035.559722,64.103931,134.646659,5.821898,128.824761,0.518365,-0.734603,27.509707,1027328.487784,0.367249,13815.493181,3.281899,3.705916,23134.678668,2922.943754,857.548821,347.919780,0.214601,3.575979,0.447611,0.123850,0.015339,0.464429,0.645960,0.153210,0.492750,-0.699735,-0.458782,0.100081,53.923527,-17.415313,111.411960,3.720400,5.861691,65.532196,4.314444,4.145238,3.350684,0.289311,3.325902,-0.773262,0.060293,0.003635,0.775609,-0.630950,-0.910710,0.279760,-0.041935,-0.504751,0.048180,150.392246,-50.853932,192.528735,7.521019,7.821066,33.473108,6.332283,6.620382,6.959829,0.554344,4.115367,-0.069237,0.078408,0.006148,0.104602,0.107460,-0.203950,0.311410,0.365250,-0.876013,0.067061,2.735370,-40.389328,22.153506,3.953639,6.234349,35.792382,3.337811,2.348337,2.612098,0.341189,3.349618,0.909856,0.019152,0.000367,0.910057,0.981739,0.863044,0.118695,0.419619,0.467420,0.015060,207.051144,-214.469458,226.533949,11.451362,7.718199,8.410477,4.917769,5.046440,5.707569,0.771499,4.580815,4.000000
-1.896741,0.687769,0.473026,2.017586,0.136460,-3.695100,3.831560,0.157498,-0.137344,0.543427,1017.663294,2.670337,473.079380,4.157040,4.925612,402.520409,80.668288,38.451413,14.854629,0.319909,3.714016,-9.778892,1.351687,1.827058,9.871868,-6.931200,-14.024000,7.092800,-0.758986,0.115889,1.109985,24363.446640,2.262953,2436.119100,5.626013,4.491374,793.543562,376.841085,117.057170,56.876458,0.386423,3.979275,0.205444,0.754634,0.569472,0.782099,2.080200,-2.042800,4.123000,-0.426736,-0.149687,0.616422,152.919788,2.614025,160.047362,4.808101,5.203738,534.290721,159.401007,54.049755,29.130765,0.425238,4.019743,10.012964,1.369916,1.876669,10.106242,14.292757,7.462840,6.829917,0.836791,0.108604,1.128122,25534.029722,2.353873,2494.470528,5.518234,4.498848,818.645088,365.703412,117.385698,56.495499,0.383051,3.974796,3.148492,15.809675,249.945831,16.120137,41.553000,-33.667000,75.220000,-0.339330,0.044100,12.245727,64964.707482,0.539237,3206.200790,3.607030,4.371394,10399.127508,2097.232432,554.923601,294.315134,0.268958,3.678378,21.223344,50.967350,2597.670779,55.209611,143.710000,-87.872000,231.582000,0.105726,-0.214553,39.646116,762025.273530,0.227650,10686.806010,4.844881,6.197520,30204.659181,4662.244675,3082.398108,2316.764865,0.483515,3.868168,-2.054857,44.459909,1976.683504,44.507370,67.784000,-105.300000,173.084000,-0.548816,-0.499664,36.842509,495226.485296,0.290889,9136.524160,3.651662,5.014980,23728.290669,2557.078808,1224.756918,908.942638,0.317195,3.414859,62.330847,37.466403,1403.731333,72.724589,172.006369,5.821898,166.184471,0.787196,-0.036253,31.024301,1322216.466309,0.292939,15492.677295,3.059346,3.924097,24315.686870,3050.321125,792.451387,443.363382,0.223807,3.492455,0.392696,0.166898,0.027855,0.426691,0.612840,-0.209110,0.821950,-1.012048,0.880470,0.139267,45.516272,-7.754933,99.634617,5.079185,6.468413,96.710775,17.382550,10.797022,9.081813,0.513731,3.917641,-0.798286,0.059866,0.003584,0.800527,-0.684520,-0.968250,0.283730,-0.342972,-0.719878,0.050493,160.211001,-52.181169,198.799595,7.721269,7.747058,30.860906,7.580607,5.740423,7.401444,0.604258,4.183115,0.081009,0.282844,0.080001,0.294216,0.831140,-0.203950,1.035090,1.291117,0.535531,0.229666,21.640787,-4.255970,50.739006,5.130658,6.568267,152.990619,28.710289,17.562397,14.299403,0.538189,3.919562,0.952282,0.051286,0.002630,0.953663,1.105576,0.876077,0.229498,0.868553,0.024321,0.041753,227.368060,-73.873933,237.053096,7.462753,7.577891,26.610291,7.053694,5.245930,7.069383,0.627141,4.208497,4.000000
-1.868766,0.816811,0.667180,2.039477,0.136460,-4.070300,4.206760,-0.271582,-0.366633,0.671075,1039.866320,2.787213,464.897520,4.426165,5.178226,444.059620,102.235625,47.843387,23.005021,0.367454,3.759816,-9.850935,1.457436,2.124119,9.958164,-6.720600,-15.074000,8.353400,-0.645057,0.424760,1.188504,24791.258908,2.046903,2451.536100,6.125955,5.320040,921.390264,385.745440,151.382349,83.221641,0.506867,4.140957,0.318914,0.819999,0.672399,0.879832,2.080200,-2.042800,4.123000,-0.481819,0.115770,0.656354,193.526234,2.750485,178.487460,4.182351,4.564232,519.179442,142.618481,52.311708,17.916803,0.331263,3.827550,10.092168,1.498919,2.246758,10.202872,15.574873,7.338739,8.236134,0.740342,0.452966,1.224122,26024.651462,2.131059,2511.549367,6.008106,5.328459,957.007724,377.257629,153.341936,83.366641,0.505722,4.137093,6.379646,21.301508,453.754248,22.236324,79.696000,-39.750000,119.446000,0.337407,0.821985,16.135049,123613.531351,0.369261,4232.630217,4.525268,5.407936,12552.605334,2626.838210,1051.953050,686.084118,0.422369,3.826315,33.072749,52.988652,2807.797254,62.462821,143.710000,-87.872000,231.582000,-0.265108,-0.382956,42.192503,975400.987917,0.229048,12862.244780,3.803052,5.446130,29991.849094,3878.265559,1942.767160,1484.039677,0.364632,3.597579,0.168263,61.541506,3787.356916,61.541736,138.290000,-123.260000,261.550000,-0.054543,-0.757368,51.616004,946846.307179,0.208724,12837.452200,4.499104,5.778742,31326.518354,4748.004589,2663.223699,2034.490071,0.433501,3.664624,81.930815,38.350812,1470.784783,90.462386,172.006369,10.902221,161.104148,0.251164,-0.818646,32.144776,2045860.826446,0.308943,20389.970447,4.229895,5.289836,25806.082643,4237.784161,1748.133120,1273.832606,0.388246,3.797363,-0.168903,0.572338,0.327571,0.596740,0.612840,-0.962730,1.575570,-0.042021,-1.681265,0.534234,89.024686,1.254295,134.531142,4.644978,6.324488,243.439479,39.882387,24.581302,19.363077,0.486807,3.682079,-0.708897,0.147230,0.021677,0.724025,-0.347220,-0.968250,0.621030,0.863262,-0.104912,0.116299,131.052884,-11.355852,176.552585,4.847310,6.711656,73.674977,8.214180,6.174678,8.453304,0.396369,3.581791,0.339561,0.290387,0.084324,0.446796,0.831140,-0.085526,0.916666,0.172078,-1.296600,0.252086,49.906569,-1.854713,88.926486,2.679020,5.051591,114.189018,7.965543,4.883649,4.307605,0.249426,2.903302,1.037457,0.060168,0.003620,1.039200,1.146511,0.915355,0.231156,-0.221217,-1.081501,0.052465,269.984139,-66.556741,258.366612,7.080929,7.622098,26.710134,5.668450,4.848205,6.668901,0.581480,4.033913,4.000000
-2.136890,0.730443,0.533547,2.258284,-0.380000,-4.070300,3.690300,-0.102088,-0.312134,0.597509,1274.961813,2.870550,532.901490,4.627329,5.289315,395.272236,91.137425,42.281125,24.035729,0.400353,3.791539,-9.839190,1.425733,2.032715,9.941951,-6.720600,-15.074000,8.353400,-0.525734,0.318052,1.150732,24710.595564,2.067252,2451.481850,5.628618,4.785689,809.965666,318.963445,126.890565,57.415360,0.407070,3.942266,0.195543,0.702025,0.492839,0.728750,2.031600,-2.019500,4.051100,0.200378,-0.075195,0.572054,132.769098,2.465340,143.503706,4.539087,4.936083,429.708924,140.412677,43.234559,20.951064,0.358483,3.852863,10.117647,1.451384,2.106515,10.221218,15.574873,7.338739,8.236134,0.594698,0.370565,1.173539,26118.326475,2.114236,2520.966047,5.558991,4.806146,826.678561,311.996952,128.606767,58.256022,0.405349,3.938260,1.415896,23.579356,555.986017,23.621828,79.696000,-41.488000,121.184000,0.375187,0.276824,18.959216,139497.694805,0.369970,4734.921462,3.658690,4.492209,12880.086444,2258.885000,725.488010,409.223285,0.280031,3.529031,14.683406,50.231019,2523.155255,52.333141,110.420000,-90.481000,200.901000,-0.156518,-0.772684,41.634397,684689.418513,0.261034,10810.018379,4.497509,5.957382,31223.659054,4411.945364,2703.524100,2082.140298,0.448873,3.813064,1.469487,64.257565,4129.034662,64.274365,138.290000,-123.260000,261.550000,-0.089987,-0.987631,55.612025,1032798.513497,0.208638,13891.215230,3.115336,4.419372,31522.333795,2515.525952,1209.278481,895.319690,0.248806,3.165430,78.505301,35.564874,1264.860286,86.185512,155.814457,4.560828,151.253629,0.085750,-0.703033,29.235781,1856985.626815,0.326185,19542.674883,3.791670,4.450202,24430.807678,3537.747392,1156.458683,796.240800,0.281312,3.652937,-0.754584,0.169499,0.028730,0.773387,-0.213250,-0.962730,0.749480,1.787436,2.659790,0.113962,149.531751,-10.616722,188.111850,5.211603,6.541227,102.935583,19.081160,11.861623,10.115997,0.535525,3.980738,-0.597968,0.118392,0.014017,0.609576,-0.347220,-0.841270,0.494050,0.263072,-0.770127,0.098597,92.895696,-16.278706,148.915685,5.169822,6.672062,61.298233,8.357814,5.225328,7.437748,0.421588,3.700830,0.272307,0.253307,0.064165,0.371908,0.826750,-0.046053,0.872803,0.711880,-0.703120,0.213414,34.578862,-3.562478,68.493324,3.698631,5.874034,119.456800,12.832279,8.313600,6.351350,0.367174,3.369299,1.051805,0.041601,0.001731,1.052628,1.146511,0.974052,0.172458,0.328821,-0.736737,0.034813,277.006309,-107.670394,261.888278,7.541693,7.843967,19.193129,4.355320,3.801174,5.407038,0.580113,4.057515,4.000000
-2.239463,0.654278,0.428079,2.333082,-0.938990,-4.178600,3.239610,-0.325117,-0.394057,0.540587,1360.817962,2.964148,557.193630,5.774730,5.698210,375.095135,141.883675,65.791628,42.524179,0.512265,4.113727,-9.730510,1.267522,1.606612,9.812718,-6.975800,-13.280000,6.304200,-0.377946,-0.348649,1.043633,24072.361044,2.561308,2421.033100,6.588361,5.388214,654.838816,304.583635,143.176888,80.413831,0.503984,4.065740,-0.057097,0.644876,0.415866,0.647399,1.409100,-1.556600,2.965700,0.072432,-0.682017,0.535861,104.781435,3.165218,134.837685,4.642024,4.878209,426.860929,147.472486,40.964722,20.986164,0.368663,3.938006,10.025488,1.281185,1.641435,10.107019,13.731225,7.751911,5.979314,0.411854,-0.356394,1.058811,25537.960440,2.664437,2494.457342,6.469500,5.406869,670.568466,300.019811,144.904747,77.379009,0.509352,4.069292,-0.454532,24.304869,590.726647,24.309119,77.592000,-80.550000,158.142000,0.017600,0.487028,19.473514,147733.311536,0.288916,4850.271650,4.356550,4.930513,14935.803423,3593.237018,1363.837068,683.078453,0.369638,3.812250,11.358305,44.294381,1961.992198,45.727489,99.771000,-90.481000,190.252000,-0.080172,-0.709865,37.144078,522750.820305,0.270294,9408.310276,3.249448,4.594609,26546.040246,3370.360077,1074.262844,763.005300,0.270978,3.468450,-2.629105,53.109684,2820.638553,53.174719,80.562000,-117.300000,197.862000,-0.322059,-1.143796,46.439259,706887.686813,0.263019,11496.303456,4.560879,5.670511,27855.623688,4518.879962,2193.024266,1673.559380,0.431842,3.705428,67.577431,30.704692,942.778099,74.225921,144.282317,4.560828,139.721489,0.075093,-0.643890,25.179525,1377371.818654,0.342792,16820.624400,5.838141,6.013683,20937.391948,5325.023707,2672.423702,1861.045882,0.540690,4.116747,-0.822915,0.079543,0.006327,0.826750,-0.594200,-1.018600,0.424400,0.053156,0.205956,0.063273,170.879026,-27.522428,205.012380,5.140795,6.605636,47.709564,7.744072,4.427654,4.502018,0.470829,3.884556,-0.546079,0.101742,0.010351,0.555476,-0.255950,-0.712300,0.456350,0.637594,-0.034281,0.081684,77.138526,-21.411742,135.920645,5.656909,7.257937,51.031661,6.130563,5.854339,6.637136,0.445021,3.711840,0.063324,0.215564,0.046468,0.224672,0.436400,-0.464910,0.901310,-0.684718,0.359748,0.158208,12.619401,-4.336652,42.369462,5.047115,6.529021,116.531924,20.004998,13.393485,10.735054,0.521954,3.880964,1.020713,0.026333,0.000693,1.021052,1.082313,0.948377,0.133936,-0.052380,-0.487300,0.021589,260.636953,-167.565836,254.167442,8.912841,7.759980,15.198929,5.776086,4.388837,5.682375,0.717890,4.455377,4.000000
-2.289155,0.961625,0.924722,2.482932,-0.706970,-4.723800,4.016830,-0.343729,-0.739589,0.808250,1541.237997,3.156476,570.655890,5.175879,5.298943,538.859603,192.074466,69.820132,40.211094,0.442509,3.967192,-9.765642,1.370733,1.878910,9.861373,-6.627100,-13.360000,6.732900,-0.196332,-0.587026,1.150239,24311.668498,2.491307,2432.399650,5.648994,5.029851,865.173695,291.197748,127.533959,67.148700,0.439935,4.013095,0.101337,0.659748,0.435268,0.667485,1.513300,-1.556600,3.069900,-0.376891,-0.554065,0.541940,111.384198,3.124896,139.600080,4.889049,5.111400,421.357514,135.330953,46.520894,23.438600,0.393295,3.932091,10.093020,1.410006,1.988117,10.191033,13.946245,7.511394,6.434851,0.234251,-0.486732,1.176684,25964.290692,2.615986,2514.095130,5.488497,5.003204,892.349606,289.243349,127.547659,64.158866,0.434252,4.013548,3.180615,28.864710,833.171484,29.039418,77.592000,-80.550000,158.142000,0.165318,-0.298051,23.743817,210821.949235,0.300535,5857.543915,3.676640,4.318854,18920.714409,3419.862185,1259.218622,572.033916,0.280364,3.686708,24.344235,48.455439,2347.929601,54.227036,143.370000,-74.416000,217.786000,0.256631,-0.674102,40.563081,735142.848573,0.239871,10795.684685,4.616352,5.660919,27802.995443,5618.360206,2226.785861,1766.861724,0.423692,3.786815,-2.186464,58.258809,3394.088800,58.299824,116.270000,-113.030000,229.300000,-0.055685,-1.112241,50.592954,849717.356252,0.233989,12593.250426,2.475628,3.400953,30440.991664,1776.654113,562.773687,418.249398,0.148368,3.029423,77.651618,33.955190,1152.954896,84.750980,147.429386,7.373749,140.055637,0.029329,-0.836124,28.454209,1795682.154061,0.348617,19340.954423,4.052095,4.367393,23362.962236,4789.491288,1274.613068,743.237253,0.304644,3.766946,-0.707089,0.210994,0.044519,0.737898,-0.070393,-1.018600,0.948207,0.846787,-0.007668,0.174233,136.123318,-3.402895,176.305359,5.219898,6.535221,124.729788,22.844077,14.469513,11.945399,0.534331,3.974972,-0.511452,0.088028,0.007749,0.518972,-0.255950,-0.664680,0.408730,1.025361,0.444757,0.068760,67.333031,-29.176228,127.335255,6.430782,7.431136,44.947208,7.203475,7.178728,6.169359,0.489553,3.885658,-0.248667,0.321831,0.103575,0.406707,0.436400,-0.708330,1.144730,0.388503,-0.991651,0.281106,41.352547,-0.196315,85.514244,4.957161,6.421741,177.750504,31.331368,20.328069,14.919903,0.519473,3.897020,0.988549,0.044783,0.002006,0.989563,1.082313,0.901810,0.180503,0.093567,-1.003428,0.038436,244.808897,-97.541476,246.150013,7.973864,7.754438,22.782925,6.994692,5.752410,5.468021,0.620088,4.249307,4.000000
-2.138354,1.049387,1.101213,2.381968,-0.113150,-4.723800,4.610650,-0.207527,-0.814093,0.892965,1418.442478,2.940910,533.218285,4.824986,5.612397,608.591087,151.277042,56.221092,37.816138,0.415523,3.862707,-9.845667,1.376445,1.894602,9.941417,-6.627100,-13.556000,6.928900,-0.198320,-0.444948,1.145244,24707.941030,2.447956,2451.775650,5.755710,5.168770,828.966881,274.340167,134.689029,69.341075,0.449437,4.001084,0.299523,0.571189,0.326257,0.644958,1.513300,-1.020300,2.533600,-0.171667,-0.612510,0.462469,103.992821,3.216018,132.478146,5.195052,5.319714,356.077242,146.389303,45.778895,23.263673,0.425611,4.021635,10.144743,1.416227,2.005700,10.243120,13.946245,7.511394,6.434851,0.247552,-0.398787,1.173310,26230.376329,2.618512,2526.430679,5.742521,5.285761,846.957445,268.332877,136.834998,69.657956,0.453539,3.996262,6.851622,29.768074,886.138245,30.546407,75.847000,-49.244000,125.091000,-0.016865,-0.921580,25.464241,233270.740710,0.375496,6549.996205,3.401865,4.245474,17521.377826,2402.690059,841.375814,562.376056,0.251113,3.500933,22.697280,54.700806,2992.178132,59.222839,143.370000,-86.712000,230.082000,0.037523,-0.648416,44.360842,876836.160945,0.232233,12237.015158,3.048165,4.173883,31142.824151,4355.134848,1053.332351,697.006192,0.224900,3.397133,4.708570,59.659398,3559.243729,59.844919,116.270000,-113.030000,229.300000,-0.240249,-1.160369,51.948840,895353.591359,0.232896,13121.331880,2.926833,4.363019,34280.786805,2382.130709,976.566551,981.129555,0.222827,3.277403,83.411579,32.624384,1064.350401,89.564736,147.429386,10.768791,136.660595,-0.200692,-0.797125,27.154740,2005460.493013,0.353225,20810.275120,4.328725,4.956559,22463.068486,4059.855485,1538.426984,1066.359413,0.350343,3.822746,-0.133408,0.494042,0.244077,0.511737,0.666670,-0.948240,1.614910,0.038903,-1.361752,0.442365,65.468760,2.527941,111.621138,3.661142,5.831129,206.773670,23.199578,15.337695,11.422384,0.371485,3.310904,-0.590753,0.105662,0.011164,0.600128,-0.287700,-0.839290,0.551590,0.297408,0.350036,0.081246,90.038515,-16.332892,146.967140,5.801882,7.227414,57.560132,9.238508,6.848581,7.083101,0.481220,3.891759,-0.457903,0.180147,0.032453,0.492065,-0.164470,-0.708330,0.543860,0.329299,-1.387490,0.159393,60.532093,-14.310440,114.123865,3.421300,5.646445,78.131221,7.411657,4.558374,4.333860,0.317217,3.201047,0.928938,0.035107,0.001232,0.929601,1.023299,0.868873,0.154426,0.642543,-0.247638,0.028720,216.039368,-130.700002,231.303422,8.807635,7.867608,16.295162,6.545012,5.718160,4.647500,0.667498,4.307458,4.000000
-1.951822,0.759799,0.577294,2.094493,-0.113150,-3.418900,3.305750,0.295590,-0.835550,0.649309,1096.725597,3.173377,486.077290,5.040799,5.876296,433.266540,107.288532,44.174649,32.320330,0.444866,3.885250,-9.834991,1.286865,1.656022,9.918824,-7.248900,-14.068000,6.819100,-0.680075,0.281514,1.048842,24595.766468,2.338259,2449.005800,5.805049,4.612894,729.683603,411.015378,126.088579,51.137084,0.413786,4.053118,0.316558,0.564603,0.318777,0.647291,1.414900,-1.037000,2.451900,-0.246083,-0.728785,0.475776,104.746393,3.155634,134.312880,5.053274,4.961517,350.699067,168.991055,46.073808,17.282777,0.415908,4.048265,10.072600,1.315938,1.731692,10.158196,14.282803,7.774726,6.508077,0.659519,0.259939,1.072458,25797.238458,2.453556,2508.215581,5.682973,4.676255,761.437946,402.248443,126.322192,50.852682,0.412967,4.053671,3.429795,25.937050,672.730584,26.162838,75.847000,-49.244000,125.091000,0.008981,-0.694850,22.163417,171123.520163,0.365811,5633.161330,3.316333,3.907586,15313.384482,2660.545379,774.247852,347.908104,0.239015,3.515640,24.226070,49.234347,2424.020944,54.871882,134.570000,-86.712000,221.282000,-0.456208,-0.372388,39.822928,752730.850523,0.234948,11705.631750,3.086282,4.478305,27805.152659,3613.028629,1227.152582,755.648743,0.246429,3.405108,-0.272095,51.066413,2607.778528,51.067138,86.868000,-98.941000,185.809000,-0.304427,-1.126263,44.479867,651963.141003,0.278045,11051.733650,3.268086,4.743234,27453.837067,1940.934947,979.955344,948.114434,0.243064,3.227992,73.476543,30.074370,904.467733,79.393136,135.445927,4.056109,131.389818,-0.189834,-0.793131,25.325243,1575817.511689,0.362183,18277.571506,3.830839,4.606279,22674.734593,3636.438000,1029.851918,727.912667,0.318669,3.790124,0.391785,0.202827,0.041139,0.441173,0.666670,-0.091097,0.757767,-0.801672,-0.349564,0.166956,48.658475,-5.659723,99.369585,4.366193,6.118485,116.802520,17.291809,9.417756,7.408539,0.431525,3.720040,-0.707817,0.081812,0.006693,0.712530,-0.496030,-0.900790,0.404760,0.136187,-0.398566,0.066671,126.924591,-27.645778,176.292595,6.299400,7.536211,45.679335,5.566006,6.891937,7.324710,0.491068,3.919128,-0.241781,0.262763,0.069045,0.357075,0.405700,-0.706140,1.111840,0.156408,-0.218186,0.199049,31.875605,-3.200425,74.257706,5.447961,6.633797,154.195693,33.297369,19.696105,15.574062,0.569602,4.037318,0.910712,0.020937,0.000438,0.910953,0.969390,0.868873,0.100517,0.392525,-0.184314,0.016667,207.458670,-247.174733,226.736388,10.659956,7.891430,9.481690,4.452629,4.748835,5.147967,0.729790,4.492012,4.000000
-2.000155,0.751987,0.565485,2.136845,-0.657920,-5.662200,5.004280,-0.683244,1.634868,0.603603,1141.526718,2.066935,498.500010,5.300889,5.184904,453.665807,194.570961,70.993157,29.609202,0.443423,4.089348,-9.788767,1.456666,2.121876,9.896557,-6.915300,-14.976000,8.060700,-0.793942,0.711308,1.157705,24485.459911,2.111951,2438.896500,5.787779,4.774884,834.821951,414.163549,143.100729,59.760501,0.429502,4.055879,0.234962,0.640877,0.410724,0.682591,1.525900,-1.510400,3.036300,-0.281670,-0.473717,0.526978,116.482738,3.019766,140.525075,4.842842,4.727475,421.178080,176.086942,52.011784,23.495405,0.370897,4.009045,10.040567,1.469995,2.160886,10.147605,15.372642,7.062356,8.310286,0.804894,0.851056,1.156381,25743.469367,2.060697,2501.669717,5.698551,4.789944,850.532924,394.631970,147.018202,57.320638,0.416888,4.046483,0.229393,27.085615,733.630525,27.086586,67.898000,-50.489000,118.387000,0.359655,-0.679292,22.901565,183420.786427,0.388545,5704.487233,4.106512,4.932924,17562.332576,3143.435804,1192.596537,717.038331,0.353521,3.780747,23.808769,47.546821,2260.700163,53.174784,105.810000,-89.352000,195.162000,-0.445587,-0.606658,39.604828,706889.408605,0.264594,11190.355720,2.728563,3.700946,29177.080417,4111.927432,757.808861,397.176746,0.188516,3.396433,-1.565981,57.625819,3320.735060,57.647093,112.560000,-109.880000,222.440000,-0.114253,-0.984449,49.437175,830796.839050,0.239631,12294.386851,3.788002,5.056994,32869.735736,3180.589938,1831.663823,1349.108408,0.332717,3.520331,75.650808,34.079076,1161.383448,82.972454,144.630051,4.056109,140.573942,-0.050185,-0.900937,28.762511,1721107.034082,0.347592,18855.071063,3.747821,3.944330,25157.625690,4642.758613,1213.579974,617.558283,0.256391,3.736277,0.240207,0.276867,0.076655,0.366544,0.662530,-0.246380,0.908910,-0.170861,-1.424439,0.247078,33.588645,-1.882031,76.793010,3.204027,5.378213,118.425308,9.935902,6.693883,5.546007,0.300834,3.192974,-0.731317,0.062855,0.003951,0.734013,-0.583330,-0.900790,0.317460,-0.065561,-0.393206,0.050993,134.693885,-42.694217,182.038625,7.535031,7.765720,34.662658,7.686775,6.904804,7.676248,0.594305,4.162565,0.300623,0.382620,0.146398,0.486593,0.813600,-0.263160,1.076760,-0.182751,-1.701616,0.359102,59.193084,-2.150061,102.836716,4.542805,6.291674,158.982396,26.295833,15.630242,12.728705,0.476199,3.631396,0.953038,0.040268,0.001622,0.953888,1.042186,0.871174,0.171012,-0.048857,-1.090239,0.035080,227.475614,-110.553267,237.314931,8.619312,8.047132,17.401149,4.275103,5.032755,5.431060,0.658545,4.236580,4.000000
-2.152430,0.728286,0.530400,2.272301,-0.657920,-5.662200,5.004280,-0.543799,1.585302,0.574921,1290.838461,2.082051,535.875210,5.085033,5.030844,449.828868,179.313617,66.544950,26.226544,0.428098,4.034682,-9.751246,1.438523,2.069347,9.856782,-6.617700,-14.976000,8.358300,-0.731834,0.660343,1.121756,24289.038397,2.042832,2428.660450,5.694459,4.838019,911.252502,381.730151,129.196916,61.073859,0.413551,4.062707,-0.100692,0.802142,0.643432,0.808438,2.323700,-2.011100,4.334800,0.116655,-0.094902,0.638603,163.392803,2.712453,159.328896,4.811271,5.123770,528.198827,174.052449,57.983315,29.805642,0.394625,3.959383,10.045809,1.433459,2.054804,10.147565,15.372642,7.062356,8.310286,0.737506,0.774594,1.111660,25743.269661,2.049114,2501.959520,5.620894,4.835541,901.903905,362.843542,128.411837,60.519443,0.403197,4.050417,-3.366482,28.238326,797.403073,28.438289,67.898000,-58.629000,126.527000,0.425719,-0.490982,23.105850,202184.068920,0.369947,5799.553093,4.921074,5.503939,17117.055516,4003.882292,1573.612319,1071.627831,0.429983,3.898931,-9.453628,51.865662,2690.046901,52.720186,105.810000,-111.120000,216.930000,0.135963,-0.462767,40.854525,694854.497590,0.242306,10564.216340,2.729530,3.866115,29453.237515,3891.471857,841.229974,464.398912,0.203240,3.334271,1.735788,53.992807,2915.223196,54.020701,112.560000,-109.880000,222.440000,-0.216173,-0.626872,44.385572,729559.038629,0.237652,11053.810081,5.019112,5.884622,30989.809214,5041.148411,2923.983126,2258.628607,0.468835,3.821255,72.627762,35.094140,1231.598673,80.662199,144.630051,4.575958,140.054093,0.095810,-1.121111,30.486187,1626597.605140,0.347465,18061.430019,3.690862,3.963783,25236.662328,4215.292720,1239.890385,601.603845,0.254646,3.705049,0.126311,0.207515,0.043062,0.242933,0.546580,-0.246380,0.792960,0.119652,-1.212401,0.180125,14.754163,-3.821177,48.919268,3.176835,5.560401,85.567720,5.019847,3.105498,3.780867,0.253028,3.090470,-0.773341,0.086588,0.007497,0.778173,-0.583330,-0.996030,0.412700,-0.306603,-0.050518,0.067117,151.388446,-26.333428,192.536635,6.808698,7.725657,37.954108,7.087560,6.527877,6.933075,0.510882,3.908244,0.505333,0.240331,0.057759,0.559572,0.813600,-0.331140,1.144740,-1.482802,1.948256,0.183983,78.280228,-2.871023,131.151319,4.983217,6.528830,123.118385,21.644090,13.427969,11.067220,0.515646,3.848602,0.988386,0.028014,0.000785,0.988783,1.071705,0.944615,0.127090,0.904775,0.476206,0.022184,244.422838,-180.583570,246.081422,9.259813,8.041537,14.544617,5.208794,4.441815,5.107652,0.676872,4.380173,4.000000
-2.203483,0.502157,0.252161,2.259978,-0.854180,-3.430200,2.576020,-0.162627,-0.395293,0.410375,1276.874750,2.644539,548.939410,4.827291,5.604218,325.604325,83.598475,31.559564,22.881362,0.418801,3.956778,-9.743804,1.190797,1.417997,9.816299,-6.617700,-13.051000,6.433300,-0.675474,0.270215,0.917972,24089.930336,2.316309,2427.290300,5.633796,4.741932,756.960308,345.286791,90.247524,49.767174,0.412298,4.034257,-0.266201,0.837127,0.700782,0.878433,2.323700,-2.150300,4.474000,0.070114,0.317478,0.656485,192.911262,2.607967,166.994252,4.012421,4.277914,519.431117,157.255783,41.572713,16.180082,0.282333,3.760604,10.043943,1.165367,1.358081,10.111324,13.305317,7.209521,6.095796,0.681753,0.124256,0.909119,25559.716348,2.424197,2502.104118,5.643790,4.752147,742.568808,340.305886,91.036474,51.083970,0.411856,4.043492,-6.715299,22.430817,503.141540,23.414457,52.611000,-64.810000,117.421000,-0.288113,-0.069879,17.908500,137059.194672,0.380782,4558.537939,3.898109,4.593492,15166.535469,2645.826259,901.763338,508.972764,0.304705,3.727546,-39.986594,37.868496,1434.022983,55.072231,25.080000,-138.870000,163.950000,-0.731508,-0.248674,30.702627,758237.665014,0.299255,10488.912810,2.641665,3.727392,22439.794637,2748.597724,595.815295,289.938051,0.183683,3.319612,2.305227,33.017020,1090.123634,33.097397,61.530000,-89.643000,151.173000,-0.615804,-0.087867,26.468392,273859.426641,0.318256,6613.367780,4.428417,5.450854,21689.080176,2948.453937,1645.755306,1197.800852,0.406286,3.783791,60.502656,31.875599,1016.053800,68.385855,139.813404,3.557223,136.256181,0.442194,-0.575997,26.377955,1169156.286327,0.351880,15061.691392,3.658920,4.306365,20563.782801,4456.602683,1092.093836,612.272653,0.280519,3.705087,0.090046,0.310507,0.096415,0.323300,0.602480,-0.569360,1.171840,-0.397586,-1.131839,0.268144,26.130717,-0.160468,71.734933,3.706974,5.822412,118.772027,13.877239,7.839475,6.259065,0.359101,3.288345,-0.813754,0.069932,0.004890,0.816753,-0.646830,-0.996030,0.349200,-0.339816,-0.273327,0.056179,166.771468,-36.422987,202.721210,6.848094,7.591478,33.911729,6.328288,7.124649,6.998576,0.540641,3.997013,-0.102500,0.498861,0.248862,0.509282,0.638160,-0.750000,1.388160,0.188513,-1.617605,0.466919,64.842132,0.801732,118.810309,4.605674,6.365240,220.943169,35.643874,22.194062,17.465099,0.484181,3.679592,1.014248,0.047737,0.002279,1.015371,1.118966,0.936184,0.182781,0.200927,-1.339090,0.042901,257.744317,-100.981800,252.528148,7.606556,7.863717,22.030845,5.809606,4.962698,4.973507,0.579231,4.085523,4.000000
-2.048691,0.507489,0.257545,2.110611,-0.854180,-3.239200,2.385020,-0.148211,-0.541701,0.411744,1113.670174,2.937352,509.507450,4.538869,5.226115,300.175218,85.364853,26.840250,16.177971,0.394862,3.855926,-9.706486,1.245271,1.550700,9.786040,-7.382800,-13.453000,6.070200,-0.692008,-0.078499,1.005232,23941.644627,2.532030,2417.015850,6.276874,5.567852,793.116879,327.451219,113.162657,79.015394,0.512889,4.147157,0.008071,0.751920,0.565383,0.751963,2.080600,-2.150300,4.230900,-0.448849,0.872740,0.563417,141.362152,2.493826,140.158897,4.589031,5.159882,507.312361,150.300271,48.013116,19.871614,0.371224,3.926281,9.962040,1.242769,1.544475,10.039258,13.734905,7.971977,5.762928,0.689199,-0.104375,1.009056,25196.676953,2.649018,2480.450790,6.153741,5.548032,793.756647,311.101339,110.916068,75.271447,0.499966,4.125881,-4.392691,25.651912,658.020579,26.025301,52.611000,-64.810000,117.421000,-0.034431,-0.513956,20.726261,169329.078770,0.389671,5276.155852,3.873662,4.725321,16263.108066,2826.996140,1094.309509,499.647980,0.328200,3.709232,-20.465775,42.338617,1792.558471,47.025593,62.868000,-138.870000,201.738000,-0.545673,0.381562,33.039655,552851.608348,0.251893,8937.355080,2.406342,3.602265,23339.843912,2760.443136,580.385253,304.820658,0.170547,3.197339,0.698126,40.818317,1666.135013,40.824287,77.714000,-89.302000,167.016000,-0.259296,-0.728680,33.115545,416655.598249,0.299336,8222.067280,3.145332,4.169885,24736.195570,1810.246531,995.941581,571.130858,0.240272,3.382258,60.401013,30.117484,907.062830,67.493297,139.813404,3.557223,136.256181,0.380682,-0.375997,24.692239,1138836.285367,0.348324,15031.673275,3.961105,4.564616,20635.898515,4489.578144,1084.194560,859.543773,0.316441,3.783809,-0.251627,0.321733,0.103512,0.408446,0.602480,-0.695650,1.298130,1.008223,0.150812,0.246525,41.707118,-0.431158,94.097261,4.768501,6.304353,174.163753,30.185629,18.362939,13.531676,0.494697,3.823925,-0.718809,0.089609,0.008030,0.724373,-0.577380,-0.934520,0.357140,-0.591814,-0.789213,0.077524,131.179214,-33.366236,178.976170,7.048962,7.778433,33.649212,7.001348,7.399214,7.647502,0.527124,3.863410,-0.616886,0.124432,0.015483,0.629311,-0.322370,-0.815790,0.493420,0.641953,-0.529086,0.106123,99.008015,-17.241487,153.708405,4.801348,6.411808,68.969727,11.305696,7.267554,5.800755,0.486829,3.829270,1.042233,0.036431,0.001327,1.042870,1.118966,0.936184,0.182781,-0.792756,0.353547,0.028381,271.894348,-109.436487,259.514317,8.842900,7.851354,16.019028,5.944860,5.743218,6.310944,0.666309,4.274914,4.000000
-1.986135,0.505555,0.255586,2.049468,-0.963440,-3.239200,2.275760,-0.385720,-0.557358,0.418725,1050.079603,2.943865,495.171840,4.463665,5.211731,282.145448,77.022566,32.763324,12.316191,0.363981,3.782341,-9.749639,1.222616,1.494790,9.825999,-7.382800,-13.453000,6.070200,-0.740887,-0.029650,0.997538,24137.563757,2.511788,2428.706150,6.074640,5.264395,708.193032,277.089804,124.590445,64.468273,0.486343,4.071224,0.090094,0.681642,0.464635,0.687570,1.992400,-1.695500,3.687900,-0.265115,0.208957,0.532793,118.188073,2.676884,134.221793,4.655838,5.189905,431.596052,130.816679,37.972089,18.280091,0.372532,3.879496,9.984928,1.234721,1.524536,10.060980,13.734905,7.971977,5.762928,0.729776,-0.070462,1.009648,25305.831433,2.632873,2487.394669,5.946902,5.290326,731.814709,268.584422,127.685888,63.367893,0.489134,4.079446,-4.281768,25.753022,663.218152,26.106545,51.264000,-62.354000,113.618000,-0.070328,-0.669445,21.004198,170387.923153,0.406391,5259.281042,3.942215,4.968643,15032.657188,2415.536463,918.659285,592.766193,0.329491,3.633427,-13.766815,41.753413,1743.347483,43.964448,62.868000,-118.370000,181.238000,-0.475774,-0.278470,33.711685,483218.168136,0.278657,8637.004300,3.613384,5.307817,22859.105750,2580.841217,1383.362904,1016.858052,0.335931,3.467682,0.574444,43.158901,1862.690713,43.162723,77.714000,-98.384000,176.098000,-0.440352,-0.747675,35.648854,465755.174587,0.287570,8919.210402,2.885040,3.966453,25083.237795,1548.327107,799.021220,532.307567,0.198611,3.228350,59.829109,29.965360,897.922807,66.913714,132.450473,9.178264,123.272209,0.366295,-0.764716,25.627777,1119361.265876,0.381468,14911.629309,3.601331,4.202821,20635.374242,2560.216413,961.041823,554.028778,0.253013,3.589989,-0.641863,0.255679,0.065372,0.690913,-0.144930,-1.039300,0.894370,0.256181,-1.246677,0.226094,119.340032,-2.852519,159.726670,3.332128,5.555111,104.992923,9.244243,6.559134,5.283725,0.304846,3.158833,-0.606548,0.067406,0.004544,0.610282,-0.418650,-0.718250,0.299600,1.143899,0.529014,0.052774,93.110891,-51.300194,151.042650,6.757502,7.493102,36.712866,8.624970,5.683852,6.568320,0.554574,4.082836,-0.365439,0.391420,0.153209,0.535495,0.440790,-0.815790,1.256580,0.676383,-0.941476,0.349752,71.688721,-0.443671,117.735759,4.155271,6.166618,169.944827,23.824676,14.564036,11.087334,0.431096,3.504831,1.065645,0.030957,0.000958,1.066095,1.156918,1.000150,0.156768,0.197929,-0.300008,0.024896,284.139645,-132.159747,265.350437,9.216178,7.783143,13.464601,6.209079,4.453723,5.661544,0.673827,4.343794,4.000000
-1.992436,0.511925,0.262068,2.057150,-0.971950,-3.499600,2.527650,-0.428439,-0.365923,0.423691,1057.967032,2.688597,494.981600,4.769742,5.529990,297.580630,77.725021,39.764743,19.487279,0.418334,3.871176,-9.797898,1.307779,1.710287,9.884791,-7.273400,-13.696000,6.422600,-0.745701,0.193470,1.052307,24427.271008,2.504808,2437.898900,5.919888,5.030853,790.484853,363.902137,150.839826,62.543731,0.466433,4.099544,0.072261,0.674919,0.455516,0.678777,1.764600,-1.695500,3.460100,-0.284116,-0.031499,0.543557,115.184445,2.823684,136.038368,4.392156,4.864661,425.002550,132.780364,37.748380,22.672406,0.344510,3.862078,10.032483,1.323243,1.750973,10.119372,13.931883,7.562769,6.369114,0.731780,0.188270,1.062741,25600.422485,2.527397,2496.103961,5.745098,4.975039,813.866258,352.053317,151.997247,59.650272,0.448415,4.079979,-2.654951,20.538160,421.815997,20.709050,39.845000,-62.354000,102.199000,-0.507575,0.030154,16.462539,107216.190035,0.430943,4053.238949,3.444436,4.369279,12205.747799,1966.939127,706.003775,380.604366,0.276361,3.531112,-14.135548,41.139264,1692.439076,43.500032,70.374000,-118.370000,188.744000,-0.565594,-0.303091,33.828624,473063.196923,0.266226,8445.900724,3.700501,5.254499,21923.202546,3247.872858,1439.085297,897.262381,0.347210,3.501413,1.658642,39.428881,1554.636696,39.463753,60.360000,-98.384000,158.744000,-0.585415,-0.369789,32.043844,389346.946840,0.309833,8033.716322,2.813233,3.797674,22979.634727,1640.531049,666.971594,378.166310,0.182371,3.207897,54.096642,30.855448,952.058649,62.277647,132.450473,4.241920,128.208554,0.610275,-0.428772,25.693544,969626.333798,0.367766,13448.021226,3.715461,4.671259,19865.540156,2337.745921,1217.663620,627.102815,0.303991,3.617775,-0.859644,0.104017,0.010820,0.865914,-0.424430,-1.039300,0.614870,2.477818,7.660245,0.061750,187.451719,-22.063167,214.288780,5.224479,6.475359,64.240074,11.335341,7.230006,6.127758,0.506109,3.959557,-0.519588,0.102905,0.010589,0.529680,-0.218250,-0.696430,0.478180,0.708305,0.064567,0.082769,70.140156,-19.933265,129.315550,5.489596,6.973043,55.613759,7.791646,6.911768,7.608260,0.452890,3.788654,0.091211,0.288398,0.083173,0.302478,0.460530,-0.732460,1.192990,-1.139697,0.935542,0.224713,22.873188,-1.487564,63.220357,4.913518,6.371554,161.302678,28.136135,17.446825,14.007570,0.510899,3.868644,1.058556,0.036324,0.001319,1.059179,1.156918,0.976898,0.180020,0.081198,-0.523759,0.029792,280.465063,-106.850637,263.609308,8.085692,7.772943,16.992771,5.339165,4.258294,5.691891,0.637193,4.220659,4.000000
-2.137411,0.498466,0.248469,2.194765,-0.971950,-3.499600,2.527650,-0.110583,-0.502900,0.411155,1204.248634,2.758806,532.812000,5.539338,5.818101,268.710053,100.364892,40.427706,20.004796,0.473362,3.993433,-9.693467,1.403239,1.969080,9.794508,-6.985300,-13.696000,6.710700,-0.744261,0.151495,1.131246,23983.096469,2.507646,2414.445650,5.451511,4.314530,873.359581,441.228406,146.361663,43.153704,0.372904,4.032312,-0.059021,0.719323,0.517426,0.721741,1.775400,-1.434400,3.209800,0.079212,-0.698540,0.609147,130.227361,3.085013,152.246315,5.066529,5.303934,427.164420,162.807631,49.963694,26.714297,0.427080,3.972134,9.964317,1.408077,1.982681,10.063314,13.931883,7.427704,6.504179,0.737384,0.122149,1.133935,25317.572464,2.571865,2481.983841,5.424743,4.383908,881.925808,432.138494,148.229681,44.399159,0.380456,4.039487,-3.320323,20.965239,439.541236,21.226535,38.900000,-65.767000,104.667000,-0.550166,0.161910,16.945426,112641.444667,0.418996,4242.622450,3.625718,4.473105,12965.822510,2580.570487,691.676068,381.255012,0.297317,3.665686,-19.493945,44.814077,2008.301500,48.870394,72.021000,-122.410000,194.431000,-0.307789,-0.556082,37.187313,597078.851528,0.264040,9498.690264,2.725784,4.031315,24314.670510,2454.412034,750.981662,469.864810,0.198319,3.222047,1.134535,36.273871,1315.793719,36.291609,60.360000,-96.869000,157.229000,-0.375940,-0.594661,30.529366,329270.222062,0.310550,7623.492595,3.326712,4.399937,20083.430296,2060.262559,683.777191,517.056882,0.249018,3.338647,57.976029,28.191172,794.742159,64.466752,126.056416,4.241920,121.814497,0.314250,-0.496336,23.284615,1038990.518256,0.382233,14461.450237,3.585961,4.263252,16325.542718,2786.307602,673.648135,494.230949,0.260995,3.490700,-0.701565,0.286948,0.082339,0.757979,0.128360,-0.935820,1.064180,1.606946,1.343212,0.222572,143.633156,-6.394767,177.305324,5.130599,6.557075,156.828426,28.167799,17.670701,15.505825,0.533478,3.924163,-0.506318,0.108629,0.011800,0.517839,-0.218250,-0.696430,0.478180,0.358714,-0.523535,0.089832,67.039429,-18.240794,125.978220,5.922111,7.323778,53.593029,10.125750,6.327887,7.357052,0.480305,3.822694,0.373158,0.237778,0.056538,0.442476,0.754390,0.046053,0.708337,0.328063,-1.463234,0.212419,48.946266,-7.462370,92.859604,4.147702,6.213160,110.418828,12.730144,9.378477,7.268532,0.415124,3.496491,1.018463,0.034762,0.001208,1.019056,1.097160,0.935322,0.161838,-0.088965,-0.610446,0.028594,259.618852,-121.816639,253.606589,8.340727,7.934720,18.846439,5.157747,4.855090,5.195380,0.669933,4.314225,4.000000
-2.232372,0.408777,0.167098,2.269490,-1.390600,-3.334300,1.943700,-0.123184,-0.553059,0.335904,1287.646203,2.491688,555.664050,6.413773,6.217900,269.739451,108.739444,55.130214,35.352070,0.588329,4.277823,-9.701394,1.157989,1.340938,9.770261,-6.985300,-13.650000,6.664700,-0.736235,0.460506,0.914443,23864.497826,2.272996,2416.589700,5.763874,4.543137,751.207972,363.043044,136.692916,47.402859,0.403444,4.105459,-0.268640,0.776331,0.602690,0.821497,1.775400,-1.787800,3.563200,0.237873,-0.641926,0.651750,168.714260,3.007412,173.314940,4.917937,5.323642,487.179135,162.875447,59.830147,29.320585,0.446514,4.016186,10.000003,1.132860,1.283371,10.063967,13.926201,7.427704,6.498498,0.763585,0.486357,0.889454,25320.858290,2.277100,2490.785307,5.751840,4.584447,744.300821,357.421058,137.474228,49.377390,0.417362,4.129406,-6.223042,19.143675,366.480292,20.129743,38.900000,-65.767000,104.667000,-0.570500,0.616915,14.911710,101301.634402,0.413782,3815.454490,3.994293,4.946612,12174.487633,2487.270257,714.640223,575.656774,0.345985,3.726881,-35.825661,43.310752,1875.821218,56.207644,72.021000,-122.410000,194.431000,-0.107943,-0.497574,35.234349,789824.801070,0.261593,10926.639290,4.690298,5.795845,29540.232027,5122.164092,2746.706846,2061.118711,0.470038,3.948053,2.352191,26.457947,700.022957,26.562300,49.221000,-57.251000,106.472000,-0.313456,-0.853846,22.351400,176388.939900,0.430101,5569.041762,5.343099,6.043816,18189.616392,3888.716897,1899.034652,1543.507238,0.525277,4.065227,58.074359,29.957141,897.430273,65.345708,126.056416,3.820533,122.235883,0.393226,-0.597264,24.702743,1067515.375372,0.385243,14430.981510,3.357183,4.086907,19279.001722,2940.440069,806.423915,506.111314,0.239581,3.546061,-0.090037,0.513740,0.263929,0.521570,0.602480,-0.884060,1.486540,-0.289006,-1.427822,0.462663,68.008921,1.518539,112.311551,4.475448,6.280483,233.454637,36.424569,22.288884,18.196919,0.468544,3.657061,-0.628381,0.114362,0.013079,0.638703,-0.343250,-0.801590,0.458340,0.866055,-0.398964,0.094693,101.985237,-21.710030,156.462255,6.254354,7.528859,53.142660,8.968275,7.666178,8.490552,0.500446,3.875108,0.419061,0.266720,0.071139,0.496741,0.754390,-0.122810,0.877200,-0.365356,-1.447244,0.245786,61.687959,-4.134852,105.800454,3.886230,6.101579,95.247349,11.931512,6.814604,6.398618,0.383605,3.251000,0.961115,0.054644,0.002986,0.962667,1.097160,0.879034,0.218126,0.576705,-0.613059,0.046313,231.682117,-76.382098,239.337090,7.613879,7.931892,21.305993,5.306398,4.352383,5.184648,0.567242,4.008284,4.000000
-2.108283,0.528032,0.278818,2.173402,-0.588530,-3.642000,3.053470,0.083147,0.036077,0.419778,1180.918866,2.479337,524.762300,4.829414,5.248970,335.423119,114.598075,30.621790,18.465873,0.398418,3.941852,-9.784815,1.121467,1.257687,9.848872,-7.826200,-13.801000,5.974800,-0.866929,0.259418,0.908460,24250.071970,2.400489,2436.434400,5.994042,4.974223,678.281726,342.856388,132.050773,60.876385,0.455570,4.120807,-0.066935,0.672940,0.452848,0.676261,1.593000,-1.787800,3.380800,-0.337109,-0.218171,0.551776,114.332108,2.912143,137.344487,4.299529,4.658665,421.931187,135.750990,40.582404,15.468382,0.340706,3.865190,10.044927,1.131692,1.280727,10.108476,14.077859,8.244430,5.833428,0.833042,0.295934,0.905342,25545.322944,2.470930,2501.161852,5.893654,4.975083,697.650434,342.269866,132.302986,61.454459,0.456147,4.125902,-4.196760,17.808318,317.136177,18.296146,40.916000,-46.200000,87.116000,-0.027240,-0.354007,14.276110,83687.242937,0.489184,3645.913040,3.918368,4.703510,11672.208466,1995.509036,787.717756,431.781162,0.314358,3.731067,-12.396211,44.014578,1937.283111,45.726898,66.331000,-120.380000,186.711000,-0.357844,-0.283911,35.233391,522737.291358,0.270942,8853.504180,3.009496,4.399327,25600.953640,2893.468025,881.693018,703.737896,0.242823,3.382672,-0.258161,36.326919,1319.645048,36.327836,58.023000,-112.800000,170.823000,-0.639080,0.251420,28.990419,329927.923672,0.287020,7205.911502,2.700745,3.383263,23196.323203,1208.728963,302.717819,371.843828,0.152279,3.234631,53.172838,30.299491,918.059139,61.199754,132.519222,3.820533,128.698688,0.592602,-0.448059,24.773716,936352.457967,0.366416,13246.573890,3.488291,4.138634,21502.345440,2756.794968,917.181497,495.700694,0.261047,3.640243,0.399014,0.157603,0.024839,0.429012,0.652170,0.051760,0.600410,-0.615677,-0.736264,0.134700,46.012788,-11.445429,99.489630,4.303993,6.175932,86.109410,11.674944,7.126099,5.108323,0.408037,3.657629,-0.745667,0.055428,0.003072,0.747724,-0.636900,-0.896830,0.259930,-0.654353,-0.200858,0.044839,139.772701,-60.042871,185.681510,7.607138,7.894459,31.433465,6.824391,5.555383,7.569790,0.572050,4.175874,0.127413,0.273486,0.074794,0.301709,0.684210,-0.162280,0.846490,0.847065,-0.840683,0.235923,22.757073,-6.190281,51.921078,4.611943,6.370120,121.042069,19.255180,12.180986,9.944505,0.477683,3.662239,0.913125,0.019309,0.000373,0.913329,0.979509,0.877921,0.101589,0.459101,0.215679,0.015236,208.542562,-255.041059,227.340789,10.811918,7.839008,9.054802,5.108739,4.167095,5.160405,0.763005,4.548844,4.000000
-2.003937,0.651256,0.424135,2.107106,-0.588530,-3.696600,3.108070,-0.361923,-0.526819,0.540232,1109.974157,3.048892,498.719000,5.276720,5.427728,411.104398,159.903205,45.798007,31.922201,0.444002,4.055380,-9.741774,1.260886,1.589834,9.823034,-7.886400,-14.215000,6.328600,-0.995959,0.586023,1.023845,24122.998764,2.306680,2425.481400,6.111026,5.149150,715.683766,327.207369,148.945677,63.293424,0.459979,4.061677,0.039822,0.564294,0.318428,0.565697,2.073100,-1.202800,3.275900,0.420103,0.103329,0.461997,80.003347,2.459091,115.016132,5.941379,5.690409,320.401581,151.106345,61.103693,27.561820,0.478499,4.082173,9.977198,1.306681,1.707416,10.062401,14.486115,7.963136,6.522978,0.919264,0.414377,1.059923,25312.976268,2.384269,2484.060421,5.968052,5.142601,751.690221,331.227228,148.964244,63.455998,0.452970,4.053514,-0.225193,22.942390,526.353281,22.943496,62.693000,-52.557000,115.250000,-0.119718,-0.558131,19.059935,131600.998113,0.392103,4745.284870,4.441112,5.373802,14141.404640,2255.395258,1083.462124,696.777964,0.376553,3.754480,10.278178,41.492724,1721.646152,42.746779,95.606000,-92.860000,188.466000,-0.450139,-0.369924,33.180590,456821.772563,0.267580,8836.406300,4.283494,5.587857,25245.234507,4328.299612,1809.413823,1418.525275,0.413463,3.781504,-1.394013,49.857689,2485.789168,49.877174,94.789000,-112.800000,207.589000,-0.425027,-0.781006,42.679084,621933.109975,0.250603,10588.615800,4.086196,5.220660,30130.453770,3303.912822,1852.708929,1437.519282,0.348431,3.614798,62.753074,30.057865,903.475269,69.580339,132.519222,3.973205,128.546017,0.279110,-0.737988,24.719810,1210355.880651,0.369533,15613.919187,3.699113,4.102871,21505.835270,3427.842082,1023.227195,493.406580,0.268215,3.702751,0.425035,0.112729,0.012708,0.439730,0.652170,0.196690,0.455480,-0.214619,-1.026131,0.097217,48.340654,-19.719531,105.828135,3.695898,5.860451,62.528542,2.959982,2.924123,3.248923,0.272445,3.313816,-0.809508,0.062957,0.003964,0.811952,-0.656750,-0.946430,0.289680,0.116629,-0.587778,0.052207,164.816617,-48.333200,201.577360,7.201042,7.795904,35.798225,7.290776,6.010230,6.895805,0.570739,4.116456,-0.014474,0.112804,0.012725,0.113729,0.381580,-0.162280,0.543860,1.524185,2.934652,0.079179,3.233551,-21.324577,20.107490,5.540715,6.557593,72.047315,14.969624,9.668948,7.305742,0.568727,4.095563,0.929817,0.031675,0.001003,0.930357,1.043019,0.877921,0.165099,0.573146,-0.180891,0.025954,216.390822,-130.116178,231.503321,9.290885,8.061587,16.012804,6.195700,5.003611,5.706099,0.706608,4.411935,4.000000
-1.923920,0.781056,0.610049,2.076419,-0.383280,-3.696600,3.313320,-0.146472,-0.932387,0.660731,1077.878894,3.301846,479.368780,5.290726,5.742101,441.352024,145.426365,57.912764,36.596145,0.454109,3.958547,-9.773726,1.320493,1.743701,9.862527,-7.633600,-14.215000,6.581400,-0.686073,-0.110620,1.100661,24317.357303,2.414213,2434.038100,5.532704,4.961244,855.407184,264.313158,135.916814,60.909006,0.438553,4.037383,0.099458,0.586935,0.344493,0.595302,2.073100,-1.319200,3.392300,0.334439,0.233631,0.461602,88.596211,2.484052,116.346708,6.233182,5.905631,380.959609,166.099984,72.576301,39.779069,0.548153,4.228324,10.002585,1.372452,1.883625,10.096303,14.486115,7.659420,6.826694,0.642501,-0.147239,1.139678,25483.832407,2.411865,2491.002460,5.392105,4.921584,899.250969,265.240467,137.994413,60.970449,0.429405,4.025256,5.945183,25.477733,649.114894,26.162188,62.693000,-52.557000,115.250000,-0.210612,-0.825732,21.402701,171115.024924,0.399367,5576.473555,4.021902,5.060750,14855.017646,2090.349231,951.256776,564.810822,0.334829,3.603930,33.634543,46.703222,2181.190962,57.554091,121.430000,-92.860000,214.290000,-0.437026,-0.312129,37.925740,828118.361841,0.241812,12022.482740,3.898490,5.329063,26000.640135,4098.321419,1683.762154,1248.497401,0.363200,3.610320,1.009489,59.804858,3576.621086,59.813378,106.870000,-114.370000,221.240000,-0.265604,-1.096184,52.149691,894410.038378,0.241905,13038.908150,3.214236,4.349962,34155.829617,2363.039823,1313.344856,1076.683417,0.224239,3.281755,80.967982,31.918013,1018.759577,87.032027,141.777097,3.973205,137.803892,-0.123230,-0.860683,27.109915,1893643.425142,0.349300,20184.971363,3.497656,3.943638,21719.122173,3935.014424,1048.539164,445.421019,0.233049,3.627244,0.078915,0.451727,0.204058,0.458569,0.585920,-0.906830,1.492750,-0.873442,-0.721259,0.387006,52.571292,0.775377,103.415060,5.059715,6.505927,213.871369,40.749781,24.438948,19.820440,0.524768,3.823965,-0.811523,0.083620,0.006992,0.815820,-0.517860,-0.946430,0.428570,1.437256,2.158668,0.059981,166.390659,-30.007718,202.175510,6.083905,7.192798,49.154436,7.921584,6.687922,7.411830,0.501591,3.994207,0.288114,0.278613,0.077625,0.400793,0.774120,-0.144740,0.918860,0.147051,-1.495777,0.254987,40.158746,-2.285119,76.731471,2.707952,5.375860,89.349982,4.965787,3.575586,3.145324,0.238024,2.693081,1.015339,0.074624,0.005569,1.018078,1.173678,0.886590,0.287088,0.157501,-1.255344,0.066848,259.120698,-47.141183,252.825339,6.731109,7.541077,34.114814,8.548312,5.599804,6.192514,0.582300,4.048115,4.000000
-1.909225,0.777013,0.603749,2.061283,-0.383280,-3.540800,3.157520,-0.131128,-0.970037,0.654868,1062.222174,3.398945,474.863710,5.024193,5.737941,404.856107,118.138670,36.580166,31.929190,0.408161,3.792016,-9.853501,1.292076,1.669461,9.937854,-7.633600,-13.204000,5.570400,-0.533738,-0.623278,1.089930,24690.234642,2.801161,2453.137600,5.540898,4.805827,816.061479,279.891559,113.249026,51.935601,0.411337,3.994658,0.147407,0.564069,0.318174,0.583011,1.492400,-1.319200,2.811600,-0.017734,-0.400798,0.459809,84.975597,2.882646,119.477651,4.679769,4.714899,351.316483,108.333790,41.058067,16.379202,0.351528,3.885815,10.077311,1.340718,1.797526,10.166107,13.655386,7.659420,5.995966,0.510902,-0.559518,1.122679,25837.432412,2.716572,2508.790452,5.447960,4.847769,856.868708,288.057432,114.208151,53.624201,0.417702,3.997755,4.480195,25.545099,652.552106,25.935001,51.293000,-48.114000,99.407000,-0.283153,-0.911903,21.586482,168156.063279,0.457473,5534.480545,3.819333,4.710929,15967.518773,2219.969904,971.468917,585.869492,0.320547,3.633590,28.948614,51.281629,2629.805494,58.888265,121.430000,-112.340000,233.770000,-0.625689,0.002037,40.768422,866956.936716,0.224489,12258.374480,2.975393,4.498529,28566.889689,2809.886385,1013.468409,455.514757,0.236313,3.351574,0.565165,58.325463,3401.859599,58.328201,106.870000,-114.370000,221.240000,-0.227138,-1.079428,50.185198,850544.752658,0.241626,12524.684990,3.301545,4.522332,32694.930747,2482.098162,1312.343047,938.821770,0.262986,3.325688,79.933842,33.958974,1153.211922,86.848322,141.777097,5.827723,135.949375,-0.175444,-1.022798,29.349871,1885657.752653,0.355945,19926.189330,3.862105,4.557034,23432.425638,4095.307079,1082.798357,522.217182,0.289228,3.712599,-0.519544,0.412691,0.170314,0.663506,0.486540,-0.906830,1.393370,1.136270,-0.155276,0.347101,110.060049,-1.542381,152.080660,4.768234,6.356418,212.150309,34.912136,21.986524,18.050068,0.499679,3.809802,-0.709119,0.124386,0.015472,0.719945,-0.416670,-0.910710,0.494040,0.431051,-0.787544,0.105151,129.580349,-16.529823,176.536635,5.061303,6.883286,65.230464,8.131543,6.106121,8.240622,0.419937,3.673720,0.352790,0.236151,0.055767,0.424533,0.774120,-0.041667,0.815787,-0.075894,-1.223403,0.203834,45.056972,-3.464813,88.856436,3.363420,5.680419,106.184747,9.701963,6.115521,4.820264,0.326163,3.252444,1.066423,0.039127,0.001531,1.067141,1.173678,0.991521,0.182157,0.147187,-0.503032,0.031928,284.697370,-102.724837,265.588590,8.043257,7.840607,18.359284,4.708789,4.899351,5.992251,0.606718,4.183215,4.000000
-1.913989,0.626456,0.392448,2.013902,-0.580260,-3.540800,2.960540,-0.094977,-0.522217,0.511710,1013.950563,3.038870,477.382690,5.059673,5.625166,354.589700,93.876146,36.437455,25.325351,0.437935,3.897584,-9.845532,1.302277,1.695926,9.931286,-7.791300,-14.032000,6.240700,-0.730038,-0.216595,1.076311,24657.608653,2.515388,2451.657850,5.651298,4.935033,837.886937,269.876402,132.286596,48.655483,0.427829,4.021877,0.143246,0.546739,0.298923,0.565193,1.450500,-0.994870,2.445370,-0.085421,-0.914655,0.471438,79.860645,3.012309,119.694687,4.728166,4.955508,325.557549,95.307782,35.429533,15.973417,0.371899,3.875636,10.060146,1.341321,1.799141,10.149171,14.287805,7.825997,6.461809,0.671604,-0.252516,1.104842,25751.419861,2.498020,2505.166264,5.525809,4.903274,864.348550,274.625337,130.989044,48.622566,0.422650,4.017288,0.360090,24.921955,621.103847,24.924556,45.547000,-51.905000,97.452000,-0.269018,-0.996234,21.328334,155308.377900,0.463198,5330.953740,3.200775,4.005831,14392.841643,1301.743920,659.582322,351.049461,0.227712,3.361179,9.434070,41.503585,1722.547576,42.562298,83.295000,-112.340000,195.635000,-0.881874,0.191439,32.976381,452887.311445,0.255525,8931.449291,3.418818,4.781372,21470.119825,2173.368307,897.227808,359.310501,0.268448,3.397546,-1.298815,49.853504,2485.371910,49.870420,81.121000,-125.070000,206.191000,-0.366930,-0.625495,41.456206,621764.707486,0.252699,10323.123080,3.413589,4.555705,26985.439413,2259.999512,1101.461295,824.046012,0.272857,3.312244,62.945125,30.947583,957.752872,70.141582,140.586510,5.827723,134.758787,0.440143,-0.623052,25.843128,1229960.396832,0.354104,15679.808515,4.075064,4.818748,20162.230141,3283.611968,1084.197396,534.211258,0.315485,3.696029,-0.805557,0.077690,0.006036,0.809295,-0.619050,-0.997930,0.378880,-0.277687,-0.232357,0.063346,163.739532,-31.632295,200.583905,5.350520,6.671714,42.910073,6.070064,3.883216,3.899866,0.456831,3.834146,-0.601786,0.108101,0.011686,0.611418,-0.315480,-0.859130,0.543650,0.306577,-0.166212,0.086889,93.457984,-15.955832,149.851205,5.706773,7.262155,47.657569,6.451782,5.250938,6.553916,0.413465,3.605398,0.038895,0.216239,0.046759,0.219709,0.440790,-0.414470,0.855260,0.032319,-0.763453,0.175828,12.068053,-2.796764,44.082306,4.528040,6.231532,109.398414,16.161667,10.256758,8.863522,0.457250,3.680449,1.037322,0.032029,0.001026,1.037816,1.132038,0.974316,0.157722,0.470848,-0.533814,0.026632,269.265569,-133.209939,258.279075,8.581818,7.725130,17.317351,6.811139,5.033025,5.403142,0.694223,4.377173,4.000000
-1.898812,0.737729,0.544243,2.037088,-0.488910,-3.517800,3.028890,0.071073,-0.910517,0.624060,1037.432165,3.404727,472.005980,5.069159,5.748092,429.193978,95.240070,44.696294,29.173210,0.445899,3.866744,-9.870682,1.506755,2.270310,9.985023,-7.381100,-14.436000,7.054900,-0.658003,-0.177379,1.246373,24925.170162,2.438448,2456.696400,5.614858,4.994321,1005.725123,328.484770,158.185088,64.162905,0.438767,4.069746,0.205461,0.574001,0.329477,0.609665,1.154700,-1.607300,2.762000,-0.627463,0.064644,0.474150,92.922960,2.736757,126.068493,5.313839,5.321409,366.392597,141.966456,50.490941,24.639183,0.453665,4.054869,10.089269,1.558445,2.428749,10.208923,14.817811,7.438181,7.379630,0.638159,-0.115119,1.281912,26055.525287,2.404029,2510.982442,5.581854,5.077692,1039.132156,328.222056,159.602284,67.692157,0.443288,4.063131,4.397222,24.802547,615.166361,25.189322,51.075000,-51.905000,102.980000,-0.151612,-1.056929,21.445919,158625.481348,0.438764,5457.024213,3.541492,4.433473,14562.651469,1833.596301,814.553554,404.242538,0.272960,3.481016,27.745315,37.085154,1375.308630,46.315344,108.280000,-60.107000,168.387000,-0.153955,-0.478375,29.903429,536277.779134,0.294079,9717.875551,2.702228,3.741396,21708.023377,2203.721906,551.292866,364.305374,0.197280,3.351841,-1.162376,58.053721,3370.234570,58.065357,108.770000,-125.070000,233.840000,-0.225148,-0.857271,49.001810,842896.421618,0.230174,12194.257972,3.752148,5.111296,31511.063312,2990.471257,1703.038017,1324.317767,0.329275,3.410112,71.517454,32.193983,1036.452542,78.429578,149.663348,10.982623,138.680725,0.383046,-0.553658,26.382835,1537799.682100,0.347227,17799.374781,3.714202,4.735144,22630.574300,2354.884557,973.075278,754.507723,0.292328,3.616344,-0.538709,0.383922,0.147396,0.661515,0.374740,-0.997930,1.372670,0.970252,-0.450305,0.322913,109.400687,-0.035930,147.827252,5.056743,6.549694,184.920285,33.354712,21.416666,16.361050,0.511147,3.811191,-0.576206,0.089220,0.007960,0.583073,-0.315480,-0.775790,0.460310,0.542254,0.088482,0.070103,84.993509,-22.599831,143.409745,5.549669,7.154040,48.781294,5.518501,5.665801,6.854418,0.420357,3.745795,-0.337360,0.275184,0.075726,0.435360,0.254390,-0.725880,0.980270,0.458658,-0.983011,0.241166,47.384507,-1.458297,93.160149,4.334769,6.229997,123.611399,17.197923,11.313104,9.077587,0.449818,3.598193,0.982158,0.049807,0.002481,0.983420,1.093638,0.888533,0.205105,-0.139567,-0.915966,0.042358,241.778704,-82.740796,244.567191,7.558047,7.746454,21.453734,5.593143,4.815698,5.792959,0.594837,4.087024,4.000000
-2.001117,0.924237,0.854214,2.204242,3.335300,-3.697700,7.033000,1.078551,4.087540,0.732713,1214.670351,1.788418,510.527759,6.737487,6.135910,497.296993,239.106465,92.754017,95.082382,0.613672,4.250414,-9.802482,1.428222,2.039817,9.905982,-6.800000,-14.436000,7.636000,-0.613250,0.057070,1.172811,24532.117547,2.245938,2441.213750,5.906153,5.166643,881.590530,335.951604,165.478333,66.939180,0.452343,4.075436,0.061865,0.721082,0.519959,0.723731,3.407200,-1.607300,5.014500,0.732287,2.810722,0.555712,130.946687,2.073521,138.768188,5.208137,5.007694,485.383794,171.248126,55.311438,31.563581,0.413379,4.048789,10.066420,1.475850,2.178133,10.174033,14.817811,7.324826,7.492985,0.585995,0.052871,1.210778,25877.734585,2.324383,2507.117270,5.839333,5.146655,917.246761,345.305261,180.054719,67.358400,0.454790,4.084534,5.391315,23.796349,566.266222,24.399436,52.200000,-55.630000,107.830000,-0.237526,-0.562158,19.680300,148833.124042,0.420174,5088.779324,3.680961,4.296535,15075.028856,2465.809229,936.319819,441.360145,0.282869,3.645115,25.153973,46.859376,2195.801155,53.183865,144.970000,-94.874000,239.844000,-0.283902,-0.304162,38.137453,707130.882195,0.218229,11140.363330,3.759595,4.843219,28259.858672,5850.932470,1620.153568,932.412779,0.312959,3.678490,3.010408,59.044166,3486.213581,59.120860,108.770000,-125.480000,234.250000,-0.344321,-0.908295,50.561409,873819.034333,0.229604,12685.451392,3.131507,4.546183,31692.855396,2287.098221,871.435834,919.163192,0.244591,3.260489,76.525649,32.603026,1062.957283,83.181321,149.663348,5.149789,144.513559,0.036235,-0.527654,26.268779,1729783.040570,0.334970,19082.000842,4.373633,4.789531,23615.913403,5344.050631,1546.111516,917.768021,0.351872,3.906859,0.111412,0.458027,0.209789,0.471382,0.677020,-0.776400,1.453420,-0.659513,-1.010395,0.398198,55.550304,1.306605,105.891392,4.109080,6.117455,210.541143,26.117875,17.363915,14.124390,0.424501,3.530614,-0.658698,0.106541,0.011351,0.667259,-0.414680,-0.878970,0.464290,-0.004922,-0.646111,0.089110,111.308625,-19.200646,163.966255,5.767619,6.931407,60.173879,11.795488,7.971961,7.969240,0.508698,3.992196,-0.360342,0.244130,0.059600,0.435254,0.021930,-0.725880,0.747810,0.159973,-1.596048,0.227464,47.361541,-6.672751,90.024146,3.636735,5.837662,86.659308,9.529693,6.036999,4.915031,0.359345,3.184650,0.925186,0.030212,0.000913,0.925679,1.015762,0.872390,0.143372,0.879087,0.162209,0.023756,214.220471,-154.893809,230.344282,8.893112,7.832236,15.049058,4.796289,4.649022,5.534888,0.667579,4.344240,4.000000
-2.108137,0.793626,0.629842,2.252573,3.335300,-3.697700,7.033000,1.830524,9.994703,0.580291,1268.520971,1.510705,535.535984,6.859962,6.156848,492.222141,236.203638,96.091435,98.564394,0.629225,4.339894,-9.776892,1.133937,1.285812,9.842430,-6.800000,-12.901000,6.101000,-0.387825,-0.333285,0.932594,24218.355418,2.403547,2433.390900,6.062246,5.327914,699.320223,287.784301,123.342333,71.264275,0.491410,4.131311,-0.052158,0.699504,0.489305,0.701445,3.407200,-1.346400,4.753600,1.143877,3.939639,0.537532,123.006416,2.022435,133.917371,4.904747,4.795509,492.586802,154.537820,47.731579,30.098337,0.385117,4.019781,10.054446,1.160883,1.347650,10.121242,13.127892,7.324826,5.803066,0.306454,-0.550041,0.958332,25609.882805,2.630711,2502.359129,6.047870,5.335307,709.498288,306.815800,131.994131,72.630271,0.494698,4.146625,1.142209,25.556022,653.110266,25.581535,56.596000,-55.630000,112.226000,-0.323742,-0.557251,20.790941,163603.727014,0.409331,5218.573951,3.939246,4.800987,16592.155458,2538.583772,1118.032539,641.869114,0.335480,3.706610,6.155762,47.054865,2214.160335,47.455808,144.970000,-101.310000,246.280000,-0.142739,-0.184285,37.942504,563013.433893,0.212058,9556.039000,4.840360,5.679309,26739.560462,6545.591842,2440.224741,1753.930269,0.453695,3.910214,2.567460,51.123109,2613.572233,51.187538,83.422000,-125.480000,208.902000,-0.521496,-0.625212,42.979027,655041.021462,0.250434,10776.161640,4.628876,5.781969,30451.489927,4099.886794,2455.691446,2022.119112,0.419262,3.741349,66.028839,34.158822,1166.825146,74.341326,146.417372,4.823641,141.593731,0.122954,-0.870213,28.797508,1381658.182369,0.342470,16418.560441,4.392952,4.516428,22868.761559,6002.108349,1592.385263,766.842217,0.330927,3.843496,0.464381,0.118933,0.014145,0.479369,0.677020,0.178050,0.498970,-0.697865,-0.343959,0.095690,57.448703,-17.480979,115.676005,3.761073,5.913384,63.527048,3.562299,2.824216,3.700413,0.272062,3.326366,-0.763389,0.075251,0.005663,0.767089,-0.575400,-0.912700,0.337300,0.336315,-0.398767,0.060953,147.106340,-36.396024,190.104165,6.631016,7.281459,45.927840,9.431833,7.173943,8.461566,0.575139,4.129854,-0.104298,0.112638,0.012687,0.153511,0.061404,-0.535090,0.596494,-1.953908,4.172378,0.072759,5.891381,-19.209846,26.895859,5.286120,6.494951,65.860177,13.184936,8.049476,6.534585,0.532566,3.972004,0.917218,0.022308,0.000498,0.917489,0.989727,0.872390,0.117337,0.566971,0.185895,0.017439,210.446425,-206.998084,228.361255,10.084508,7.878151,10.380633,5.236373,4.239317,5.426669,0.700215,4.447472,4.000000
-1.932344,0.717579,0.514920,2.061280,0.062487,-3.272400,3.334887,0.264948,-0.655026,0.597463,1062.218557,3.055353,481.316794,5.056699,5.858231,441.228919,102.355285,45.884466,32.771905,0.454480,3.934559,-9.817982,1.201397,1.443355,9.891215,-7.722200,-13.344000,5.621800,-0.556882,-0.328985,0.986653,24459.031293,2.719187,2444.311850,6.420087,5.675628,731.156963,254.260717,127.446403,82.085254,0.517283,4.122885,0.119631,0.593752,0.352542,0.605684,1.522700,-1.312200,2.834900,-0.379825,-0.251522,0.469037,91.713386,2.924807,123.108436,4.373468,4.641972,387.516546,116.555156,37.492687,13.805796,0.338673,3.864394,10.045060,1.244440,1.548631,10.121850,13.683121,7.780862,5.902260,0.480974,-0.354934,1.020402,25612.963235,2.672934,2500.879986,6.339583,5.755857,765.945626,250.919115,126.122787,85.618995,0.516266,4.122622,2.545161,27.173744,738.412349,27.292677,56.596000,-50.692000,107.288000,-0.154403,-1.030923,23.072006,186222.548421,0.430848,5801.973920,4.323894,5.329503,16378.689650,2423.184379,1296.571811,871.235518,0.396404,3.753382,27.366400,49.750451,2475.107398,56.780518,100.200000,-101.310000,201.510000,-0.529352,-0.558721,42.518808,806006.810590,0.253101,11924.696060,3.498334,5.207389,27237.708205,3039.342900,1482.255947,1157.892229,0.335733,3.494666,-4.149450,56.522194,3194.758382,56.674300,108.690000,-110.600000,219.290000,-0.200113,-1.121949,49.106681,802994.079197,0.242486,12174.130130,3.189042,4.374545,33778.171497,2506.162218,1219.842613,988.761696,0.263583,3.392415,77.419090,34.455453,1187.178264,84.740154,130.593006,4.823641,125.769365,-0.386907,-1.001514,29.411119,1795223.438207,0.380297,19297.834069,4.195097,4.801379,23779.056412,4145.617097,1382.749712,982.409978,0.347165,3.775872,0.325606,0.270956,0.073417,0.423599,0.623190,-0.484470,1.107660,-1.541451,1.796986,0.205535,44.859133,-3.013080,98.105569,4.194528,6.144479,140.341544,17.583569,11.603670,10.085554,0.420704,3.588460,-0.799325,0.061716,0.003809,0.801704,-0.652780,-0.948410,0.295630,-0.083695,-0.301229,0.048614,160.682486,-48.161554,198.995040,7.507666,7.715530,34.922294,7.727527,7.114253,7.689812,0.600296,4.161894,0.154833,0.324417,0.105247,0.359472,0.771930,-0.164470,0.936400,0.786381,-1.100499,0.292376,32.304997,-5.596685,62.779613,4.231060,6.144067,144.285382,21.328619,13.146011,9.378866,0.433626,3.552456,0.973442,0.061613,0.003796,0.975390,1.133573,0.875810,0.257763,0.625271,-0.541275,0.051064,237.846616,-58.008539,242.368084,6.664314,7.446963,32.042851,7.280577,5.515428,5.936890,0.568820,4.087539,4.000000
-1.821395,0.887647,0.787918,2.026178,0.463950,-3.805300,4.269250,-0.017901,-0.634276,0.745980,1026.349183,2.928922,456.180105,4.814849,5.283393,445.412809,142.457955,35.610202,25.642387,0.389866,3.780972,-9.822698,1.425174,2.031121,9.925549,-7.722200,-14.523000,6.800800,-0.705977,-0.042236,1.185369,24629.131181,2.403733,2446.061450,5.585441,4.965570,899.920258,317.366864,117.296453,57.227901,0.416200,4.001625,0.188156,0.620571,0.385109,0.648469,2.055800,-1.312200,3.368000,-0.039981,0.172440,0.485906,105.127877,2.621029,129.437102,5.404508,5.445405,426.783359,146.158857,62.142979,29.149164,0.471174,4.100697,10.041390,1.487586,2.212913,10.150982,14.948230,7.780862,7.167369,0.700006,-0.059268,1.232607,25760.608241,2.351881,2500.562199,5.497186,5.004790,937.843409,313.810863,117.138104,58.405871,0.416871,3.986788,8.253631,25.664765,658.680160,26.959276,53.890000,-45.115000,99.005000,-0.151187,-1.020472,21.682540,181700.646934,0.458985,5732.590230,3.489286,4.050202,14333.724843,2439.537987,744.542063,302.738822,0.242984,3.497321,53.275217,41.792876,1746.644452,67.711839,135.970000,-59.161000,195.131000,-0.816778,-0.080507,34.429537,1146223.295327,0.254239,15094.027590,3.806102,5.102259,25237.867528,4170.721144,1368.864190,1074.666700,0.338829,3.638619,0.990408,67.204489,4516.443385,67.211787,109.170000,-119.250000,228.420000,-0.137359,-1.294154,59.429022,1129356.073087,0.236887,14843.265400,3.140237,4.320219,32588.503244,1933.915945,1160.012802,817.567791,0.232891,3.133708,94.582083,29.721199,883.349696,99.141919,168.242822,19.252889,148.989933,-0.339689,-0.124114,23.695707,2457280.015348,0.319767,23594.703671,4.459548,5.055664,20378.942830,4302.560359,1461.096962,934.721423,0.374854,3.843744,-0.235892,0.512670,0.262830,0.564336,0.623190,-0.956520,1.579710,0.241708,-1.460156,0.467068,79.618893,1.817606,126.677039,4.087540,6.097374,188.511551,24.883837,15.065034,12.963723,0.420082,3.384662,-0.715357,0.118757,0.014103,0.725147,-0.452380,-0.948410,0.496030,0.281155,-0.786443,0.099204,131.459698,-16.055157,178.083280,5.490326,7.089246,59.723162,8.276453,7.096424,6.178031,0.459594,3.754146,0.115825,0.474983,0.225608,0.488901,0.771930,-0.692980,1.464910,-0.256795,-1.367815,0.427946,59.755943,1.651054,108.644699,3.708753,5.960632,145.295239,17.040038,10.514403,8.582312,0.373436,3.055238,1.039776,0.046939,0.002203,1.040835,1.142796,0.934319,0.208477,-0.093803,-0.683061,0.038561,270.834535,-80.680346,258.950400,8.475125,8.008457,16.990818,5.663817,5.048146,4.834111,0.633285,4.118277,4.000000
-2.003498,0.851507,0.725064,2.176940,0.463950,-3.805300,4.269250,-0.050532,-0.233097,0.692853,1184.766476,2.750806,500.349861,4.361546,4.810515,545.653973,153.626055,39.784083,21.954144,0.342420,3.856839,-9.858380,1.400821,1.962298,9.957407,-7.279000,-14.523000,7.244000,-0.694502,-0.008660,1.155582,24787.490567,2.314091,2453.953850,5.968089,5.092302,880.214138,392.830426,141.374766,70.910961,0.456474,4.097565,-0.050824,0.781860,0.611305,0.783510,2.055800,-1.612800,3.668600,0.072460,-0.514551,0.651855,153.471933,3.014174,162.094165,4.891720,4.815925,472.654476,188.979171,65.980487,19.176852,0.378855,3.984473,10.121578,1.434075,2.056570,10.222667,14.948230,7.834797,7.113433,0.671256,-0.040040,1.182904,26125.728977,2.343565,2519.397437,5.838847,5.121882,916.484725,380.928190,143.847274,69.945002,0.459121,4.092536,2.116217,28.262415,798.764074,28.341532,53.890000,-79.471000,133.361000,-0.512143,-0.049805,22.871023,200810.612279,0.351379,5751.334910,3.484195,4.233824,19076.485661,2972.427139,969.341713,495.250921,0.272451,3.653323,16.537146,58.422052,3413.136129,60.717488,135.970000,-146.740000,282.710000,-0.393415,-0.348398,47.120084,921653.333744,0.192278,12542.392040,3.261978,4.644753,33789.595639,4571.419396,1287.142720,1110.089120,0.284901,3.504487,2.267431,61.468089,3778.325996,61.509895,109.170000,-119.250000,228.420000,-0.100283,-1.023624,52.581384,945866.809537,0.236638,13121.204110,2.685129,3.631059,35136.057035,1787.173137,760.555065,579.960837,0.168889,3.134859,83.476392,36.124992,1305.015029,90.957809,168.242822,9.696274,158.546548,0.058915,-0.779395,30.042364,2068330.755560,0.311573,20817.051496,4.082795,4.734660,26860.853802,4727.056702,1558.967770,1034.279295,0.344490,3.834294,-0.624663,0.228046,0.052005,0.664988,-0.122150,-0.956520,0.834370,0.353623,-1.081646,0.201643,110.552132,-3.547141,155.572535,3.872195,5.838241,115.380031,12.530810,7.627835,6.899951,0.375755,3.494785,-0.611206,0.076107,0.005792,0.615926,-0.452380,-0.819440,0.367060,-0.312459,-0.111424,0.059932,94.841344,-33.113008,152.117055,6.325832,7.004090,44.964448,9.304520,6.307745,6.497448,0.535437,4.055560,-0.327860,0.402670,0.162143,0.519264,0.583330,-0.769740,1.353070,0.998312,-0.197031,0.330796,67.408682,-0.181765,118.621656,4.198834,6.178274,178.636592,24.641339,15.266898,11.741613,0.437890,3.555568,1.044054,0.034068,0.001161,1.044609,1.142796,0.972198,0.170598,0.531351,-0.037202,0.027020,272.802158,-116.822860,259.976161,8.779198,7.981631,15.375164,5.229816,4.812361,5.250683,0.682498,4.279828,4.000000
-2.044928,0.630100,0.397026,2.139803,-0.915860,-3.755700,2.839840,-0.639764,-0.266213,0.519335,1144.689306,3.042112,509.834320,5.010855,5.443090,363.077984,98.093301,37.396570,23.372458,0.401060,3.873445,-9.815302,1.266023,1.602815,9.896614,-7.279000,-13.167000,5.888000,-0.670448,-0.159677,1.030430,24485.744099,2.679272,2444.097950,6.070960,5.141462,781.811672,335.849273,166.695087,65.694382,0.492973,4.143847,-0.198828,0.731028,0.534402,0.757585,1.815800,-1.612800,3.428600,0.226553,-0.618665,0.620831,143.483710,2.991950,160.360491,4.977995,4.780758,373.868198,158.010708,58.606767,18.419340,0.377717,3.880961,10.074123,1.267954,1.607708,10.153604,13.422378,7.834797,5.587580,0.593930,-0.272598,1.031310,25773.917114,2.806786,2508.684219,6.034059,5.191147,784.548474,329.083946,170.135872,66.218613,0.493461,4.143368,-4.092789,25.544353,652.513968,25.870154,42.316000,-79.471000,121.787000,-0.564144,0.115107,20.251537,167316.222870,0.375656,5031.530410,3.537835,4.091557,15629.034730,2293.732796,895.130650,351.711808,0.254823,3.557724,-16.483663,47.214352,2229.195072,50.009061,67.262000,-146.740000,214.002000,-0.516721,-0.560881,39.179611,625226.557669,0.241421,9826.709130,2.974525,3.945005,25008.167028,3045.158004,714.739861,433.523055,0.202099,3.341939,-1.331825,43.586847,1899.813199,43.607189,93.919000,-110.240000,204.159000,-0.177192,-0.609030,36.260127,475396.739330,0.253098,9056.472510,2.843960,3.694812,25603.886030,1390.100392,628.966722,390.187038,0.181534,3.227188,62.945425,33.311133,1109.631561,71.216277,157.652031,9.696274,147.955757,0.443201,-0.627408,28.003567,1267939.519869,0.324886,15710.329697,3.596038,4.053402,23792.828930,3602.799204,869.232735,458.067851,0.242020,3.640489,-0.716340,0.231027,0.053373,0.752673,-0.122150,-0.956520,0.834370,1.142214,-0.076767,0.193133,141.628974,-7.812079,178.465855,3.739226,5.922175,103.107588,11.541862,5.928496,6.905833,0.349740,3.313406,-0.539016,0.094389,0.008909,0.547218,-0.251980,-0.674600,0.422620,1.058703,0.678567,0.074610,74.861911,-26.824300,134.170690,5.990200,7.406915,48.805416,6.892182,6.085953,7.730888,0.465724,3.847500,-0.191956,0.388576,0.150991,0.433403,0.475880,-0.769740,1.245620,0.015520,-1.287497,0.335915,46.959636,0.763090,89.884888,4.430754,6.270644,174.994738,26.558257,16.730043,13.386851,0.458130,3.603841,1.026240,0.025175,0.000634,1.026549,1.100463,0.965971,0.134492,0.235732,0.042788,0.020016,263.450520,-170.254941,255.549854,10.293449,7.870869,10.354634,4.744256,4.888771,5.844973,0.717533,4.415809,4.000000
-2.035790,0.513412,0.263592,2.099532,-0.979710,-3.200800,2.221090,-0.200060,-0.949508,0.446413,1102.008714,2.898561,506.476910,4.930664,5.333356,299.022907,73.163518,43.241664,16.235906,0.411442,3.877530,-9.750381,1.172800,1.375460,9.820661,-7.782300,-13.167000,5.384700,-0.868499,0.264481,0.940274,24111.346340,2.635451,2429.080900,5.917986,4.987406,690.116083,250.862862,132.132754,52.054526,0.419457,3.994329,-0.220208,0.660937,0.436838,0.696656,1.656600,-1.504900,3.161500,0.343306,-0.566994,0.558934,121.332445,2.951689,148.298848,4.754731,4.781138,356.373127,118.680677,47.414868,16.283974,0.349559,3.841247,9.999239,1.163604,1.353975,10.066715,13.422378,7.875762,5.546616,0.796184,0.243501,0.926223,25334.687499,2.633703,2490.916153,5.857199,5.005838,688.659993,246.369902,133.727073,51.727997,0.419158,3.995073,-4.497960,19.329797,373.641052,19.846226,42.316000,-59.356000,101.672000,-0.542991,0.345327,14.957172,98468.173551,0.423555,3636.542787,3.805854,4.565839,12246.141069,1767.147392,690.243013,416.251773,0.299789,3.632922,-25.404692,47.293899,2236.712883,53.685298,56.552000,-142.070000,198.622000,-0.376923,-0.673131,38.800657,720527.808993,0.260970,10582.536470,2.780482,3.872315,25778.518246,1783.657109,716.952922,465.153623,0.185785,3.197067,1.472759,33.382267,1114.375774,33.414739,60.935000,-90.384000,151.319000,-0.542712,-0.392748,27.576810,279136.198422,0.319552,6900.122340,2.739523,3.419136,19566.450295,1058.548998,424.360918,274.930879,0.158782,3.162079,59.000545,30.190469,911.464393,66.276155,143.158298,9.805563,133.352735,0.600899,-0.428295,25.113392,1098132.180965,0.353313,14711.240817,3.544476,4.155267,19179.573712,2815.277400,753.430975,487.998784,0.246280,3.524307,-0.641913,0.320683,0.102837,0.717558,0.153210,-0.950310,1.103520,1.254459,0.204275,0.263797,128.722379,-3.777170,164.241153,4.945905,6.514641,157.736118,28.107166,17.510714,14.517537,0.514326,3.815660,-0.512047,0.095697,0.009158,0.520913,-0.251980,-0.684520,0.432540,0.606004,-0.273347,0.079351,67.837606,-24.297527,127.389835,5.885665,7.477671,48.066185,5.872532,5.982070,7.193817,0.466609,3.771137,0.352719,0.306956,0.094222,0.467582,0.765350,-0.274120,1.039470,-0.232772,-1.102357,0.266258,54.658153,-1.466496,97.657943,4.815442,6.423154,153.673717,26.322454,15.809255,13.025626,0.498679,3.780726,1.001824,0.034957,0.001222,1.002433,1.092317,0.921134,0.171182,-0.010315,-0.631791,0.029199,251.218138,-115.432725,249.472757,8.236262,7.961217,18.155299,5.153366,4.606317,4.998062,0.642131,4.260305,4.000000
-2.056749,0.513405,0.263585,2.119859,-1.099500,-3.468000,2.368500,-0.458757,-0.382052,0.425201,1123.450535,2.910718,512.669850,4.669531,5.040938,303.470203,92.086044,35.165086,16.756662,0.376112,3.863542,-9.723237,1.072939,1.151198,9.782256,-7.857800,-12.720000,4.862200,-0.821483,-0.002601,0.868121,23923.134925,2.774899,2419.466300,5.630462,4.958132,668.690422,239.058650,116.618536,49.277484,0.401182,4.008974,-0.311110,0.698629,0.488083,0.764770,1.522800,-1.720900,3.243700,0.078552,-0.734354,0.589172,146.218130,3.103666,155.787815,4.942387,5.309444,351.676413,115.906417,45.988453,22.812557,0.399697,3.817590,9.983309,1.051077,1.104763,10.038487,12.946314,8.083733,4.862581,0.777754,-0.033482,0.851568,25192.803589,2.786175,2484.362960,5.600034,4.972415,663.154560,240.849334,117.108235,48.737345,0.412659,4.027556,-4.895451,17.645160,311.351671,18.311666,32.708000,-59.356000,92.064000,-0.596230,0.375215,14.058211,83829.278371,0.460323,3455.300157,3.784703,4.577565,11811.035645,1902.798454,696.958157,382.789710,0.300390,3.703263,-34.160008,43.309167,1875.683923,55.159678,42.777000,-142.070000,184.847000,-0.359037,-0.680515,36.189512,760647.521389,0.276061,10718.981800,2.656428,3.406396,26170.858802,2479.600250,602.244607,346.362352,0.164616,3.282729,3.516998,27.718740,768.328564,27.940971,56.042000,-65.749000,121.791000,-0.407553,-0.626350,23.171718,195174.459488,0.381985,5851.946010,3.647162,4.769977,18151.157485,1626.416082,844.929215,635.858161,0.308125,3.576617,57.547147,29.102077,846.930890,64.487247,143.158298,11.755404,131.402894,0.762874,-0.214757,23.974283,1039651.259247,0.353295,14349.009321,3.457126,3.905056,19206.008531,3256.434432,862.932762,389.851544,0.247751,3.616846,-0.014634,0.478983,0.229425,0.479207,0.602480,-0.850930,1.453410,-0.478983,-1.299521,0.429436,57.409821,1.141321,106.058978,4.634807,6.386376,212.856175,35.140086,21.166637,16.585516,0.482157,3.684592,-0.638278,0.121450,0.014750,0.649729,-0.347220,-0.875000,0.527780,0.460626,-0.480698,0.099754,105.537102,-14.781321,158.890810,5.885862,7.081502,61.328854,11.748763,10.377724,7.934453,0.514196,3.946085,0.446640,0.231661,0.053667,0.503145,0.765350,-0.015351,0.780701,-0.146800,-1.445624,0.212506,63.288599,-5.953385,111.572381,3.370559,5.749594,84.246428,7.639003,5.064079,4.443741,0.326145,3.102865,0.950489,0.038905,0.001514,0.951284,1.050389,0.886945,0.163444,0.650358,-0.399634,0.032248,226.235523,-119.404001,236.660540,8.280813,8.086072,16.604563,4.273640,4.363028,4.717080,0.626597,4.171259,4.000000
-2.081382,0.510392,0.260500,2.143048,-1.099500,-3.468000,2.368500,-0.521409,-0.303915,0.408492,1148.163185,2.865356,518.351550,5.466266,5.692361,310.220059,114.139176,43.691050,23.544094,0.483128,4.053776,-9.701018,1.050080,1.102669,9.757685,-7.857800,-12.752000,4.894200,-0.746791,-0.112462,0.858149,23803.102870,2.731359,2416.911100,5.560566,4.799392,651.737241,236.838702,125.593250,46.713872,0.407941,4.033371,-0.195972,0.604729,0.365698,0.635691,1.190100,-1.720900,2.911000,-0.400929,-0.275636,0.494145,101.025664,2.873054,124.125020,4.968488,5.383541,333.587076,120.355119,51.058177,20.320128,0.431967,3.933818,9.955236,1.049970,1.102437,10.010453,12.938771,8.083733,4.855038,0.648643,-0.238427,0.862397,25052.291719,2.830803,2480.191709,5.544740,4.829659,649.383308,239.798958,127.281578,46.653578,0.413727,4.038559,-2.975633,16.496637,272.139031,16.762858,32.708000,-49.472000,82.180000,-0.277522,-0.501443,14.035380,70248.356225,0.504116,3457.800878,4.666506,5.438748,10398.133033,2229.314090,986.515609,609.168213,0.410948,3.874486,-19.149430,39.487586,1559.269468,43.885876,57.818000,-117.150000,174.968000,-0.428078,-0.606545,32.696314,481492.536587,0.286629,8372.306840,3.165324,4.255997,23677.229412,3003.412785,868.043746,586.205929,0.250526,3.450081,2.456631,29.886348,893.193793,29.987144,46.189000,-73.385000,119.574000,-0.487688,-0.735318,25.387519,224807.206916,0.388411,6387.835760,3.902301,5.060055,18999.645889,1978.463888,1064.120727,783.097790,0.353588,3.642051,49.137378,26.300389,691.710446,55.733225,117.583278,7.206819,110.376459,0.636776,-0.540981,22.203226,776548.099727,0.410374,12245.276458,3.680076,4.195437,17217.479006,3189.704534,858.829641,533.342947,0.273424,3.648659,0.417905,0.107301,0.011513,0.431460,0.602480,0.128360,0.474120,-0.827261,0.273434,0.084067,46.539432,-20.386356,104.289830,3.806877,6.120118,55.518058,4.460522,2.964193,3.876772,0.300098,3.351564,-0.769619,0.058004,0.003365,0.771802,-0.656750,-0.922620,0.265870,-0.079483,-0.749078,0.048159,148.919451,-55.553466,191.620010,7.960005,7.800221,30.668153,7.915416,7.656719,7.044994,0.634918,4.251795,0.107105,0.250485,0.062743,0.272423,0.627190,-0.236840,0.864030,0.543777,-0.889496,0.218066,18.553524,-4.118840,52.403528,5.086302,6.545594,131.992793,24.470168,15.218730,12.453986,0.532056,3.903357,0.925063,0.017571,0.000309,0.925230,0.977133,0.886945,0.090189,0.319379,-0.212761,0.014152,214.012407,-291.369513,230.326503,11.861246,7.636804,7.021433,4.837168,5.400807,5.052384,0.806698,4.614611,4.000000
-1.984615,0.609375,0.371338,2.076063,-0.260270,-3.837700,3.577430,0.057464,0.514183,0.465773,1077.508883,2.468535,495.036115,4.631336,4.987946,372.644050,104.423635,38.787702,17.682209,0.389950,3.907873,-9.753020,1.086016,1.179431,9.813298,-7.773700,-13.214000,5.440300,-0.784497,0.244040,0.878890,24075.205607,2.537747,2428.090750,6.369235,5.176734,642.293015,315.633603,139.295670,58.535588,0.503791,4.154894,0.097586,0.504580,0.254601,0.513930,1.363800,-1.025000,2.388800,-0.002070,-0.587054,0.416833,66.030932,2.850501,107.493188,5.043621,5.035985,300.110377,138.448873,43.322711,17.949032,0.403959,3.998240,9.983041,1.101757,1.213869,10.043654,13.444946,8.101249,5.343697,0.747224,0.236684,0.888478,25218.745422,2.650775,2485.513949,6.331124,5.214440,644.952399,314.711673,139.983611,58.802289,0.500598,4.142728,0.739273,16.035462,257.136031,16.052494,37.929000,-38.375000,76.304000,-0.253822,-0.553614,13.407272,64420.638966,0.542873,3356.089067,4.125531,4.992320,10103.836299,1797.018565,691.490141,429.384116,0.353903,3.737016,9.689504,39.408058,1552.995037,40.581788,79.207000,-85.584000,164.791000,-0.550462,-0.404301,32.084620,411720.379583,0.301681,8392.881420,2.541859,3.361576,24958.663298,2027.059425,551.242987,249.177716,0.164119,3.319731,1.158153,34.873383,1216.152822,34.892609,69.227000,-73.385000,142.612000,-0.259323,-0.919819,29.872733,304373.534826,0.341116,7466.056920,3.318480,4.498047,20471.142232,1326.768204,765.145868,541.636668,0.252567,3.333586,51.382736,21.951599,481.872696,55.875381,97.367575,7.206819,90.160756,0.004975,-0.849458,17.976106,780514.553375,0.489832,12800.599158,3.461323,3.645109,16056.203233,3571.548517,600.177308,285.837002,0.219250,3.707996,0.422517,0.098884,0.009778,0.433934,0.577640,0.136650,0.440990,-0.698917,-0.321133,0.081277,47.074745,-23.732237,105.353995,5.113166,6.425372,54.297702,8.773360,5.486112,4.924898,0.453637,3.827168,-0.819326,0.044529,0.001983,0.820535,-0.732140,-0.946430,0.214290,-0.372268,-0.283759,0.035574,168.319280,-81.512645,203.993085,8.350683,7.876672,23.905781,6.553434,6.292195,7.170079,0.625963,4.268979,-0.035298,0.197111,0.038853,0.200247,0.541670,-0.302630,0.844300,1.301713,1.035232,0.143882,10.024681,-6.646412,38.708356,4.826742,6.383275,94.435725,16.328890,10.785760,8.281152,0.500832,3.786096,0.949113,0.029314,0.000859,0.949566,1.031813,0.892535,0.139278,0.456471,-0.333899,0.023884,225.418706,-156.828042,236.307340,9.909630,8.069935,13.694064,5.440503,4.607002,6.246578,0.707962,4.431021,4.000000
-1.957644,0.775342,0.601156,2.105594,-0.260270,-3.837700,3.577430,-0.060349,-0.691578,0.634601,1108.381685,3.111984,487.222800,4.940650,5.552643,449.357479,113.187379,48.846272,31.877092,0.423040,3.882399,-9.815741,1.255788,1.577003,9.895745,-7.192000,-13.926000,6.734000,-0.554781,0.191133,1.009846,24481.442682,2.358795,2444.898100,5.585039,4.351008,813.875762,375.110057,126.892029,49.882411,0.379404,4.065657,0.221164,0.580053,0.336462,0.620786,1.363800,-1.331800,2.695600,-0.667681,-0.117293,0.467835,96.343871,2.875446,131.485473,4.927954,4.799128,377.225666,156.678687,43.992746,18.250891,0.391801,4.020960,10.052830,1.298185,1.685283,10.136305,14.385213,7.272833,7.112380,0.577393,0.257428,1.037065,25686.168238,2.275272,2503.857617,5.510523,4.433553,842.263150,371.690440,126.886506,50.749842,0.383909,4.055298,4.757511,17.280723,298.623387,17.923652,37.951000,-39.523000,77.474000,-0.230663,-0.585729,14.358966,80314.323584,0.543219,3727.285309,4.174544,4.889940,11982.151537,2167.641635,894.337975,544.810441,0.361183,3.835162,41.895722,37.776902,1427.094358,56.412284,110.360000,-85.584000,195.944000,-0.604618,0.528011,29.866935,795586.459990,0.253457,11965.909180,3.322176,4.644711,24091.658607,2629.249326,1045.166995,742.303611,0.295067,3.567776,-3.317896,45.530060,2072.986352,45.650792,90.277000,-90.901000,181.178000,-0.024018,-1.002539,38.770730,520998.696388,0.284123,9664.533330,2.436820,3.176988,27153.835983,1551.063856,429.812173,285.378664,0.139107,3.128847,70.121852,25.894475,670.523811,74.750237,125.611840,9.768563,115.843276,-0.037545,-0.638180,21.954458,1396899.479962,0.394241,17489.354993,3.647902,4.273910,18638.601191,3482.836877,951.973444,449.368831,0.288457,3.763043,-0.053267,0.524610,0.275216,0.527308,0.567290,-0.894410,1.461700,-0.404012,-1.539595,0.487146,69.513366,0.611892,118.856047,4.112124,6.157818,198.964189,28.410126,17.285545,13.948376,0.425134,3.399390,-0.772413,0.093976,0.008832,0.778109,-0.503970,-0.946430,0.442460,0.922889,0.397891,0.073011,151.363310,-24.485696,192.275850,5.817698,7.352355,45.687191,6.824129,5.668004,6.018117,0.457867,3.768164,0.227368,0.313588,0.098337,0.387342,0.725880,-0.302630,1.028510,-0.026061,-1.306488,0.279754,37.508405,-0.356814,79.025195,2.861691,5.476809,84.097646,6.838356,4.070090,3.543687,0.260399,2.527036,1.015209,0.053774,0.002892,1.016632,1.123655,0.907634,0.216021,0.026428,-1.167307,0.047454,258.385081,-75.870146,252.803016,7.446285,7.725452,21.626619,5.479730,4.431377,5.672273,0.602815,4.050871,4.000000
-2.030988,0.728409,0.530580,2.157659,-0.521250,-3.434700,2.913450,0.029048,-1.050252,0.625264,1163.873060,3.435043,505.962950,5.181390,5.795481,383.525462,102.597517,41.101603,30.435361,0.456104,3.891119,-9.738420,1.193566,1.424599,9.811290,-7.192000,-13.926000,6.734000,-0.725201,0.706790,0.934230,24065.353732,2.290401,2424.682600,5.557024,4.644255,774.923268,316.240460,119.000627,47.123229,0.401283,4.054331,0.120614,0.574307,0.329828,0.586836,1.331100,-1.331800,2.662900,-0.498407,-0.547182,0.476138,86.094011,2.935404,123.843011,4.587986,4.669436,354.715438,121.756765,38.684631,13.272231,0.344209,3.877796,9.985115,1.248507,1.558770,10.062867,14.385213,7.272833,7.112380,0.683085,0.643935,0.975694,25315.320803,2.239248,2486.158947,5.468655,4.719180,808.851630,314.411745,119.864059,48.223446,0.397338,4.041214,2.748063,17.534779,307.468470,17.748812,37.951000,-39.523000,77.474000,-0.133680,-0.648257,14.237784,78755.080468,0.544545,3648.347112,4.055839,4.902136,11834.797805,1930.989015,827.598373,457.305653,0.348440,3.781980,30.103748,46.969728,2206.155313,55.788807,110.360000,-97.712000,208.072000,-0.493092,-0.201273,37.977776,778097.740483,0.246673,11461.859570,2.653101,4.137024,26055.644537,2450.694799,739.804341,561.685717,0.212968,3.236781,-3.071385,46.842954,2194.262354,46.943538,90.277000,-90.901000,181.178000,-0.114247,-1.020659,39.695710,550923.940270,0.284215,9881.745690,3.168899,4.536308,25427.501889,2006.983456,937.986506,741.784595,0.264030,3.323742,67.857611,32.038285,1026.451733,75.040703,125.611840,5.446168,120.165671,-0.257788,-1.089792,27.769820,1407776.761221,0.392244,16921.684920,2.985983,3.597899,22349.834345,3033.644068,731.474265,358.980944,0.202466,3.552276,-0.658195,0.289005,0.083524,0.718849,0.155280,-0.904760,1.060040,1.800967,2.036335,0.212098,129.185963,-6.463355,169.046567,4.763711,6.362846,157.353787,26.779022,16.317146,12.744653,0.494781,3.823484,-0.651111,0.102810,0.010570,0.659178,-0.424600,-0.863100,0.438500,0.144729,-0.711483,0.084289,108.628873,-21.169296,162.038680,5.480468,6.881902,59.428811,8.062935,7.205311,8.807075,0.476743,3.875439,0.265745,0.252675,0.063845,0.366695,0.725880,-0.094298,0.820178,0.357539,-1.189235,0.219766,33.616324,-3.380094,69.745587,4.490088,6.302723,121.788742,18.176964,11.505610,8.993991,0.459065,3.649312,1.041447,0.033356,0.001113,1.041981,1.123655,0.973418,0.150237,0.186501,-0.622753,0.027740,271.431161,-136.012910,259.352649,8.808643,7.864662,14.794391,4.374373,4.493036,6.639098,0.655505,4.267674,4.000000
-1.999559,0.626234,0.392169,2.095329,-0.659780,-3.250200,2.590420,0.045887,-1.154942,0.551281,1097.600960,3.210675,497.684860,5.318881,5.775115,374.474634,101.846162,50.826587,26.543791,0.482502,3.990074,-9.724667,1.020706,1.041841,9.778087,-7.807600,-13.365000,5.557400,-1.000953,0.972885,0.787610,23902.748187,2.414331,2421.992200,5.811096,4.756063,633.923851,239.762663,128.946791,47.180329,0.403453,4.047392,0.010577,0.511818,0.261958,0.511927,1.180400,-1.412500,2.592900,-0.182765,-0.430019,0.414892,65.517399,2.778516,103.076274,4.513355,4.884775,349.800553,86.260724,42.849032,14.986834,0.360822,3.921235,9.955456,1.073480,1.152358,10.013165,13.656496,7.923766,5.732730,0.863575,0.744422,0.833314,25065.866545,2.471764,2479.355270,5.598358,4.708766,676.817421,242.244002,127.638907,46.451197,0.381213,4.026152,3.516336,16.298941,265.655465,16.673934,44.485000,-34.129000,78.614000,0.034898,-0.482215,13.145396,69505.021536,0.533187,3391.719932,3.596115,4.623247,10658.458539,1747.202784,681.095859,372.955613,0.298522,3.667155,19.049095,44.287577,1961.389515,48.210554,110.680000,-97.712000,208.392000,-0.281995,-0.158850,34.552589,581064.384957,0.246611,9729.484877,3.288122,4.788469,23183.353799,2192.237872,1051.535599,782.380742,0.278590,3.339967,1.348914,40.551430,1644.418478,40.573859,76.469000,-82.651000,159.120000,-0.281031,-0.864784,34.001293,411559.511867,0.315451,8508.935210,3.025620,4.181888,22821.515366,1591.893795,818.459451,623.749343,0.232404,3.241970,58.229923,29.288082,857.791736,65.180639,127.159115,5.446168,121.712947,0.250763,-0.697544,24.308900,1062128.918361,0.387357,14489.158861,3.137417,4.081070,19224.801524,2569.640631,734.847626,374.512350,0.222047,3.492811,-0.765060,0.150722,0.022717,0.779765,-0.138720,-0.962730,0.824010,2.398634,6.178709,0.092930,152.008528,-11.562007,190.844720,5.169988,6.473691,90.289644,16.190764,10.853741,8.688503,0.524523,3.952694,-0.564158,0.078420,0.006150,0.569583,-0.394840,-0.744050,0.349210,0.151045,-0.758164,0.064333,81.106109,-34.260154,140.364015,6.418848,7.416121,42.134292,6.987692,6.061452,7.189623,0.501732,3.956097,-0.100623,0.287944,0.082912,0.305019,0.385960,-0.752190,1.138150,-0.464672,-0.578826,0.235406,23.259131,-0.493170,57.048257,4.323059,6.191301,142.461131,20.704082,12.798902,10.388193,0.447242,3.631042,1.012306,0.027064,0.000732,1.012667,1.086441,0.945216,0.141225,0.273819,0.097718,0.021082,256.373768,-158.204822,252.081548,9.476981,7.937249,13.603444,4.774575,4.563681,6.243134,0.678068,4.390561,4.000000
-2.039887,0.681869,0.464945,2.150833,-0.659780,-3.655600,2.995820,0.057562,-1.076578,0.596788,1156.521039,3.159398,507.386380,4.312034,4.944273,352.007762,90.996929,39.473440,12.362724,0.339639,3.669510,-9.775370,1.018809,1.037972,9.828317,-7.807600,-12.924000,5.116400,-0.928921,0.596339,0.795251,24148.955734,2.579370,2433.887550,6.018728,5.048929,624.695220,263.166200,141.071440,53.517537,0.467179,4.129347,0.054680,0.506772,0.256817,0.509713,1.180400,-1.412500,2.592900,-0.366901,-0.243443,0.411750,64.951821,2.713755,103.011807,4.620016,4.835741,304.805860,96.024480,48.369600,10.783638,0.344675,3.867850,10.016864,1.069647,1.144144,10.073813,13.253015,7.923766,5.329249,0.829848,0.480588,0.834293,25370.428594,2.647632,2493.916374,5.879135,5.055601,652.036166,263.745669,141.385927,53.914726,0.457433,4.099619,6.326757,14.659816,214.910218,15.966780,44.485000,-26.977000,71.462000,-0.064789,-0.634333,12.286289,63734.517299,0.564160,3356.756590,3.990533,4.776337,9438.665617,1841.094263,660.114045,462.930442,0.335702,3.768330,35.439870,41.129186,1691.609921,54.291752,110.680000,-57.895000,168.575000,-0.309216,-0.724718,34.229873,736898.572251,0.299249,11526.664337,2.641990,3.961291,23489.047052,2315.172706,645.958624,452.478646,0.202023,3.257583,-0.060041,40.775032,1662.603227,40.775076,76.469000,-82.131000,158.600000,-0.119979,-1.179317,35.440791,415651.708062,0.315311,8836.700763,2.906034,4.125534,21605.244176,1406.897274,595.464870,494.925110,0.213853,3.141936,65.645798,23.574741,555.768410,69.750550,127.159115,10.537496,116.621619,0.119440,-0.195215,18.929463,1216284.797613,0.390075,16373.083961,3.073651,3.740173,15274.104423,2461.053416,512.424228,294.476515,0.213022,3.519538,-0.191420,0.573056,0.328393,0.604181,0.685300,-0.962730,1.648030,0.063768,-1.651925,0.533976,91.258809,1.536266,133.349861,4.618893,6.389692,246.157278,39.495093,24.285810,20.080811,0.484237,3.665992,-0.620651,0.107029,0.011455,0.629812,-0.394840,-0.851190,0.456350,0.048699,-0.693073,0.088068,99.165650,-19.677066,154.490090,5.547466,7.222533,46.879946,7.314737,5.822689,6.053474,0.431568,3.661780,-0.323281,0.264137,0.069768,0.417467,0.078947,-0.752190,0.831137,-0.081516,-1.399754,0.234475,43.569630,-3.231658,83.100854,2.127108,4.849784,83.435984,2.616885,2.214902,2.259873,0.159042,2.363959,0.966471,0.043715,0.001911,0.967459,1.086441,0.886014,0.200427,0.214962,-1.049090,0.038612,233.994089,-91.794933,240.652754,8.272140,8.056966,18.368017,5.211706,4.369462,5.332172,0.624982,4.148005,4.000000
-2.012058,0.654962,0.428975,2.115975,-0.732240,-3.655600,2.923360,-0.222390,-0.893086,0.560137,1119.337673,3.167417,501.616480,4.452127,4.912099,336.175850,103.100560,36.695889,11.827394,0.356896,3.755000,-9.741240,1.041137,1.083966,9.796720,-8.165200,-13.108000,4.942800,-0.953358,0.629225,0.826925,23993.930794,2.692237,2424.344150,6.651232,5.667543,621.716200,269.092156,132.852706,73.898374,0.560582,4.198372,0.066367,0.453457,0.205623,0.458288,1.282400,-1.199700,2.482100,-0.149714,-0.440475,0.382416,52.506876,2.436667,95.783588,6.421231,6.046952,256.374953,113.481979,54.142920,32.374766,0.573542,4.200391,9.974576,1.082100,1.170940,10.033100,13.277750,8.313727,4.964024,0.830125,0.410261,0.854460,25165.775343,2.747982,2482.558488,6.521440,5.698820,646.464275,265.403226,134.225816,73.820634,0.558249,4.182025,3.226971,16.577356,274.808721,16.888519,29.236000,-46.244000,75.480000,-0.765932,-0.019057,13.621369,71305.515629,0.539894,3566.930140,4.255559,5.245941,10608.281982,1838.694161,793.625916,565.997139,0.380982,3.787320,15.958192,42.879894,1838.685335,45.753133,99.969000,-77.879000,177.848000,-0.161920,-0.649204,34.126434,523337.303170,0.284147,9287.925670,3.419873,4.974774,24118.191412,3153.600907,1171.213172,859.291839,0.316736,3.486609,1.904022,38.109678,1452.347547,38.157212,66.261000,-80.010000,146.271000,-0.297512,-1.137329,33.304414,363993.211600,0.335397,8350.962102,3.224428,4.416570,21044.702978,1703.364396,819.837989,633.574904,0.265401,3.329785,57.169838,23.793986,566.153775,61.923696,100.475222,6.487288,93.987934,-0.122326,-0.897625,19.976459,958636.030398,0.478785,14229.549418,3.874487,4.647503,15678.617490,3029.240454,825.637091,535.128788,0.318292,3.710849,0.399859,0.177506,0.031508,0.437488,0.685300,-0.115940,0.801240,-0.987377,0.224962,0.139418,47.848958,-6.427033,100.497911,4.552675,6.243411,95.783150,14.539068,9.291896,7.347606,0.454531,3.748549,-0.748587,0.071469,0.005108,0.751991,-0.591270,-0.898810,0.307540,0.204938,-0.509481,0.058027,141.372754,-42.542172,186.389915,6.910600,7.396568,41.726211,9.747840,7.347838,7.175566,0.577247,4.167164,-0.175202,0.260373,0.067794,0.313831,0.063596,-0.743420,0.807016,-1.144419,-0.384178,0.220062,24.622426,-10.300003,46.529598,4.569343,6.293486,123.230180,20.057739,12.076650,9.851401,0.476249,3.698887,0.924668,0.019130,0.000366,0.924866,0.982835,0.876727,0.106108,0.139029,-0.095007,0.015181,213.844138,-238.953093,230.200973,10.840409,7.715902,8.170060,5.171149,4.277498,4.914216,0.748729,4.516933,4.000000
-2.123282,0.590172,0.348303,2.203776,-1.014800,-3.542800,2.528000,-0.104551,-1.043079,0.516258,1214.157427,3.139760,528.602600,4.343046,4.921942,363.348652,110.293972,35.074158,13.804642,0.352604,3.823315,-9.671651,1.161943,1.350111,9.741199,-6.713700,-13.108000,6.394300,-0.699859,0.178530,0.936463,23722.737072,2.347365,2408.980300,5.635667,4.607991,757.889850,318.275591,150.593160,43.045249,0.393587,4.079764,-0.082290,0.707378,0.500383,0.712148,1.405900,-2.698100,4.104000,-1.448145,3.446386,0.495622,126.788672,2.105969,122.475905,5.533380,6.064173,455.292350,136.215727,61.747146,39.647195,0.522523,4.102111,9.943977,1.171344,1.372046,10.012729,13.425432,7.211755,6.213678,0.672313,0.070743,0.940574,25063.683172,2.427717,2476.595736,5.599288,4.602774,756.591085,320.368339,149.726662,41.913283,0.382858,4.062641,-1.686654,16.727718,279.816535,16.812535,29.236000,-46.244000,75.480000,-0.461606,-0.475737,13.633102,70665.334688,0.551952,3370.666900,3.889021,4.636522,10991.607693,1725.607951,866.359156,409.018628,0.318926,3.705447,-12.109473,43.173670,1863.965788,44.839772,58.108000,-149.930000,208.038000,-1.144926,1.171618,33.885900,502651.279582,0.238380,7860.798390,4.926801,6.065610,28004.178758,4676.203057,2759.333147,2136.011565,0.497203,3.955744,1.877166,33.206281,1102.657081,33.259297,52.962000,-80.010000,132.972000,-0.500998,-0.762859,28.076367,276545.207959,0.357929,7087.661540,2.698659,3.355647,20542.271180,1512.703558,336.450951,357.669310,0.158262,3.230860,50.229892,29.604142,876.405206,58.304779,150.872768,4.718024,146.154744,1.147651,1.494061,22.872491,849861.822229,0.318548,12479.127886,4.839535,5.685949,20307.349122,4033.263319,1865.504148,1367.709970,0.459829,3.951054,0.476008,0.080196,0.006431,0.482717,0.658390,0.262940,0.395450,-0.236651,-0.274042,0.064275,58.253820,-28.492082,118.555910,5.731576,6.811439,48.143108,8.906955,6.153459,4.876462,0.515512,4.012488,-0.814285,0.050024,0.002502,0.815821,-0.694440,-0.942460,0.248020,0.100946,-0.520428,0.040930,166.390807,-64.504920,202.796570,8.166749,7.940532,27.690178,6.614445,6.321165,7.394198,0.609342,4.244732,-0.058307,0.114306,0.013066,0.128319,0.063596,-0.635960,0.699556,-2.814342,9.169648,0.069779,4.116419,-18.227160,17.617337,5.729325,6.583272,76.917773,17.312784,10.775295,8.516849,0.594227,4.166967,0.955452,0.046436,0.002156,0.956579,1.084593,0.876727,0.207866,0.769284,-0.150137,0.037648,228.761046,-84.504795,237.853266,7.859309,7.883569,23.131036,6.015035,5.070411,5.832790,0.608517,4.207459,4.000000
-2.189738,0.588286,0.346080,2.267384,-0.755100,-3.938100,3.183000,-0.176615,-0.202067,0.481081,1285.257767,2.762372,545.327040,4.747470,5.338432,375.820280,117.411659,39.272212,20.866653,0.420232,3.960687,-9.701531,1.246823,1.554568,9.781323,-6.713700,-13.056000,6.342300,-0.386718,-0.270047,1.004364,23918.568961,2.544177,2414.193300,6.045552,5.127140,812.159646,352.150320,161.441520,63.049123,0.496571,4.163064,-0.443554,1.079184,1.164639,1.166781,1.405900,-3.589700,4.995600,-1.060402,0.441427,0.830393,340.344658,2.566799,202.403820,3.712462,4.523520,655.820540,134.500593,57.200857,21.293442,0.299433,3.696242,10.034667,1.217430,1.482136,10.108248,13.425432,7.211755,6.213678,0.423567,-0.223673,0.980749,25544.171386,2.543559,2497.198554,5.991336,5.079992,800.913185,351.132018,161.516160,59.468361,0.493900,4.171006,-9.171981,20.004009,400.160385,22.006490,40.613000,-66.678000,107.291000,-0.505551,0.249472,15.991640,121071.403807,0.406150,4005.219320,4.106715,5.080236,12702.077961,1869.466222,1094.950737,619.144651,0.367846,3.733423,-35.217641,50.207013,2520.744165,61.327208,58.108000,-149.930000,208.038000,-0.512384,-0.528051,41.496718,940256.599122,0.250015,11442.262070,4.180171,5.575823,28531.185592,4549.811321,2343.874386,1656.485470,0.415411,3.725390,-0.578914,32.050382,1027.226997,32.055610,73.553000,-74.401000,147.954000,-0.357101,-0.490028,26.254200,256890.534635,0.322976,6503.183320,4.072508,5.133152,19829.171599,2407.431060,1175.287266,953.156020,0.366716,3.644726,61.908402,37.950283,1440.223973,72.614559,150.872768,4.718024,146.154744,0.744182,-0.402825,31.118909,1318218.537564,0.332151,15401.945650,3.513327,4.614489,22892.905514,3779.194299,1410.598253,803.519938,0.309734,3.621741,-0.044994,0.605441,0.366559,0.607111,0.658390,-0.987580,1.645970,-0.429089,-1.541319,0.556886,92.145846,0.355489,137.450278,4.402378,6.280666,247.292234,37.210084,23.379347,18.082666,0.458732,3.561029,-0.712770,0.137071,0.018788,0.725830,-0.452380,-0.942460,0.490080,0.172920,-1.555851,0.128958,131.707290,-19.515840,177.483115,5.846787,7.212507,55.038041,11.174245,6.647891,8.413300,0.496307,3.782431,-0.262368,0.314213,0.098730,0.409349,0.050439,-0.905700,0.956139,-1.078623,-0.449193,0.265025,41.891673,-5.343640,66.446219,1.995662,4.558364,102.598989,4.465421,2.822652,2.558060,0.165223,2.337586,1.029790,0.050128,0.002513,1.031009,1.118757,0.923240,0.195518,-0.389701,-1.115965,0.043663,265.744809,-89.780204,256.446136,7.992068,8.019328,22.669267,5.588363,4.879326,6.090883,0.643285,4.174035,4.000000
-2.153907,0.732294,0.536255,2.274988,-0.755100,-4.390400,3.635300,-0.622214,-0.000386,0.570509,1293.892255,2.824652,535.594220,5.135529,5.600415,446.869871,134.062323,60.719987,24.528153,0.444189,3.981201,-9.779848,1.205555,1.453362,9.853871,-7.278300,-13.559000,6.280700,-0.359483,-0.353957,0.992962,24274.695378,2.481976,2434.793450,5.895600,5.142443,795.477771,248.983641,149.061377,62.497417,0.479891,4.110968,-0.508846,0.953344,0.908865,1.080643,1.032300,-3.589700,4.622000,-1.169955,1.239706,0.715318,291.947362,2.620228,186.747009,4.445259,5.484357,639.855014,112.157833,71.645030,29.834764,0.402152,3.878926,10.098321,1.210809,1.466059,10.170651,13.791996,7.739563,6.052433,0.360456,-0.440030,0.998626,25860.534995,2.581596,2513.820974,5.805406,5.158411,807.249725,246.793529,147.124545,61.926618,0.479889,4.115234,-8.138085,21.134591,446.670925,22.647281,40.613000,-66.678000,107.291000,-0.406851,0.009004,16.626926,128224.839691,0.411899,4231.370275,3.672655,4.748182,14268.961700,1807.947010,930.679380,481.305943,0.321830,3.671843,-23.388437,52.568452,2763.442165,57.536607,77.727000,-146.090000,223.817000,-0.242661,-0.683073,44.542719,827615.292223,0.235771,11413.083670,4.097907,5.741501,28864.959055,4266.805432,2328.771250,1592.334468,0.405223,3.664424,-0.747752,39.559535,1564.956790,39.566601,74.592000,-105.450000,180.042000,-0.342587,-0.539619,32.772638,391378.980908,0.278898,8146.773230,2.691631,3.419774,22717.635878,1371.784072,517.728410,353.809718,0.161167,3.158801,64.394388,35.245415,1242.239297,73.408967,148.431697,6.895532,141.536165,0.435452,-0.565149,29.321952,1347219.112822,0.342473,16029.919493,4.613032,5.622606,24000.206789,4629.311930,2155.044334,1516.525409,0.442030,3.920095,-0.720803,0.306853,0.094159,0.783401,0.281570,-0.987580,1.269150,1.698006,1.584199,0.229778,153.429159,-4.699077,183.040398,5.156186,6.551107,159.078530,30.865530,19.863479,14.800231,0.536572,3.896073,-0.564341,0.082892,0.006871,0.570397,-0.349210,-0.819440,0.470230,0.028664,1.002126,0.060958,81.338115,-24.212397,140.361165,6.074260,7.207680,50.180707,9.505561,5.141687,8.125160,0.515696,4.021875,-0.149474,0.385357,0.148500,0.413331,0.372810,-0.905700,1.278510,-0.825304,-0.495937,0.306116,42.710536,-1.288940,71.403468,3.515687,5.741807,160.647301,17.640610,10.575323,8.862201,0.361214,3.267825,1.053011,0.032840,0.001078,1.053523,1.118757,0.961393,0.157365,-0.627716,-0.075374,0.026278,277.477809,-132.110886,262.207147,8.220359,7.736416,18.845815,6.698248,3.648698,6.154778,0.657878,4.359062,4.000000
-2.234162,0.786987,0.619349,2.368718,-0.883370,-4.896100,4.012730,-0.731075,0.113896,0.621905,1402.706701,2.749732,556.002230,4.787524,4.950166,481.573402,162.227889,69.075505,22.977783,0.392156,3.952658,-9.698675,1.214948,1.476099,9.774477,-7.416900,-13.983000,6.566100,-0.718711,0.257905,1.006544,23885.099943,2.327696,2414.956450,5.888254,4.952451,718.696634,258.975647,142.242615,54.497119,0.433600,4.018141,-0.317025,0.589925,0.348012,0.669714,1.063200,-2.024000,3.087200,-0.202908,-0.236644,0.478697,112.129082,2.803451,131.219450,5.873840,5.766090,363.681631,126.429267,64.793621,32.904753,0.513913,4.127888,10.000173,1.263440,1.596280,10.079670,14.294209,7.622974,6.671235,0.601891,-0.026675,1.049237,25399.935726,2.361654,2489.918522,5.669489,4.926978,764.553616,251.411136,142.842720,54.248353,0.417276,3.999472,-1.950008,17.679301,312.557673,17.786518,34.354000,-46.308000,80.662000,-0.153210,-0.509057,14.125974,79090.051660,0.526811,3548.883265,4.000979,4.601540,10826.697426,1907.213233,854.639914,427.952315,0.314465,3.662363,1.409799,43.569516,1898.302758,43.592319,77.727000,-108.340000,186.067000,-0.666494,-0.494914,35.622506,475072.573028,0.269167,8957.943340,4.482101,5.521764,24096.739529,4753.788332,1981.951090,1431.149310,0.421955,3.786547,-0.211347,46.142338,2129.115355,46.142822,77.489000,-108.760000,186.249000,-0.382162,-0.812880,39.633637,532290.005533,0.274776,9877.764040,3.300305,4.410679,26089.409925,1834.119964,987.336966,767.889881,0.249363,3.302354,59.244197,28.912552,835.935641,65.922762,123.349204,6.895532,116.453672,0.220905,-0.792624,24.145563,1086452.630221,0.402670,14749.474262,4.655975,5.086621,20462.000896,4256.400776,1340.461193,1055.297673,0.387353,3.900794,-0.842535,0.056776,0.003223,0.844445,-0.706000,-0.952380,0.246380,0.111427,-0.866983,0.047904,178.271996,-61.936309,209.784780,5.548729,6.863974,33.577477,4.335109,3.663133,3.948188,0.468560,3.879501,-0.520723,0.085060,0.007235,0.527624,-0.333330,-0.690480,0.357150,0.263433,-0.706980,0.070696,69.596800,-32.382830,129.601275,5.685901,7.020901,46.654236,6.322202,5.098439,5.914974,0.435168,3.801584,0.142605,0.136354,0.018592,0.197303,0.372810,-0.085526,0.458336,0.125508,-1.263057,0.119015,9.732167,-17.947495,39.476992,2.952730,5.308493,61.322979,3.063330,2.370943,1.925006,0.224653,2.985637,1.014421,0.036783,0.001353,1.015088,1.108339,0.943304,0.165035,0.475713,-0.630479,0.030697,257.600962,-118.763094,252.574442,8.216152,7.735239,18.115130,6.086547,5.026729,5.207654,0.653608,4.264168,4.000000
-2.167398,0.770558,0.593759,2.300298,-0.435360,-4.896100,4.460740,-0.380994,0.146132,0.618112,1322.843167,2.540746,539.575235,5.870653,6.003318,494.613780,156.238928,84.085723,49.947867,0.545777,4.163228,-9.707022,1.227231,1.506095,9.784292,-7.416900,-13.983000,6.566100,-1.013926,1.131755,0.962916,23933.092839,2.325897,2416.403000,5.939708,4.857009,773.169926,292.492931,164.862573,56.266251,0.439967,4.085918,-0.233367,0.643191,0.413694,0.684218,1.451500,-1.964900,3.416400,-0.006764,-0.410382,0.517987,117.038568,2.792341,138.043408,4.643807,4.918738,455.575815,110.690260,54.757697,23.259863,0.382293,3.961268,9.993968,1.269843,1.612502,10.074319,14.294209,7.622974,6.671235,0.928045,0.913886,1.005933,25372.974575,2.327888,2487.772628,5.812105,4.910716,815.292705,277.312233,166.382855,57.445053,0.423526,4.059981,4.031600,19.842563,393.727295,20.247990,61.921000,-46.308000,108.229000,0.145662,-0.051044,16.214684,102495.272433,0.404714,4023.633450,4.043522,5.086522,12514.138883,1988.425018,1101.629021,577.304028,0.355313,3.726579,20.024574,48.803047,2381.737352,52.751502,114.220000,-108.340000,222.560000,-0.390601,0.057837,36.900684,695680.230183,0.230870,10801.134970,3.982743,5.323650,28930.365526,4424.713149,2053.686954,1399.618782,0.384222,3.698348,1.234533,44.709819,1998.967950,44.726860,79.897000,-108.760000,188.657000,-0.282168,-0.929379,38.795012,500123.005200,0.269873,9680.941630,2.875196,3.922789,25320.299544,1626.870315,700.356218,447.197607,0.195899,3.182124,65.722054,29.560203,873.805605,72.063819,132.163121,6.059793,126.103328,0.201536,-0.612513,23.667267,1298298.507816,0.372486,16355.766180,4.981857,5.671422,21108.273959,4391.667325,1975.399711,1484.918296,0.485837,4.041553,-0.783131,0.153878,0.023678,0.798105,-0.103520,-0.923400,0.819880,2.885670,8.337946,0.089894,159.243012,-14.029726,195.340630,5.485410,6.618832,96.951895,19.122105,12.783938,10.313595,0.556992,4.053697,-0.490111,0.077728,0.006042,0.496237,-0.307540,-0.680560,0.373020,0.253253,-0.731638,0.065521,61.562690,-32.057472,121.929615,6.351411,7.446068,41.965465,6.395601,5.565100,6.586370,0.477642,3.892051,0.002693,0.282399,0.079749,0.282412,0.370610,-0.723680,1.094290,-1.038514,0.246369,0.220233,19.939152,-1.953382,54.869543,4.114327,6.098284,140.443569,19.298953,11.209032,8.991472,0.422780,3.575749,0.980988,0.025349,0.000643,0.981315,1.063281,0.916478,0.146803,0.012834,-0.105125,0.020473,240.744854,-154.407895,244.287894,9.535006,7.947479,12.894447,5.178294,4.909663,5.306977,0.699684,4.424616,4.000000
-2.089849,0.847327,0.717963,2.255090,-0.270300,-4.299800,4.029500,-0.049127,-0.808053,0.717450,1271.357829,3.011195,520.118520,4.531452,5.110322,399.103207,107.673057,34.516380,21.723247,0.359224,3.690546,-9.737350,1.127714,1.271738,9.802435,-7.864400,-13.786000,5.921600,-1.104167,1.406227,0.879302,24021.930764,2.409124,2424.295050,6.527678,5.209638,600.141673,294.926940,158.397186,53.267007,0.489066,4.087377,-0.044871,0.611257,0.373636,0.612902,1.451500,-1.964900,3.416400,-0.224731,-0.137474,0.497499,93.912231,2.606622,124.566188,4.528150,5.032690,437.436156,97.974981,47.488251,20.901930,0.371897,3.936420,10.006505,1.191076,1.418663,10.077143,14.159827,7.970011,6.189815,1.029706,1.218704,0.927634,25387.200824,2.383839,2491.281895,6.283034,5.125698,629.415150,294.068425,152.894875,50.591011,0.469586,4.052680,7.867702,18.772465,352.405453,20.354513,61.921000,-31.055000,92.976000,0.524917,-0.122877,15.555016,103576.545841,0.459610,3950.066190,4.273565,5.068573,10989.318801,2243.215854,1018.284214,477.957043,0.374242,3.762314,37.964836,48.068638,2310.593940,61.252940,125.770000,-87.368000,213.138000,-0.410352,-0.115583,37.249601,937980.678067,0.243128,12861.203050,2.632273,3.718186,25144.729556,2715.717271,753.796667,372.497651,0.185914,3.220298,0.855980,44.926771,2018.414718,44.934924,79.897000,-89.087000,168.984000,-0.190534,-1.271555,39.828017,504786.854804,0.298115,9927.952130,3.117262,4.228060,20194.303442,1649.629621,660.383012,502.521821,0.230184,3.165231,72.816856,29.716691,883.081733,78.647163,135.643073,6.059793,129.583280,0.193115,-0.513914,23.771499,1546344.078712,0.364608,18156.899705,3.763023,4.667572,20035.921421,3487.624268,1142.818373,711.740697,0.327374,3.754969,-0.149689,0.617406,0.381190,0.635293,0.645960,-0.917180,1.563140,-0.035362,-1.823742,0.589958,100.899260,-0.698075,147.496938,4.525581,6.357188,231.880151,36.760844,22.771538,19.121973,0.471311,3.533048,-0.598040,0.137588,0.018930,0.613663,-0.307540,-0.845240,0.537700,0.140139,-1.058784,0.119024,94.145550,-12.523442,148.840345,5.650518,7.291034,61.116421,8.661025,7.196552,8.489488,0.465651,3.713751,-0.154184,0.281689,0.079349,0.321126,0.300440,-0.723680,1.024120,-0.407387,-0.925384,0.243449,25.780444,-0.561186,62.589911,2.314676,5.069023,86.822503,3.040300,2.587730,3.175612,0.186253,2.391712,0.939094,0.037468,0.001404,0.939841,1.021320,0.866719,0.154601,0.237029,-1.001511,0.032502,220.825255,-128.035550,233.829868,9.071663,8.131743,15.613950,5.284384,4.725223,5.771287,0.657103,4.276284,4.000000
-2.077714,0.751280,0.564421,2.209370,-0.270300,-4.299800,4.029500,-0.142877,-0.345167,0.612978,1220.328590,2.713519,518.000690,4.806041,5.317919,433.095235,120.288820,47.645258,24.168058,0.412449,3.865789,-9.678156,1.116781,1.247199,9.742376,-7.864400,-13.645000,5.780600,-1.016483,0.974248,0.885267,23728.473728,2.461215,2409.463950,5.688305,4.654061,719.133938,269.893152,143.826705,47.359233,0.397128,4.074563,0.040907,0.525897,0.276567,0.527485,1.481200,-1.404200,2.885400,0.012199,-0.576190,0.443700,69.560130,2.563742,110.331130,5.507314,5.524926,346.791575,117.538658,54.783542,24.160354,0.483893,4.127856,9.935545,1.165498,1.358387,10.003672,14.070639,7.970011,6.100628,0.917238,0.724377,0.922151,25018.362448,2.442225,2473.654832,5.519398,4.659699,754.867008,272.195262,142.941853,47.035926,0.386704,4.058240,3.045702,15.762327,248.450965,16.053886,55.140000,-32.558000,87.698000,0.562787,0.835101,12.261271,64431.816639,0.470000,3082.950738,5.316872,5.949894,10263.254021,2215.314376,1225.849855,892.842008,0.505504,4.022593,17.596901,44.874638,2013.733134,48.201494,125.770000,-87.368000,213.138000,0.149676,-0.019292,34.718350,580846.016811,0.241708,9237.927850,3.723718,5.189244,26989.566067,2989.084463,1483.285664,1169.469919,0.344408,3.598614,0.066634,39.211049,1537.506402,39.211106,74.459000,-89.087000,163.546000,-0.326902,-0.883114,33.451333,384377.710456,0.304617,8321.301350,4.585857,5.585999,21718.373160,3154.483380,1698.312734,1335.976408,0.413064,3.663888,56.353979,30.705883,942.851247,64.176492,135.643073,9.184693,126.458380,0.692578,-0.124341,24.924102,1029655.543906,0.369977,14006.506016,4.398682,5.495099,21307.209662,3681.176446,1621.718494,1192.620877,0.417583,3.883933,0.457325,0.125616,0.015779,0.474263,0.645960,-0.109730,0.755690,-2.202033,6.679471,0.084555,56.231410,-13.121613,114.901653,5.528754,6.662296,79.615152,15.009895,9.975801,8.509246,0.546086,4.050302,-0.747667,0.060919,0.003711,0.750145,-0.591270,-0.906750,0.315480,0.357499,-0.436924,0.049185,140.679200,-45.142520,186.197465,7.556581,7.535696,36.001823,9.575543,8.679182,7.135699,0.627422,4.272611,-0.047211,0.208995,0.043679,0.214261,0.162280,-0.701750,0.864030,-1.586320,1.521548,0.162108,11.476976,-8.843148,35.074558,5.161408,6.546004,116.506097,22.439568,13.492501,10.987994,0.533606,3.946836,0.912819,0.017654,0.000312,0.912990,0.964858,0.866719,0.098139,0.216500,0.121650,0.014044,208.387586,-268.735558,227.273126,11.749271,7.628638,7.420434,4.731744,5.679010,5.434507,0.811360,4.630444,4.000000
-2.074134,0.618677,0.382762,2.164439,-0.907810,-3.741200,2.833390,-0.181356,-0.661550,0.513331,1171.198832,2.935173,517.006410,4.539447,4.973398,388.590612,93.160255,40.861534,16.202417,0.348499,3.854534,-9.740160,1.160551,1.346880,9.809057,-7.880300,-13.866000,5.985700,-1.055847,0.866066,0.908300,24054.399134,2.427658,2424.226150,6.606945,5.299872,680.350666,306.769804,176.033352,63.629085,0.508416,4.180517,-0.063985,0.603185,0.363832,0.606569,1.481200,-1.611200,3.092400,-0.242844,-0.435327,0.493651,91.981436,2.853894,122.250208,4.470419,4.557919,356.771174,99.278500,43.595037,15.182400,0.336699,3.854644,9.993417,1.184032,1.401931,10.063315,14.005833,8.241236,5.764598,0.936425,0.576754,0.929391,25317.579402,2.504923,2487.393337,6.473644,5.363002,708.717503,302.825454,175.932912,64.621103,0.505932,4.186223,-1.442731,13.725857,188.399138,13.801471,23.070000,-33.584000,56.654000,-0.237031,-1.036719,11.978682,47620.153054,0.684553,2962.965398,4.283584,4.760117,7709.101915,1482.361538,780.220078,353.219156,0.339218,3.694488,-5.102059,37.104221,1376.723223,37.453361,63.585000,-109.470000,173.055000,-0.653501,0.149230,28.151061,350688.557639,0.283810,7006.788960,3.871901,4.874488,21918.569456,2815.156055,1213.129676,831.912885,0.340386,3.635706,2.544523,33.484411,1121.205754,33.580952,60.217000,-75.835000,136.052000,-0.326551,-0.926087,28.783825,281920.088228,0.352432,7233.257470,4.444014,5.532709,20540.751530,2457.626216,1364.467859,1218.198335,0.411405,3.731960,45.917956,24.747859,612.456503,52.162393,114.188380,7.534304,106.654075,0.771479,0.072568,19.744291,680228.798920,0.420366,11415.625636,3.457997,4.076544,16583.603999,2779.309998,744.570694,412.217400,0.247729,3.601036,0.474849,0.073050,0.005336,0.480435,0.612840,0.275360,0.337480,-0.461845,-0.473932,0.059787,57.704382,-37.574154,118.335340,5.648195,6.702564,40.495741,7.029803,4.895874,3.696894,0.490352,3.915847,-0.797976,0.049937,0.002494,0.799537,-0.698410,-0.950400,0.251990,-0.673533,0.182929,0.039695,159.814905,-65.573573,198.636885,8.113877,7.610034,28.006760,8.094332,7.404192,7.159923,0.657311,4.316032,0.041491,0.059915,0.003590,0.072879,0.149120,-0.175440,0.324560,-0.715111,0.675861,0.048273,1.327836,-45.717765,14.968195,5.691947,6.987748,31.628863,5.937194,3.778657,3.514865,0.521883,3.938515,0.935186,0.028544,0.000815,0.935622,1.008395,0.885182,0.123213,0.601221,-0.378349,0.023245,218.847124,-183.476877,232.844709,9.581549,7.974832,13.493034,5.195387,5.199540,5.417714,0.719393,4.422022,4.000000
-2.155293,0.669783,0.448609,2.256967,-0.907810,-4.278600,3.370790,-0.455496,-0.095078,0.542757,1273.474480,2.843755,536.414550,4.843814,5.418607,419.570734,120.874406,47.783537,27.240453,0.416193,3.960685,-9.726580,1.128337,1.273145,9.791808,-6.363600,-14.236000,7.872400,-0.919339,2.455790,0.806431,23969.877874,1.830995,2421.598700,6.991860,4.966970,613.745686,491.603063,210.309731,84.978407,0.498510,4.263769,-0.232906,0.760683,0.578638,0.795540,1.574500,-2.251200,3.825700,-0.042791,-0.442768,0.617568,158.220878,2.976509,160.404213,4.827834,4.899860,457.044278,159.523740,79.545281,21.086139,0.371410,3.950984,10.014452,1.147623,1.317040,10.079995,14.510312,6.576913,7.933399,0.785226,1.957843,0.833071,25401.573232,1.852456,2493.266433,6.899495,4.972559,620.781240,494.291377,209.305028,83.564222,0.488675,4.250738,-8.302267,16.702069,278.959106,18.651722,23.070000,-62.599000,85.669000,-0.380323,-0.032441,13.338886,86971.686440,0.486564,3751.215270,3.988213,4.499695,10761.178042,2451.260251,838.114103,394.157451,0.311360,3.777200,-27.025579,46.943277,2203.671237,54.166901,61.480000,-146.090000,207.570000,-0.725235,-0.173743,37.962090,733513.289266,0.246034,9533.989910,2.574886,3.792688,25671.946005,2884.621260,755.382723,391.186836,0.193630,3.265292,-0.231709,34.539370,1192.968086,34.540147,60.217000,-75.835000,136.052000,-0.202983,-0.780063,28.153529,298255.443828,0.354841,7013.019110,3.263487,4.235341,20791.818790,2015.949227,726.636951,522.329888,0.250934,3.408773,56.789111,35.354752,1249.958497,66.895154,150.346927,4.331196,146.015731,0.623610,-0.418738,29.038106,1118740.419534,0.330554,14170.719035,3.241764,4.454523,22757.353529,2862.576118,884.784031,643.770441,0.265657,3.545858,0.121665,0.488062,0.238205,0.502998,0.612840,-0.730850,1.343690,-0.766578,-1.203283,0.439241,63.251800,-1.591784,119.854007,4.349813,6.249308,219.321358,31.233259,20.165937,15.985121,0.452937,3.600840,-0.737484,0.124151,0.015414,0.747861,-0.484130,-0.984130,0.500000,0.381082,-0.973122,0.104636,139.824067,-17.559882,183.705335,5.923933,7.282740,57.358737,10.480159,6.898447,8.426105,0.528233,3.881793,-0.292026,0.338793,0.114781,0.447281,0.149120,-0.842110,0.991230,-0.173815,-1.693100,0.320681,50.014983,-2.983059,83.476956,4.422930,6.255412,133.660539,21.768954,13.091134,10.092331,0.460429,3.552482,1.004462,0.058482,0.003420,1.006163,1.107284,0.892454,0.214830,-0.017825,-1.342083,0.052375,253.090850,-75.773567,250.119386,7.402046,7.755874,26.801315,6.533758,5.372198,6.562907,0.623227,4.130550,4.000000
-2.269034,0.480521,0.230901,2.319357,-1.056400,-4.278600,3.222200,-0.553417,2.777296,0.329900,1344.854424,1.679196,565.460400,5.727654,5.956778,311.723180,118.270061,58.700258,30.348063,0.509081,4.166149,-9.610377,0.788677,0.622011,9.642684,-6.363600,-14.236000,7.872400,-1.310649,11.358630,0.415006,23245.340144,1.261527,2393.558100,7.938555,4.952073,332.401141,459.254605,188.852034,80.260340,0.566434,4.374916,-0.218951,0.617803,0.381681,0.655454,1.574500,-2.251200,3.825700,-0.122948,1.619977,0.408723,107.405058,1.899106,114.994474,4.994938,5.089382,417.304796,153.255327,76.146670,21.602152,0.407296,4.082755,9.907293,0.797466,0.635951,9.939336,14.510312,6.576913,7.933399,1.162134,10.188349,0.433760,24697.599626,1.256752,2467.578794,7.808279,4.993578,344.099464,464.812225,185.743338,79.231321,0.558407,4.375056,-6.725496,13.968270,195.112555,15.503059,20.719000,-62.599000,83.318000,-1.497765,2.192495,10.348187,60086.212148,0.454895,2411.027532,4.069092,4.778906,8949.649613,2125.057720,816.909043,348.935845,0.320953,3.796253,-21.461034,39.508554,1560.925817,44.961114,15.850000,-146.090000,161.940000,-1.808218,2.085430,29.176677,505375.447735,0.274002,6065.224037,3.011215,4.911318,18711.395435,2528.763322,964.302499,651.161553,0.283041,3.263052,-2.848568,21.600376,466.576231,21.787395,57.403000,-71.729000,129.132000,-0.661480,2.484796,13.403264,118672.642523,0.317396,3291.696915,3.654232,4.702984,14542.475911,2057.592426,736.271338,501.314384,0.296571,3.639156,34.114799,39.657505,1572.717718,52.311922,150.346927,0.609122,149.737805,1.334741,0.599271,32.504265,684134.302406,0.290574,8496.106752,2.953304,4.726690,19748.759905,1755.750310,861.830771,595.967329,0.247551,3.286042,-0.474526,0.411934,0.169690,0.628382,0.548650,-0.755690,1.304340,1.497340,0.548102,0.326900,98.716086,-5.252034,150.349917,4.260175,6.170524,189.855639,27.960939,17.784274,12.742484,0.441724,3.576867,-0.591762,0.110446,0.012198,0.601980,-0.484130,-0.984130,0.500000,-1.665698,1.970548,0.083788,90.595017,-26.610216,147.204300,5.847244,6.946561,62.003877,13.242170,7.961964,8.499945,0.527122,4.029962,-0.605088,0.108454,0.011762,0.614730,-0.184210,-0.842110,0.657900,1.364155,3.664933,0.065255,94.473345,-19.532596,150.870615,5.346772,6.549749,64.640408,12.918318,8.062272,6.767485,0.545885,4.008737,1.065155,0.024139,0.000583,1.065428,1.121058,0.980860,0.140199,-0.826988,1.351033,0.017580,283.784449,-172.008156,265.262010,9.906171,7.867705,12.017012,6.214434,5.709324,5.036619,0.761665,4.525647,4.000000
-2.205728,0.055466,0.003076,2.206426,-2.036900,-2.351200,0.314300,0.251860,0.005922,0.044959,1217.078557,-47.799919,549.262150,7.896233,6.011597,31.048046,16.502535,21.013149,5.145684,0.626041,4.411860,-9.591277,0.044014,0.001937,9.591378,-9.464400,-9.720400,0.256000,0.001763,0.337184,0.034425,22998.633882,-65.726552,2388.234050,10.327403,6.368419,17.029357,16.117952,18.630411,12.213274,0.744996,4.571933,-0.148942,0.043046,0.001853,0.155038,-0.032173,-0.236130,0.203957,0.399521,-0.383764,0.034678,6.009166,-87.409808,37.106758,7.333399,6.841744,27.449757,10.688474,5.692172,5.278494,0.624766,4.337457,9.843022,0.042470,0.001804,9.843114,9.958922,9.719807,0.239115,-0.052636,0.325574,0.033244,24221.721605,-74.129479,2450.926485,10.709918,6.245181,14.086529,16.495752,18.761406,11.932583,0.756458,4.576563,0.029074,0.638304,0.407432,0.638966,1.952800,-1.967500,3.920300,-0.174845,0.269400,0.508057,102.069306,2.501738,126.340236,5.798361,5.891484,426.950297,145.730660,70.355492,41.088428,0.509057,4.153680,0.501602,1.246969,1.554931,1.344074,3.447700,-2.791800,6.239500,-0.458475,-0.054789,0.986122,451.633735,2.533294,278.512487,6.281918,5.530127,688.734127,341.670800,308.055007,46.841875,0.453048,4.153999,-0.466575,1.182949,1.399367,1.271637,3.386500,-3.690500,7.077000,-0.087012,1.328188,0.854031,404.264868,2.113650,228.784253,5.102864,5.320282,788.487078,178.936409,118.459986,39.679706,0.437434,3.998011,1.732103,0.911970,0.831690,1.957517,4.736933,0.220894,4.516040,0.842358,0.471592,0.731864,957.967909,2.693538,431.062027,6.999932,6.308294,562.990709,226.310821,194.192032,85.119152,0.593676,4.320321,-0.690600,0.010405,0.000108,0.690678,-0.670810,-0.726710,0.055900,-0.641186,0.325518,0.008298,119.259033,-578.005486,171.958400,11.344945,7.382442,4.147797,3.671735,3.214082,3.085334,0.818674,4.628153,-0.535103,0.017491,0.000306,0.535389,-0.503970,-0.595240,0.091270,-0.547108,-0.214691,0.014624,71.660295,-298.796343,133.222190,12.487795,7.168695,5.200616,6.018761,6.299203,5.568824,0.795745,4.621535,-0.620790,0.007180,0.000052,0.620831,-0.605260,-0.646930,0.041670,-0.538787,0.481342,0.005591,96.357907,-861.456036,154.580145,11.298438,7.453612,3.063795,2.326035,2.014358,2.487761,0.801513,4.619875,1.071869,0.014327,0.000205,1.071965,1.117532,1.046488,0.071044,0.783816,0.295593,0.011387,287.277235,-412.148740,266.887593,12.584064,6.913587,3.822659,5.147781,5.303811,4.766696,0.784762,4.605863,1.000000
-2.199433,0.054223,0.002940,2.200101,-2.036900,-2.351200,0.314300,0.029365,0.150379,0.043123,1210.111636,-48.281925,547.615450,8.004927,6.016407,29.497922,15.017669,21.768762,5.103428,0.602177,4.386973,-9.593778,0.043521,0.001894,9.593876,-9.464400,-9.720400,0.256000,-0.239957,0.403947,0.033810,23010.615670,-66.496279,2388.851200,10.696133,6.424081,15.732805,16.111213,18.570005,12.942642,0.749935,4.587480,-0.179491,0.040823,0.001667,0.184075,-0.032173,-0.281860,0.249687,0.478966,0.920620,0.031282,8.470866,-71.198927,44.686036,7.110692,6.670653,25.612281,8.797195,5.263421,4.662005,0.572598,4.258077,9.844542,0.042139,0.001776,9.844633,9.961352,9.720112,0.241240,0.166910,0.387779,0.032993,24229.198172,-74.037149,2451.281941,11.073294,6.312114,13.371922,15.936647,19.283135,12.614716,0.755958,4.591604,0.039731,0.628009,0.394396,0.629265,1.952800,-1.403900,3.356700,0.075644,-0.171741,0.499273,98.993607,2.804409,124.000458,6.295271,6.172020,433.705313,144.832829,80.578528,49.832762,0.544832,4.234111,0.463585,1.168350,1.365043,1.256962,3.447700,-2.791800,6.239500,-0.371731,0.130125,0.917660,394.988431,2.434667,256.079505,6.455265,5.471646,641.570624,332.295327,313.931071,45.854876,0.445542,4.171699,-0.394982,1.223999,1.498174,1.286151,3.386500,-3.690500,7.077000,0.051762,1.227242,0.864181,413.546198,2.122094,235.524455,5.104368,5.396309,812.405459,177.478597,122.677133,45.269032,0.433957,3.984298,1.672593,0.912439,0.832545,1.905286,4.736933,0.161033,4.575901,0.913127,0.727819,0.719776,907.528236,2.651980,416.991147,7.402914,6.537492,542.531076,235.419473,187.323197,88.052115,0.640627,4.378551,-0.688861,0.010729,0.000115,0.688944,-0.668740,-0.726710,0.057970,-0.620582,0.491769,0.008456,118.661062,-553.123592,171.521610,11.495449,7.311460,3.961322,3.127753,3.148639,3.559779,0.777817,4.574322,-0.535047,0.019110,0.000365,0.535389,-0.503970,-0.589290,0.085320,-0.470019,-0.480074,0.016058,71.660230,-313.542008,133.217205,12.178305,7.086264,6.475977,6.713564,6.723309,6.760916,0.810029,4.653038,-0.624132,0.008132,0.000066,0.624185,-0.605260,-0.649120,0.043860,-0.268149,0.073380,0.006422,97.401619,-804.244986,155.405725,11.149132,7.450752,3.393416,2.223479,2.420837,2.660188,0.793414,4.590143,1.072688,0.015261,0.000233,1.072796,1.121052,1.044645,0.076407,0.580116,0.011355,0.012376,287.722912,-370.660939,267.089506,12.399849,6.856487,4.655873,5.638372,5.387313,6.033865,0.842768,4.666537,1.000000
-2.192286,0.043661,0.001906,2.192721,-2.049500,-2.328000,0.278500,0.127229,0.867399,0.033264,1202.006478,-63.400035,545.906850,9.024138,5.805892,19.036114,14.476838,21.066162,5.701218,0.645188,4.459806,-9.593765,0.039260,0.001541,9.593846,-9.477700,-9.709100,0.231400,-0.201906,0.663664,0.030122,23010.468010,-81.559384,2388.836250,10.803374,6.159158,11.192380,18.795024,16.596333,10.571074,0.753907,4.581420,-0.206886,0.036394,0.001324,0.210063,-0.109640,-0.321010,0.211370,-0.313373,0.182164,0.028564,11.031606,-91.000044,51.514755,7.246115,6.637738,21.445693,10.863037,4.696038,3.928133,0.611007,4.308678,9.843401,0.038497,0.001482,9.843476,9.961352,9.720112,0.241240,0.135866,0.832042,0.029404,24223.506094,-77.364065,2451.002079,11.059101,6.092073,9.858336,18.187254,16.870287,10.335207,0.734571,4.565803,-0.016604,0.578841,0.335057,0.579079,1.517500,-1.537500,3.055000,0.050556,-0.292740,0.468523,83.833066,2.812269,116.760172,6.487621,6.125162,371.825699,155.689105,84.598324,44.737965,0.539504,4.248045,0.299496,0.846362,0.716328,0.897790,2.562900,-1.891700,4.454600,-0.035085,-0.291602,0.687179,201.506521,2.779514,181.746628,7.598481,5.466442,414.246994,359.174226,287.518205,49.367336,0.528034,4.343822,-0.290560,0.634575,0.402685,0.697933,2.460200,-1.817800,4.278000,1.397588,4.105052,0.444128,121.777496,1.929928,135.481877,6.454066,6.099349,432.002117,157.912080,117.078824,46.333434,0.570035,4.299209,1.158522,0.535065,0.286295,1.276115,2.911928,0.161033,2.750896,0.687314,0.359491,0.426209,407.117083,2.645787,288.352618,9.056630,7.004882,295.953519,181.672611,136.955316,99.566517,0.772121,4.553500,-0.686584,0.009049,0.000082,0.686643,-0.668740,-0.718430,0.049690,-0.484775,0.059044,0.007434,117.869703,-674.050995,170.953335,12.623176,7.125520,2.932174,2.792778,2.953824,3.636487,0.836953,4.654508,-0.533635,0.019013,0.000361,0.533973,-0.501980,-0.589290,0.087310,-0.589563,-0.159942,0.015844,71.281886,-308.256824,132.838255,12.406453,7.064364,6.403294,6.261680,5.976208,7.835192,0.829159,4.651452,-0.627640,0.006672,0.000045,0.627676,-0.607460,-0.649120,0.041660,-0.216317,0.457109,0.005147,98.494235,-874.029224,156.287285,12.101895,7.107056,2.330451,2.232273,2.357049,2.338259,0.814661,4.652753,1.072541,0.015445,0.000239,1.072652,1.128290,1.044645,0.083645,0.684791,0.454316,0.012312,287.645824,-337.732948,267.043049,12.540577,7.073911,5.002554,5.154936,4.630710,6.476938,0.825246,4.646869,1.000000
-2.207923,0.094212,0.008876,2.209932,-1.832700,-2.544900,0.712200,0.016493,2.854033,0.064041,1220.950189,-14.841387,549.592800,7.783726,5.768723,48.927351,28.263320,31.864992,8.069257,0.585527,4.345465,-9.587182,0.044270,0.001960,9.587285,-9.399600,-9.752700,0.353100,0.034681,1.806849,0.032262,22979.006545,-47.447567,2387.218000,9.910683,6.561324,18.226317,17.118884,16.230314,10.140720,0.746565,4.546428,-0.238163,0.070658,0.004993,0.248424,-0.094189,-0.485460,0.391271,-1.424929,2.194708,0.051943,15.428563,-38.208316,59.291924,6.047984,6.449456,46.080314,10.154393,6.982214,5.645316,0.515503,4.097870,9.841753,0.037893,0.001436,9.841826,9.953567,9.719296,0.234271,-0.076892,0.198736,0.029890,24215.385296,-79.063481,2450.563000,10.618935,6.511884,12.931541,15.705287,13.924463,10.159911,0.760980,4.564623,0.053609,1.130207,1.277369,1.131478,3.950800,-3.682200,7.633000,0.381635,2.544936,0.771114,320.060699,1.818635,191.091378,4.955561,5.548627,785.739901,156.849818,111.231889,40.401366,0.423493,3.983432,0.629626,2.044818,4.181280,2.139558,7.597300,-7.353200,14.950500,0.266714,3.087460,1.352302,1144.427131,1.305621,352.348915,5.791103,4.967725,1324.604990,676.828245,424.880553,63.836073,0.415037,4.197401,-0.407081,1.285493,1.652491,1.348409,3.331000,-7.234600,10.565600,-1.605952,7.702226,0.787854,454.551636,1.347886,217.376048,5.667253,5.440316,844.847733,287.649932,171.037875,52.030574,0.449493,4.110441,2.036414,1.878610,3.529176,2.770588,8.536922,0.178515,8.358407,1.749972,2.106906,1.389489,1919.039467,1.790390,506.925433,6.103186,6.306759,1158.332934,372.873197,285.435468,96.467392,0.538158,4.176836,-0.688273,0.010200,0.000104,0.688348,-0.662530,-0.720500,0.057970,-0.345654,-0.219220,0.008367,118.455830,-557.127402,171.396325,11.963668,7.390261,4.087960,3.134135,3.427524,3.596817,0.821146,4.652069,-0.530492,0.019052,0.000363,0.530834,-0.496030,-0.605160,0.109130,-0.765199,0.773985,0.015428,70.446110,-240.751173,132.086225,12.425397,7.313088,6.306198,6.772377,4.758909,7.856622,0.750693,4.610352,-0.630061,0.007343,0.000054,0.630104,-0.611840,-0.649120,0.037280,-0.152739,-0.158387,0.005869,99.257796,-944.569661,156.874980,11.767198,7.835380,3.146955,1.915818,2.278264,2.108730,0.827987,4.631581,1.073498,0.015493,0.000240,1.073610,1.134863,1.045660,0.089203,0.881486,1.371668,0.012192,288.159736,-316.384733,267.302287,12.440618,7.255295,5.387761,5.343013,4.706140,6.343145,0.840925,4.668218,1.000000
-2.222508,0.146874,0.021572,2.227356,-1.832700,-2.630300,0.797600,0.144166,0.039575,0.113573,1240.278434,-6.634349,553.443250,7.135685,5.669026,74.302640,37.257201,36.985282,9.682707,0.521825,4.204062,-9.583342,0.068814,0.004735,9.583589,-9.399600,-9.853300,0.453700,-0.926387,2.076440,0.049840,22961.296735,-29.623170,2386.307700,8.631062,6.424168,40.799347,20.170452,20.127545,13.408048,0.710056,4.505097,-0.246043,0.128599,0.016538,0.277624,0.256300,-0.485460,0.741760,0.930026,1.659383,0.097753,19.268729,-10.036264,63.902800,5.559285,5.830626,87.786237,16.344743,11.659334,7.755138,0.469976,4.022923,9.842769,0.057241,0.003276,9.842935,10.097659,9.711671,0.385988,0.960053,2.965172,0.042003,24220.843898,-39.660264,2450.911654,9.328190,6.551928,31.168685,17.597620,18.144193,13.434660,0.736312,4.540077,0.244716,1.974048,3.896864,1.989158,6.147100,-5.188800,11.335900,0.227170,0.448597,1.493169,989.187392,1.802819,370.474678,4.695568,4.920773,1386.099792,278.478893,155.877145,57.477438,0.368655,3.898840,0.904897,3.254715,10.593171,3.378167,7.597300,-11.198000,18.795300,-0.600724,0.697601,2.453085,2853.002406,1.346686,662.585558,5.472591,4.756349,2046.350038,955.849643,472.061333,77.674580,0.376197,4.068133,-0.302687,2.429394,5.901954,2.448178,7.087300,-7.496400,14.583700,-0.135812,1.542848,1.740636,1498.393328,1.520864,438.370504,5.241484,5.344961,1527.651715,438.512997,214.467568,96.431453,0.435661,3.990010,3.963887,2.376959,5.649934,4.621940,11.693773,0.397001,11.296773,0.418607,-0.848880,2.066878,5340.583127,1.860829,989.297983,6.480827,5.916241,1530.808497,666.766214,460.452193,163.247204,0.554689,4.283701,-0.681325,0.014152,0.000200,0.681472,-0.645960,-0.720500,0.074540,-0.050334,-0.319751,0.011467,116.101101,-383.838416,169.653265,10.355881,7.858733,6.720983,3.495261,3.266008,3.356370,0.773349,4.532413,-0.530365,0.018782,0.000353,0.530697,-0.496030,-0.605160,0.109130,-0.698940,0.632707,0.015349,70.409841,-242.734020,132.060395,12.149816,7.273506,6.327259,6.454534,5.568363,5.781445,0.791827,4.615750,-0.638123,0.010173,0.000103,0.638204,-0.614040,-0.671050,0.057010,-0.222053,0.015237,0.008247,101.825985,-560.860790,158.896880,10.713948,8.017011,4.811371,2.119053,2.346796,2.788625,0.763250,4.528652,1.073836,0.014972,0.000224,1.073940,1.134863,1.049046,0.085817,0.940113,1.558086,0.011776,288.336927,-336.850448,267.389394,12.415477,7.152673,4.891333,5.129867,4.991266,4.779429,0.832902,4.650428,1.000000
-2.223110,0.290668,0.084488,2.242032,-1.526200,-4.063200,2.537000,-1.763228,8.671484,0.199627,1256.677000,0.258574,553.359550,6.375323,5.711961,190.993255,83.859017,52.615599,20.498338,0.537003,4.281290,-9.589606,0.120854,0.014606,9.590368,-9.120500,-9.895800,0.775300,0.578486,2.208503,0.088471,22993.787245,-10.269627,2387.854300,8.057150,6.166083,67.166801,35.731519,30.014001,20.106409,0.646406,4.415059,-0.185755,0.213853,0.045733,0.283263,0.431920,-0.876350,1.308270,0.280469,0.298185,0.166622,20.059535,-1.223486,59.613175,5.945025,6.155460,132.807782,22.243370,28.037123,13.473833,0.509074,4.057929,9.852583,0.093338,0.008712,9.853025,10.153582,9.529041,0.624541,0.252591,0.715659,0.070743,24270.523781,-15.727050,2453.293302,8.685008,6.456202,52.640836,30.264902,26.067829,20.058230,0.730123,4.521634,0.424425,4.161949,17.321823,4.183534,14.495000,-10.586000,25.081000,0.883033,1.622561,3.014919,4375.490016,1.077140,745.417264,4.572461,5.181883,2739.967930,540.434140,311.247315,138.257930,0.393986,3.885466,1.537333,12.125589,147.029909,12.222655,26.880000,-83.402000,110.282000,-2.965288,19.470315,6.779310,37348.325261,0.323257,1743.318396,4.950446,4.832239,8946.762501,3360.147300,861.500781,374.274155,0.415388,4.083259,-0.184854,5.759027,33.166397,5.761993,18.516000,-23.168000,41.684000,-0.415973,2.653360,3.911824,8300.141875,0.722231,974.434906,5.039264,5.389003,3804.656184,1077.075236,495.250138,271.757286,0.438002,4.020993,9.441806,10.533192,110.948137,14.145523,87.121737,0.397001,86.724736,3.987275,22.517274,6.361018,50023.957151,0.357949,2355.039055,5.636213,5.296431,6594.980660,3688.117665,890.280018,346.218803,0.470153,4.158214,-0.653375,0.032540,0.001059,0.654185,-0.527950,-0.718430,0.190480,1.451647,2.363017,0.024311,106.989581,-113.947204,162.703070,7.192212,7.807636,16.997700,3.257038,2.703137,3.728677,0.573764,4.097703,-0.539381,0.024384,0.000595,0.539932,-0.488100,-0.615080,0.126980,-0.708393,0.319760,0.019384,72.881540,-188.291612,134.329305,10.586192,7.606560,11.761522,6.703412,6.602407,6.729609,0.783235,4.581746,-0.658517,0.020945,0.000439,0.658850,-0.625000,-0.728070,0.103070,-1.155248,1.247051,0.016069,108.520936,-250.482703,163.962660,7.745495,7.874098,10.656243,2.275904,2.358378,2.551049,0.614666,4.189316,1.073946,0.014421,0.000208,1.074043,1.128490,1.049206,0.079283,0.913973,1.108153,0.011329,288.392057,-368.918566,267.427294,12.461080,6.889722,4.696684,5.002123,5.227566,5.347288,0.861645,4.687859,1.000000
-2.224548,0.276330,0.076358,2.241645,-1.526200,-4.063200,2.537000,-2.080951,11.156430,0.169518,1256.243429,-0.217241,553.965500,6.505288,5.653330,185.007796,83.581891,59.984442,20.689813,0.564491,4.329820,-9.590198,0.111556,0.012445,9.590847,-9.120500,-9.895800,0.775300,0.924004,3.664183,0.076531,22996.087544,-11.885118,2388.009800,8.180527,6.248011,61.297594,37.585759,26.368135,19.861100,0.646471,4.427108,-0.156255,0.181184,0.032828,0.239255,0.431920,-0.876350,1.308270,-0.043094,2.487482,0.117956,14.310769,-3.736388,49.486105,6.197510,6.322699,116.534434,21.305443,26.831256,12.705730,0.508059,4.112142,9.851859,0.086298,0.007447,9.852237,10.153582,9.529041,0.624541,0.098941,1.307140,0.063937,24266.641742,-17.071986,2453.175205,8.858219,6.479381,44.907531,33.155753,24.275921,19.795342,0.708574,4.523172,0.406630,3.860817,14.905905,3.882171,14.495000,-10.586000,25.081000,1.114672,3.073172,2.395717,3767.813219,0.964878,593.812142,4.602845,5.249513,2562.117629,530.943679,314.203792,137.172423,0.399678,3.902545,1.538125,11.948527,142.767306,12.047121,26.880000,-83.402000,110.282000,-3.079031,20.818024,6.241839,36283.283359,0.313411,1562.425840,4.986046,4.839591,8901.885909,3369.548961,922.864288,376.649681,0.420278,4.103725,-0.315234,5.476842,29.995800,5.485907,18.516000,-23.168000,41.684000,-0.413571,3.739234,3.335701,7523.793181,0.691894,841.102282,5.077618,5.425484,3654.387841,1069.458757,493.867128,268.469311,0.448941,4.039116,8.179092,11.108646,123.402018,13.794911,87.121737,0.250062,86.871675,3.647051,19.281796,7.109026,47574.889759,0.357602,2042.941118,5.551708,5.327522,6699.733255,3650.838988,853.882024,332.634775,0.448302,4.118896,-0.623802,0.026546,0.000705,0.624366,-0.527950,-0.685300,0.157350,0.300572,1.182743,0.020078,97.458370,-147.861634,155.305540,7.738451,7.712025,14.624746,3.908095,3.073861,3.337753,0.637763,4.250947,-0.546754,0.024255,0.000588,0.547292,-0.488100,-0.621030,0.132930,-0.495705,0.135541,0.019219,74.882050,-175.583916,136.139875,11.181321,7.478128,11.076205,6.710785,7.607047,7.197485,0.793316,4.619216,-0.682061,0.017076,0.000292,0.682275,-0.642540,-0.728070,0.085530,0.117651,-0.384369,0.013951,116.374797,-325.798468,169.849750,7.540771,7.669662,10.336464,2.542189,1.902374,2.313731,0.616511,4.265621,1.074538,0.015112,0.000228,1.074645,1.128635,1.049206,0.079429,0.905607,0.967599,0.011769,288.715217,-360.470468,267.556921,12.800184,6.773714,4.545233,4.788948,5.845215,5.544624,0.835698,4.665662,1.000000
-2.299341,1.037388,1.076173,2.522527,-0.651130,-6.611500,5.960370,-0.921576,0.831405,0.862744,1590.785773,2.182541,572.178400,5.530742,5.502339,598.578721,225.270590,82.657451,42.579585,0.457381,4.037432,-9.675367,1.189806,1.415638,9.748249,-7.974300,-12.919000,4.944700,-0.616025,-0.480024,1.002146,23757.090095,2.868769,2408.765950,6.041782,5.086478,677.067488,328.567532,108.467152,55.050522,0.446201,4.052178,-0.208885,0.653124,0.426571,0.685714,1.505600,-2.497300,4.002900,-0.350612,0.416280,0.515193,117.551091,2.510478,133.098981,5.240087,4.963336,410.205683,179.578244,50.334377,22.397000,0.420889,4.037447,10.010299,1.286713,1.655631,10.092656,13.348496,8.155417,5.193080,0.479638,-0.703167,1.092093,25465.426959,2.884297,2492.093141,5.837630,5.135829,716.967008,316.918967,115.864671,53.332549,0.436175,4.022417,-0.152457,19.764898,390.651187,19.765486,39.813000,-65.456000,105.269000,-0.123024,0.040552,15.539460,97668.607436,0.411847,3884.589829,4.129567,4.271295,12472.459984,2659.434845,729.996499,414.491612,0.294265,3.667950,8.447237,45.493839,2069.689432,46.271430,125.890000,-114.690000,240.580000,-0.678051,0.191657,35.738235,535261.310641,0.211926,9519.309880,5.438078,5.948655,26975.217575,7273.039514,3092.448596,2329.833890,0.517168,4.016479,-1.021983,48.106057,2314.192750,48.116912,86.239000,-90.033000,176.272000,-0.138750,-1.249896,42.258098,578809.299661,0.291119,10538.869370,3.044417,4.042705,25496.760573,1449.717783,920.997866,485.537067,0.201119,3.145089,64.745942,25.591402,654.919873,69.620090,141.980689,4.433785,137.546905,0.094509,-0.177912,20.639178,1211739.217738,0.337473,16106.067953,4.899011,4.950036,17504.263492,4886.996171,1339.681997,947.635116,0.377013,3.923231,-0.841681,0.054138,0.002931,0.843420,-0.697720,-0.962730,0.265010,0.160809,-0.547748,0.045077,177.839480,-58.468126,209.620055,6.577826,7.198537,32.208609,6.273203,4.650928,4.361925,0.583259,4.124028,-0.505793,0.077681,0.006034,0.511724,-0.291670,-0.658730,0.367060,0.422880,0.042040,0.061817,65.465351,-32.868025,125.907695,6.342380,7.408888,42.875571,6.528298,5.464948,6.765668,0.486999,3.917315,0.066500,0.152674,0.023309,0.166528,0.309210,-0.421050,0.730260,-0.811245,0.669135,0.117665,6.932917,-8.422755,33.334500,5.148193,6.472339,81.237435,14.265004,9.054247,7.474569,0.514285,3.882005,1.000199,0.023518,0.000553,1.000475,1.082290,0.951007,0.131283,0.545637,0.389131,0.018917,250.237749,-181.042518,249.032809,9.884994,7.987528,12.744727,5.105912,4.858393,4.835157,0.719889,4.487452,5.000000
-2.243490,1.204820,1.451591,2.546534,0.531560,-4.782500,5.314060,-0.016837,-0.902340,1.033270,1621.209398,2.883227,562.276849,4.360787,5.080981,661.906110,157.791403,49.898683,24.978805,0.351610,3.703708,-9.707496,1.270923,1.615244,9.790339,-7.226800,-13.992000,6.765200,-0.513079,-0.115365,1.044264,23962.682599,2.386295,2417.962500,5.759917,5.119047,834.038288,303.235157,120.492667,50.591309,0.439819,4.084719,-0.165532,0.857944,0.736068,0.873767,2.289100,-2.405600,4.694700,0.096655,-0.031156,0.683482,190.867205,2.605343,171.641991,4.917623,5.139007,545.216447,168.301025,59.570896,25.455436,0.405707,3.943007,10.062687,1.356970,1.841367,10.153770,14.631929,7.261172,7.370757,0.500569,-0.108213,1.113864,25774.759202,2.257390,2506.397721,5.574061,5.182717,897.096508,298.258747,124.590791,52.051708,0.443391,4.070736,12.219822,25.449511,647.677596,28.231217,79.698000,-40.854000,120.552000,0.648854,0.036263,20.385329,199250.409085,0.378088,5311.328231,3.956679,4.829731,16277.137790,3001.136729,922.107965,627.578493,0.343685,3.730179,39.302364,50.494315,2549.675809,63.987121,143.330000,-96.140000,239.470000,-0.443909,0.025761,38.610093,1023587.906355,0.218819,13779.797100,4.334638,5.508635,31552.709613,5889.885431,2399.930408,1896.723253,0.407968,3.820786,4.016085,61.717670,3809.070826,61.848199,147.550000,-108.900000,256.450000,0.035421,-1.022130,53.525185,956299.941206,0.211547,13383.333350,3.825000,4.994869,34492.270639,3290.248131,2125.012947,1520.364536,0.344485,3.534521,86.726690,34.569269,1195.034334,93.362482,173.167878,15.292042,157.875837,0.441429,-0.034442,26.768784,2179138.256646,0.309888,21586.744989,3.846470,4.779146,24660.277173,3455.009883,1266.466232,836.470969,0.318741,3.749955,-0.476646,0.516582,0.266857,0.702886,0.639750,-0.962730,1.602480,0.949771,-0.746790,0.446721,123.512054,-0.658785,163.812662,4.094387,6.158643,225.312334,29.300041,19.032453,14.278546,0.418206,3.473886,-0.542230,0.131665,0.017336,0.557987,-0.291670,-0.853170,0.561500,-0.382814,-0.372650,0.105089,77.837299,-12.507369,134.878970,5.593221,7.001255,67.546904,11.403742,8.003791,8.039295,0.480785,3.825855,-0.187342,0.309739,0.095938,0.361988,0.293860,-0.692980,0.986840,-0.129154,-1.345502,0.275076,32.758800,-0.709820,73.924292,3.112475,5.598673,109.705561,9.733056,5.661290,4.549684,0.297433,2.970386,0.966912,0.038906,0.001514,0.967694,1.041416,0.872897,0.168519,-0.421447,-0.699252,0.032474,234.108153,-114.493806,240.776130,8.508389,7.959614,19.114535,6.193051,4.939928,5.395284,0.693343,4.318739,5.000000
-2.411977,1.316852,1.734100,2.748042,0.531560,-6.202700,6.734260,-0.233030,-0.352400,1.105516,1887.933922,2.374290,603.704989,4.179193,4.966497,751.543490,139.485404,56.811345,27.977518,0.349379,3.709042,-9.752205,1.339291,1.793701,9.843739,-7.226800,-13.992000,6.765200,-0.512524,-0.143415,1.079237,24224.801834,2.434083,2428.484050,5.428063,4.525422,820.857800,342.070248,119.505302,38.193892,0.372095,3.962355,-0.204740,0.907401,0.823376,0.930212,2.289100,-2.405600,4.694700,0.075382,-0.181394,0.719041,216.323590,2.700651,182.285346,4.376385,4.672953,609.262508,166.449703,57.283855,23.040977,0.351502,3.903116,10.162025,1.431601,2.049482,10.262370,14.631929,7.261172,7.370757,0.505969,-0.122879,1.155198,26329.059346,2.314469,2530.413972,5.222715,4.658072,900.050522,326.167171,118.040716,40.944307,0.376875,3.962850,8.871703,28.878210,833.951028,30.210232,79.698000,-37.296000,116.994000,0.433921,-0.441812,23.604124,228164.535133,0.397012,6028.668940,3.827736,4.717006,17918.878468,3356.743777,800.023437,707.506472,0.315599,3.667176,28.908904,59.714065,3565.769566,66.343759,143.330000,-124.970000,268.300000,-0.405388,-0.312531,48.056174,1100373.574097,0.201188,13789.267900,2.592861,3.803586,32895.847997,3089.720422,1066.626681,469.975225,0.192401,3.257623,1.521357,66.822137,4465.198002,66.839453,147.550000,-133.470000,281.020000,-0.113948,-1.053068,58.134724,1116878.131980,0.195841,14528.491240,3.418698,4.407221,32590.040097,3181.784055,972.645503,1119.133537,0.262613,3.270667,91.525495,37.479978,1404.748756,98.902300,173.167878,11.306208,161.861670,0.164504,-0.645235,30.443256,2445416.241211,0.306561,22814.328836,3.769296,4.178693,25229.426362,4138.279094,1256.098305,650.706649,0.273381,3.658659,0.148133,0.441552,0.194968,0.465738,0.639750,-0.873710,1.513460,-1.180181,-0.094546,0.360540,54.227871,-0.528910,107.818902,4.439176,6.239733,221.175291,32.063398,20.217269,16.076275,0.457378,3.688096,-0.698516,0.140288,0.019681,0.712464,-0.315480,-0.902780,0.587300,0.906646,0.012157,0.115050,126.901267,-12.771148,173.978165,5.241333,6.998046,69.428669,10.768463,6.959001,8.712743,0.450432,3.735072,-0.093798,0.375984,0.141364,0.387507,0.449560,-0.692980,1.142540,-0.208878,-1.447457,0.339299,37.540429,0.359025,84.067915,3.323485,5.717954,123.854935,12.077708,7.472667,6.463571,0.334757,3.004349,0.934888,0.025738,0.000662,0.935242,1.001015,0.872897,0.128119,0.150175,-0.190273,0.020532,218.669567,-175.859755,232.793565,10.055178,7.960376,12.031520,6.006389,4.679377,5.666167,0.708068,4.449847,5.000000
-2.390294,0.987393,0.974945,2.586204,-0.868600,-6.202700,5.334100,-1.219962,1.712180,0.773635,1672.112420,2.277607,594.876480,3.965629,4.840218,585.663497,132.594922,37.694820,19.932844,0.317113,3.690457,-9.737888,1.173204,1.376407,9.808306,-7.825900,-13.441000,5.615100,-0.761439,0.058759,0.944918,24050.715391,2.598857,2425.674100,5.571793,4.611736,747.139583,330.656113,117.050991,47.446820,0.395366,4.065682,-0.330787,0.669715,0.448519,0.746953,1.595900,-1.877000,3.472900,-0.108003,-0.112291,0.530458,139.484789,2.831248,145.400275,4.420457,4.529562,413.765485,128.880196,41.274142,14.611825,0.332187,3.859716,10.092583,1.260560,1.589011,10.171000,13.841365,8.001595,5.839770,0.718332,-0.005014,1.017940,25862.312599,2.616392,2513.942097,5.252852,4.694725,840.768958,320.756373,116.254669,48.308506,0.392461,4.053207,-3.785309,19.114579,365.367142,19.485782,49.447000,-37.296000,86.743000,0.340082,-0.384235,15.493872,94923.927257,0.493790,3980.705181,5.397564,5.782740,12212.956256,2811.420350,1352.455196,960.097083,0.472004,3.988483,-8.985297,49.586787,2458.849398,50.394295,89.016000,-128.130000,217.146000,-0.472173,-0.357679,39.629710,634896.239786,0.239147,9686.606082,2.952072,3.779377,26217.967720,2698.487423,767.858730,408.413812,0.194966,3.274701,-4.028610,51.940094,2697.773343,52.096094,83.451000,-133.470000,216.921000,-0.420947,-0.711723,43.898331,678500.759941,0.241977,10821.201303,2.519765,3.281638,31546.716217,1937.530442,666.186699,389.977007,0.155549,3.182560,66.360861,35.064510,1229.519862,75.055204,159.490619,7.399076,152.091542,0.494743,-0.496443,29.251681,1408320.926985,0.319015,16489.293989,3.786959,4.283960,25304.349026,4419.017344,1429.525958,704.886734,0.295147,3.750548,0.398311,0.096749,0.009360,0.409892,0.563150,0.196690,0.366460,-0.345941,-0.908577,0.081509,42.002916,-28.703972,99.214275,5.272994,6.326390,60.384141,10.773639,6.390773,5.839271,0.500145,3.974284,-0.815095,0.055782,0.003112,0.817002,-0.650790,-0.936510,0.285720,0.454450,0.007609,0.044752,166.872935,-52.833380,202.986095,7.446007,7.746695,30.737155,7.286748,6.107011,6.646149,0.583350,4.159476,0.035307,0.226004,0.051078,0.228745,0.449560,-0.311400,0.760960,0.266376,-1.251303,0.200761,13.081093,-4.627526,48.854181,4.426858,6.246099,108.459511,16.081490,9.698212,7.815832,0.451738,3.655593,0.941971,0.022771,0.000519,0.942246,1.005455,0.881113,0.124342,0.210785,-0.179622,0.018261,221.956944,-190.838261,234.569748,9.866015,7.695994,11.977146,6.475330,4.555208,5.595423,0.735213,4.526684,5.000000
-1.579296,1.135899,1.290266,1.945364,1.838600,-3.586400,5.425000,0.929659,0.652708,0.844769,946.110191,2.540512,439.263519,3.717894,4.961283,691.452248,122.651764,44.271230,29.852432,0.335308,3.683770,-9.721208,0.993423,0.986890,9.771835,-8.241000,-13.032000,4.791000,-0.808296,0.206697,0.819651,23872.191816,2.606935,2421.276500,5.780155,4.791076,612.637223,287.700974,122.767475,45.709284,0.433919,4.121941,0.397994,0.976482,0.953516,1.054474,2.706800,-1.443700,4.150500,0.370829,-0.490288,0.783267,277.978998,3.187480,206.400443,4.542037,5.478140,562.291417,148.282945,52.980249,32.889629,0.402924,3.864246,9.969131,1.000770,1.001541,10.019238,13.263247,8.313048,4.950199,0.793223,0.272030,0.822403,25096.281005,2.536506,2483.067965,5.744415,4.796739,601.449697,279.440068,119.733369,45.449662,0.438574,4.103152,1.980873,17.057152,290.946438,17.171788,54.627000,-36.097000,90.724000,0.384624,-0.150115,13.990945,73717.574331,0.464491,3448.140025,4.862678,5.531095,10803.691316,2162.721789,1079.542234,668.934322,0.430023,3.889579,15.853035,54.863327,3009.984609,57.107822,127.080000,-128.130000,255.210000,-0.243128,-0.082512,42.251045,815325.830112,0.209367,11148.721749,2.827764,4.194451,34149.674349,2754.947543,994.807110,756.626390,0.231701,3.378359,-3.121407,40.792619,1664.037767,40.911868,91.362000,-84.818000,176.180000,-0.110592,-0.796983,34.588996,418445.236999,0.285927,8582.400913,3.080087,4.306886,23332.576572,1777.493633,807.557033,633.499509,0.242659,3.333533,63.223137,35.111103,1232.789567,72.318425,151.527978,7.399076,144.128902,0.473689,-0.903174,30.292149,1307488.641442,0.333480,15748.490144,3.728381,4.550550,24739.359139,4584.772306,1072.943404,843.645922,0.290102,3.727281,0.451122,0.164963,0.027213,0.480337,0.824020,-0.155280,0.979300,-0.697058,1.704084,0.120998,57.680993,-4.804241,113.594163,5.400159,6.580600,92.691529,17.710120,11.651873,9.568083,0.539409,3.960279,-0.800659,0.076532,0.005857,0.804308,-0.599210,-0.940480,0.341270,0.702518,-0.259517,0.060467,161.727825,-37.649179,199.463250,6.480152,7.397435,43.595706,8.460010,6.199701,7.857014,0.534227,4.061069,0.019693,0.325506,0.105954,0.326102,0.888160,-0.311400,1.199560,1.528788,1.051213,0.244181,26.585560,-2.901813,58.375077,4.697272,6.384760,157.060943,26.396321,16.001636,12.672003,0.490243,3.740193,0.990758,0.048750,0.002377,0.991956,1.096502,0.906711,0.189791,0.384918,-0.973438,0.040814,245.994378,-92.870195,246.696267,7.720671,7.773648,24.389658,6.325648,5.986392,5.615386,0.625297,4.213813,5.000000
-1.513665,1.291041,1.666786,1.989464,1.838600,-4.816900,6.655500,0.197496,0.020999,1.000601,989.491750,2.468113,423.451165,3.721805,4.705593,725.314028,147.165321,53.110009,24.957465,0.296509,3.588987,-9.825268,1.209123,1.461979,9.899388,-7.781200,-14.472000,6.690800,-0.765135,0.728905,0.965992,24499.469564,2.252696,2447.235150,5.564604,4.782980,753.254191,326.746744,121.317499,49.619652,0.411011,4.057150,0.763603,0.816394,0.666500,1.117850,2.706800,-1.527700,4.234500,0.174409,-0.085780,0.640540,312.397122,2.781671,224.269360,4.780819,5.308103,563.305446,165.262763,52.384028,34.795993,0.432921,4.010201,10.078688,1.274940,1.625472,10.159008,14.753223,7.849225,6.903999,0.832432,0.945951,0.999854,25801.358435,2.278245,2510.109316,5.408814,4.717863,788.361765,318.129528,125.386031,47.333537,0.392014,4.022363,4.351097,21.860523,477.882459,22.289336,54.627000,-43.348000,97.975000,-0.022397,-0.820347,18.495281,124203.625922,0.450769,4608.119724,4.475622,5.049491,13685.249726,2210.867349,1212.298361,536.085724,0.368947,3.793879,45.029851,47.515977,2257.768108,65.463391,137.800000,-62.548000,200.348000,-0.129689,-0.463911,37.527630,1071363.895760,0.258305,13649.531467,3.213308,4.568284,30792.922947,2975.959083,1196.367847,882.305269,0.251914,3.514719,-5.757698,57.158887,3267.138335,57.448146,110.240000,-116.220000,226.460000,0.015998,-0.911185,48.455071,825072.355551,0.237429,12133.906080,4.042660,5.128548,29519.838878,3426.082861,1712.227292,1350.004097,0.361879,3.543009,81.853604,37.182617,1382.546983,89.903056,156.237426,10.208863,146.028563,0.062190,-1.029156,31.668261,2020639.877232,0.337848,20400.895724,3.875339,4.426261,25214.541606,5400.313757,1128.939897,816.098847,0.289578,3.724375,-0.102998,0.642977,0.413419,0.651174,0.824020,-0.991720,1.815740,-0.026394,-1.750251,0.610439,106.006975,1.278377,152.917163,4.289675,6.234571,239.029449,34.623892,21.708374,16.731638,0.444323,3.456469,-0.689738,0.116425,0.013555,0.699495,-0.400790,-0.940480,0.539690,0.330853,-0.343940,0.092577,122.323310,-14.550549,171.688470,5.424508,7.107025,57.238426,7.660325,6.007154,6.864236,0.449458,3.690644,0.214158,0.361810,0.130907,0.420441,0.888160,-0.311400,1.199560,0.505839,-1.157936,0.316130,44.192614,0.375175,78.523158,1.788376,4.239985,120.458066,2.975353,2.423348,2.684538,0.142580,2.365032,1.043486,0.035057,0.001229,1.044075,1.122785,0.964874,0.157911,-0.339930,-0.901468,0.029559,272.522899,-130.398772,259.872930,8.732568,8.014930,13.821672,4.360918,4.062318,4.660672,0.637073,4.174414,5.000000
-2.067168,0.944998,0.893022,2.272929,0.490590,-4.816900,5.307490,-0.171478,-0.033913,0.760124,1291.551381,2.511931,517.095185,4.907031,5.518039,572.365043,155.505773,59.848273,36.153374,0.407662,3.872791,-9.822636,1.264164,1.598110,9.903650,-7.781200,-14.472000,6.690800,-0.731716,0.317821,1.027510,24520.571896,2.319202,2445.623750,5.862752,5.158662,809.810820,324.114814,124.266088,60.734953,0.461619,4.101984,0.169890,0.776684,0.603239,0.795048,2.303000,-1.527700,3.830700,0.076007,-0.376700,0.621312,158.025338,2.964447,159.159871,4.525586,4.931731,517.210793,143.878121,51.712871,24.198179,0.376556,3.919412,10.104304,1.335527,1.783634,10.192183,14.753223,7.849225,6.903999,0.728490,0.362854,1.082215,25970.148615,2.349163,2515.811362,5.693194,5.192378,871.659140,321.444927,127.369704,60.471175,0.452107,4.087204,-0.255167,21.795286,475.034501,21.796780,44.080000,-53.974000,98.054000,-0.012138,-0.396930,17.117386,118774.902930,0.450880,4275.546487,3.658476,4.329138,13882.192100,2203.970195,803.945514,360.166609,0.283076,3.623992,19.620328,53.077293,2817.199026,56.587599,137.800000,-113.790000,251.590000,-0.196393,0.110447,40.809016,800539.077471,0.210862,11462.858180,2.464422,3.250562,33412.955371,3537.099918,767.024039,368.442357,0.145382,3.299212,-2.697362,56.664920,3210.913165,56.729084,110.240000,-116.220000,226.460000,-0.107532,-0.898190,48.146429,804547.231829,0.236891,12019.912980,2.408484,3.017328,32776.777902,1719.005411,507.032305,285.694218,0.124220,3.062183,74.434227,36.810199,1354.990737,83.038815,156.237426,6.462050,149.775376,0.270215,-0.814840,31.093727,1723861.212229,0.329658,18566.691689,3.553127,3.831303,26132.610255,5552.213680,1138.520098,566.040239,0.238908,3.702145,-0.761499,0.164958,0.027211,0.779161,-0.186340,-0.991720,0.805380,1.782577,3.228905,0.111278,151.772965,-9.158909,189.898575,4.974419,6.431906,100.802818,16.447485,11.071885,9.162510,0.506749,3.921213,-0.584080,0.098400,0.009683,0.592310,-0.375000,-0.797620,0.422620,0.165106,-0.591102,0.080424,87.707903,-23.474116,145.379045,5.467474,7.080043,54.171501,6.061037,5.168116,6.756589,0.418784,3.728996,0.147658,0.273205,0.074641,0.310554,0.872810,-0.311400,1.184210,0.980570,0.536121,0.202763,24.110972,-1.533436,53.464973,4.734188,6.296428,142.057093,24.153675,15.065446,11.447331,0.491936,3.799410,1.026026,0.040471,0.001638,1.026824,1.122785,0.946601,0.176183,0.178756,-1.046868,0.034898,263.591840,-106.067012,255.462331,8.078483,7.828441,19.165377,6.075978,4.122652,6.072573,0.650705,4.238354,5.000000
-2.056544,0.757265,0.573451,2.191534,-0.005430,-4.042900,4.037470,-0.081011,-0.134603,0.604519,1200.705434,2.784766,511.280326,4.693245,4.982960,450.874220,132.216630,49.114893,21.539677,0.372705,3.833752,-9.757053,1.090812,1.189871,9.817838,-7.878400,-12.846000,4.967600,-0.660575,-0.328187,0.903513,24097.487470,2.813687,2430.033200,5.739120,4.908218,657.548454,265.162495,115.875011,46.877092,0.441277,4.056787,-0.102246,0.767095,0.588435,0.773879,1.560600,-2.934900,4.495500,-0.680171,1.280898,0.593865,149.722242,2.441558,145.762294,4.050228,4.745349,520.324154,95.028400,55.508607,18.970538,0.328540,3.794270,10.025298,1.133604,1.285058,10.089185,13.291851,8.119123,5.172728,0.609983,-0.318197,0.944367,25447.915146,2.766629,2496.644025,5.577176,4.901163,687.743669,268.419337,113.680938,47.102934,0.435864,4.039475,4.602492,21.848520,477.357807,22.328026,60.866000,-53.974000,114.840000,0.080176,0.228908,17.395856,124635.184990,0.386412,4397.692247,3.056995,3.984122,15175.220032,1683.946091,585.213838,344.090975,0.231681,3.521376,16.549399,54.132669,2930.345801,56.605904,159.180000,-113.790000,272.970000,0.090714,0.151702,41.000375,801057.101960,0.195496,10851.498200,3.232633,4.558456,33051.306313,3606.562231,1064.375498,939.292534,0.272382,3.488596,0.122497,50.858984,2586.636252,50.859132,94.567000,-141.530000,236.097000,-0.485898,-0.417417,42.735538,646662.814295,0.222854,10653.358990,3.592854,4.866050,27996.955980,2583.212254,1318.582725,1099.322155,0.305064,3.393211,69.609004,38.000093,1444.007033,79.305866,192.157396,6.462050,185.695346,1.031033,1.195025,29.635812,1572355.101245,0.264326,17329.832180,3.463043,4.304576,23908.395052,4311.262203,1240.879865,583.902629,0.265242,3.584074,-0.762626,0.207053,0.042871,0.790233,0.064182,-0.977230,1.041412,2.421079,5.395078,0.124539,156.117129,-7.730787,190.494898,5.155655,6.518453,119.521960,22.151968,14.302668,11.259497,0.521915,3.925746,-0.523786,0.100680,0.010136,0.533374,-0.250000,-0.706350,0.456350,0.782653,-0.093299,0.083329,71.122053,-22.576359,130.291730,5.856892,7.230243,48.130796,5.835925,5.845758,7.450755,0.450726,3.757774,-0.079290,0.264801,0.070119,0.276417,0.287280,-0.739040,1.026320,-1.087721,0.532732,0.207523,19.101571,-2.338592,49.956159,3.396328,5.707884,115.902480,11.055085,7.074712,5.782639,0.334200,3.225421,0.992380,0.023330,0.000544,0.992655,1.065066,0.940176,0.124890,0.003507,-0.458879,0.019233,246.340753,-189.331596,247.118000,10.203267,7.829762,11.031434,4.932019,4.713401,6.427962,0.755382,4.496796,5.000000
-2.046994,0.785525,0.617049,2.192540,-0.005430,-4.042900,4.037470,-0.139489,-0.544447,0.659378,1201.808300,2.801787,509.803751,5.568175,5.926267,432.018838,141.602787,60.236300,38.989524,0.505448,4.024564,-9.811906,1.271897,1.617722,9.893999,-7.822400,-14.545000,6.722600,-0.868452,0.414828,1.033968,24472.805226,2.307041,2442.105500,5.657866,4.693702,786.153726,288.284023,144.006068,36.392759,0.399080,4.002952,0.009310,0.752135,0.565708,0.752193,1.971600,-2.934900,4.906500,-0.889828,2.071045,0.563186,141.448612,2.188655,140.358470,4.756592,5.198231,502.916159,121.335866,57.583357,26.408345,0.390921,3.929719,10.075934,1.319017,1.739805,10.161902,14.797357,8.108403,6.688954,0.793947,0.249071,1.078585,25816.062138,2.338223,2507.854267,5.563616,4.741531,814.449138,288.635794,139.704059,38.772816,0.404268,3.998231,5.307113,22.194420,492.592287,22.820117,60.866000,-42.575000,103.441000,0.190154,-0.424969,18.271248,130189.435093,0.427300,4775.329080,3.255892,3.854898,15423.965304,2035.590479,806.139098,265.226417,0.228044,3.586617,28.319391,48.202693,2323.499638,55.906060,159.180000,-81.129000,240.309000,0.181889,-0.133737,37.564243,781371.890145,0.218799,11292.055720,2.437654,3.321836,29108.514464,3063.362535,630.457643,334.072514,0.148967,3.271656,-0.279927,55.466577,3076.541205,55.467284,94.567000,-141.530000,236.097000,-0.339090,-0.853501,48.014931,769154.890940,0.224428,11964.435410,2.390416,3.244093,28571.379685,1305.636955,457.924601,339.040905,0.135881,2.970970,74.513502,34.214075,1170.602905,81.993078,192.157396,16.615398,175.541998,1.201416,2.078553,25.855837,1680716.216178,0.270331,18580.693288,3.181273,3.796637,24359.119818,3675.832485,842.222331,439.495133,0.220264,3.607818,-0.279636,0.492103,0.242166,0.566005,0.438920,-0.977230,1.416150,-0.135037,-1.654482,0.459713,80.090438,0.477338,113.319924,4.359115,6.148808,223.245248,33.429897,21.224537,15.794251,0.454589,3.630599,-0.582016,0.118545,0.014053,0.593966,-0.250000,-0.757940,0.507940,1.028380,0.449607,0.092072,88.198820,-18.239060,144.883880,5.129965,6.995189,58.461419,6.501076,5.694818,7.381500,0.434627,3.645921,-0.418053,0.289393,0.083748,0.508445,0.206140,-0.739040,0.945180,0.800392,-0.752478,0.257580,64.629117,-5.205799,112.768628,4.233178,6.195019,123.740741,18.304296,10.686067,8.727188,0.435580,3.514111,0.964668,0.032997,0.001089,0.965232,1.045878,0.908589,0.137288,0.344561,-0.923489,0.028354,232.918375,-152.936212,240.219057,8.850318,7.912528,14.505661,5.329246,4.541237,6.107388,0.647912,4.277138,5.000000
-2.041031,0.866041,0.750027,2.217168,-0.456780,-4.301300,3.844520,-0.277374,-0.729496,0.737146,1228.958165,3.082623,507.500140,4.555664,5.168123,487.819205,113.116676,43.988292,28.978891,0.371059,3.744044,-9.869128,1.433494,2.054905,9.972692,-7.614200,-14.545000,6.930800,-0.763101,0.043877,1.187410,24863.646211,2.385266,2457.800050,5.407824,4.560911,921.958395,302.850267,150.561113,48.534767,0.371291,3.984717,0.137938,0.627547,0.393815,0.642528,1.971600,-1.418900,3.390500,0.070913,-0.231783,0.502625,103.210541,2.723128,128.321416,4.650841,4.650216,435.321393,125.847507,39.516523,19.081791,0.346465,3.914970,10.129003,1.478700,2.186555,10.236369,14.797357,7.819123,6.978233,0.697693,-0.130480,1.231976,26195.814917,2.412011,2522.369710,5.260305,4.578393,958.096147,295.028958,147.594824,49.421036,0.368357,3.962306,3.812007,18.512384,342.708374,18.900788,43.936000,-42.575000,86.511000,-0.069562,-0.591827,14.989694,89309.942172,0.496451,3866.736730,4.183354,4.720995,12429.050284,2042.229103,884.119172,482.602848,0.340564,3.764223,26.440964,45.580146,2077.549713,52.694158,110.850000,-81.129000,191.979000,-0.396393,-0.613431,37.180571,694168.566731,0.267456,11274.721310,2.511344,3.235415,27056.481213,2138.507830,641.380260,304.454663,0.147411,3.247809,0.342699,62.276372,3878.346561,62.277315,105.100000,-125.150000,230.250000,-0.234662,-1.141445,54.826784,969616.000900,0.233928,13641.366520,3.305406,4.426170,33832.302812,2729.986784,1290.102291,989.460157,0.262921,3.264180,77.639178,31.377318,984.536075,83.739943,150.518814,10.034666,140.484148,0.244999,-0.495315,25.441961,1753094.509802,0.341696,19293.804605,3.948025,4.439762,21542.189439,4130.655733,992.489880,700.980665,0.304285,3.725423,0.278857,0.203010,0.041213,0.344927,0.650100,-0.186340,0.836440,-0.237844,-0.548835,0.168022,29.743623,-3.387977,74.345730,3.425994,5.620992,102.220978,8.526277,5.261724,4.649288,0.295926,3.295703,-0.696753,0.062735,0.003936,0.699572,-0.579370,-0.847220,0.267850,-0.356012,-0.656751,0.052063,122.350279,-53.241731,173.528650,7.179420,7.612571,34.563052,6.289984,6.470474,7.692541,0.557585,4.090336,-0.312886,0.406604,0.165327,0.513054,0.543860,-0.703950,1.247810,1.007002,-0.553137,0.337784,65.806136,-1.654953,121.044982,4.946552,6.515408,197.658904,35.588058,22.168725,18.440580,0.518441,3.813135,0.933406,0.018787,0.000353,0.933595,1.001513,0.879549,0.121964,0.088607,0.617365,0.014441,217.900038,-210.693565,232.411311,10.969522,7.670460,8.319316,4.947608,4.620647,6.260373,0.778416,4.565179,5.000000
-2.169601,0.885235,0.783640,2.343248,-0.456780,-4.301300,3.844520,-0.203513,-0.731419,0.740526,1372.702560,3.194093,541.169745,4.393657,4.860577,556.033873,141.985303,57.119535,22.931626,0.353934,3.836398,-9.775252,1.267779,1.607264,9.857120,-7.614200,-14.200000,6.585800,-0.839602,0.398194,1.012101,24290.703805,2.327184,2433.272550,5.437439,4.607083,838.316677,288.450410,129.515985,47.928706,0.408155,4.042686,-0.073719,0.667410,0.445436,0.671469,1.355400,-1.572300,2.927700,-0.153953,-0.615590,0.547318,112.717703,3.254382,135.587498,5.352124,5.607687,400.310278,134.481777,53.340327,27.575636,0.456356,4.003204,10.069188,1.309943,1.715951,10.154038,14.401880,7.819123,6.582757,0.731632,0.175190,1.045149,25776.124068,2.420747,2506.628424,5.303773,4.624645,864.101232,282.761078,129.136354,48.830350,0.403050,4.016493,3.258263,17.619071,310.431652,17.917810,43.117000,-42.349000,85.466000,-0.205527,-0.272425,14.090427,80261.983171,0.498347,3597.690984,4.095030,4.662050,12242.026067,2210.986805,786.447793,456.028635,0.336864,3.789471,16.149732,57.182437,3269.831098,59.419230,110.850000,-127.830000,238.680000,-0.461245,-0.519757,47.997580,882661.237317,0.222795,12288.677398,2.862844,3.854873,34458.869213,3455.526384,887.491645,626.041130,0.207386,3.383607,4.055534,60.045265,3605.433866,60.182067,105.100000,-125.150000,230.250000,-0.452310,-0.862609,51.365739,905470.305621,0.232575,12940.310100,3.469355,4.629697,36767.541262,2978.409148,1568.194629,1178.014218,0.289328,3.467204,78.936636,35.250272,1242.581657,86.449836,150.518814,10.034666,140.484148,0.109781,-0.937439,29.422540,1868393.526109,0.348274,19677.063185,3.496730,3.668872,26626.091911,5110.429966,774.055130,483.843763,0.223866,3.710363,0.244049,0.198767,0.039508,0.314751,0.650100,-0.028986,0.679086,0.525736,-1.089845,0.176249,24.767069,-7.516362,61.116893,3.476934,5.590242,95.813021,7.601209,5.163555,4.773189,0.308754,3.312316,-0.731055,0.055143,0.003041,0.733132,-0.587300,-0.859130,0.271830,-0.039781,-0.431341,0.044624,134.370623,-54.606329,182.030665,7.663403,7.548870,33.463661,8.628091,7.451123,7.933681,0.634018,4.292771,0.290658,0.402614,0.162098,0.496568,0.692980,-0.567980,1.260960,-0.895956,-0.883579,0.350821,61.645036,-2.238897,117.617352,4.607226,6.319696,176.154100,29.291398,18.371580,14.590310,0.484223,3.674927,0.939523,0.020690,0.000428,0.939750,0.997681,0.879549,0.118131,-0.257999,0.127423,0.016128,220.782728,-209.995603,233.948210,10.478340,7.908760,9.083265,4.488379,4.511472,5.074389,0.729627,4.472569,5.000000
-2.381041,0.674097,0.454407,2.474624,-1.285400,-4.017400,2.732000,-0.414310,-0.868322,0.574759,1530.941081,3.282543,592.510000,5.562908,5.344509,391.766151,183.670755,67.058210,25.032023,0.460016,4.088091,-9.689740,1.074806,1.155208,9.749167,-7.851600,-14.454000,6.602400,-1.218873,1.695869,0.822600,23761.565306,2.061121,2414.010650,5.616179,4.845593,691.068751,256.081057,133.090541,42.803079,0.435835,4.077967,-0.461183,0.867076,0.751820,0.982094,1.468600,-2.788800,4.257400,-0.462783,0.006163,0.695100,241.127312,2.835276,189.888894,5.238896,5.769203,496.125036,146.158461,66.451566,40.699582,0.463603,3.973141,10.049966,1.064288,1.132710,10.106163,14.744603,8.051127,6.693476,1.109391,1.597523,0.813013,25533.633699,2.030284,2503.416926,5.582237,4.842986,685.634010,252.351311,130.408658,41.839771,0.427206,4.065212,-3.585430,19.333574,373.787091,19.663225,43.117000,-53.545000,96.662000,-0.188949,-0.343670,15.555999,96660.599810,0.450218,3915.384083,3.259806,3.842501,13510.765731,1781.884688,695.572957,277.834223,0.214179,3.573700,-19.405735,58.210960,3388.515810,61.360397,95.469000,-134.480000,229.949000,-0.142749,-0.857330,48.024670,941274.593207,0.233745,12226.696648,5.096959,5.932486,31971.552613,6515.730453,3343.416501,2521.494869,0.500447,3.911730,3.310401,43.580546,1899.263999,43.706095,81.398000,-97.207000,178.605000,-0.529617,-0.650837,36.591701,477555.689270,0.283304,9236.981360,4.689302,5.602222,29522.227220,4694.125936,2295.754691,1862.212882,0.455017,3.908286,70.687385,32.638277,1065.257134,77.858612,140.400150,12.615667,127.784484,0.227611,-1.015498,27.904979,1515490.882287,0.375626,17565.094260,4.092790,4.458184,23423.492793,5458.149823,1294.563503,808.736181,0.325878,3.842433,0.215188,0.159258,0.025363,0.267711,0.577640,-0.028986,0.606626,0.428507,-0.851465,0.138295,17.917303,-10.457347,53.892298,3.616863,5.706970,74.369606,6.110079,4.109451,4.264353,0.315297,3.363568,-0.810191,0.091251,0.008327,0.815313,-0.662700,-1.043700,0.381000,-0.336352,-0.767344,0.077281,166.183924,-29.473054,201.691505,6.439587,7.139699,49.187387,11.813379,7.985616,8.252448,0.568448,4.115841,0.351061,0.307079,0.094297,0.466413,0.692980,-0.392540,1.085520,-0.932894,-0.442924,0.255378,54.385357,-2.129193,104.200633,4.829697,6.410615,156.372523,27.621619,17.044410,13.005844,0.506818,3.819719,0.975941,0.038554,0.001486,0.976702,1.131229,0.910499,0.220731,1.461283,2.367362,0.028823,238.486584,-92.849549,242.961962,7.793987,7.590886,22.125387,6.659089,4.938048,5.288947,0.658587,4.329189,5.000000
-2.377271,0.664456,0.441501,2.468384,-1.014600,-4.613500,3.598900,-0.491874,0.034812,0.535275,1523.229907,2.698086,592.360850,4.514159,5.162717,418.962789,136.031966,43.228979,19.367582,0.374186,3.911458,-9.782872,1.206224,1.454977,9.856955,-6.877400,-14.454000,7.576600,-0.827904,0.956134,0.939350,24289.890510,2.004997,2435.298150,6.342064,5.231847,736.450640,351.598598,165.570759,68.915883,0.475728,4.165750,-0.628350,1.026352,1.053398,1.203421,2.744800,-2.788800,5.533600,0.230690,-0.015588,0.817582,362.055488,2.533785,243.625309,3.992666,4.653056,586.015264,137.854380,48.914885,19.519028,0.307872,3.668995,10.165417,1.168337,1.365011,10.232336,14.744603,7.435416,7.309187,0.765450,0.973285,0.906459,26175.175905,2.058707,2530.656218,6.228349,5.232700,742.496032,331.358999,162.373473,67.348478,0.478813,4.174679,-8.454517,20.640282,426.021225,22.304710,31.345000,-82.690000,114.035000,-0.890594,1.378806,15.247014,124375.022688,0.381239,4039.936384,3.695461,4.430517,12818.810781,2165.829269,902.066490,387.420378,0.295149,3.615981,-38.692499,50.988735,2599.851129,64.007504,62.609000,-134.480000,197.089000,-0.051729,-1.004136,43.219925,1024240.151892,0.265437,12978.868810,4.228409,5.556153,32303.284944,4626.472881,2254.948468,1797.506205,0.416644,3.790541,-0.498401,42.913763,1841.591077,42.916657,89.494000,-93.548000,183.042000,-0.418744,-0.656993,35.757852,460459.870009,0.277893,8887.473260,3.767175,4.978376,27727.654729,2480.384754,1489.749141,1168.549058,0.328183,3.584584,74.118597,30.703970,942.733785,80.226555,135.167100,15.087517,120.079583,0.093597,-0.877978,25.603044,1609075.044590,0.395144,18440.720326,4.609328,5.307710,20872.325905,4208.778587,1584.881790,1120.779961,0.399138,3.877341,-0.022774,0.463065,0.214429,0.463624,0.577640,-0.915110,1.492750,-0.684731,-1.042514,0.406377,53.736863,1.183976,99.313694,4.480919,6.307885,197.930502,29.761126,19.172891,15.152529,0.464894,3.612052,-0.790540,0.158854,0.025235,0.806342,-0.396830,-1.057500,0.660670,0.747563,-0.228039,0.128368,162.546904,-9.732153,196.953360,5.304514,6.905837,70.961776,11.338143,8.266938,7.837013,0.467415,3.721320,-0.252061,0.422367,0.178394,0.491862,0.456140,-0.822370,1.278510,0.347800,-1.283937,0.374377,60.482171,0.548280,107.772958,3.757736,5.912271,164.158762,19.149400,11.875979,9.542575,0.387031,3.324922,1.050303,0.062671,0.003928,1.052171,1.184194,0.937192,0.247003,0.036749,-1.295054,0.055681,276.765939,-61.087564,261.563696,7.357024,7.788166,22.018384,5.540129,4.733280,5.485000,0.569521,3.926455,5.000000
-2.296319,0.686579,0.471391,2.396763,-0.834100,-4.613500,3.779400,-0.457180,-0.007056,0.552308,1436.117899,2.637929,571.527200,5.220722,5.743434,411.880523,109.414363,52.227514,28.597982,0.441735,3.954509,-9.759483,1.144044,1.308838,9.826309,-6.877400,-13.505000,6.627600,-0.518503,0.324439,0.917908,24139.085542,2.242726,2430.897700,6.405039,5.244311,720.947160,338.997065,130.960754,76.695438,0.517296,4.195354,-0.513945,0.924346,0.854416,1.057618,2.744800,-2.242500,4.987300,0.465636,0.205568,0.734103,279.638968,2.541282,216.451006,4.380720,5.017223,567.188371,139.321080,60.296978,23.420069,0.379753,3.844315,10.107294,1.123379,1.261980,10.169531,13.695557,7.435416,6.260141,0.488764,0.224726,0.904352,25854.842410,2.392998,2517.302168,6.314053,5.314292,734.274386,323.570005,132.092222,77.536512,0.517563,4.206748,-8.667899,19.988899,399.556088,21.787349,30.620000,-82.690000,113.310000,-1.117282,1.884380,14.376795,118672.139022,0.378539,3776.081439,3.691683,4.402655,13894.280011,2369.697336,765.551714,428.875643,0.284652,3.706503,-26.222890,48.168374,2320.192222,54.843707,55.927000,-124.380000,180.307000,-0.378755,-0.825544,40.277232,751958.049995,0.285147,10630.538053,2.641786,3.522562,29046.889857,3382.818922,747.513473,365.499405,0.174721,3.331349,-0.084291,41.940922,1759.040927,41.941007,89.494000,-93.548000,183.042000,-0.299080,-0.634024,34.601462,439762.008068,0.278565,8605.265560,2.603182,3.404741,26690.723439,1339.242438,476.999775,261.530760,0.151564,3.210834,65.598268,30.633904,938.436058,72.398679,134.077766,4.138790,129.938976,0.259636,-0.618679,25.268928,1310392.197084,0.366345,16319.500802,3.466794,3.800311,22219.539876,3823.996874,863.443301,403.664314,0.225452,3.672737,-0.621847,0.360146,0.129705,0.718609,0.194620,-0.979300,1.173920,1.199721,-0.050513,0.293055,129.099708,-2.419836,163.017599,4.744615,6.419906,168.494733,28.920751,17.721486,14.357943,0.492769,3.716651,-0.612674,0.155149,0.024071,0.632013,-0.373020,-1.057500,0.684480,-0.936903,0.459890,0.120015,99.860205,-9.482287,152.388775,5.409906,6.826286,85.538150,14.737416,11.133465,8.865092,0.515857,3.925569,-0.306447,0.335166,0.112336,0.454143,0.234650,-0.822370,1.057020,-0.069286,-1.479013,0.310741,51.561540,-1.415939,88.112935,3.312065,5.758155,129.065871,11.479209,7.894902,6.211690,0.323438,3.097968,1.057897,0.054225,0.002940,1.059286,1.184194,0.954109,0.230086,0.094412,-1.007763,0.046027,280.521452,-68.590555,263.429101,7.282553,7.841256,25.677205,5.664217,5.282763,5.365356,0.573858,4.063912,5.000000
-2.247706,0.676884,0.458173,2.347414,-0.834100,-4.150800,3.316700,-0.383539,-0.716917,0.568085,1377.588474,2.836036,559.533850,4.968636,5.067472,402.907486,126.801202,41.251010,20.435453,0.385221,3.905061,-9.700039,1.056314,1.115798,9.757385,-7.594500,-13.013000,5.418500,-0.780584,0.129874,0.868316,23801.639698,2.530241,2416.752300,6.254259,5.067071,624.210416,315.507895,124.958603,51.482301,0.466880,4.124265,-0.332158,0.665856,0.443364,0.744106,1.303200,-1.836400,3.139600,0.102845,-0.453049,0.546620,138.423290,3.048594,151.003581,5.546723,5.659552,379.922674,130.633642,59.838858,32.078884,0.495136,4.042901,10.005561,1.076737,1.159364,10.063330,13.418347,8.129211,5.289136,0.819678,0.217271,0.890701,25317.651463,2.603933,2492.694687,6.151640,5.049636,634.401903,313.544950,125.730856,50.793004,0.450683,4.105305,-3.271017,17.331599,300.384308,17.637570,30.620000,-57.509000,88.129000,-0.759336,0.660832,13.175083,77770.965330,0.472778,3307.725709,3.732538,4.194274,12100.376803,1970.604958,629.041316,314.770777,0.271866,3.702999,-2.263372,46.503695,2162.593621,46.558742,73.227000,-120.820000,194.047000,-0.832191,-0.194078,37.269110,541929.118060,0.260769,9114.178886,4.920873,5.711826,25376.813497,4840.652685,2355.140404,1631.459821,0.464248,3.848629,-1.445618,40.045557,1603.646663,40.071642,70.987000,-99.046000,170.033000,-0.417826,-0.607587,33.433912,401434.118276,0.295393,8286.386860,2.751809,3.333679,23055.836667,1479.564479,372.554364,303.365407,0.160960,3.156098,56.914138,29.074348,845.317708,63.910381,126.361579,4.138790,122.222790,0.400877,-0.633124,23.941946,1021134.201666,0.384861,14144.135013,5.000223,5.238268,19523.355122,4944.138518,1413.645793,1184.344321,0.406584,3.938310,-0.835379,0.059704,0.003565,0.837510,-0.720500,-0.979300,0.258800,-0.345344,-0.493178,0.048852,175.355650,-57.121140,208.005205,5.501031,6.856476,31.734831,4.464908,3.665696,3.268675,0.460403,3.821179,-0.518571,0.082662,0.006833,0.525118,-0.303570,-0.676590,0.373020,0.632705,-0.358742,0.067793,68.937285,-32.086277,129.113045,6.926648,7.558580,39.907786,6.897279,6.594166,7.304637,0.534011,3.972521,0.090360,0.153421,0.023538,0.178053,0.423250,-0.228070,0.651320,0.333528,-0.627551,0.126249,7.925692,-8.342831,33.969375,3.578313,5.815397,69.362976,5.825474,4.134734,3.079202,0.307551,3.240536,1.003986,0.029792,0.000888,1.004427,1.088950,0.950050,0.138899,0.391051,-0.512469,0.024478,252.218628,-155.687675,249.988066,9.433408,7.875715,14.986151,5.746962,5.591422,5.296092,0.716204,4.421899,5.000000
-2.101067,0.939241,0.882174,2.301446,0.922280,-4.261400,5.183680,0.064036,0.006140,0.762634,1324.163764,2.476164,526.934019,3.873851,4.511872,607.424072,112.209294,34.436248,17.004990,0.293148,3.704282,-9.764357,1.252782,1.569463,9.844396,-7.145800,-13.013000,5.867200,-0.649397,-0.188825,1.017827,24228.033639,2.617916,2431.052650,5.307586,4.422405,852.933193,293.573272,124.111357,37.090555,0.373652,4.012068,-0.174066,0.752255,0.565887,0.772131,2.552600,-2.015800,4.568400,0.446312,1.145093,0.577986,149.046502,2.431618,148.403722,4.248379,4.514343,506.069751,113.605037,50.112482,16.931241,0.326709,3.826934,10.054111,1.311423,1.719829,10.139279,13.601360,7.644400,5.956960,0.706382,-0.176269,1.073919,25701.243906,2.666113,2502.958992,5.110268,4.380724,905.406574,290.047415,124.035392,37.850563,0.362394,3.992800,8.008798,18.821750,354.258277,20.454807,51.855000,-48.689000,100.544000,-0.312192,0.348439,14.639799,104599.782313,0.427415,4133.126050,3.275089,3.899020,12212.799303,1678.765289,656.688984,244.148139,0.236708,3.556982,34.986687,59.833236,3580.016096,69.311502,152.130000,-114.080000,266.210000,-0.346928,-0.232659,46.313181,1201021.091349,0.202048,14165.796723,4.829912,5.856136,36073.432928,5293.504341,3293.580243,2534.905970,0.464547,3.858519,-1.059597,59.438863,3532.978478,59.448307,136.800000,-122.990000,259.790000,-0.091074,-0.792458,50.066574,883525.305791,0.209355,12435.151140,4.695010,5.787913,31074.304211,4936.479583,2679.439963,2086.094137,0.445238,3.691808,83.877947,41.485839,1721.074798,93.576625,168.391553,7.368156,161.023397,0.219632,-0.945059,35.424226,2189146.179453,0.311849,20848.076644,3.778051,4.500266,27241.544563,3992.249320,1198.694998,865.892807,0.280467,3.619540,-0.557590,0.436578,0.190600,0.708172,0.546580,-1.024800,1.571380,1.194402,-0.013661,0.366836,125.376829,-0.758221,161.950341,4.904769,6.381112,224.807377,40.850196,25.198533,20.119947,0.513560,3.850512,-0.529333,0.120235,0.014456,0.542817,-0.184520,-0.787700,0.603180,0.664373,0.232277,0.092714,73.662519,-12.924231,131.712255,5.486320,7.126372,62.949500,7.257763,7.748350,7.533748,0.447361,3.748816,-0.121588,0.379394,0.143940,0.398401,0.423250,-0.771930,1.195180,-0.423294,-1.283760,0.338164,39.680847,-0.100662,79.097595,1.946500,4.508888,132.112726,3.903623,3.337371,3.145224,0.155449,2.392456,0.976637,0.032570,0.001061,0.977180,1.062536,0.891683,0.170854,-0.224705,-0.336068,0.026415,238.720195,-118.687883,243.214759,9.246030,7.937359,16.110527,6.200294,5.914911,5.678507,0.714072,4.403817,5.000000
-2.178630,1.129514,1.275802,2.454023,0.922280,-5.143500,6.065780,-0.147931,-0.566021,0.955674,1505.557301,2.445635,546.730759,3.813826,4.090535,744.155599,158.390572,47.494163,14.064000,0.269888,3.720171,-9.839875,1.256175,1.577976,9.919733,-7.085500,-12.941000,5.855500,-0.429676,-0.418855,1.039823,24600.278059,2.710886,2451.190850,5.643311,4.539453,770.214817,288.551412,121.103647,39.624247,0.396933,3.990325,-0.142421,0.822262,0.676115,0.834505,2.552600,-2.015800,4.568400,0.380156,0.400078,0.640118,174.099629,2.612852,163.835552,4.293909,4.599775,560.060302,117.150241,52.086580,19.174212,0.337599,3.825484,10.168630,1.310993,1.718702,10.252792,13.601360,7.644400,5.956960,0.484978,-0.450294,1.086322,26279.934990,2.718138,2532.946869,5.259574,4.515024,866.464256,283.602819,119.268178,38.365388,0.387341,3.995266,8.792095,21.886135,479.002923,23.586094,51.855000,-61.315000,113.170000,-0.487490,0.261291,17.201723,139075.963092,0.392185,4812.552980,3.722303,4.682702,15574.186093,2103.594329,879.310107,528.335569,0.317841,3.715173,38.432829,67.439183,4548.043348,77.621683,157.130000,-158.600000,315.730000,-0.610405,-0.082606,54.395027,1506281.429407,0.175369,16572.328180,2.551353,3.202882,43222.875152,3858.687035,913.761334,481.834658,0.151862,3.338224,1.249720,66.283339,4393.480966,66.295119,136.800000,-122.990000,259.790000,-0.114340,-1.156957,57.669396,1098760.691521,0.211478,14396.885500,3.348259,4.613327,37700.242567,3123.071888,1563.946811,1268.945698,0.282843,3.371947,97.364034,38.687430,1496.717238,104.768661,179.754591,11.785512,167.969079,0.049342,-0.847008,32.117685,2744118.084020,0.299181,24290.961631,3.755307,3.854489,27854.505792,5024.074903,1324.226367,591.007612,0.254247,3.712751,0.079627,0.525169,0.275803,0.531171,0.697720,-1.024800,1.722520,-0.843891,-0.692856,0.450067,70.535772,1.700990,117.039336,4.495179,6.341722,244.898006,37.055816,23.074388,18.302516,0.462685,3.646775,-0.657476,0.156226,0.024407,0.675782,-0.184520,-0.912700,0.728180,0.915971,0.744289,0.120451,114.170394,-7.908337,163.679580,4.669519,6.736701,76.299016,8.059221,6.746744,7.483591,0.371728,3.527974,-0.198824,0.326900,0.106864,0.382616,0.348680,-0.771930,1.120610,-0.329222,-1.081176,0.279963,36.598755,-0.416001,72.016460,2.474116,4.848543,123.094048,6.960126,4.370948,3.739875,0.227398,2.796721,0.940249,0.033946,0.001152,0.940861,1.062536,0.877773,0.184763,0.704808,0.216062,0.027078,221.304921,-110.496526,234.089759,8.909968,7.979660,16.456169,5.669627,5.194098,6.347838,0.688575,4.338017,5.000000
-2.344197,0.990587,0.981263,2.544902,-0.469630,-5.143500,4.673870,-0.348589,-0.845937,0.853156,1619.131057,2.802307,583.050780,4.680498,4.730193,549.986998,162.162282,54.899674,20.248426,0.364770,3.807650,-9.828278,1.120452,1.255412,9.891940,-7.085500,-13.139000,6.053500,-0.493058,-0.190261,0.936034,24462.616981,2.410080,2447.396200,6.088186,4.881077,731.540895,321.986595,124.632254,55.998667,0.446990,4.118927,-0.241301,0.633596,0.401443,0.677989,1.465800,-1.483800,2.949600,0.478528,-0.042230,0.508044,114.917365,2.960686,140.468027,4.889509,4.884457,407.432696,123.722717,53.391070,17.952520,0.372892,3.938793,10.170833,1.157935,1.340813,10.236536,13.529903,7.571257,5.958646,0.456482,-0.331151,0.966235,26196.665403,2.519054,2532.567762,5.943400,4.992303,763.599428,317.289690,125.939197,55.632466,0.444908,4.107552,-1.561188,18.764647,352.111968,18.829479,49.172000,-61.315000,110.487000,-0.076977,0.730257,14.346233,88637.318988,0.386729,3569.940446,3.573685,4.061699,12748.861495,2121.870976,696.418782,299.527452,0.254117,3.669101,4.653911,64.108106,4109.849215,64.276808,157.130000,-158.600000,315.730000,-0.435845,-0.389034,52.558679,1032877.024659,0.173492,13256.062440,3.345631,4.179617,31941.784979,4031.336604,1117.321725,792.839161,0.249955,3.355483,1.733462,54.611831,2982.452131,54.639336,96.351000,-111.910000,208.261000,-0.225169,-0.990793,46.626860,746364.255056,0.253442,11637.957360,4.324653,5.405555,30121.749822,3546.073466,2123.427185,1511.750677,0.393592,3.615332,77.850586,37.560625,1410.800583,86.437922,179.754591,6.616313,173.138278,0.225322,-0.374079,30.448589,1867878.598703,0.288037,19372.746601,4.906097,5.233166,24213.572035,6009.762345,1958.916850,1449.928869,0.419194,3.931084,0.441896,0.140761,0.019814,0.463774,0.697720,0.136650,0.561070,-0.366932,-0.741624,0.115727,53.771573,-12.417748,109.934785,4.046193,6.046716,62.548550,4.452349,3.818118,3.887257,0.328233,3.326836,-0.791183,0.079174,0.006269,0.795134,-0.609130,-0.956350,0.347220,0.294874,-0.540617,0.064341,158.059623,-34.217232,197.051615,6.869952,7.574686,36.982525,7.046302,5.765832,6.903924,0.530553,3.964553,0.013798,0.132017,0.017428,0.132736,0.348680,-0.188600,0.537280,0.860068,-0.015272,0.108290,4.404688,-15.357915,26.402443,3.881291,5.984865,63.419744,5.848665,4.269270,3.580066,0.347733,3.385684,0.929745,0.022734,0.000517,0.930023,0.983543,0.877773,0.105770,0.178924,-0.481881,0.018179,216.235883,-230.056722,231.509035,10.167112,7.914421,10.734258,4.918053,4.288612,5.723960,0.731693,4.466768,5.000000
-2.167334,1.102192,1.214828,2.431494,1.425400,-5.869300,7.294700,-0.074760,0.245880,0.899126,1478.040855,2.040765,546.361222,5.879377,5.704222,705.278413,286.031542,120.346466,64.149490,0.539820,4.200753,-9.836084,1.391256,1.935594,9.933990,-6.882200,-13.661000,6.778800,-0.426155,-0.303707,1.142501,24671.037687,2.525065,2451.092000,5.794368,4.841149,933.400251,356.438281,169.956747,69.325112,0.438093,4.119342,-0.540330,0.787406,0.620009,0.954969,1.480700,-2.673000,4.153700,-0.299461,0.025320,0.609949,227.991241,2.744272,188.436188,5.325548,5.525832,565.765391,143.913803,75.939423,48.954152,0.461125,4.088876,10.170155,1.440908,2.076217,10.271722,14.462365,7.411654,7.050711,0.403317,-0.207922,1.176449,26377.069783,2.443519,2534.158037,5.647132,4.938600,989.948020,348.801908,175.840835,67.150126,0.440069,4.120785,4.206698,23.229625,539.615475,23.607452,87.555000,-104.660000,192.215000,-0.313743,3.366515,16.703250,139327.946479,0.232499,4250.237236,5.280917,5.322312,15453.829502,5139.338347,2915.617609,1147.410487,0.445739,4.107371,21.123753,73.385111,5385.374579,76.364832,181.660000,-152.160000,333.820000,0.080512,-0.493143,58.608953,1457896.877820,0.168694,14969.466050,4.968269,5.765831,39426.397417,9560.112251,3822.002938,2732.671968,0.435116,3.862081,0.981408,61.484373,3780.328180,61.492206,138.580000,-142.700000,281.280000,-0.118271,-0.600088,50.882727,945322.835509,0.194890,12687.937800,3.931009,4.977689,37278.095179,4843.447391,2174.814870,1509.388491,0.321576,3.610612,88.441011,48.460069,2348.378263,100.847363,207.217256,6.616313,200.600943,0.352458,-0.577391,39.658985,2542547.659808,0.258851,21991.810721,5.176241,5.635298,34423.133626,8872.077461,3762.816433,2443.988525,0.464637,4.061709,0.306650,0.296013,0.087624,0.426214,0.670810,-0.463770,1.134580,-1.083763,0.125802,0.238704,45.414563,-1.413802,97.389271,4.836701,6.340214,165.563272,28.746589,17.054551,13.818091,0.501237,3.866439,-0.822659,0.061852,0.003826,0.824981,-0.682540,-0.956350,0.273810,0.007009,-0.721428,0.050573,170.148272,-51.100354,204.878975,7.134023,7.744675,34.185109,6.706422,5.331587,7.365944,0.559110,4.093391,0.183570,0.298163,0.088901,0.350141,0.758770,-0.107460,0.866230,0.849278,-0.934910,0.256099,30.649737,-7.262083,58.368438,3.649059,5.895648,122.375029,14.019477,7.949402,6.832534,0.358992,3.285822,0.990417,0.062652,0.003925,0.992396,1.143451,0.895802,0.247649,0.633956,-0.605900,0.052393,246.212571,-61.559988,246.592470,6.942953,7.653738,30.053385,6.117404,4.843897,6.334781,0.574698,4.042980,5.000000
-2.159874,1.220745,1.490218,2.480982,1.425400,-6.468300,7.893700,-0.416204,0.666167,0.955498,1538.817895,2.011546,545.310752,6.701987,6.478352,786.063972,318.033917,144.556026,103.118207,0.590671,4.273069,-9.859041,1.626200,2.644527,9.992258,-6.882200,-14.536000,7.653800,-0.457416,-0.569411,1.363575,24961.305121,2.400255,2454.805800,5.784527,4.958339,1054.393383,360.398358,186.265076,76.037504,0.437732,4.065718,-0.584722,0.872299,0.760906,1.050145,1.480700,-2.673000,4.153700,0.023859,-0.445597,0.719653,275.701316,2.960094,212.052791,5.716522,5.818059,615.564018,173.076335,76.341461,53.590743,0.511209,4.141901,10.212938,1.673080,2.799196,10.349072,14.844730,7.411654,7.433076,0.428575,-0.594431,1.400158,26775.824332,2.485395,2542.842884,5.745195,5.105381,1088.175652,364.854254,189.143601,78.875154,0.452683,4.087924,7.754721,24.635539,606.909781,25.827223,87.555000,-104.660000,192.215000,-0.517024,2.406095,19.070967,166761.368401,0.236959,5003.715320,5.290153,5.319651,16838.217708,5392.394465,3117.419985,1047.020708,0.445209,4.093187,32.548230,74.030126,5480.459530,80.869319,181.660000,-152.160000,333.820000,0.126815,-0.889874,62.436938,1634961.708021,0.168269,16107.838000,3.897051,4.711862,43411.460689,9033.264224,2579.754668,1633.858031,0.320454,3.685656,1.348083,70.859262,5021.034984,70.872084,138.580000,-142.700000,281.280000,-0.222548,-1.046884,61.097402,1255713.077793,0.196762,15234.890700,4.235824,5.242754,39530.793780,6133.904984,2912.726613,1932.885253,0.350177,3.632360,100.136936,46.929080,2202.338595,110.588176,207.217256,8.740570,198.476686,0.146201,-0.772070,39.095780,3057436.154215,0.262575,24946.040450,5.054840,5.300193,31826.424070,9420.975500,3718.506697,1813.056856,0.426561,4.022702,-0.324604,0.575731,0.331466,0.660934,0.670810,-1.004100,1.674910,0.435890,-1.399721,0.518196,109.208358,1.513632,148.421231,4.345082,6.222651,261.363819,37.105932,23.460126,18.661515,0.452584,3.612029,-0.727603,0.140717,0.019801,0.741085,-0.365080,-0.944440,0.579360,0.843669,-0.088426,0.112461,137.301859,-12.531445,181.179540,4.998293,6.833422,73.868272,9.049700,7.400813,6.894601,0.428864,3.688067,0.233518,0.291564,0.085010,0.373551,0.758770,-0.175440,0.934210,0.478753,-1.196036,0.251273,34.885079,-2.573593,68.913372,1.991066,4.430722,114.631496,4.724606,2.257080,2.145101,0.154958,2.572741,1.059946,0.045773,0.002095,1.060934,1.164171,0.956661,0.207510,-0.060095,-0.844298,0.038201,281.395296,-82.707125,263.978919,7.870867,7.945964,19.107703,4.238126,4.722243,5.075397,0.586635,4.080652,5.000000
-2.358198,1.024115,1.048812,2.570974,0.584320,-6.468300,7.052620,-0.693539,0.882892,0.807803,1652.477257,2.014389,588.216640,7.048733,6.617395,617.445185,257.268090,112.979584,84.084663,0.627651,4.278258,-9.722310,1.462416,2.138660,9.831682,-7.183400,-14.536000,7.352600,-0.721091,-0.059715,1.218461,24165.490943,2.284577,2420.464650,6.434414,5.365178,893.471784,361.513575,174.494241,84.557820,0.492073,4.119632,-0.470472,0.669461,0.448178,0.818243,1.469500,-1.830300,3.299800,0.332785,-0.072547,0.534820,167.380384,2.976206,166.394542,5.940703,5.845247,458.609486,165.662370,55.231480,36.361790,0.515777,4.153594,10.085189,1.493435,2.230348,10.195165,14.844730,7.613507,7.231223,0.661420,-0.263469,1.248334,25985.348584,2.319418,2510.777935,6.219675,5.440232,938.197210,334.504112,170.628792,82.684551,0.481243,4.105002,1.565025,18.516459,342.859241,18.582479,44.628000,-48.714000,93.342000,0.003033,-0.404162,14.800269,86327.136023,0.461996,3698.112557,4.804886,4.934680,12849.639513,3220.156223,1396.598756,622.449450,0.385089,3.962895,10.417000,60.750767,3690.655693,61.637404,172.970000,-118.570000,291.540000,0.190211,-0.449805,49.543296,949792.397916,0.188017,12473.741510,4.705526,5.454330,32787.767733,6701.457217,2671.935396,1909.328949,0.431947,3.810762,2.017128,61.018289,3723.231586,61.051621,107.660000,-147.590000,255.250000,-0.598366,-0.671596,51.705305,931825.097576,0.210796,12940.690650,4.463768,5.466743,35436.920054,4362.357167,2624.138744,1912.621379,0.402606,3.677083,79.532263,39.324263,1546.397622,88.723044,183.636765,12.501764,171.135001,0.411535,-0.596690,32.544735,1967944.631515,0.292524,19745.188091,4.663188,5.164688,28663.065466,5665.961300,2436.743321,1569.770140,0.418037,3.962227,-0.831602,0.090873,0.008258,0.836552,-0.536230,-1.004100,0.467870,0.127809,-0.573720,0.077244,174.954891,-23.543287,207.186185,6.136005,6.465136,48.582563,13.524420,7.508559,5.878554,0.582276,4.074872,-0.590960,0.124083,0.015397,0.603847,-0.323410,-0.900790,0.577380,0.128630,-0.605250,0.101605,91.157653,-12.865751,147.111075,5.841000,6.937217,63.104547,7.904902,9.010011,8.635778,0.473535,3.840043,0.059746,0.172771,0.029850,0.182810,0.581140,-0.208330,0.789470,0.430730,-0.372857,0.147820,8.354883,-6.823928,37.398044,4.421929,6.174752,88.120303,12.505097,7.482862,6.295170,0.439107,3.672280,1.046882,0.043686,0.001908,1.047793,1.164171,0.966569,0.197602,0.453512,-0.603739,0.035751,274.467428,-90.516716,260.650318,8.267994,7.993191,19.957986,4.934882,6.175219,5.791552,0.621693,4.197178,5.000000
-2.387422,1.125017,1.265663,2.639213,-0.321120,-6.383600,6.062480,-0.771739,0.610559,0.887558,1741.361540,2.418327,594.372150,5.415058,4.929840,708.676452,333.370680,102.190637,38.989187,0.416596,4.075214,-9.698523,1.464355,2.144334,9.808450,-6.775500,-14.194000,7.418500,-0.534429,-0.410955,1.246868,24051.421686,2.323235,2415.780150,5.397444,4.788294,977.274048,351.081025,131.197306,50.879747,0.405819,4.034062,-0.414649,0.671178,0.450480,0.788932,1.885700,-2.247800,4.133500,0.445587,0.658465,0.520625,155.603309,2.395009,159.338585,4.878474,4.688799,479.267925,149.119166,61.624557,21.468428,0.369468,4.007770,10.068991,1.552083,2.408963,10.187912,15.046461,7.006817,8.039645,0.567918,-0.112677,1.295324,25948.386535,2.214491,2507.987162,5.267881,4.810978,1051.614968,373.730516,128.485165,52.420108,0.402700,4.030916,3.915372,18.229266,332.306141,18.645007,39.538000,-48.714000,88.252000,-0.409118,-0.316180,14.475187,86909.069358,0.482037,3813.639597,4.534391,4.862946,12699.317004,2724.868260,926.844270,605.392195,0.359944,3.858003,16.538012,58.664469,3441.519973,60.951011,178.470000,-114.610000,293.080000,0.110560,-0.471614,48.270172,928756.450523,0.186686,12577.761410,3.287948,3.792512,35143.481925,6532.536519,886.328103,668.275555,0.213019,3.527477,4.077441,65.108082,4239.062400,65.235634,119.310000,-166.310000,285.620000,-0.567313,-0.372363,53.784700,1063921.982305,0.191756,13545.210170,3.363145,4.479156,41292.376855,3304.468820,1396.972415,1185.946878,0.262399,3.478723,81.293291,41.349133,1709.750771,91.204989,200.837992,12.501764,188.336227,0.697648,0.214205,33.040565,2079587.502187,0.267581,20239.755502,4.502559,4.821320,31394.699047,7925.885303,2451.527879,1249.758847,0.374338,3.983365,-0.739817,0.219040,0.047978,0.771562,-0.076605,-1.026900,0.950295,1.525049,1.833527,0.158336,148.827056,-4.994887,184.266981,3.360389,5.691872,105.566852,8.863408,5.680622,6.120305,0.305116,3.250930,-0.528921,0.112548,0.012667,0.540762,-0.170630,-0.736110,0.565480,1.048319,1.007951,0.087189,73.106012,-15.931992,131.661705,5.654522,6.956159,60.744674,7.423018,7.505213,7.839432,0.469157,3.825619,-0.185597,0.303143,0.091895,0.355446,0.265350,-0.800440,1.065790,-0.615499,-0.605870,0.238923,31.585393,-1.312277,65.770879,4.325815,6.198731,145.340639,21.649843,12.814485,10.312767,0.443615,3.619812,1.006663,0.026524,0.000703,1.007012,1.084561,0.950057,0.134504,0.045007,-0.456105,0.021567,253.518461,-167.063904,250.650324,9.573866,7.820625,14.064389,5.786568,5.803336,6.168658,0.733530,4.479873,5.000000
-2.251505,1.222993,1.495712,2.562223,-0.321120,-6.383600,6.062480,-0.845730,0.521371,0.977645,1641.247294,2.472155,561.115170,5.306339,4.993784,766.441921,331.784415,106.590750,43.560239,0.433380,4.072298,-9.822737,1.513561,2.290865,9.938663,-6.775500,-14.292000,7.516500,-0.597900,-0.203611,1.269713,24694.257873,2.343051,2445.363900,5.679130,4.782633,975.620681,416.008517,145.395378,67.196468,0.432355,4.077953,-0.205736,0.706955,0.499786,0.736283,1.885700,-2.284900,4.170600,-0.172407,0.419197,0.550422,135.528201,2.489538,140.680735,5.136439,4.860156,478.707311,167.368559,64.181779,26.010719,0.400546,4.020783,10.160599,1.626765,2.646364,10.290002,15.046461,7.006817,8.039645,0.580907,-0.132126,1.355317,26471.033368,2.251544,2529.630343,5.527542,4.833773,1069.684097,423.012101,147.477957,70.572035,0.424714,4.064720,7.378721,17.014974,289.509334,18.546020,38.579000,-36.763000,75.342000,-0.665465,-0.245256,13.655551,85988.715338,0.550109,3979.286810,4.181928,4.255894,12118.785587,2824.657601,844.991235,386.643716,0.296212,3.828845,32.416483,59.265775,3512.432145,67.551910,178.470000,-119.440000,297.910000,-0.130413,-0.583817,49.400802,1140815.124813,0.183679,13864.097032,3.216121,3.398596,33357.909139,6292.686069,594.475962,467.246535,0.171012,3.417239,1.879159,73.138554,5349.248050,73.162691,119.310000,-172.660000,291.970000,-0.452508,-0.806448,63.054734,1338194.822326,0.190747,15750.815020,2.890185,3.810513,40352.216925,2197.921929,1176.287242,749.504775,0.189438,3.157482,92.263190,41.803092,1747.498508,101.291632,200.837992,7.283369,193.554622,0.384693,-0.253573,33.999170,2564998.662478,0.262825,22985.163174,4.191085,4.319378,31254.334741,7284.693540,2080.194255,980.457184,0.303936,3.866578,-0.254045,0.496051,0.246067,0.557320,0.708070,-1.026900,1.734970,0.193335,-1.053654,0.425511,77.651459,2.822869,114.951223,4.473788,6.302884,237.178435,33.498054,15.564431,27.657251,0.419290,3.623578,-0.572484,0.118885,0.014134,0.584698,-0.170630,-0.865080,0.694450,0.976790,2.585438,0.080204,85.467924,-13.437521,142.462300,5.475662,6.910557,70.132659,11.256049,7.680702,7.717197,0.480915,3.926792,-0.473395,0.257717,0.066418,0.539000,0.151320,-0.800440,0.951760,0.436649,-1.195963,0.236245,72.630204,-3.872620,119.223710,3.939216,5.960351,105.915586,13.177616,8.370903,6.361289,0.396860,3.426784,0.970321,0.038411,0.001475,0.971081,1.114924,0.882404,0.232520,0.387597,-0.093234,0.031653,235.749586,-81.323655,241.620139,9.769068,7.627764,15.573302,9.243888,9.674716,6.307517,0.728002,4.446717,5.000000
-2.217916,0.995711,0.991440,2.431170,-0.482410,-5.596300,5.113890,-0.700191,0.345856,0.811505,1477.647461,2.596712,553.061490,5.321273,5.254566,564.410116,228.255722,89.665394,33.381714,0.437579,3.975142,-9.847518,1.362524,1.856471,9.941332,-7.374200,-14.439000,7.064800,-0.954580,0.609403,1.104279,24707.522322,2.241946,2453.343700,5.940730,4.378615,703.152791,358.684162,148.978375,38.735937,0.351464,3.937938,-0.181478,0.683183,0.466739,0.706875,1.313600,-2.284900,3.598500,-0.353573,-0.030814,0.548205,124.918203,2.817805,137.508334,4.844177,4.775074,455.798333,136.961218,62.558996,19.950993,0.369275,3.962328,10.159295,1.424455,2.029072,10.258672,14.742279,7.772982,6.969297,0.819500,0.254835,1.172493,26310.087986,2.353127,2531.135558,5.740474,4.420560,768.036308,367.813337,149.269979,42.078866,0.352955,3.958508,3.633937,17.962112,322.637472,18.326019,48.167000,-33.053000,81.220000,-0.063956,-0.667363,14.820107,83960.742301,0.520748,3794.147701,4.292078,4.651107,11291.596414,2445.118160,886.749127,411.153426,0.326037,3.762547,22.821892,59.982699,3597.924185,64.177589,128.820000,-119.440000,248.260000,-0.393082,-0.701356,49.972298,1029690.730327,0.218578,13527.319842,3.565119,4.534041,31631.607451,4740.299658,1362.825946,925.933428,0.292987,3.494445,-0.484890,63.168895,3990.309323,63.170756,106.260000,-172.660000,278.920000,-0.532564,-0.723256,54.889517,997636.110303,0.192016,13660.815380,3.906966,4.927778,31930.465875,3007.476746,1680.545806,1205.548520,0.312259,3.361504,84.954513,35.041134,1227.881083,91.897499,179.129897,7.283369,171.846528,0.116591,-0.323514,28.002335,2111287.582931,0.287283,21175.466717,3.822174,4.017680,24690.215778,5575.676157,1186.072696,572.933082,0.252945,3.742596,0.303942,0.285344,0.081421,0.416895,0.708070,-0.538300,1.246370,-0.823771,-0.140554,0.234746,43.450409,-0.306475,91.463697,5.407430,6.835906,149.751508,25.573923,17.628013,15.324280,0.489527,3.876925,-0.702548,0.093251,0.008696,0.708709,-0.476190,-0.890870,0.414680,-0.041649,-0.971809,0.079793,125.567185,-24.877625,174.965265,6.478905,7.047591,56.133834,13.535241,9.234053,9.245037,0.597131,4.183188,-0.226237,0.382337,0.146181,0.444257,0.375000,-0.765350,1.140350,-0.043122,-1.466814,0.338410,49.341152,-0.830789,91.706142,4.309024,6.246046,169.251165,24.523777,14.869384,12.409828,0.447390,3.568880,0.934286,0.023330,0.000544,0.934577,1.114924,0.882404,0.232520,1.883218,13.174007,0.016737,218.358746,-104.529169,232.629906,11.606175,7.431631,8.946259,7.853734,7.591146,7.177532,0.845488,4.655952,5.000000
-2.324684,0.863668,0.745922,2.479935,-1.024600,-4.926000,3.901400,-0.662011,-0.355073,0.729850,1537.519923,2.932709,579.886300,4.818964,5.029796,456.038756,138.794988,54.685545,20.813761,0.372037,3.809858,-9.833422,1.283261,1.646758,9.916802,-7.374200,-14.439000,7.064800,-0.873838,0.531460,1.040041,24585.738582,2.198065,2449.235950,6.007648,4.547214,692.770588,363.941418,169.446136,38.361941,0.386461,4.018554,-0.328434,0.781884,0.611343,0.848064,2.270900,-1.920200,4.191100,0.423505,-0.154879,0.637516,179.803003,2.621217,174.469834,4.762207,4.913437,469.915517,146.876799,64.361000,24.177219,0.376571,3.899570,10.173906,1.305328,1.703882,10.257302,14.742279,7.837424,6.904855,0.740626,0.150958,1.071538,26303.061508,2.309878,2534.227312,5.818805,4.581465,733.273099,368.679928,164.503193,39.138936,0.381677,4.028497,-0.590384,21.725275,471.987594,21.733296,63.158000,-61.633000,124.791000,0.017926,0.265605,17.007096,118084.036991,0.358733,4248.310836,3.660997,4.130301,12540.623255,1874.833179,801.841355,293.052568,0.253821,3.504989,1.487196,63.129779,3985.368974,63.147294,100.640000,-136.700000,237.340000,-0.331536,-0.941404,53.625800,996895.181952,0.228191,13383.700321,3.920763,5.127771,29236.143891,3734.736968,1757.046603,1256.503899,0.345241,3.465672,1.201120,54.513024,2971.669764,54.526255,72.943000,-118.410000,191.353000,-0.423623,-1.132122,48.407203,743278.113507,0.266804,12057.038050,4.378599,5.418846,29426.955286,3809.652603,1989.803391,1548.198247,0.386343,3.586027,80.889892,29.830431,889.854632,86.215018,145.500458,13.188406,132.312052,-0.010271,-0.713696,24.378009,1858257.332450,0.360643,20145.410279,3.871953,4.154379,19047.917960,3992.403443,892.004263,491.640436,0.273797,3.672043,0.451072,0.115380,0.013313,0.465595,0.654240,0.192550,0.461690,-0.234954,-0.820256,0.097792,54.194676,-18.640195,112.493745,4.469560,6.216997,55.101766,4.711047,4.590413,4.102504,0.365968,3.450930,-0.788865,0.068527,0.004696,0.791836,-0.636900,-0.968250,0.331350,-0.111490,-0.665814,0.057061,156.750981,-38.907685,196.328355,7.229789,7.827447,35.770241,6.329930,5.572332,7.989936,0.556293,4.065974,0.160719,0.162952,0.026553,0.228876,0.451750,-0.302630,0.754380,-0.681158,0.356755,0.126233,13.096032,-6.920701,49.386001,3.619774,5.778191,68.080267,6.495902,4.558971,3.782402,0.320240,3.223578,0.946179,0.030200,0.000912,0.946661,1.032151,0.889501,0.142650,0.556711,-0.247056,0.024525,224.041689,-151.119963,235.589296,9.163426,8.232111,15.511874,4.669306,3.782615,5.636305,0.657612,4.351725,5.000000
-2.350548,0.894408,0.799965,2.514963,-0.208210,-4.588700,4.380490,-0.294415,-0.393416,0.735673,1581.260268,2.794320,586.091400,3.956958,4.941427,542.698992,105.715423,38.325516,19.320469,0.337255,3.722033,-9.922761,1.152552,1.328376,9.989472,-7.521700,-13.497000,5.975300,-0.587375,0.120920,0.925250,24947.389530,2.509498,2471.497550,5.899358,4.812480,752.582462,326.515198,163.388513,55.533200,0.429068,4.124456,-0.563029,1.094428,1.197773,1.230762,2.270900,-2.702800,4.973700,0.177030,-0.657869,0.900459,378.693539,2.839998,259.459617,3.958579,4.667230,639.432064,144.379073,70.203516,23.349615,0.307691,3.717104,10.310986,1.145833,1.312933,10.374458,13.639225,7.812520,5.826705,0.408032,-0.094645,0.929442,26907.343337,2.574318,2568.371424,5.878880,4.871007,750.732953,325.976316,162.689029,56.033770,0.435618,4.127756,-9.949739,27.106303,734.751675,28.874712,63.158000,-79.918000,143.076000,-0.430339,-0.236774,22.364843,208437.247497,0.322257,5489.301705,3.026457,3.822818,17121.086067,1964.618062,777.767728,347.145134,0.210253,3.445894,-37.093285,65.445903,4283.166197,75.226844,98.535000,-175.910000,274.445000,-0.046713,-0.864911,55.697922,1414769.499376,0.201051,14864.056341,3.494606,5.023360,38093.607387,4225.233852,1930.584746,1474.291269,0.326226,3.535162,1.282368,59.045374,3486.356239,59.059298,104.400000,-118.410000,222.810000,-0.112111,-1.209509,52.294371,872000.176524,0.239678,13037.017970,2.307168,2.966871,36177.457096,1569.427850,540.524588,350.814814,0.123026,3.104214,92.144145,38.604199,1490.284169,99.904092,203.195399,11.989679,191.205720,0.242076,-0.327927,32.061833,2495206.923396,0.259102,22942.133466,4.032141,5.085128,27449.679755,3372.752724,1650.970479,1193.704781,0.363584,3.768939,0.077814,0.561236,0.314986,0.566605,0.691510,-0.983440,1.674950,-0.784493,-1.066290,0.499301,80.260252,0.443036,131.194643,4.296959,6.230161,246.376686,35.996867,21.586591,17.151352,0.444770,3.558769,-0.745571,0.135646,0.018400,0.757810,-0.349210,-0.984130,0.634920,0.915925,0.675250,0.102444,143.569077,-11.200783,185.704330,5.301625,6.698495,77.380547,12.571676,8.763961,8.486404,0.469401,3.895990,-0.089947,0.339911,0.115539,0.351610,0.451750,-0.771930,1.223680,-0.209847,-1.143528,0.303176,30.907478,0.333158,76.546081,2.526579,5.014379,117.640426,6.153627,4.135255,3.758061,0.219636,2.729245,1.008191,0.049987,0.002499,1.009429,1.113718,0.898801,0.214916,-0.014804,-1.126394,0.043675,254.736807,-77.920361,251.031870,7.654954,7.742207,24.808817,7.060801,4.902394,5.855004,0.651654,4.238580,5.000000
-2.251707,0.833915,0.695414,2.401166,-0.208210,-4.354700,4.146490,-0.248296,-0.332776,0.696516,1441.399305,2.829682,561.432280,3.633353,4.647578,500.119127,102.784494,36.075494,16.537062,0.296999,3.623531,-9.930386,1.092119,1.192724,9.990260,-7.521700,-13.326000,5.804300,-0.529034,-0.114971,0.897187,24951.322533,2.500784,2472.873550,5.928958,4.799000,735.526187,334.105602,162.182866,52.057257,0.434375,4.176055,-0.462035,1.035935,1.073161,1.134300,1.891200,-2.702800,4.594000,-0.227932,-0.644700,0.853863,321.659263,2.984284,226.482681,3.642122,4.504655,580.575421,116.685179,57.654010,15.120735,0.278835,3.602388,10.278508,1.099906,1.209793,10.337191,13.716313,7.812520,5.903792,0.416865,-0.156546,0.910063,26714.381101,2.475587,2559.710541,5.848451,4.852118,754.002569,337.825198,163.532106,53.486201,0.442379,4.184241,-10.256987,23.358661,545.627055,25.511425,21.530000,-79.918000,101.448000,-0.953264,0.140222,18.842027,162708.207760,0.426458,4639.128790,2.884690,3.667113,15378.393496,1661.169228,703.791955,285.536914,0.197100,3.460977,-31.522592,64.341227,4139.793434,71.648219,86.728000,-175.910000,262.638000,-0.238894,-0.918918,55.102239,1283366.815055,0.207382,13979.905140,2.808671,4.310876,35890.928335,3696.735522,1217.523607,947.148755,0.237152,3.296447,0.257847,55.911504,3126.096318,55.912099,104.400000,-105.790000,210.190000,0.023550,-1.000758,47.656470,781540.700844,0.252816,11851.506950,2.105080,2.849462,33827.314187,968.714963,421.159758,368.178134,0.107696,3.007271,84.378509,42.317019,1790.730087,94.395248,203.195399,6.548170,196.647229,0.272718,-0.411095,35.311734,2227615.723658,0.256065,20993.807676,3.418881,4.404300,29388.030480,3182.366930,1261.228563,980.467404,0.287399,3.626477,-0.572704,0.515568,0.265811,0.770584,0.691510,-1.006200,1.697710,1.440095,0.537036,0.401257,148.450111,-0.878449,184.172903,4.257783,6.168023,235.017307,33.709378,21.280465,17.051134,0.443770,3.569954,-0.614627,0.147490,0.021753,0.632076,-0.315480,-0.984130,0.668650,-0.118246,-0.284781,0.117667,99.879905,-8.849993,152.929580,5.104294,6.596368,85.152741,13.756354,8.481993,10.401828,0.467635,3.860619,-0.171395,0.278045,0.077309,0.326627,0.311400,-0.771930,1.083330,-0.136568,-0.622279,0.226898,26.671344,-0.168288,66.922084,2.494210,5.064200,104.636321,4.971003,3.305348,3.608502,0.217633,2.713992,1.048302,0.032686,0.001068,1.048811,1.126362,0.964750,0.161612,-0.175738,-0.426573,0.026196,275.001360,-125.521178,261.090269,8.629643,7.831298,15.994630,5.110673,5.093043,6.138110,0.644470,4.290777,5.000000
-2.135841,0.743639,0.552999,2.261595,-0.831640,-3.829800,2.998160,-0.213831,-1.215523,0.663512,1278.703511,3.168031,532.165010,4.718494,4.770317,374.897764,119.094841,41.542499,15.580438,0.348826,3.751886,-9.837594,1.059699,1.122963,9.894504,-8.129500,-13.326000,5.196500,-0.727554,-0.090741,0.890310,24475.304672,2.573153,2448.819750,6.650462,5.052551,523.542769,264.557069,143.738168,54.367404,0.462346,4.036093,-0.205775,0.620354,0.384839,0.653592,1.306600,-1.560800,2.867400,0.219857,-0.507528,0.506394,106.795616,3.114664,134.243582,4.899076,4.979735,326.559336,105.897418,44.764716,14.872957,0.385527,3.849477,10.113302,1.079044,1.164337,10.170704,13.716313,8.229374,5.486939,0.678765,-0.058185,0.900359,25860.803798,2.537902,2517.526777,6.483935,5.103569,555.108908,261.757785,145.699513,54.801943,0.464339,4.039317,-2.327601,17.200925,295.871835,17.357695,35.080000,-65.050000,100.130000,-0.765045,1.213730,12.982863,75322.389981,0.418626,3186.195244,4.264075,4.842070,10466.997293,1634.485174,804.571191,422.809088,0.333197,3.680505,-2.900790,55.849072,3119.118849,55.924355,97.086000,-147.770000,244.856000,-0.546177,-0.490808,45.309965,781883.358040,0.218246,11126.223480,3.454923,4.177111,23851.837657,3689.631895,920.166622,519.564311,0.242306,3.228764,-0.320260,48.720265,2373.664183,48.721317,86.719000,-116.060000,202.779000,-0.239634,-0.591854,39.993257,593441.687372,0.256705,9951.183850,3.239519,4.405440,23959.867571,1875.409227,900.261285,660.635230,0.242742,3.192926,67.466722,35.367092,1250.831222,76.174732,148.654531,3.274934,145.379597,0.221407,-0.868981,29.551405,1450647.435394,0.336503,16744.689510,4.268989,4.571483,20471.721789,4315.936981,1375.440336,740.956976,0.313022,3.652582,-0.830468,0.085036,0.007231,0.834810,-0.668740,-1.006200,0.337460,-0.352299,-0.999486,0.072863,174.227079,-35.029780,206.713300,5.294167,6.762118,41.990499,6.531971,4.792175,4.139027,0.480907,3.809334,-0.532786,0.114554,0.013123,0.544962,-0.267860,-0.748020,0.480160,0.546890,-0.763578,0.097634,74.245840,-18.550621,132.696450,6.451456,7.487509,43.867278,6.126306,7.742142,6.606646,0.482057,3.707650,0.129316,0.170262,0.028989,0.213803,0.502190,-0.179820,0.682010,0.097353,-0.658483,0.139366,11.427907,-7.539702,43.922127,4.173770,6.105312,70.373714,8.988672,5.622708,4.732817,0.401947,3.411753,1.018730,0.042330,0.001792,1.019609,1.126362,0.942665,0.183697,0.430395,-0.675803,0.035052,259.900825,-100.246048,253.629586,8.331785,7.820722,19.702139,6.094247,5.866054,5.713173,0.653469,4.246165,5.000000
-2.135094,0.915519,0.838176,2.323102,-0.130360,-5.579500,5.449140,-0.280857,0.324899,0.758194,1349.200872,2.313125,532.083280,4.830265,4.695970,497.673473,185.533294,56.443406,22.481595,0.366932,3.874768,-9.860306,1.105534,1.222205,9.922089,-7.140700,-13.004000,5.863300,-0.584097,-0.101927,0.896063,24611.961766,2.481807,2454.821050,5.904326,4.857507,689.237231,265.570082,160.350433,50.183395,0.427783,4.085928,-0.222596,0.656823,0.431417,0.693517,1.306600,-2.149400,3.456000,-0.254465,0.213597,0.511538,120.241484,2.795591,136.022259,4.620943,4.954615,426.572641,120.039100,56.653572,18.674864,0.374615,3.934953,10.149907,1.142368,1.305005,10.213991,13.388637,7.163446,6.225191,0.460608,-0.092472,0.919655,26081.404122,2.402635,2527.033391,5.753584,4.900226,716.847722,257.452370,157.079634,50.250872,0.417904,4.064595,4.108511,20.806198,432.897892,21.207965,46.000000,-65.050000,111.050000,-0.527103,0.626139,15.556089,112444.439604,0.393086,4044.013274,3.491719,4.108710,14255.751811,1878.647626,828.397263,344.751098,0.253033,3.641267,24.498526,67.910805,4611.877382,72.194565,163.940000,-147.770000,311.710000,-0.046900,-0.319380,53.715975,1303013.788489,0.179189,14262.999781,3.586797,4.793991,34500.802017,5091.316116,1624.093265,1201.144376,0.314580,3.480568,-0.229160,62.666867,3927.136170,62.667286,139.090000,-156.180000,295.270000,-0.186867,-0.476084,50.902609,981797.171045,0.186790,12640.794210,2.814756,3.645557,31070.442895,1981.122337,671.683839,532.188905,0.177700,3.030205,87.429352,44.103628,1945.129988,97.923550,210.484581,3.274934,207.209648,0.297479,-0.365945,36.080658,2397255.399138,0.248210,21745.534857,3.802525,4.493085,28105.965611,5220.323348,1839.167996,952.014823,0.302813,3.665082,-0.693350,0.309165,0.095583,0.759156,0.294000,-0.987580,1.281580,2.176683,3.596517,0.201363,144.079318,-4.676650,181.250502,4.760617,6.342003,177.458050,28.948949,17.966066,14.715796,0.493164,3.845153,-0.491159,0.127939,0.016368,0.507548,-0.146830,-0.684520,0.537690,0.827890,-0.376220,0.107045,64.401292,-16.676007,122.241050,5.779848,7.160968,53.648721,6.017016,6.933175,6.383905,0.424159,3.624370,0.003360,0.361683,0.130814,0.361698,0.502190,-0.725880,1.228070,-0.744746,-0.490292,0.295103,32.706410,-0.303528,73.637075,4.110240,6.032658,157.954395,22.238021,13.698236,10.425313,0.422252,3.483697,0.981756,0.030064,0.000904,0.982216,1.064152,0.912411,0.151742,0.096087,-0.555936,0.024820,241.187020,-138.776517,244.478328,9.266161,7.784340,13.800966,5.449738,5.499700,5.302184,0.710836,4.380175,5.000000
-2.199390,1.067824,1.140249,2.444906,-0.130360,-6.028000,5.897640,-0.729050,0.832042,0.840663,1494.391690,2.380699,547.660280,4.878683,5.287050,704.471127,234.893860,60.154129,34.718292,0.408403,3.980373,-9.891938,1.235538,1.526553,9.968801,-7.140700,-13.004000,5.863300,-0.417246,-0.444937,1.015511,24844.249661,2.701885,2461.791100,5.690946,4.871097,841.323629,238.218710,164.834325,59.988410,0.424418,4.064275,-0.295553,0.708994,0.502672,0.768130,1.530400,-2.149400,3.679800,-0.268100,-0.029035,0.554517,147.505932,2.801528,148.136253,4.564683,4.882323,482.880701,112.161839,57.565825,20.654543,0.375559,3.932392,10.208166,1.318311,1.737944,10.292939,13.912077,7.163446,6.748631,0.367662,-0.373620,1.083570,26486.147283,2.434461,2540.609064,5.479415,5.003175,924.234413,246.260578,158.164178,61.926096,0.434517,4.075442,8.509785,18.686778,349.195654,20.533195,46.000000,-42.993000,88.993000,-0.407090,0.050872,14.508041,105403.023430,0.479877,4139.598930,3.501932,4.095522,13438.300065,2095.926639,783.283024,306.876299,0.257929,3.693536,42.933094,64.426602,4150.787023,77.421170,163.940000,-117.930000,281.870000,-0.253375,-0.534885,52.699914,1498509.388148,0.195250,16076.037661,3.921507,5.149917,34806.687978,5903.099740,2077.507083,1590.241757,0.339399,3.593491,-1.810074,74.021621,5479.200357,74.043749,139.090000,-156.180000,295.270000,-0.157841,-0.976443,62.649620,1370619.180924,0.190299,15605.425160,3.048276,4.277144,43832.130988,2629.918111,1491.382000,1204.238062,0.222011,3.264799,100.238762,43.015311,1850.316985,109.078533,210.484581,7.067823,203.416759,0.067464,-0.571338,35.599414,2974531.592502,0.252383,24998.198734,4.800542,5.468628,30420.694430,6112.799909,2738.728501,1880.579594,0.418280,3.948115,-0.095569,0.595651,0.354800,0.603269,0.747410,-0.987580,1.734990,-0.208004,-1.590980,0.543978,90.983332,1.984635,133.195560,4.581914,6.258112,261.594388,42.434663,26.292975,20.934588,0.475510,3.655424,-0.590754,0.165367,0.027346,0.613462,-0.146830,-0.910710,0.763880,0.703236,0.156387,0.126534,94.084043,-6.479086,147.102140,4.532023,6.660770,83.008964,7.323026,6.995205,7.744983,0.382176,3.532097,-0.216035,0.331103,0.109629,0.395348,0.475880,-0.725880,1.201760,0.097756,-0.719280,0.265944,39.075087,-0.652672,78.643633,2.214322,4.636132,125.545321,6.485263,4.038758,3.041667,0.187480,2.661768,0.946148,0.037066,0.001374,0.946874,1.044551,0.878377,0.166174,0.530914,-0.330260,0.030065,224.142462,-119.375253,235.581140,8.488880,7.872966,17.249940,5.566369,5.631013,5.311367,0.651875,4.261378,5.000000
-2.157987,0.876017,0.767406,2.329016,-0.860650,-6.028000,5.167350,-1.263975,2.477604,0.674035,1356.078809,2.180376,537.370410,5.026811,5.571959,589.742872,183.753647,51.471156,32.990155,0.425128,4.000981,-9.820168,1.142048,1.304275,9.886353,-7.517600,-12.983000,5.465400,-0.470849,-0.464438,0.954002,24434.991612,2.720778,2444.904950,5.936650,5.051689,746.631475,303.190923,128.878845,65.048644,0.447811,4.105930,-0.237218,0.666136,0.443738,0.707114,1.530400,-1.959500,3.489900,0.114389,-0.170226,0.535629,125.002502,2.818856,140.285067,5.396314,5.461764,395.023178,141.008036,58.985491,29.250261,0.463693,4.047230,10.109764,1.207044,1.456956,10.181566,13.912077,7.914185,5.997893,0.512148,-0.217630,1.008799,25916.072923,2.552864,2517.014909,5.610266,5.083072,837.823155,297.850204,123.364773,65.544440,0.439336,4.104137,3.738629,17.326191,300.196904,17.724961,50.211000,-38.733000,88.944000,-0.413983,0.289809,12.916279,78543.562067,0.468619,3426.251420,4.362940,5.195130,12503.937344,2346.670334,957.880491,650.540682,0.398405,3.906544,15.752853,58.228104,3390.512111,60.321344,136.990000,-121.050000,258.040000,-0.369683,-0.414812,47.080983,909666.123229,0.210395,12537.695551,3.145944,4.282878,33526.995913,3863.428541,1204.705929,933.820388,0.248384,3.413020,0.172822,63.840603,4075.622576,63.840837,110.360000,-136.980000,247.340000,-0.364687,-0.729147,53.037377,1018913.110828,0.220060,13177.785570,4.562959,5.640781,40217.671662,5735.269161,3213.264074,2500.751075,0.433180,3.799356,80.310434,39.733177,1578.725359,89.601848,186.873878,6.444204,180.429673,0.267711,-0.705226,33.063409,2007122.796124,0.279876,19986.607875,4.201406,4.700797,28653.410034,5348.820758,1635.774584,1197.201446,0.341021,3.826546,0.418981,0.195209,0.038107,0.462225,0.747410,-0.140790,0.888200,-0.979877,0.503291,0.155057,53.412998,-4.559376,106.791878,3.957468,5.893901,110.692251,10.768491,7.964992,6.212249,0.374095,3.563706,-0.751722,0.078943,0.006232,0.755856,-0.557540,-0.920630,0.363090,0.115358,-0.645187,0.064926,142.829469,-32.141343,187.246950,6.126130,7.199549,47.595942,8.205556,6.528785,8.193945,0.505459,4.021957,-0.130053,0.209829,0.044028,0.246864,0.133770,-0.688600,0.822370,-1.406754,1.071411,0.149975,15.235484,-7.708181,40.138153,5.203320,6.475289,125.165529,23.490953,15.620778,12.206899,0.543816,3.989380,0.919548,0.018530,0.000343,0.919735,0.973612,0.878377,0.095235,0.013144,-0.212360,0.014854,211.477951,-275.378842,228.957971,10.758623,7.573231,8.452623,5.039911,4.856473,5.903547,0.765113,4.564800,5.000000
-1.947206,0.640147,0.409788,2.049731,0.092734,-3.361100,3.453834,0.212480,0.397154,0.493439,1050.349448,2.693473,484.300269,3.893068,4.473580,418.881064,83.022995,36.443649,15.602928,0.308484,3.764859,-9.803736,0.922943,0.851824,9.847084,-8.097000,-12.715000,4.618000,-0.598757,-0.316177,0.759608,24241.265939,2.691370,2439.719000,6.118785,5.115367,611.066137,272.554237,126.896409,58.539993,0.468403,4.186415,-0.064929,0.736520,0.542461,0.739376,1.369400,-2.030500,3.399900,-0.352389,-0.517815,0.601370,136.669244,3.059646,148.634155,4.212213,5.029874,451.893412,117.429752,47.117204,21.385960,0.359868,3.830860,10.040842,0.945846,0.894625,10.085293,12.878891,8.365079,4.513812,0.570755,-0.385486,0.788226,25428.284630,2.856938,2498.597132,5.910518,5.112382,640.386145,265.850779,127.201028,57.536670,0.463482,4.172938,3.714527,17.426331,303.677024,17.817821,50.211000,-38.733000,88.944000,-0.204058,-0.211483,13.600139,79368.683124,0.475112,3555.079070,4.056383,5.216469,11760.988166,2079.184433,734.115955,568.064236,0.365262,3.786465,12.100899,56.782767,3224.282609,58.057854,163.280000,-121.050000,284.330000,0.212589,0.219521,43.099234,842678.589921,0.188347,11201.571822,4.604750,6.046639,31298.457915,5400.288771,2962.258079,2281.703394,0.460419,3.779478,1.688477,44.972407,2022.517428,45.004093,84.945000,-114.020000,198.965000,-0.323820,-0.615855,37.723550,506342.095388,0.259130,9467.021460,2.426232,2.946946,27175.246466,1481.519901,429.554055,256.269585,0.127059,3.094439,66.890743,35.202074,1239.185993,75.588078,167.218424,3.918396,163.300028,0.873070,0.442344,27.884444,1428389.368432,0.294549,16633.695355,5.727725,6.361437,23305.483577,5444.861983,3068.625369,2417.227843,0.557253,4.109640,0.434194,0.131104,0.017188,0.453556,0.656310,0.055901,0.600409,-0.670462,-0.590758,0.108534,51.428248,-13.558874,108.192485,5.828673,6.784642,82.625110,17.578229,10.951382,9.720435,0.587119,4.111047,-0.797182,0.054456,0.002965,0.799040,-0.646830,-0.920630,0.273800,-0.055411,-0.754672,0.045646,159.616280,-55.442132,198.608090,7.545028,7.640957,27.766301,6.798327,5.587005,6.920451,0.589192,4.135311,0.025404,0.170949,0.029224,0.172826,0.673250,-0.179820,0.853070,1.747203,3.237838,0.122436,7.467237,-7.903460,29.513143,5.044773,6.482888,94.088416,17.686992,10.906154,7.908465,0.518626,3.892511,0.934613,0.023352,0.000545,0.934905,0.993602,0.880766,0.112836,0.115447,-0.360953,0.019008,218.511765,-210.002147,232.693715,9.975383,7.804262,10.175535,5.226895,4.189564,5.547608,0.672603,4.416485,5.000000
-1.990935,0.827201,0.684261,2.155942,0.092734,-4.687900,4.780634,-0.389895,0.408565,0.641264,1162.021241,2.526423,495.900299,4.455427,5.100819,495.626026,154.182589,51.066904,22.171992,0.375856,3.870136,-9.844382,1.106203,1.223685,9.906339,-6.951400,-13.894000,6.942600,-0.606136,1.316989,0.834138,24533.887451,2.093712,2451.317300,5.612935,4.574035,726.743286,306.448059,136.655695,46.028213,0.400992,4.085372,-0.018853,0.796473,0.634370,0.796696,1.444600,-2.030500,3.475100,-0.701042,-0.367608,0.649180,158.681301,3.058748,161.039348,4.009248,4.499248,519.607104,135.312251,46.338113,16.598899,0.322382,3.836163,10.104726,1.145806,1.312871,10.169482,14.063809,7.309872,6.753937,0.635599,0.921885,0.887716,25854.589992,2.216868,2516.148194,5.440480,4.564997,762.649396,306.595832,136.967941,46.121415,0.388814,4.079248,6.234279,18.114749,328.144142,19.157515,40.084000,-52.305000,92.389000,-0.265039,-0.515794,15.109986,91752.595361,0.456983,3875.798239,4.222304,5.195952,11512.022314,2410.688105,937.740857,427.649221,0.369392,3.790992,24.710712,66.324161,4398.894387,70.777918,163.280000,-110.660000,273.940000,0.193127,-0.765808,54.129173,1252378.424011,0.201836,14181.979560,2.576544,4.262267,31835.749125,3361.462522,912.103781,827.934925,0.223311,3.132976,3.245416,50.557544,2556.065302,50.661603,111.140000,-110.130000,221.270000,-0.152742,-0.727519,42.077755,641649.506342,0.239211,10551.519690,3.076488,4.301518,31459.367379,2180.662388,1092.130167,835.182180,0.250641,3.413417,79.804577,39.678099,1574.351514,89.124195,167.218424,3.918396,163.300028,0.475894,-0.797496,33.476874,1985780.525714,0.302946,19879.602677,2.789916,3.520774,24963.940549,3826.499903,766.354555,311.075915,0.180346,3.453226,-0.095346,0.545588,0.297666,0.553856,0.614910,-0.807450,1.422360,-0.033836,-1.796019,0.524483,76.689182,-0.208166,130.061058,4.697385,6.378420,223.566348,36.316418,22.870079,19.154927,0.489097,3.658073,-0.715580,0.123775,0.015320,0.726205,-0.371030,-0.914680,0.543650,0.952679,0.322755,0.096740,131.843565,-15.454320,178.312535,5.613886,6.960686,66.655206,12.295883,7.454667,7.553422,0.515517,3.918255,0.250009,0.262694,0.069008,0.362647,0.717110,-0.179820,0.896930,0.123594,-1.211771,0.230799,32.878190,-1.462880,72.264284,3.885041,5.862304,120.682076,14.569440,9.371811,7.313068,0.394358,3.469074,0.981911,0.038647,0.001494,0.982672,1.081095,0.914160,0.166935,0.329446,-0.766017,0.033064,241.410936,-114.578217,244.485926,8.496700,7.950248,17.597204,5.496921,4.343163,5.358691,0.642961,4.242962,5.000000
-1.966187,0.861090,0.741475,2.146478,-0.191660,-4.687900,4.496240,-0.551855,-0.079880,0.710778,1151.841662,2.693571,489.707470,4.878667,5.304347,520.391045,153.545355,56.610406,30.407632,0.408121,3.930888,-9.882980,1.368654,1.873214,9.977300,-6.951400,-14.184000,7.232600,-0.715705,0.756396,1.040776,24886.628945,2.285407,2460.814500,5.651690,4.343894,796.498228,476.610969,157.712850,33.937375,0.365895,4.035511,0.002862,0.852675,0.727054,0.852680,2.538900,-1.856500,4.395400,-0.058955,0.333544,0.662551,181.765599,2.627714,164.906206,4.687752,5.011623,524.894896,173.295654,54.871600,24.651792,0.378412,3.906575,10.148726,1.372703,1.884314,10.241140,14.488005,7.309872,7.178133,0.705492,0.539282,1.066287,26220.236206,2.342826,2526.994650,5.583007,4.436502,802.895911,462.824710,157.007870,34.663582,0.363767,4.026066,-0.568107,23.189470,537.751499,23.196427,40.084000,-62.453000,102.537000,-0.669152,0.013630,17.750724,134518.561181,0.430903,4409.033819,3.847073,4.660101,15181.047944,2716.746278,931.039656,546.989571,0.310395,3.705810,1.286067,65.789455,4328.252408,65.802024,162.320000,-130.300000,292.620000,0.334213,-0.570133,54.168207,1082476.594186,0.188321,13405.273550,4.467191,5.774522,34178.973046,5537.141491,2714.031547,2146.365882,0.434080,3.715354,3.957816,54.882756,3012.116887,55.025278,111.140000,-110.130000,221.270000,-0.171060,-0.935264,45.485277,756945.297778,0.240037,11483.285790,2.386205,3.009050,29583.981352,1971.161495,429.054900,284.087857,0.122714,3.033366,80.496837,37.630055,1416.021053,88.858099,165.557024,6.050319,159.506704,0.126956,-0.817433,31.484089,1973940.453145,0.310646,20035.525966,5.493304,6.066380,25011.095704,6618.152804,3087.873890,2210.015773,0.542928,4.104279,-0.477425,0.232913,0.054248,0.531209,0.076605,-0.807450,0.884055,0.560829,-0.785307,0.194054,70.545654,-3.123580,119.917218,3.101278,5.519301,91.691626,5.860272,4.329351,3.721983,0.265959,3.039053,-0.638111,0.101454,0.010293,0.646126,-0.371030,-0.797620,0.426590,0.873801,-0.206094,0.081250,104.369781,-25.732498,158.785795,5.818081,7.250937,52.357319,7.786637,6.764352,6.112238,0.466789,3.820222,0.535202,0.201791,0.040720,0.571980,0.842110,0.103070,0.739040,-0.498046,-0.671532,0.169580,81.790198,-5.583540,133.127215,2.426443,4.936827,81.906155,2.687864,2.055626,2.632631,0.182584,2.735659,1.012834,0.031455,0.000989,1.013323,1.108308,0.936030,0.172277,0.169030,-0.201405,0.025195,256.705633,-119.316459,252.202287,8.271756,7.914142,18.840155,5.234279,4.657874,4.541867,0.664042,4.339905,5.000000
-1.794516,0.710190,0.504369,1.929937,-0.191660,-3.840400,3.648740,-0.261237,-0.614736,0.606005,931.164505,2.793053,447.708395,4.993392,5.401228,401.186505,108.749842,53.895351,22.306782,0.410552,3.903659,-9.928776,1.377814,1.898371,10.023919,-7.206600,-14.184000,6.977400,-0.885484,0.568898,1.085777,25119.738896,2.349006,2471.540600,6.394759,4.825170,717.021739,499.222513,199.188531,57.021646,0.457359,4.130298,0.071399,0.798733,0.637975,0.801918,2.538900,-1.783800,4.322700,0.249545,0.579433,0.621424,160.768165,2.621032,154.491255,4.870336,4.951729,432.410605,164.764800,65.159910,18.448688,0.362864,3.867968,10.148673,1.360557,1.851116,10.239467,14.488005,7.754958,6.733047,0.915959,0.575097,1.079726,26211.671567,2.404611,2526.449229,6.312140,4.869782,723.732992,485.519057,198.788362,56.784728,0.463650,4.141783,-3.200374,22.537648,507.945558,22.763742,35.216000,-62.453000,97.669000,-0.741354,-0.202368,18.054226,129546.988456,0.448665,4369.640900,4.459996,5.053829,13672.437418,2929.569821,972.280370,728.226625,0.373200,3.773509,-12.551339,49.478242,2448.096393,51.045397,77.712000,-130.300000,208.012000,-0.281214,-0.576985,40.089109,651408.126201,0.251703,10122.728542,3.967558,4.980710,25122.392595,3001.661299,1403.141528,1077.925409,0.331198,3.506468,1.334198,50.793438,2579.973374,50.810958,90.025000,-100.040000,190.065000,-0.118556,-0.970242,42.789778,645438.364384,0.274810,10678.819890,2.784390,3.733585,25211.107968,1782.207212,633.621284,448.080367,0.184050,3.076928,67.255157,34.384848,1182.317787,75.535249,159.828425,6.050319,153.778105,0.301009,-0.721253,29.049796,1426393.479040,0.314430,16755.874955,3.884029,4.273162,21125.162480,4065.484505,1169.247117,635.013417,0.276410,3.616601,-0.155139,0.231799,0.053731,0.278924,0.140790,-0.691510,0.832300,-0.719038,-0.914477,0.200880,19.449639,-5.973077,48.041403,5.063613,6.508889,113.187034,20.968260,13.606852,10.489662,0.517728,3.843320,-0.646754,0.069952,0.004893,0.650526,-0.396830,-0.797620,0.400790,0.890223,1.185997,0.052382,105.796099,-32.770005,161.175660,7.042165,7.449419,43.744499,9.720139,7.126973,8.627381,0.618530,4.228845,0.634781,0.102506,0.010508,0.643004,0.842110,0.405700,0.436410,-0.215040,-0.142436,0.078119,103.363532,-23.506241,158.021935,3.254844,5.732167,52.925169,2.680188,1.777182,2.967713,0.253552,3.202099,0.953767,0.069031,0.004765,0.956262,1.108308,0.835724,0.272584,0.021507,-1.157909,0.059611,228.609271,-51.345780,237.458400,6.833334,7.810816,27.604563,6.048974,4.390278,4.991913,0.552699,3.912947,5.000000
-1.832044,0.751186,0.564281,1.980067,-0.430180,-3.887900,3.457720,-0.282647,-0.579423,0.634578,980.166636,3.066613,456.792890,4.871127,5.306805,397.666300,115.701579,56.350192,19.432279,0.403559,3.851592,-9.938678,1.351524,1.826616,10.030151,-7.184200,-13.814000,6.629800,-0.643982,-0.048468,1.101959,25150.984132,2.492971,2474.210000,6.111763,4.500445,776.470360,517.787218,193.783518,45.274251,0.422113,4.133078,0.116289,0.757493,0.573795,0.766367,1.862100,-2.203600,4.065700,-0.304917,0.280070,0.599199,146.829542,2.707869,152.348112,4.478944,4.534679,471.186608,169.086948,56.921305,17.438727,0.341192,3.913341,10.163980,1.343662,1.805427,10.252411,14.203167,7.626464,6.576704,0.682048,-0.073707,1.101885,26277.980310,2.476184,2530.463965,6.006229,4.551631,794.701637,504.287879,195.333104,44.507719,0.424792,4.148109,-0.407986,17.579400,309.035288,17.584133,41.684000,-57.439000,99.123000,-0.767294,0.609151,13.512739,77300.435212,0.424403,3348.980250,4.435760,4.883976,12407.899794,2566.899608,1041.233364,602.197361,0.378339,3.901036,-0.759223,55.403596,3069.558430,55.408798,110.510000,-133.270000,243.780000,-0.447816,-0.447415,44.469117,767533.712299,0.219597,11067.847152,3.135935,4.043538,25129.280449,3402.207277,1108.043507,543.204198,0.227234,3.235925,1.280304,56.483427,3190.377498,56.497935,125.120000,-103.270000,228.390000,-0.041790,-0.872260,48.192505,798004.169116,0.233662,12038.858820,3.080598,4.268519,28528.002419,1885.061393,949.476588,742.303841,0.231019,3.190585,71.975300,37.294899,1390.909482,81.063884,174.099416,9.931377,164.168039,0.452760,-0.420270,31.121523,1642838.316626,0.300102,17963.540660,3.793497,4.461986,23669.839220,3333.082209,1413.653355,709.257464,0.283488,3.603083,0.022791,0.083442,0.006963,0.086499,0.213250,-0.157350,0.370600,0.004645,-0.262680,0.064796,1.870510,-30.989328,16.715253,4.385260,6.356314,45.560495,3.697799,3.687430,3.464121,0.354469,3.585312,-0.671746,0.045323,0.002054,0.673273,-0.565480,-0.787700,0.222220,0.286037,-0.348759,0.036682,113.324280,-77.946750,167.214325,9.082329,7.814858,22.182881,7.374559,7.338409,8.761766,0.736230,4.407562,0.603053,0.045358,0.002057,0.604756,0.703950,0.510960,0.192990,0.286018,-0.739221,0.037561,91.432464,-92.229968,150.082240,4.864653,6.688035,25.802926,2.802988,2.213838,2.737572,0.407156,3.717745,0.908267,0.039490,0.001559,0.909125,1.028402,0.835724,0.192679,0.577439,0.136378,0.031871,206.627253,-98.269661,226.065997,8.478088,8.019440,17.716976,4.481863,4.997823,5.747996,0.638866,4.196114,5.000000
-1.953305,0.708918,0.502565,2.077971,-0.430180,-3.887900,3.457720,-0.174678,-0.256201,0.570830,1079.491364,2.988524,486.994110,4.994658,5.277737,414.754431,130.346422,57.526458,22.024189,0.423013,3.971108,-9.896031,1.362287,1.855826,9.989357,-7.184200,-13.436000,6.251800,-0.461862,-0.424842,1.110588,24946.814795,2.652210,2463.066300,5.983103,4.592277,788.024568,438.958747,154.135345,52.791648,0.421098,4.073731,-0.145022,0.951488,0.905330,0.962477,1.862100,-2.323500,4.185600,-0.303269,-0.464611,0.760349,231.590311,3.083825,187.733606,4.284354,4.735651,577.974271,152.513508,60.820007,28.037421,0.326970,3.785349,10.160916,1.336929,1.787380,10.248492,13.784355,7.608905,6.175449,0.452429,-0.474256,1.094207,26257.896470,2.696023,2529.171170,5.913539,4.610016,785.488690,429.306842,155.698897,50.678456,0.420585,4.084898,-3.025887,21.192091,449.104725,21.407025,53.459000,-57.439000,110.898000,-0.042998,0.371824,16.037953,114565.180045,0.397899,3994.061472,4.014914,4.635923,13669.409990,3004.414921,910.535752,466.478600,0.329966,3.764788,-5.810438,60.125669,3615.096046,60.405772,110.510000,-133.270000,243.780000,-0.213732,-0.826889,50.557232,912214.308430,0.222405,12567.938870,3.544241,4.694237,29331.107807,4458.228632,1431.181370,976.785524,0.305320,3.444392,-0.596661,53.790859,2893.456466,53.794168,125.120000,-103.270000,228.390000,0.006124,-0.763008,46.111516,723453.117592,0.231124,11474.609170,3.750304,5.054952,28152.994338,3147.836105,1446.517380,1237.119706,0.328214,3.453044,76.262221,34.423887,1185.004024,83.671563,174.099416,9.931377,164.168039,0.467330,-0.181465,28.050851,1750232.606067,0.296811,19003.043302,3.374897,3.852867,23710.022758,3402.289684,1026.696894,457.517007,0.224588,3.601174,0.043611,0.113165,0.012806,0.121277,0.283640,-0.157350,0.440990,0.146322,-0.858433,0.093693,3.677036,-20.233629,24.944032,4.397750,6.182876,63.202974,7.826312,5.038915,5.330928,0.395267,3.701051,-0.750929,0.058698,0.003446,0.753220,-0.638890,-0.869050,0.230160,-0.036129,-1.297092,0.052515,141.834907,-68.110660,187.032805,8.334219,7.918631,26.937742,6.767856,6.423841,8.748034,0.643652,4.230494,0.520649,0.118638,0.014075,0.533995,0.703950,0.041667,0.662283,-1.589277,3.212243,0.086145,71.287622,-14.049731,129.800421,6.131655,6.811748,75.416894,19.369717,11.592950,9.315022,0.629121,4.210906,0.930282,0.042124,0.001774,0.931235,1.028402,0.786735,0.241668,-0.185960,0.238208,0.033292,216.799565,-73.672210,231.705685,8.160227,7.673071,21.596091,7.061228,5.601398,7.116627,0.649235,4.295992,5.000000
-1.975843,0.569487,0.324315,2.056276,-0.820510,-3.559500,2.738990,-0.087603,-0.404105,0.459937,1057.067639,2.904003,492.636720,5.019575,5.453823,354.561437,113.501964,48.178382,22.868946,0.436660,4.005101,-9.854342,1.264609,1.599236,9.935155,-5.864900,-13.790000,7.925100,-0.258508,0.592540,0.966405,24676.825111,2.067780,2452.941100,5.987432,4.743269,780.799909,434.718466,135.406078,68.743444,0.440434,4.126824,-0.268842,1.073876,1.153211,1.107017,2.481000,-2.556000,5.037000,0.012268,-0.451800,0.864720,306.371702,2.871933,220.714628,4.096672,4.653206,632.594067,170.043513,56.401942,28.352157,0.323635,3.759579,10.132499,1.222099,1.493527,10.205932,13.888149,6.348100,7.540049,0.201699,0.541237,0.930755,26040.264452,2.133481,2522.385482,5.989316,4.793993,765.506845,420.574266,139.126296,68.168984,0.449607,4.144331,-8.577706,22.576197,509.684671,24.150812,53.459000,-67.785000,121.244000,-0.032824,0.428247,17.136277,145815.426900,0.369142,4478.458803,3.990620,4.749694,14176.104582,3044.877868,797.323343,527.270129,0.325817,3.754181,-33.898860,52.594043,2766.133378,62.572087,107.640000,-148.630000,256.270000,0.352321,-0.130793,40.911425,978816.525977,0.206038,13213.799660,3.300299,4.723031,29865.937785,3913.265273,1279.997640,1009.955217,0.291898,3.476778,-0.648381,39.873862,1589.924891,39.879134,69.428000,-96.264000,165.692000,-0.221166,-0.883163,34.284710,397586.322261,0.302007,8511.654910,3.977084,5.289123,26848.482365,3187.543056,1527.875826,1404.743736,0.379703,3.743042,72.073296,29.905068,894.313120,78.031232,151.774656,11.661383,140.113273,0.178612,-0.432062,24.090189,1522218.275138,0.339106,17940.923143,3.675898,4.524288,19883.722848,3878.662354,1065.112266,608.151879,0.290528,3.687872,0.044787,0.153372,0.023523,0.159778,0.331260,-0.341610,0.672870,-0.055621,-0.944764,0.128913,6.382232,-8.577319,34.205987,4.020593,6.053863,73.279990,8.776086,5.964115,4.579684,0.375755,3.508248,-0.737587,0.074252,0.005513,0.741315,-0.589290,-0.869050,0.279760,0.195501,-1.329633,0.066363,137.387068,-48.811888,183.733105,7.182324,7.845243,32.882108,6.509233,5.897529,7.284752,0.555905,3.992256,0.092886,0.382719,0.146474,0.393829,0.651320,-0.438600,1.089920,-0.012739,-1.667064,0.361185,38.775347,-1.467563,89.689674,4.904582,6.468455,172.525500,30.342327,19.280562,14.945221,0.514939,3.780688,0.848829,0.098324,0.009668,0.854505,1.019603,0.689745,0.329857,0.109690,-1.586343,0.092338,182.544647,-39.754171,211.317526,6.502309,7.634450,37.319015,6.573496,5.611806,6.666319,0.523619,3.820856,5.000000
-1.831417,0.604775,0.365753,1.928689,-0.064297,-3.152000,3.087703,0.383595,-0.219287,0.490174,929.960618,2.873009,455.825441,4.757190,5.642564,357.356111,79.874337,46.766017,22.641357,0.421567,3.866049,-9.835579,1.107809,1.227241,9.897770,-5.864900,-13.790000,7.925100,-0.292541,1.641308,0.815906,24491.462846,1.809228,2448.919550,6.124895,4.565550,629.832994,397.543568,124.126742,49.127670,0.430521,4.104992,-0.100876,0.989207,0.978530,0.994337,2.481000,-2.668200,5.149200,-0.363360,0.182701,0.766918,247.176502,2.637087,190.005247,4.736389,5.536243,577.668238,154.963416,61.652010,36.798983,0.425410,3.885271,10.074395,1.086721,1.180963,10.132838,13.888149,6.348100,7.540049,0.352928,1.572977,0.804753,25668.599966,1.922179,2508.348288,6.104417,4.567363,626.642790,387.277129,126.387464,48.853373,0.430178,4.107764,-0.287634,21.443753,459.834552,21.445682,45.710000,-67.785000,113.495000,-0.631354,0.871747,15.484318,114979.321388,0.380767,3851.438633,3.055851,4.180688,12521.066230,2334.202142,550.889921,264.568904,0.243401,3.484922,3.021769,75.928230,5765.096095,75.988336,175.730000,-148.630000,324.360000,0.426663,-0.553138,62.805914,1443556.796162,0.173944,15520.201110,3.307614,5.288867,35824.461072,3802.756230,1856.596174,1604.628584,0.328368,3.337850,-2.759632,35.411158,1253.950113,35.518526,75.658000,-68.017000,143.675000,0.245395,-0.802178,29.595890,315391.420414,0.340983,7401.089651,3.394693,4.840772,22311.662313,2048.625538,983.021553,822.059830,0.307946,3.534109,76.811458,39.946340,1595.710076,86.577769,187.680971,11.051178,176.629793,0.686367,-0.060703,31.466603,1873927.537965,0.281698,19136.034399,2.410027,3.591444,22073.220030,2656.377705,479.870885,278.642474,0.163384,3.195043,-0.040091,0.251273,0.063138,0.254452,0.416150,-0.488610,0.904760,0.105815,-1.081831,0.216892,16.186392,-2.098137,55.637674,2.874694,5.400844,94.615838,5.176031,3.657960,4.242505,0.239504,2.883709,-0.676587,0.058970,0.003477,0.679152,-0.559520,-0.841270,0.281750,-0.319244,-0.443192,0.047889,115.311830,-52.683276,168.417565,7.708855,8.137404,25.803287,5.441625,5.823691,6.403705,0.564343,4.020990,-0.291088,0.191135,0.036533,0.348231,0.293860,-0.513160,0.807020,1.137076,0.785778,0.156079,30.316149,-8.116156,79.400201,3.480826,5.837878,81.132565,8.125355,4.797421,4.173584,0.332151,3.225907,0.802845,0.051943,0.002698,0.804523,0.906535,0.689745,0.216789,-0.162451,-0.952278,0.045147,161.814371,-77.192683,199.891131,8.061090,8.026386,23.426597,5.422635,6.120034,6.323421,0.620071,4.165544,5.000000
-1.848282,0.766683,0.587802,2.000987,-0.064297,-4.060000,3.995703,-0.381808,0.231475,0.613846,1000.987654,2.649329,460.281271,4.240584,5.125349,455.604825,103.209215,40.826560,22.872261,0.360787,3.754160,-9.845644,1.021934,1.044350,9.898538,-7.799600,-13.035000,5.235400,-0.844876,0.548485,0.796690,24495.263939,2.613620,2451.221850,5.964233,5.082692,708.780938,264.705792,114.404496,56.729125,0.474049,4.145013,0.015157,0.922485,0.850979,0.922610,2.684600,-2.668200,5.352800,-0.347165,0.165559,0.715244,212.802168,2.449086,178.807283,3.729675,4.397004,611.617927,95.783779,50.986804,17.396584,0.301029,3.734835,10.086326,1.049877,1.102242,10.140819,13.455091,8.090537,5.364554,0.859330,0.426927,0.826567,25709.053761,2.529515,2511.218902,5.826578,5.137435,746.121157,259.903959,115.502338,58.847751,0.479685,4.152896,4.580015,23.407103,547.892482,23.850975,45.710000,-77.362000,123.072000,-1.317344,2.480569,16.502805,142217.253908,0.354945,4363.242850,3.031906,4.275472,13420.043804,1984.889394,581.815327,293.243247,0.244160,3.428498,32.237643,65.508855,4291.410108,73.011477,175.730000,-141.360000,317.090000,-0.183405,-0.032236,50.178114,1332668.932233,0.173341,14888.831660,3.049902,4.892241,30931.862544,3127.225683,1458.164228,1003.733747,0.285077,3.269336,-1.450025,48.182965,2321.598075,48.204778,90.980000,-98.645000,189.625000,0.036019,-0.843708,40.107780,580925.161823,0.273648,10013.566941,3.063180,4.416539,28254.204214,1911.342684,1069.588801,690.397135,0.252079,3.331492,82.029925,38.656652,1494.336740,90.682112,187.680971,11.051178,176.629793,0.624861,-0.259560,31.591393,2055811.347965,0.281921,20453.484802,3.921443,5.314354,22777.366012,3538.140359,1580.509087,1194.883416,0.370281,3.657425,-0.036075,0.246529,0.060777,0.249155,0.416150,-0.488610,0.904760,0.125564,-0.812825,0.198714,15.519513,-2.223784,50.637692,4.432951,6.152836,132.723477,19.198544,11.403962,10.114971,0.454828,3.729118,-0.703055,0.060908,0.003710,0.705689,-0.559520,-0.841270,0.281750,0.473996,-0.425076,0.050366,124.499205,-53.080060,175.110100,7.884530,7.840511,27.937956,8.336258,6.694352,7.492094,0.621434,4.180535,0.066026,0.421870,0.177975,0.427006,0.567980,-0.513160,1.081140,-0.231422,-1.720478,0.397910,45.583531,-3.376190,101.563572,3.819163,6.129593,136.334197,16.228862,10.589872,8.243235,0.389037,3.139686,0.860993,0.033165,0.001100,0.861632,0.940155,0.762950,0.177205,-0.276520,-0.255263,0.027136,185.602249,-113.144287,214.452385,9.623125,8.027305,13.984430,5.837606,5.738859,6.161959,0.681391,4.354226,5.000000
-1.973084,0.769910,0.592761,2.117976,-0.407290,-4.060000,3.652710,-0.565659,0.046905,0.621545,1121.455781,2.848447,491.454860,4.381823,5.063614,474.125889,120.663393,48.957710,21.870794,0.372719,3.816570,-9.847856,1.092014,1.192495,9.908217,-7.787700,-13.738000,5.950300,-0.697308,0.204554,0.881795,24543.188648,2.449493,2450.921400,6.162660,5.346342,721.887248,222.593057,165.018072,58.536275,0.517034,4.163825,-0.113246,0.971219,0.943266,0.977799,2.684600,-2.280200,4.964800,-0.072836,-0.363131,0.777775,239.022699,2.717174,192.975912,4.260640,5.171586,615.507422,91.206573,72.436619,27.876309,0.364611,3.793139,10.118823,1.106386,1.224089,10.179129,13.793571,8.004715,5.788856,0.590802,-0.141133,0.905743,25903.667128,2.514887,2518.438304,5.951306,5.288788,732.958337,214.859610,162.262139,55.181552,0.491743,4.128114,-3.238932,20.761905,431.056699,21.013029,38.596000,-77.362000,115.958000,-1.272297,2.676669,14.950830,110386.844636,0.368050,3635.656358,3.076465,3.897573,13273.960929,1734.130806,744.389910,262.177801,0.227066,3.533016,-13.297948,55.985077,3134.328853,57.542717,83.722000,-142.410000,226.132000,-0.179993,-0.845325,48.442516,827791.065799,0.233432,12252.262300,2.499246,3.748144,32867.597212,3515.687879,807.626640,506.768888,0.194327,3.302024,5.995582,47.284392,2235.813688,47.662991,90.980000,-98.645000,189.625000,-0.384786,-0.604831,38.453728,567940.172831,0.272484,9735.693575,2.291944,3.087436,28113.185584,1288.179088,400.335431,314.562426,0.128290,3.068823,71.118630,31.090397,966.612794,77.617474,154.138219,7.798146,146.340073,0.475793,-0.118436,25.086280,1506118.083266,0.327430,17731.189526,3.363473,3.898244,21705.775689,3230.955305,927.105244,418.415579,0.232141,3.612314,0.125275,0.168893,0.028525,0.210283,0.414080,-0.246380,0.660460,-0.147142,-0.880343,0.143478,11.054687,-7.420140,42.910937,4.116473,6.166299,86.619204,9.616848,6.047954,6.129203,0.388155,3.531538,-0.714643,0.036598,0.001339,0.715579,-0.628970,-0.801590,0.172620,0.142435,-0.617845,0.029802,128.013392,-113.002294,177.927535,9.603475,8.094351,17.407250,6.925888,6.252481,8.032631,0.667211,4.371047,0.193053,0.274104,0.075133,0.335264,0.567980,-0.254390,0.822370,-0.027912,-1.648507,0.255038,28.100516,-4.981714,68.461623,4.498574,6.339372,105.664261,16.307229,10.335012,8.112735,0.460090,3.532100,0.815036,0.066262,0.004391,0.817725,0.940155,0.704396,0.235758,0.170450,-1.560424,0.061981,167.168595,-72.866459,202.919906,7.685232,7.932857,24.150460,6.286467,5.480946,6.356654,0.595666,4.012731,5.000000
-2.198336,0.724059,0.524261,2.314507,-0.654190,-4.201500,3.547310,-0.288736,-0.299095,0.578507,1339.235474,2.976291,547.462340,4.062711,4.867618,446.264305,111.078353,45.394323,15.497752,0.326200,3.787676,-9.788422,1.079625,1.165590,9.847782,-7.787700,-13.738000,5.950300,-0.806920,0.632360,0.853943,24244.700782,2.375255,2436.466350,6.087153,4.962476,725.920568,300.910756,171.456005,48.094367,0.477051,4.178360,-0.570956,1.084836,1.176870,1.225912,1.512300,-3.348100,4.860400,-0.598704,-0.488178,0.888310,375.715232,2.799926,226.830081,4.302694,5.271005,664.657056,126.064464,70.278121,31.889277,0.397881,3.826106,10.134077,1.067279,1.139085,10.190123,13.793571,8.004715,5.788856,0.680028,0.620428,0.830363,25959.651487,2.473562,2522.596231,6.061346,4.964104,728.452027,306.101864,172.432002,47.920147,0.479377,4.196568,-9.087120,17.829511,317.891454,20.011677,22.097000,-67.438000,89.535000,-1.137625,1.408702,13.468836,100116.802041,0.461917,3533.971737,3.379764,4.216336,11841.104382,1711.527718,815.398909,293.498289,0.263374,3.638725,-45.343015,58.159389,3382.514510,73.746210,61.465000,-172.360000,233.825000,0.019319,-0.711103,48.259336,1359625.884414,0.229041,15347.466950,3.432373,5.051830,33573.164398,4075.576436,1913.597722,1346.274033,0.327329,3.516677,3.786615,36.501002,1332.323170,36.696888,78.216000,-81.097000,159.313000,-0.300316,-0.530469,29.695733,336665.405404,0.311118,7488.232775,3.029564,4.223451,24255.544672,1610.350752,764.706437,575.045344,0.235842,3.411454,75.535186,38.471652,1480.067991,84.768109,179.534195,7.798146,171.736050,0.558845,-0.313356,31.844764,1796408.091858,0.289444,18821.140535,4.141370,5.434192,25676.956458,3084.627115,1947.484754,1351.423321,0.381779,3.756223,0.014641,0.352478,0.124241,0.352782,0.403730,-0.660460,1.064190,-0.824277,-0.888683,0.300233,31.113858,-2.475407,75.974100,4.628666,6.311259,176.768039,29.330982,17.636569,14.334283,0.483155,3.750129,-0.634952,0.089454,0.008002,0.641223,-0.406750,-0.779760,0.373010,0.596156,-0.659984,0.076454,102.791613,-30.850954,158.155720,6.724158,7.514017,39.706720,8.661581,6.686079,7.770662,0.575017,3.999694,-0.184631,0.166353,0.027673,0.248520,0.179820,-0.519740,0.699560,0.007757,-0.469714,0.135681,15.440518,-7.110652,51.449532,2.836311,5.297840,67.955062,4.093646,3.223559,2.769439,0.241355,2.964164,0.772341,0.029558,0.000874,0.772906,0.860106,0.704396,0.155710,0.472912,0.009290,0.023599,149.345989,-137.743008,192.292245,9.647625,7.773017,13.069971,6.653042,5.355364,6.726540,0.729611,4.429625,5.000000
-2.273531,0.757533,0.573857,2.396414,-0.704480,-4.376800,3.672320,-0.458240,-0.305747,0.617952,1435.700091,2.965118,566.851030,3.836034,4.694474,468.357406,119.215594,37.621561,15.663064,0.294909,3.725336,-9.764502,1.109263,1.230465,9.827307,-7.785300,-13.064000,5.278700,-0.755038,0.079475,0.902480,24143.992989,2.716110,2429.850600,5.947185,4.503437,710.820968,324.878217,171.983986,40.850072,0.393559,4.114771,-0.514674,1.027351,1.055449,1.149060,1.346700,-3.348100,4.694800,-0.763210,0.048524,0.799186,330.084513,2.746849,209.155334,3.783748,4.674539,573.904540,106.014515,59.549661,18.205319,0.299911,3.612571,10.119692,1.109483,1.230953,10.180330,13.660966,8.138093,5.522873,0.685578,0.184409,0.883271,25909.777593,2.634203,2518.536248,5.863112,4.524179,726.693253,333.470034,173.525417,40.710583,0.398632,4.133749,-7.172450,20.326364,413.161091,21.554701,32.104000,-67.438000,99.542000,-0.708833,0.454281,15.866934,116151.283737,0.435444,4052.136383,3.532885,4.700499,12920.795349,1620.342525,757.175888,387.074392,0.292211,3.590980,-23.839505,68.951544,4754.315379,72.956408,92.296000,-172.360000,264.656000,-0.217683,-1.045435,60.044567,1330659.349661,0.207885,15261.772890,2.216302,3.561428,36171.821487,3629.780883,763.659465,503.185849,0.161984,3.095738,0.549624,39.352633,1548.629725,39.356471,79.627000,-86.513000,166.140000,-0.082585,-0.607902,32.162647,387232.952977,0.301110,7999.694680,4.298727,5.504688,26504.878068,3114.294472,1906.611098,1436.175495,0.411621,3.799739,77.028315,37.454146,1402.813025,85.651470,179.534195,12.777165,166.757031,0.451953,-0.328510,31.247749,1834043.586375,0.295976,19199.108838,3.027934,4.013854,24998.499152,3266.081075,843.271194,488.463857,0.223652,3.521180,-0.392017,0.343845,0.118229,0.521447,0.397520,-0.701860,1.099380,1.261027,-0.001794,0.281508,67.976654,-4.625748,122.504174,4.100846,6.106279,150.495588,19.959196,12.764711,10.604465,0.419138,3.482189,-0.550389,0.069906,0.004887,0.554810,-0.400790,-0.742060,0.341270,-0.092083,-0.345542,0.056275,76.953655,-37.164062,136.975175,6.987930,7.577812,39.418495,9.458478,6.116385,8.078141,0.592955,4.153364,-0.122272,0.218462,0.047726,0.250352,0.269740,-0.519740,0.789480,-0.005640,-1.111326,0.190790,15.669021,-4.827032,51.884820,2.958240,5.484658,81.988504,6.040256,3.317719,3.834206,0.269629,2.937310,0.800966,0.029157,0.000850,0.801497,0.877024,0.742488,0.134536,0.105989,-0.647593,0.024200,160.599330,-162.277857,199.458776,9.790688,7.836421,12.723400,6.152657,5.303368,6.195334,0.716927,4.415856,5.000000
-2.150060,0.730161,0.533135,2.270659,-0.167770,-4.376800,4.209030,-0.456532,0.238311,0.580773,1288.973194,2.521019,535.240460,4.443879,5.059554,413.219474,104.741318,45.304720,20.096103,0.361416,3.781920,-9.797062,1.121825,1.258491,9.861080,-7.148400,-12.902000,5.753600,-0.516952,-0.218914,0.920986,24310.226675,2.547854,2438.504350,6.155264,5.076343,723.526582,254.937624,147.009839,49.066577,0.468513,4.105070,-0.316905,0.755564,0.570877,0.819333,1.346700,-2.730600,4.077300,-0.628984,0.671069,0.577552,167.826616,2.623076,155.447390,4.557938,5.175198,511.949865,114.274949,57.027782,25.902980,0.381184,3.917831,10.089318,1.128616,1.273774,10.152246,13.047805,7.578604,5.469201,0.462194,-0.349132,0.934086,25767.026485,2.703122,2511.255240,5.977231,5.096325,755.997808,256.873809,145.514657,49.495700,0.464396,4.117275,6.199589,22.073583,487.243068,22.927668,86.124000,-29.124000,115.248000,1.302378,2.634255,16.141131,131419.491760,0.375689,4076.839826,2.813106,3.797670,14027.611690,1642.812252,652.292071,233.819499,0.204496,3.432886,33.469285,62.960277,3963.996470,71.303503,183.660000,-98.337000,281.997000,0.319086,0.009648,47.767408,1271047.377222,0.192783,13647.738900,3.649427,5.363773,31373.300373,3903.329091,1903.071461,1483.697285,0.354851,3.460508,-2.225964,41.424187,1715.963294,41.483951,86.080000,-86.513000,172.593000,0.232949,-0.735407,33.991829,430229.552733,0.293415,8511.048220,2.469704,3.401182,24004.271170,1221.300060,374.385809,322.870200,0.142732,3.130808,73.002913,44.736566,2001.360343,85.620008,213.744502,7.197676,206.546826,1.164733,0.878626,34.341119,1832696.421715,0.242139,18190.560175,3.819508,5.197754,28348.828423,4139.256881,1654.489921,1187.398910,0.356535,3.688492,-0.369880,0.317037,0.100512,0.487159,0.294000,-0.763980,1.057980,0.600169,-1.210089,0.288148,59.330891,-2.059598,104.303289,4.870004,6.380944,156.239681,28.114796,17.008054,13.474551,0.504116,3.805221,-0.560706,0.080116,0.006419,0.566401,-0.363100,-0.710320,0.347220,0.474300,-0.566132,0.066244,80.202509,-33.945427,139.619015,6.362340,7.361330,42.562250,7.477703,7.434854,7.203567,0.527495,3.970532,-0.109526,0.201853,0.040745,0.229653,0.269740,-0.396930,0.666670,0.187018,-1.288250,0.177793,13.185180,-8.396549,48.635933,3.713986,5.891697,80.700631,8.098725,5.959320,4.963300,0.363478,3.272184,0.779781,0.053071,0.002817,0.781584,0.877024,0.660803,0.216221,-0.414535,-0.931199,0.045465,152.718580,-75.792698,194.166146,7.955994,7.847858,21.795204,6.916013,5.879937,6.299894,0.595267,4.089988,5.000000
-2.128034,0.659769,0.435295,2.227965,-0.167770,-3.594300,3.426530,-0.030539,-0.232486,0.528302,1240.956505,2.846215,530.092410,4.082077,4.916211,423.841408,84.004580,39.615922,19.394289,0.349499,3.791493,-9.766698,1.078003,1.162090,9.826010,-7.148400,-12.838000,5.689600,-0.419953,-0.050401,0.859414,24137.618041,2.564797,2431.257850,6.158070,5.074452,660.665368,303.469519,126.830264,56.933428,0.467766,4.100439,-0.283042,0.728353,0.530498,0.781415,1.100900,-2.730600,3.831500,-0.850897,1.023429,0.559503,152.652543,2.622433,145.878574,4.390067,4.956174,470.017289,124.027051,51.760246,19.203862,0.361616,3.882685,10.046592,1.091285,1.190902,10.105687,13.005243,7.578604,5.426639,0.352220,-0.263553,0.884318,25531.227089,2.688381,2501.024255,5.875490,5.050986,697.400447,296.741223,123.010598,53.830852,0.467972,4.111478,6.444267,20.880232,435.984086,21.852063,86.124000,-31.608000,117.732000,1.547614,3.799763,14.235840,119378.165146,0.359550,3696.887120,2.834584,3.881740,12834.757987,1743.606757,622.399768,227.794838,0.212868,3.440303,31.442847,62.979985,3966.478460,70.392692,183.660000,-86.438000,270.098000,0.516692,-0.173571,48.760895,1238782.769363,0.201063,13274.802310,2.881060,4.695579,32999.943133,2897.882408,1273.371068,1009.413478,0.259922,3.267590,-1.219323,41.837019,1750.336120,41.854783,86.080000,-97.419000,183.499000,0.060149,-0.723810,34.973157,437955.717232,0.277773,8714.394270,4.132104,5.473112,26231.102592,3257.417783,1822.623966,1459.089077,0.398754,3.730093,71.759107,45.112051,2035.097150,84.761233,213.744502,7.197676,206.546826,1.209347,0.877500,34.991092,1796116.651740,0.241832,17867.454512,2.554121,3.602313,26601.790683,2827.161834,772.422527,327.709615,0.178996,3.298943,0.033855,0.298826,0.089297,0.300738,0.407870,-0.763980,1.171850,-1.280272,0.987308,0.217892,22.610842,-1.424833,57.170704,4.819969,6.381239,167.441849,29.382785,17.504241,13.517184,0.494748,3.846595,-0.645476,0.088897,0.007903,0.651569,-0.363100,-0.789680,0.426580,1.307142,1.654646,0.065589,106.135653,-28.229898,160.756025,6.251724,7.437738,48.609902,7.550287,8.153927,7.821380,0.519015,3.974282,-0.251702,0.098151,0.009634,0.270162,0.089912,-0.396930,0.486842,1.078297,1.169980,0.072388,18.246845,-22.729543,63.446290,4.022821,6.138109,45.028589,5.684874,3.572798,2.987856,0.369150,3.436782,0.765486,0.044780,0.002005,0.766794,0.855789,0.660803,0.194986,-0.211154,-0.550116,0.035939,146.993340,-90.368433,190.564242,8.821187,7.998692,18.200402,6.306416,6.369138,6.432148,0.673559,4.234124,5.000000
-2.157622,0.604163,0.365013,2.240613,-0.510570,-3.551600,3.041030,0.043835,-0.407153,0.494521,1255.086371,2.963659,537.239180,5.094419,5.803999,368.976650,84.567082,53.353489,26.170919,0.464412,3.952557,-9.741790,1.156340,1.337122,9.810178,-7.691000,-13.091000,5.400000,-0.582163,-0.141216,0.927659,24059.898546,2.760542,2425.369550,6.045342,5.202308,751.289969,298.907549,138.668615,57.372244,0.492476,4.138962,-0.369401,0.740883,0.548907,0.827867,1.100900,-2.681100,3.782000,-1.010088,1.223251,0.563763,171.341015,2.620313,147.321078,3.888911,4.570311,505.611501,99.182821,49.207429,13.368438,0.307778,3.786647,10.028249,1.174529,1.379518,10.096797,13.318269,7.976233,5.342036,0.543740,-0.219659,0.945692,25486.325932,2.778948,2496.738923,6.011277,5.278784,773.585683,302.373043,140.713399,59.709623,0.504385,4.153143,7.553979,17.440107,304.157316,19.005786,46.930000,-31.608000,78.538000,0.342319,-0.085408,13.324422,90304.978132,0.528646,3674.673770,3.105066,4.120452,11227.149633,1257.466225,592.213773,240.843472,0.237087,3.511790,39.451951,61.808742,3820.320529,73.326509,175.270000,-86.438000,261.708000,0.192465,-0.389284,49.376917,1344194.235293,0.207500,14423.826830,2.656298,4.380030,29619.804468,2161.338072,1056.091534,726.825123,0.224809,3.118235,3.249010,44.518083,1981.859733,44.636485,95.955000,-97.419000,193.374000,-0.101033,-0.699138,37.373935,498103.949670,0.266438,9327.841550,2.439145,3.529141,25221.676943,1084.017141,517.361720,398.423042,0.155706,3.089140,77.922393,40.724849,1658.513322,87.922765,182.058397,11.321815,170.736582,0.801262,0.017250,32.380671,1932603.163095,0.290485,19443.632168,2.876157,4.059634,24319.232043,2867.589155,879.786279,464.827999,0.220528,3.413578,-0.114170,0.469579,0.220505,0.483259,0.407870,-0.975160,1.383030,-0.684785,-1.144350,0.410187,58.384903,-0.021657,94.582748,4.703422,6.441816,204.073579,32.736658,20.611516,16.855657,0.487009,3.668242,-0.658294,0.100227,0.010046,0.665880,-0.333330,-0.793650,0.460320,1.521361,1.775146,0.072851,110.849110,-26.711291,164.006030,6.101630,7.364678,52.281622,9.253682,7.713781,7.543823,0.535886,3.960457,0.020544,0.278098,0.077338,0.278856,0.631580,-0.353070,0.984650,0.461213,-0.943799,0.242812,19.440104,-2.457472,60.703989,2.701611,5.110307,96.732147,6.450474,4.557506,3.878742,0.250158,2.798775,0.862841,0.101002,0.010202,0.868733,1.075592,0.738255,0.337336,0.692066,-1.114552,0.089812,188.674117,-40.549215,214.839861,6.399050,7.551490,42.250298,7.010394,6.620756,7.439594,0.545315,3.871777,5.000000
-2.315543,0.721673,0.520812,2.425397,-0.510570,-4.801500,4.290930,-0.184986,0.226992,0.567534,1470.637668,2.443795,576.250130,4.899686,5.257581,443.472122,154.756196,54.008338,23.478967,0.400464,3.967476,-9.786319,1.149728,1.321874,9.853624,-7.839600,-13.091000,5.251400,-0.628469,0.069920,0.912261,24273.477304,2.773437,2436.589550,5.662177,4.641733,727.676947,345.670611,132.350279,44.999797,0.409552,4.091002,-0.436061,0.793542,0.629709,0.905460,1.748000,-2.681100,4.429100,-0.532697,0.643315,0.608851,204.964574,2.559279,169.729249,3.960707,4.435562,518.557480,120.100348,50.350480,15.454678,0.302734,3.801423,10.119767,1.177555,1.386636,10.188048,13.389023,7.919332,5.469691,0.519763,-0.079730,0.936205,25949.079545,2.747363,2519.604679,5.611047,4.694366,750.728645,347.235091,135.587771,45.631722,0.403836,4.086269,5.422634,21.468760,460.907636,22.143003,46.930000,-55.420000,102.350000,-0.261560,0.098184,16.998194,122578.148648,0.429597,4393.960880,3.113960,4.046634,14620.352444,1795.990449,713.849485,342.802919,0.245104,3.575781,32.555959,66.244244,4388.299845,73.811858,175.270000,-111.730000,287.000000,0.217268,-0.493392,53.834773,1362047.583064,0.193204,14355.083170,3.287357,4.995237,35294.954880,3999.525022,1863.567770,1218.821244,0.313492,3.415535,0.273862,52.850245,2793.148437,52.850955,103.120000,-126.950000,230.070000,-0.168298,-0.756557,44.552108,698305.859386,0.230786,11118.422310,2.618848,3.510583,30829.844701,1960.627906,726.355094,441.093886,0.171633,3.179104,84.467979,39.961068,1596.886921,93.443707,182.058397,8.439383,173.619014,0.621762,-0.250481,32.193474,2182931.591098,0.287263,21069.771671,3.571983,4.607375,25680.785663,4499.769411,1191.526890,854.113833,0.295099,3.649120,-0.563511,0.351075,0.123254,0.663927,0.397520,-0.975160,1.372680,1.398574,0.911971,0.266010,110.199609,-1.173315,153.188393,4.476658,6.223108,184.423733,29.138853,16.971331,14.344154,0.463594,3.733124,-0.586182,0.110310,0.012168,0.596471,-0.319440,-0.793650,0.474210,0.476504,-0.539362,0.091702,88.944526,-18.582324,145.816440,5.401189,7.197490,57.194948,5.822504,6.808023,7.286179,0.409292,3.693737,0.152272,0.196616,0.038658,0.248686,0.631580,-0.208330,0.839910,0.338989,-0.155028,0.153887,15.461173,-4.410049,49.986846,2.509685,5.162416,76.169229,2.755465,2.548140,2.684045,0.194025,2.642898,0.923775,0.071146,0.005062,0.926510,1.075592,0.793565,0.282027,0.106306,-1.030352,0.061286,214.605307,-46.824537,230.048917,6.807830,7.706766,30.737734,6.089483,6.241762,6.161423,0.525125,3.872460,5.000000
-2.379759,0.696010,0.484430,2.479452,-0.976420,-4.801500,3.825080,-0.472981,0.071972,0.561492,1536.920228,2.559689,593.377800,4.715525,5.114690,442.412524,152.492312,44.341966,22.689698,0.393105,3.948600,-9.720755,1.012664,1.025489,9.773360,-7.826400,-13.084000,5.257600,-0.649612,0.584792,0.787268,23879.642674,2.572270,2421.041900,5.540553,4.823691,717.652968,265.096121,130.729308,39.021395,0.434379,4.131007,-0.717854,0.930206,0.865283,1.174988,1.748000,-3.249500,4.997500,-0.182223,-0.258671,0.738665,345.149273,2.641168,235.645983,3.706161,4.770659,596.751481,105.155679,41.219425,22.356702,0.312277,3.676484,10.098902,1.029094,1.059035,10.151199,13.389023,7.919332,5.469691,0.530135,0.359069,0.804426,25761.712175,2.579969,2515.427857,5.471217,4.817416,733.304251,268.728442,133.418295,38.343444,0.430917,4.133068,-8.523166,23.868680,569.713869,25.344787,31.948000,-79.915000,111.863000,-0.974742,0.559898,18.242635,160589.557649,0.394420,4601.694230,3.558684,4.757236,15828.657218,1936.658440,871.688869,512.016335,0.299494,3.628992,-39.679406,59.050538,3486.966027,71.143667,105.870000,-153.140000,259.010000,0.441306,-0.375347,47.878001,1265355.327459,0.207954,14816.616170,3.086743,4.669478,34197.159456,3479.610547,1494.073956,970.988124,0.272882,3.425296,1.179840,46.568196,2168.596876,46.583140,103.120000,-126.950000,230.070000,-0.294349,-0.136639,37.783272,542497.224723,0.225676,9411.325650,3.197992,4.467215,28756.662480,2349.939821,993.890838,832.940836,0.257141,3.408199,80.711863,36.869549,1359.363669,88.734257,160.472438,8.439383,152.033056,0.095056,-0.973838,31.789460,1968442.109830,0.325454,20121.169132,3.407021,4.292409,24757.338585,3917.470893,990.004880,752.572573,0.278817,3.629784,-0.322874,0.431781,0.186435,0.539150,0.378880,-0.838510,1.217390,0.477377,-1.470117,0.393890,72.670571,-0.890465,122.305382,4.363121,6.256619,185.862788,27.169481,16.762450,14.112231,0.453489,3.579205,-0.664873,0.129361,0.016734,0.677341,-0.319440,-0.898810,0.579370,0.493805,-0.408862,0.106526,114.697563,-12.097042,165.609090,5.590568,7.016250,63.858493,9.964493,7.775397,7.506026,0.485766,3.851439,0.105763,0.223223,0.049828,0.247011,0.655700,-0.208330,0.864030,0.824747,-0.085936,0.183126,15.253587,-3.983731,46.369541,2.549294,5.085473,90.473420,4.424013,3.361734,2.783678,0.213845,2.760753,0.897850,0.065971,0.004352,0.900270,1.037738,0.751558,0.286180,-0.160139,-0.773576,0.055230,202.621721,-47.344904,223.593699,6.811215,7.476171,33.614954,8.261717,5.752972,6.897843,0.589353,4.102830,5.000000
-2.231899,0.668613,0.447044,2.329896,-0.934340,-4.073400,3.139060,-0.509627,-0.532809,0.543207,1357.103930,2.955005,554.746790,4.485997,5.115083,439.140857,114.908399,41.682989,22.623926,0.380440,3.890894,-9.764715,0.903940,0.817108,9.806465,-7.826400,-12.473000,4.646600,-0.570142,0.130650,0.705810,24041.690733,2.699717,2431.276700,5.918367,5.097737,645.062748,217.507106,136.435562,59.805424,0.468864,4.185406,-0.799435,0.866212,0.750323,1.178736,0.724040,-3.249500,3.973540,-0.287863,-0.339797,0.691371,347.354852,2.980169,239.018949,3.858685,4.931923,549.004668,80.393079,58.000118,23.551402,0.333131,3.711938,10.107968,0.901984,0.813575,10.148133,12.728600,8.266990,4.461609,0.506091,0.068706,0.703411,25746.149515,2.768758,2516.568562,5.919314,5.077121,644.078969,230.000943,136.417806,59.491007,0.470759,4.200011,-1.121716,29.410254,864.963067,29.431638,60.672000,-79.915000,140.587000,-0.289655,0.404663,21.629398,216555.328107,0.331937,5410.541630,2.479935,3.571885,17828.536815,1413.057284,531.396304,299.953514,0.167401,3.237156,-14.149551,80.766815,6523.278391,81.996879,145.980000,-153.140000,299.120000,0.345334,-1.035716,68.887789,1680872.042678,0.187387,17737.945830,2.127652,3.080100,44133.732260,3363.314020,719.285310,391.833587,0.128996,3.085546,-1.200242,44.289619,1961.570357,44.305879,79.025000,-97.324000,176.349000,-0.054262,-0.825615,36.979546,490752.734505,0.287771,9253.346725,2.444357,3.282190,25714.133952,1479.019672,507.747637,293.773338,0.139874,3.132408,89.005279,40.382927,1630.780814,97.738019,171.477977,13.336482,158.141495,-0.041475,-1.048397,34.824561,2388180.105291,0.316484,22225.574808,3.252000,3.845688,23149.725566,6168.627247,917.677754,474.525646,0.216485,3.528408,0.110650,0.266849,0.071208,0.288880,0.467910,-0.621120,1.089030,-1.087111,0.364160,0.210804,20.862894,-1.921360,61.582837,4.251115,6.176708,132.558369,18.221592,11.254561,9.591200,0.431363,3.611027,-0.741706,0.059098,0.003493,0.744057,-0.599210,-0.898810,0.299600,-0.268926,-0.217625,0.046901,138.405258,-47.565135,184.737125,7.952227,8.082212,28.741940,6.404126,6.859485,7.684625,0.581689,4.119519,0.109482,0.289887,0.084034,0.309872,0.655700,-0.276320,0.932020,0.569489,-1.150983,0.255498,24.005196,-2.278256,60.451777,3.706036,5.889524,113.139060,12.622942,7.852725,6.244543,0.366355,3.284003,0.853043,0.073564,0.005412,0.856209,1.037738,0.747653,0.290085,0.767800,-0.569825,0.061658,183.273348,-48.638365,212.332729,7.975737,8.257247,24.073520,5.276692,5.713919,6.770097,0.563476,3.871241,5.000000
-2.114344,0.560013,0.313614,2.187251,-0.934340,-4.073400,3.139060,-0.819705,0.897622,0.411074,1196.016572,2.341032,526.756490,4.943942,5.196178,378.418830,113.670156,43.930827,25.343126,0.418610,4.007596,-9.752968,0.724591,0.525032,9.779847,-8.121700,-12.217000,4.095300,-1.040299,1.947008,0.493658,23911.352279,2.204541,2428.343050,6.527265,5.188976,490.767608,228.981167,141.451596,66.781585,0.523764,4.300809,-0.268162,0.530490,0.281420,0.594416,0.726820,-1.726400,2.453220,-0.483124,-0.170023,0.426130,88.332571,2.809653,113.589179,4.789819,5.299592,354.969020,69.837242,58.003533,22.386077,0.404975,3.965155,10.011721,0.740439,0.548250,10.039064,12.617062,8.239433,4.377629,0.913780,1.956905,0.500042,25195.701421,2.182110,2492.841349,6.439184,5.180344,500.184472,234.344668,141.180169,66.814066,0.512013,4.287135,5.156962,20.892522,436.497488,21.519567,60.672000,-55.366000,116.038000,0.724902,1.245706,15.002230,115772.936060,0.363388,3604.671610,3.116976,4.352121,14042.104259,1198.076105,651.247361,396.232543,0.260378,3.529055,22.384959,51.485311,2650.737212,56.141104,145.980000,-108.160000,254.140000,0.706436,0.026551,40.951876,787955.900763,0.200086,9231.108390,2.610843,3.394590,32675.395260,3153.686343,776.999837,412.642888,0.164937,3.361453,-1.951214,39.672097,1573.875278,39.720052,79.025000,-97.324000,176.349000,-0.185777,-0.068251,28.926434,394420.628345,0.278722,7253.237205,3.140483,4.313598,25614.683988,1612.956243,930.470975,714.791120,0.248123,3.399530,53.850906,47.881915,2292.677753,72.059683,171.477977,1.688113,169.789864,0.781414,-0.659436,41.008071,1298149.465167,0.283917,13432.255865,3.566257,4.631282,24795.657976,6457.721068,1375.958556,876.302408,0.310356,3.602002,0.029333,0.196363,0.038559,0.198542,0.467910,-0.178050,0.645960,0.860565,-0.678842,0.167711,9.854743,-11.871406,40.110789,3.474892,5.829273,86.575548,7.003594,4.982036,4.858400,0.323153,3.247541,-0.687961,0.045564,0.002076,0.689468,-0.599210,-0.831350,0.232140,-0.738879,-0.176220,0.037250,118.841491,-76.882199,171.263970,8.631480,8.122710,24.621930,6.575119,6.476370,7.607816,0.639338,4.307312,0.307965,0.335818,0.112774,0.455649,0.609650,-0.276320,0.885970,-0.650553,-1.433568,0.312812,51.904098,-11.005898,102.105250,4.267374,6.179420,138.853818,20.184337,12.860809,9.900486,0.443135,3.525440,0.848801,0.044016,0.001937,0.849942,0.936196,0.747653,0.188543,-0.428844,-1.012221,0.038353,180.600332,-100.321911,211.369304,8.645195,8.060375,19.497220,5.397799,6.029580,5.979966,0.664278,4.255458,5.000000
-2.088595,0.188068,0.035370,2.097045,-1.610800,-2.553100,0.942300,-0.293887,-0.153279,0.151492,1099.399483,-4.196018,520.143850,4.882175,5.599392,108.586153,18.950587,25.497205,6.244397,0.387917,3.848733,-9.622691,0.067543,0.004562,9.622928,-9.380900,-9.772700,0.391800,0.503523,0.562880,0.052413,23150.185085,-33.652086,2396.057450,8.358555,6.611912,36.779090,20.747971,20.445332,10.425706,0.678549,4.453707,0.085232,0.236842,0.056094,0.251711,0.588280,-0.250210,0.838490,0.695539,-0.934190,0.209739,15.839624,-4.929950,47.935273,4.636593,6.103615,128.237615,20.016095,13.927898,8.943396,0.449414,3.797125,9.851821,0.057605,0.003318,9.851989,10.080114,9.656919,0.423194,0.039492,1.124721,0.043991,24265.424192,-33.572234,2453.127515,9.203996,6.478462,28.820412,19.016731,21.463282,10.722962,0.733692,4.523902,1.660500,3.524868,12.424698,3.896403,10.555000,-4.753600,15.308600,0.803196,0.012999,2.750090,3795.489442,1.587612,663.333932,3.147467,4.687820,1716.002175,249.450216,115.158638,46.146254,0.262579,3.335234,4.396707,10.520125,110.673031,11.401932,30.282000,-15.439000,45.721000,0.660683,-0.086281,8.310012,32501.015726,0.732720,1916.046614,2.709832,4.193532,4525.514655,564.803035,335.258518,73.506401,0.202586,3.104239,0.028429,4.200663,17.645569,4.200759,13.424000,-11.849000,25.273000,0.586866,1.734682,2.773498,4411.594397,1.010839,688.174393,3.718791,4.807276,2576.941564,256.330470,165.037956,84.997854,0.287718,3.535795,8.875192,9.168608,84.063373,12.760580,32.569524,0.225391,32.344133,1.051859,-0.136689,7.713448,40708.099565,0.896790,2213.459868,2.943666,4.467427,4439.909582,566.641120,293.589700,112.242270,0.241197,3.291454,-0.204679,0.095993,0.009215,0.226071,-0.111800,-0.387160,0.275360,-0.688421,-1.287970,0.088048,12.777042,-67.171824,50.947165,5.042537,6.762241,38.072700,6.322671,4.847249,3.804431,0.464837,3.624577,-0.642191,0.032390,0.001049,0.643007,-0.577380,-0.736110,0.158730,0.201039,-0.424460,0.025916,103.364454,-132.980742,159.918670,9.839469,7.713722,14.532109,7.080088,5.834894,7.761438,0.729664,4.447814,0.574693,0.024825,0.000616,0.575229,0.622810,0.537280,0.085530,0.532917,-1.223595,0.022197,82.722098,-312.299179,143.091025,7.571632,7.866578,10.955700,2.874422,2.073890,2.813673,0.636802,4.137373,0.891504,0.025990,0.000675,0.891882,0.955807,0.849442,0.106365,0.496845,-0.758303,0.021869,198.863594,-221.278882,221.983914,9.835267,7.725890,9.906922,5.178033,4.694220,5.176761,0.694917,4.370430,1.000000
-2.146813,0.195503,0.038221,2.155696,-1.610800,-2.553100,0.942300,0.283262,-0.266532,0.161696,1161.756657,-2.732684,534.667200,5.137983,5.903595,117.050622,24.527849,22.443867,8.540640,0.447266,3.918141,-9.610594,0.076725,0.005887,9.610900,-9.380900,-9.865900,0.485000,-0.070653,0.281313,0.060377,23092.350926,-24.110042,2393.043100,8.160813,6.380976,41.441544,28.462304,19.146784,12.955268,0.676046,4.455528,0.258351,0.162822,0.026511,0.305379,0.588280,-0.161460,0.749740,-0.360459,0.129401,0.127101,23.314098,-6.771032,68.183488,4.550505,5.777900,87.283441,15.953317,9.100743,5.900080,0.400084,3.744927,9.854194,0.067405,0.004543,9.854425,10.080114,9.642967,0.437147,-0.048729,0.641693,0.052468,24277.421680,-29.873268,2453.728139,8.844389,6.278080,33.403323,26.117343,20.474576,13.147866,0.718806,4.518313,1.099567,4.069435,16.560301,4.215370,10.555000,-4.894700,15.449700,0.588497,-0.600911,3.348135,4442.337104,1.703981,817.190013,2.949826,4.652751,1954.625375,207.918868,117.397121,50.043809,0.256957,3.239079,4.197648,12.221676,149.369360,12.922446,30.282000,-15.439000,45.721000,0.313337,-0.983688,10.427513,41747.402213,0.823907,2614.368112,2.696811,4.343301,5182.287559,662.814995,340.197194,110.215936,0.210467,3.044108,-0.242887,4.750281,22.565168,4.756486,13.424000,-11.849000,25.273000,0.412147,0.291592,3.691924,5656.040491,1.158213,928.333443,3.450514,4.683818,2871.208459,255.255776,146.312198,105.146686,0.274353,3.454931,12.017744,7.934541,62.956940,14.400803,32.569524,1.638112,30.931413,0.780772,-0.242819,6.464908,51845.779808,1.042822,3000.351961,2.983414,4.403738,4224.421628,505.062179,295.980927,103.136909,0.237718,3.336467,-0.304017,0.065199,0.004251,0.310930,-0.126290,-0.387160,0.260870,1.396405,0.888152,0.048655,24.169346,-66.775098,75.788985,5.641481,7.001846,30.073439,6.095864,4.322775,3.733986,0.523476,3.848475,-0.620095,0.024899,0.000620,0.620595,-0.577380,-0.714290,0.136910,-0.702149,0.621600,0.019509,96.284553,-173.433519,154.378005,10.656865,7.613818,10.377846,6.783246,5.984207,6.973541,0.746448,4.521329,0.596816,0.015662,0.000245,0.597022,0.622810,0.552630,0.070180,-0.797477,0.183704,0.012411,89.108709,-409.495132,148.631675,9.612429,8.226300,6.475929,2.456561,2.125752,2.872735,0.709292,4.342398,0.915338,0.020188,0.000408,0.915560,0.955807,0.856323,0.099484,-0.420247,-0.042276,0.015951,209.562608,-255.402006,227.940217,10.163596,7.717305,7.753577,4.792796,4.300041,3.998719,0.688020,4.396067,1.000000
-2.142940,0.114960,0.013216,2.146021,-1.875600,-2.539700,0.664100,-0.400055,0.298294,0.090265,1151.351490,-11.727880,533.544900,6.774831,6.616300,60.669743,19.556610,18.043856,7.573912,0.576201,4.148962,-9.612023,0.065179,0.004248,9.612244,-9.345400,-9.865900,0.520500,0.001066,1.857123,0.049236,23098.809579,-25.872346,2393.410150,9.318562,6.677831,32.143424,26.921741,21.154875,13.602109,0.774991,4.582131,0.206987,0.092202,0.008501,0.226594,0.456250,0.002248,0.454002,0.342990,-0.155589,0.072910,12.836177,-22.652664,51.470945,5.649147,6.076841,60.365462,16.489404,10.201001,6.229851,0.502091,4.107445,9.851292,0.063531,0.004036,9.851497,10.063007,9.545625,0.517382,-0.558053,2.154426,0.048401,24262.997246,-25.878904,2452.974923,9.551096,6.756011,31.361535,25.810217,20.803828,13.798006,0.781296,4.595185,-0.405860,1.903175,3.622076,1.945970,5.441100,-4.894700,10.335800,-0.059435,0.342254,1.430399,946.699621,1.923485,358.015344,3.965962,5.167991,1248.197848,208.631211,95.525972,56.014013,0.348419,3.766075,0.692902,6.449193,41.592091,6.486309,20.671000,-14.416000,35.087000,0.568443,1.579935,4.264798,10518.050981,0.879186,1066.971451,3.769309,5.366349,3150.515080,511.720901,310.628354,134.009467,0.331127,3.456971,-0.650719,2.445050,5.978269,2.530159,5.284500,-8.302300,13.586800,-0.405575,0.865458,1.833402,1600.425999,1.640897,475.235547,4.938114,5.983869,1664.890735,249.183619,165.460792,120.697914,0.454880,3.952102,5.360704,4.850109,23.523555,7.229157,20.932738,0.450350,20.482388,1.363603,0.990265,3.782884,13065.176601,1.244483,1334.068166,3.555626,5.105775,2505.108311,398.617072,206.909700,109.270811,0.314074,3.490750,-0.316747,0.020965,0.000440,0.317440,-0.285710,-0.372670,0.086960,-0.756769,-0.482996,0.017261,25.191993,-303.112817,78.850235,8.914100,8.040453,8.341469,3.052070,2.856729,2.691030,0.648866,4.219390,-0.620849,0.018240,0.000333,0.621117,-0.585320,-0.696430,0.111110,-0.766152,0.664764,0.014676,96.446556,-242.682162,154.595195,12.526791,7.102715,5.503198,6.267644,6.128917,6.380476,0.804830,4.637333,0.594158,0.009954,0.000099,0.594242,0.618420,0.565790,0.052630,0.142051,-0.155210,0.007969,88.280740,-615.698709,147.945230,10.534349,7.820077,4.606866,2.820194,2.505369,2.235161,0.818994,4.587323,0.916224,0.014544,0.000212,0.916339,0.954949,0.889213,0.065736,0.464574,-0.323089,0.011911,209.919289,-437.961645,228.135302,11.780413,7.534769,4.920866,4.385100,3.935888,4.115419,0.780707,4.564865,1.000000
-2.199946,0.079325,0.006292,2.201376,-1.938200,-2.385700,0.447500,0.220705,-0.052093,0.063784,1211.513723,-25.353002,547.758500,6.247780,6.636499,50.204855,11.143501,12.255965,5.256108,0.549794,4.159290,-9.598938,0.049303,0.002431,9.599065,-9.345400,-9.726300,0.380900,0.750333,2.272759,0.037968,23035.512294,-42.144397,2390.128750,10.249880,6.779855,22.014271,17.346076,19.807067,11.237388,0.790810,4.602631,0.096917,0.087592,0.007672,0.130634,0.339000,-0.056983,0.395983,0.492377,-0.521385,0.074520,4.266309,-28.929409,25.285275,5.510027,6.341904,47.460425,9.529456,5.848966,4.944287,0.466769,3.899449,9.848990,0.050582,0.002559,9.849120,9.968435,9.545625,0.422810,-1.185800,4.723231,0.037635,24251.292327,-38.836027,2452.386252,10.339463,6.842291,23.266252,16.834852,19.588494,11.465962,0.781465,4.593802,-0.092888,0.853845,0.729052,0.858883,2.407500,-2.547100,4.954600,0.188277,0.551153,0.649394,184.419967,2.421002,165.297239,5.849511,5.912446,574.217547,192.570686,98.780127,50.139660,0.523507,4.162236,0.800977,1.718419,2.952964,1.895924,6.224300,-3.157900,9.382200,0.734544,0.765601,1.332548,898.631782,2.004679,344.187719,4.682997,5.538160,957.439193,236.318873,182.215141,57.506460,0.384430,3.815073,-0.273508,1.161119,1.348197,1.192897,4.143900,-2.936500,7.080400,0.429337,1.048572,0.901806,355.750884,2.150091,235.515497,4.818215,5.316048,811.865941,156.200789,70.948982,39.894287,0.395079,3.924060,2.023283,1.289005,1.661535,2.399002,6.407035,0.081570,6.325465,1.479235,2.070125,0.962100,1438.802633,2.259985,503.788669,5.028110,5.665207,865.645423,192.108250,153.204439,52.967184,0.437621,4.020049,-0.317863,0.015658,0.000245,0.318249,-0.285710,-0.354040,0.068330,0.088839,-0.895452,0.013261,25.320539,-413.452842,79.150055,9.983427,7.914396,6.829335,3.019585,3.263302,3.013395,0.759797,4.466448,-0.624587,0.018274,0.000334,0.624855,-0.595240,-0.696430,0.101190,-0.808182,0.442393,0.014809,97.610868,-266.141013,155.520880,12.516816,7.053409,5.548765,6.662641,6.453412,6.041119,0.811964,4.643842,0.582588,0.009754,0.000095,0.582670,0.607460,0.554820,0.052640,0.040083,-0.250676,0.007980,84.875981,-614.392619,145.062570,10.715128,7.572978,3.791214,2.316859,2.538009,2.329800,0.774440,4.521083,0.911632,0.012533,0.000157,0.911718,0.954871,0.888548,0.066323,0.735482,0.181245,0.010208,207.807388,-458.932999,226.995062,12.625960,7.009038,3.512962,4.763934,4.249406,4.021137,0.809549,4.635487,1.000000
-2.259572,0.049252,0.002426,2.260109,-2.120300,-2.385700,0.265400,0.238895,0.238172,0.038141,1277.022843,-61.880712,562.598900,7.409756,6.739181,28.147514,10.510358,11.894882,4.354090,0.638034,4.312379,-9.586272,0.037253,0.001388,9.586344,-9.459300,-9.681200,0.221900,0.239324,0.414647,0.029138,22974.499659,-85.437309,2386.986300,10.288155,6.286754,13.958412,14.317645,17.090742,8.975332,0.765277,4.583251,0.018597,0.041066,0.001686,0.045081,0.189760,-0.056983,0.246743,1.006754,1.676473,0.031026,0.508066,-76.563480,7.979547,7.025055,6.668898,26.601623,9.241408,6.957082,4.024790,0.644740,4.347534,9.849201,0.036845,0.001358,9.849270,9.955216,9.707534,0.247682,-0.360193,0.888635,0.028377,24252.030568,-76.753923,2452.447029,10.508725,6.239109,13.028799,13.694665,16.696949,8.986449,0.739080,4.558464,-0.061179,0.563380,0.317397,0.566692,1.356300,-1.606400,2.962700,-0.348309,-0.078563,0.444358,80.284941,2.755019,110.461964,6.743966,6.244625,355.683769,169.417919,101.539003,48.064272,0.597405,4.323421,0.435271,1.146578,1.314642,1.226419,3.554500,-3.157900,6.712400,-0.289003,0.562496,0.887185,376.025736,2.284230,238.886393,5.923440,6.162498,729.419381,202.067059,178.468419,72.753184,0.535724,4.162731,-0.297712,0.681349,0.464237,0.743552,1.875600,-2.070800,3.946400,0.549352,0.667720,0.512151,138.217214,2.463550,152.351347,5.615641,6.013157,461.496007,132.218081,59.734421,37.327400,0.488750,4.100381,1.349633,0.746058,0.556603,1.542113,3.747499,0.081570,3.665929,1.027074,1.029434,0.562407,594.527891,2.718230,335.444563,6.963252,6.613102,489.618266,168.801976,141.385951,66.237885,0.616545,4.329114,-0.332263,0.009534,0.000091,0.332400,-0.310560,-0.368530,0.057970,-0.663380,0.896522,0.007417,27.622418,-569.712845,82.724165,12.589550,7.316367,3.289409,2.815324,3.235733,3.633581,0.844383,4.663574,-0.625897,0.017828,0.000318,0.626151,-0.599210,-0.678570,0.079360,-0.761939,0.089006,0.014342,98.016235,-352.609741,155.825450,13.081961,6.933564,4.611570,6.182829,5.880803,6.458986,0.810221,4.640557,0.574395,0.006379,0.000041,0.574430,0.587720,0.554820,0.032900,-0.290224,-0.029422,0.005130,82.492509,-1134.909877,143.025225,12.253847,7.182769,2.256088,2.032773,2.215608,2.425389,0.846331,4.668736,0.912331,0.013313,0.000177,0.912428,0.957591,0.888548,0.069043,0.841520,0.336358,0.010761,208.131162,-431.838329,227.151507,12.972606,7.036094,3.988462,4.349478,4.447973,4.764613,0.853572,4.671205,1.000000
-2.289066,0.058424,0.003413,2.289811,-2.144500,-2.519700,0.375200,-0.879185,1.806945,0.043043,1310.808670,-38.737964,569.904550,7.491924,6.686200,35.760458,16.080779,13.057158,5.246612,0.624205,4.368891,-9.577577,0.045471,0.002068,9.577685,-9.402700,-9.768700,0.366000,0.314658,1.938334,0.033974,22933.011235,-46.600826,2384.851500,10.005965,6.222150,18.232949,20.741113,18.104292,11.468231,0.787928,4.609962,-0.024596,0.067262,0.004524,0.071618,0.080177,-0.230070,0.310247,-1.211985,0.915852,0.050228,1.282279,-48.406560,11.958458,5.802083,6.332563,38.568048,12.255504,6.189957,3.923962,0.512000,4.088563,9.847764,0.044297,0.001962,9.847863,10.023841,9.669691,0.354150,-0.106754,2.205357,0.032800,24245.102184,-49.468439,2452.109632,10.118390,6.297416,17.948303,19.255926,17.834474,11.307771,0.782545,4.609695,-0.424037,1.016052,1.032361,1.100985,1.356300,-3.780400,5.136700,-1.165521,0.855446,0.779747,303.042171,2.373338,182.733194,5.493928,5.731544,597.132123,261.690215,93.576860,45.159364,0.443541,4.043216,-0.330131,1.871995,3.504364,1.900882,3.005300,-7.002300,10.007600,-1.629533,2.295759,1.312791,903.337698,1.709041,308.291374,4.881383,5.562593,980.544809,296.687800,191.659423,53.612450,0.389445,3.819692,-0.373425,0.818768,0.670382,0.899904,2.076500,-3.982200,6.058700,-0.640925,3.647730,0.536333,202.456918,1.767508,161.980533,6.157020,5.707403,558.550308,230.278237,83.249961,46.715293,0.495514,4.197271,1.757298,1.596011,2.547251,2.373889,7.653789,0.135722,7.518067,1.859254,2.698087,1.145377,1408.836787,1.768249,436.507887,5.281225,5.680680,822.234189,334.086566,153.296493,55.449877,0.457343,3.969316,-0.330309,0.012499,0.000156,0.330546,-0.289860,-0.368530,0.078670,0.195648,0.998802,0.009214,27.315093,-379.782231,82.267765,10.824961,7.815054,5.855178,3.061864,3.444363,3.148085,0.743703,4.557013,-0.628405,0.019245,0.000370,0.628699,-0.599210,-0.694440,0.095230,-0.867463,0.692352,0.015085,98.815655,-279.613947,156.476130,12.380907,7.222863,6.155295,6.040565,7.020153,5.874668,0.807860,4.631191,0.570596,0.007871,0.000062,0.570651,0.587720,0.539470,0.048250,-0.596769,0.659878,0.006242,81.410551,-720.721114,142.084405,10.648374,7.497062,3.686142,2.004378,2.225434,2.472926,0.755920,4.557728,0.911026,0.014002,0.000196,0.911134,0.957591,0.883158,0.074433,0.878743,0.645385,0.011133,207.541300,-396.835131,226.859072,12.789235,7.099367,4.122961,4.498394,5.174732,4.496912,0.819668,4.651643,1.000000
-1.958953,1.109146,1.230205,2.251156,0.344860,-7.031300,7.376160,-1.014824,2.990166,0.845420,1266.925778,1.959788,489.770220,4.997457,5.425095,740.440104,236.840216,84.030541,40.153777,0.453117,4.049047,-9.673559,1.960076,3.841900,9.870139,-6.008100,-15.610000,9.601900,-0.657586,0.234167,1.537556,24354.911812,2.107813,2408.931950,4.893675,4.844904,1218.544129,383.649278,153.258208,62.127801,0.383662,3.933085,-0.223035,1.021618,1.043704,1.045681,2.108900,-2.994100,5.103000,-0.442665,-0.315194,0.841813,273.361987,2.751617,208.100586,4.607181,5.300077,608.439232,158.140626,78.205025,34.328081,0.387460,3.881742,9.975835,2.015818,4.063523,10.177465,15.716272,6.104158,9.612114,0.639532,0.194353,1.569715,25895.199577,2.115736,2484.175201,4.811587,4.796534,1229.562498,368.012449,152.152003,60.307991,0.367204,3.889967,-9.442093,24.204134,585.840117,25.980632,47.508000,-57.752000,105.260000,0.209095,-0.665039,19.991482,168748.309764,0.431875,5454.141170,4.727030,5.289697,15909.846876,3669.063016,1565.487089,783.481412,0.418547,3.928181,-41.031569,58.141567,3380.441756,71.162008,54.615000,-252.890000,307.505000,-0.802779,0.575865,47.479459,1266007.850177,0.174227,13172.756840,3.249884,3.962299,38349.842723,6872.165572,1174.082855,831.496092,0.235136,3.605299,1.036072,49.280387,2428.556544,49.291277,110.400000,-112.450000,222.850000,0.066996,-0.252509,38.801252,607407.497148,0.234667,9632.294870,3.911069,4.893510,31660.905511,3709.458341,1709.494295,1227.867304,0.337590,3.641854,78.350599,45.053726,2029.838222,90.380610,253.987902,2.067965,251.919937,1.060150,1.202343,36.262649,2042163.657088,0.201333,19469.740981,3.884784,4.276267,31683.543092,6638.585178,1982.538410,862.821373,0.293902,3.792518,-0.116969,0.448415,0.201076,0.463419,0.650100,-0.859210,1.509310,-0.010059,-0.965458,0.364438,53.689319,1.999513,93.259826,4.682578,6.303131,235.971859,38.767387,24.500156,18.950944,0.490500,3.801302,-0.716746,0.094061,0.008848,0.722892,-0.545630,-1.011900,0.466270,-0.736493,0.234731,0.075764,130.643145,-22.201934,178.472255,6.193573,7.453998,48.150865,6.750557,6.555228,7.666145,0.498693,3.858115,0.597044,0.313932,0.098553,0.674548,0.995610,-0.438600,1.434210,-1.204745,1.003124,0.243205,113.753629,0.013390,155.736822,4.251050,6.223478,140.512615,19.594618,11.998089,9.843998,0.436431,3.559640,1.084906,0.123784,0.015322,1.091945,1.382350,0.896910,0.485441,0.368668,-0.939396,0.105913,298.086093,-17.681697,270.181135,5.268989,7.477061,37.890252,4.417889,3.879624,4.750376,0.397659,3.255846,6.000000
-1.322473,1.367585,1.870290,1.902426,2.010100,-7.031300,9.041400,-0.580472,1.802681,1.083449,904.806026,1.818344,374.540977,4.386997,5.040938,854.829686,241.314540,88.857719,35.585579,0.377819,3.882439,-9.676114,2.257869,5.097975,9.936054,-5.621800,-16.958000,11.336200,-1.153406,1.056060,1.687760,24681.291118,1.834093,2409.622800,5.427688,4.910461,1344.333261,497.112742,216.155990,68.162378,0.382898,3.986410,-0.440199,0.938871,0.881479,1.036944,2.108900,-2.766400,4.875300,-0.194330,-0.184374,0.755380,268.813469,2.710294,200.216565,5.170499,5.381215,599.553760,207.952348,92.713894,38.594678,0.442955,4.058504,9.910498,2.280716,5.201666,10.169545,17.137752,5.725838,11.411913,1.106237,0.850612,1.715649,25854.910613,1.835311,2468.023172,5.448796,4.898996,1340.890589,493.719494,219.330569,67.075752,0.387960,3.967588,-7.128217,20.060152,402.409700,21.288992,47.508000,-57.752000,105.260000,-0.195876,0.112754,15.546323,113305.292648,0.415966,4065.496650,4.002110,4.493272,13770.069839,3030.599165,1052.933630,460.203876,0.316182,3.806512,-41.461265,55.868515,3121.290986,69.572462,54.615000,-252.890000,307.505000,-0.757128,0.585446,45.842655,1210081.870424,0.172404,13028.653080,3.843067,4.760115,34467.601322,7683.331441,1605.044446,1216.376887,0.329062,3.720824,2.540418,29.681491,880.990926,29.790009,97.547000,-79.226000,176.773000,0.556378,1.456418,21.621611,221861.162474,0.266425,5406.226710,3.692809,4.712734,21248.723237,2524.865421,1153.503039,682.111092,0.303463,3.699186,63.964191,45.711876,2089.575617,78.619293,253.987902,6.499680,247.488222,1.190801,1.560785,38.018710,1545248.325546,0.200036,15941.915485,4.122472,4.952434,29900.668393,6244.507949,2383.875174,1213.118911,0.355709,3.828350,0.029333,0.360083,0.129660,0.361276,0.650100,-0.633540,1.283640,-0.018270,-0.795785,0.289093,32.630102,0.767201,72.210156,3.049447,5.531016,123.329357,9.554063,5.776982,5.661112,0.284437,2.888836,-0.676961,0.057136,0.003264,0.679367,-0.569440,-0.851190,0.281750,-0.198632,-0.490192,0.046923,115.385010,-52.949562,168.523860,7.911342,7.963310,30.289047,7.983282,6.665194,7.346085,0.614440,4.231880,-0.140763,0.704983,0.497001,0.718899,0.842110,-1.015400,1.857510,0.234992,-1.686354,0.661797,129.203922,1.343105,168.558157,4.514627,6.341026,267.322941,41.776592,26.222566,21.320368,0.473138,3.553602,1.049125,0.090624,0.008213,1.053032,1.268610,0.896910,0.371701,0.363571,-0.661476,0.075979,277.219033,-29.468699,261.208444,6.169617,7.673270,34.616084,6.058263,4.827272,5.836283,0.505902,3.719855,6.000000
-1.266714,1.165710,1.358879,1.721466,2.010100,-2.968900,4.979000,0.815131,-0.228757,0.973172,740.861104,2.766704,376.771371,5.437924,6.053001,639.373860,168.897804,82.434001,47.832231,0.499659,3.972669,-9.852702,2.321478,5.389262,10.122500,-5.594800,-16.958000,11.363200,-1.094754,0.931583,1.718385,25616.251636,1.818651,2453.720400,5.306511,4.766205,1455.569536,531.007073,231.824877,78.530469,0.390593,4.019911,-0.700221,1.000714,1.001429,1.221368,1.393700,-3.720600,5.114300,-0.412133,-0.263072,0.808048,372.934650,2.724674,236.569291,4.693798,4.771380,665.628782,206.771894,89.723898,27.946523,0.374353,3.989974,10.078441,2.311972,5.345213,10.340222,17.137752,5.725838,11.411913,1.100294,0.953618,1.717887,26730.047391,1.818082,2509.950412,5.314542,4.773682,1460.456640,532.022112,234.213257,80.148885,0.393060,4.029630,-7.020451,15.616328,243.869687,17.121811,33.811000,-41.354000,75.165000,0.226507,-0.348281,12.664210,73289.103654,0.550272,3432.729950,5.224793,5.524274,11191.464114,3180.466775,1415.921104,775.187691,0.489747,4.116335,-49.099475,48.281094,2331.064073,68.860892,39.512000,-130.770000,170.282000,0.170704,-1.291212,43.137145,1185455.624691,0.297407,14170.216000,4.706608,5.871417,27180.229804,5574.734524,2648.973482,2031.520123,0.470413,3.865717,-0.461448,16.816008,282.778122,16.822338,41.569000,-39.554000,81.123000,-0.063338,-0.186788,13.309098,70747.764010,0.518141,3315.503287,4.296278,5.056963,11574.728425,2212.385434,759.132558,541.932378,0.352056,3.831322,62.968579,36.782169,1352.927979,72.924413,134.010669,6.499680,127.510988,0.177667,-1.453572,34.115723,1329492.492354,0.366964,15662.307995,4.951247,6.211362,20090.525759,4186.634345,2146.964100,1679.003159,0.480109,3.874654,-0.349002,0.372987,0.139120,0.510805,0.573500,-0.987580,1.561080,0.218210,-0.660159,0.312820,65.230494,1.736625,105.340565,3.262339,5.637255,141.617588,13.464661,9.146332,6.976142,0.321907,3.075695,-0.755119,0.145880,0.021281,0.769081,-0.569440,-1.144800,0.575360,-1.269216,0.499570,0.112602,147.871485,-16.045521,187.990105,5.334171,7.395983,59.569778,7.828119,5.533737,7.832338,0.418447,3.516338,-0.302482,0.634216,0.402230,0.702656,0.824560,-1.015400,1.839960,0.746395,-1.035499,0.555259,123.431355,1.529509,164.401364,4.201585,6.183685,259.519858,35.763002,22.275954,18.465386,0.440131,3.495558,1.154829,0.111819,0.012503,1.160230,1.442069,0.994522,0.447547,0.727631,-0.373428,0.092723,336.533334,-21.377946,287.595888,5.781517,7.554819,45.036797,7.033052,4.883148,7.003078,0.463180,3.617641,6.000000
-1.481142,1.100210,1.210461,1.845059,2.282500,-3.548000,5.830500,0.912667,0.844717,0.866188,851.060973,2.431373,411.634783,4.390307,5.176890,749.117404,147.720915,81.070440,44.442360,0.368434,3.891184,-9.695351,1.989725,3.959007,9.897416,-5.594800,-16.316000,10.721200,-1.107964,1.166101,1.475668,24489.708569,1.810155,2414.888100,4.770867,4.789980,1323.907434,356.739537,160.462254,70.149177,0.368711,3.956078,-0.624887,1.264715,1.599504,1.410669,2.227800,-3.901300,6.129100,-0.349687,-0.486058,1.030910,497.497089,2.604445,277.031791,4.136064,4.861269,800.039567,162.041404,68.732459,34.413209,0.338618,3.789051,9.971493,1.980502,3.922386,10.166271,16.904872,6.049185,10.855686,1.112505,1.312865,1.469838,25838.266630,1.811748,2483.712285,4.813527,4.793737,1303.855761,358.031290,165.192449,69.792244,0.372077,3.959563,-7.346009,21.980275,483.132486,23.175339,66.171000,-66.700000,132.871000,0.504456,0.889735,16.989712,134274.082281,0.335987,4675.372251,3.806293,4.681242,15035.141762,2281.955676,824.238495,554.205351,0.307649,3.699838,-46.365332,62.790298,3942.621478,78.053607,79.832000,-196.950000,276.782000,0.252284,-0.852633,54.199676,1523091.381713,0.191720,16964.405300,3.152742,4.641582,33872.850659,4439.442348,1611.956936,1088.346936,0.271837,3.398312,-1.188777,29.664711,879.995073,29.688521,84.994000,-81.193000,166.187000,0.150057,1.165259,21.177354,220352.065756,0.281275,5320.278047,3.485608,4.512243,18506.450166,2050.456034,749.996188,641.435025,0.269689,3.524809,79.034172,35.559383,1264.469752,86.665276,208.739763,10.578447,198.161316,0.656293,1.178145,27.924286,1877717.529750,0.247220,19718.886794,3.809017,4.950664,23386.714914,3956.602601,1239.158252,1110.555602,0.337039,3.734194,-0.194178,0.420461,0.176788,0.463134,0.534160,-0.987580,1.521740,-0.468788,-0.977318,0.365677,53.623160,1.206090,85.015519,4.452508,6.331441,184.091438,28.474192,17.049609,14.228277,0.461038,3.593900,-0.757587,0.143686,0.020646,0.771093,-0.569440,-1.144800,0.575360,-1.314324,0.578904,0.110827,148.646093,-16.569088,188.751035,5.036833,7.340132,57.218766,4.865298,5.483762,7.215928,0.363848,3.356808,0.460474,0.489183,0.239300,0.671815,0.932020,-0.651320,1.583340,-1.213396,-0.003389,0.401039,112.833980,-0.007001,157.614099,4.087678,6.078158,207.896421,28.637804,18.013161,13.821690,0.427327,3.482734,1.114168,0.137996,0.019043,1.122681,1.442069,0.902897,0.539173,0.552719,-0.594389,0.115860,315.103233,-13.540921,277.588511,4.866763,7.184746,43.902421,5.062391,4.260900,4.881821,0.374718,3.194788,6.000000
-1.464566,1.048828,1.100039,1.801386,2.282500,-3.648300,5.930800,0.326458,0.582830,0.824098,811.248274,2.320770,390.534748,4.823561,5.392522,732.078593,163.516934,88.879287,48.687948,0.423814,3.998528,-9.623642,2.005514,4.022086,9.830390,-6.104100,-17.110000,11.005900,-1.205040,1.314582,1.479427,24159.140881,1.745635,2398.154450,5.748831,5.172814,1233.759234,376.558700,270.968638,110.812220,0.451014,4.080730,-0.639784,1.233052,1.520418,1.389151,2.227800,-3.901300,6.129100,-0.323867,-0.483471,1.006714,482.435289,2.562457,271.841854,4.369274,4.842189,750.898958,174.540522,102.951811,29.167130,0.355746,3.857172,9.896113,1.969327,3.878250,10.090158,17.338666,6.683988,10.654678,1.162594,1.265235,1.454975,25452.824444,1.779969,2466.184913,5.844729,5.140934,1176.186834,382.621611,275.512821,107.921882,0.441726,4.074235,-5.528280,22.279516,496.376820,22.955145,66.171000,-66.700000,132.871000,0.278495,0.623566,17.208261,131734.675161,0.337083,4511.801006,3.858516,4.516042,15138.010178,2571.627463,1068.735797,497.088428,0.308692,3.719373,-37.513492,73.555443,5410.403128,82.569154,79.832000,-202.120000,281.952000,-0.427604,-0.897726,63.156332,1704416.295634,0.195984,16349.145640,2.627688,3.820079,38759.730936,4081.921363,1403.101275,787.489443,0.195810,3.230743,-0.610314,32.335912,1045.611173,32.341671,84.994000,-81.193000,166.187000,-0.005147,0.247942,25.000157,261495.914138,0.290947,6243.910570,3.456848,4.501070,20824.484723,2113.325690,893.378339,661.594252,0.265842,3.529426,79.045284,46.286397,2142.430585,91.600150,208.739763,5.042324,203.697439,0.927647,0.169646,37.204459,2097646.884932,0.249185,19744.053640,3.381398,4.482462,27451.778186,4096.965135,1477.270085,929.229910,0.288097,3.554474,0.033574,0.354944,0.125986,0.356529,0.699790,-0.590060,1.289850,0.124528,-0.915634,0.285155,31.778186,1.061980,71.582814,4.003276,6.017205,168.223309,21.535794,13.134831,11.103899,0.405054,3.516912,-0.684572,0.054472,0.002967,0.686735,-0.569440,-0.825400,0.255960,-0.077933,-0.251033,0.043459,117.901389,-60.859966,170.417720,8.182975,7.615741,31.918134,8.984845,8.409969,8.508891,0.674516,4.353346,0.059482,0.737317,0.543636,0.739712,0.932020,-0.993420,1.925440,-0.246901,-1.729576,0.697658,136.793473,1.401481,175.675504,4.368476,6.254652,299.951214,45.346088,28.280013,22.461287,0.459150,3.553404,1.066157,0.095927,0.009202,1.070464,1.235630,0.902450,0.333181,-0.072736,-1.279461,0.084764,286.473048,-34.142183,265.386407,6.584783,7.833713,30.847982,4.552846,5.675536,5.510377,0.496250,3.639733,6.000000
-2.010455,0.656926,0.431551,2.115061,-0.145670,-3.648300,3.502630,0.188546,-0.359382,0.529331,1118.370386,2.804779,500.524750,5.007639,5.309109,445.461700,128.592809,67.572704,24.830891,0.417426,4.038320,-9.708951,2.300992,5.294564,9.977890,-6.104100,-18.359000,12.254900,-1.272126,1.589511,1.672297,24889.572441,1.673403,2417.164950,5.928883,4.932226,1394.521445,608.778916,320.240632,122.336913,0.435622,4.122021,-0.819002,1.036105,1.073513,1.320711,1.105300,-3.423100,4.528400,-0.250223,-0.674078,0.852246,436.069290,3.033241,263.535697,5.029430,5.262861,698.362026,207.878839,117.058331,37.262925,0.430513,4.053367,10.030346,2.273371,5.168217,10.284748,18.815853,6.267314,12.548539,1.289381,1.757154,1.646695,26444.012116,1.642389,2497.113506,5.958601,4.918476,1380.026962,603.927820,323.794451,121.941664,0.428876,4.119642,-9.497066,17.522213,307.027953,19.930434,30.483000,-55.029000,85.512000,-0.162493,-0.307725,13.800770,99305.554560,0.494817,3884.887320,4.453905,4.667987,11206.221381,3593.341148,1224.350961,449.493415,0.350402,3.911213,-55.131110,62.845118,3949.508906,83.599930,55.728000,-202.120000,257.848000,-0.093800,-0.934636,54.066862,1747237.061207,0.211014,16917.080490,3.354971,4.893009,32912.201364,4255.458022,1586.280417,1136.911025,0.311456,3.467924,-0.059879,24.671742,608.694856,24.671815,51.232000,-52.093000,103.325000,-0.051187,-0.659836,20.320732,152174.610377,0.439730,5071.693230,3.512729,4.115313,17160.981877,2104.999615,591.955472,403.221175,0.246313,3.579667,76.933261,45.564703,2076.142196,89.414031,203.677367,5.042324,198.635044,0.534632,-0.413453,38.979069,1998717.226143,0.255653,19139.827585,3.781311,5.135468,25518.054090,4182.824680,1738.892715,1085.653501,0.348856,3.628332,-0.339362,0.461241,0.212743,0.572634,0.699790,-0.983440,1.683230,0.929474,0.114566,0.334393,81.977496,0.630032,131.087944,3.912778,6.027412,215.297261,26.416315,15.954552,12.335377,0.400921,3.460409,-0.705548,0.104245,0.010867,0.713208,-0.565480,-1.105200,0.539720,-1.738809,3.245116,0.070994,127.166345,-21.735066,175.519010,6.273772,7.065477,61.675308,13.423012,9.751826,9.287336,0.575413,4.116324,-0.426421,0.493471,0.243513,0.652187,0.745610,-0.993420,1.739030,0.976829,-0.311686,0.418819,106.337096,1.079137,148.191912,2.708639,5.223990,166.680502,12.686851,7.653645,6.373202,0.264227,2.742689,1.117888,0.110685,0.012251,1.123354,1.430295,0.902450,0.527845,0.624259,0.175495,0.087750,315.480938,-16.672513,278.335912,5.959573,6.863119,63.200473,13.850987,9.023413,8.897583,0.550279,4.077299,6.000000
-1.954654,0.951878,0.906072,2.174108,0.131770,-5.906300,6.038070,-0.978305,2.253815,0.689577,1181.686292,2.124126,486.177995,6.124189,6.622411,636.252281,148.295355,106.985052,83.905589,0.592731,4.188460,-9.847394,2.258872,5.102504,10.103152,-6.138200,-18.359000,12.220800,-1.182973,1.188130,1.685904,25518.418102,1.667018,2452.321400,6.023819,5.399740,1403.884873,599.996254,229.513837,149.993845,0.507782,4.170605,-0.525522,1.046696,1.095572,1.171215,4.553500,-3.423100,7.976600,0.191151,1.499795,0.840298,342.936315,1.813680,231.298776,5.674844,5.339283,626.101782,239.995931,166.807780,46.303143,0.455390,4.125784,10.142893,2.300845,5.293888,10.400585,18.815853,6.267314,12.548539,1.217680,1.441201,1.716073,27043.040709,1.665315,2525.763486,6.179000,5.536130,1424.040640,599.817682,241.183024,173.837155,0.534799,4.194031,-8.279363,17.955506,322.400196,19.772406,34.464000,-56.181000,90.645000,-0.321214,0.023147,13.804115,97737.010948,0.469784,3812.683500,4.304409,4.825080,12317.862098,3177.255724,1264.223957,459.571862,0.351914,3.905796,-35.867905,63.048560,3975.120924,72.537077,99.329000,-149.310000,248.639000,0.016485,-1.278041,56.915980,1315406.874742,0.214168,14915.698890,4.588316,6.056701,38180.340106,6724.652776,1795.457024,3570.199893,0.419957,3.809232,-1.894296,29.895850,893.761870,29.955805,85.571000,-89.443000,175.014000,0.248797,0.821675,22.715340,224337.556677,0.272367,5732.233538,4.350320,5.499908,18780.909379,2097.875563,1294.451001,1262.762797,0.375457,3.685422,71.014212,38.818906,1506.907442,80.931612,155.478146,8.793928,146.684218,0.258671,-1.112502,34.673107,1637481.442367,0.330943,17670.642097,5.507018,6.368504,23943.928064,6787.013948,1847.872624,2616.052943,0.506793,4.035028,-0.322542,0.355936,0.126690,0.480337,0.204970,-0.983440,1.188410,-0.436460,-1.041351,0.300257,57.680906,0.414240,90.008224,4.225789,6.134786,146.939695,21.618489,13.654672,10.553395,0.424948,3.503612,-0.751112,0.131617,0.017323,0.762557,-0.565480,-1.105200,0.539720,-0.892504,-0.184536,0.106951,145.373235,-15.515192,187.140215,5.763772,7.469787,51.643937,8.099574,7.381059,6.847721,0.449200,3.599951,0.261553,0.615677,0.379058,0.668930,0.842110,-0.730260,1.572370,-0.622764,-1.397594,0.569741,111.866911,-1.528570,158.433098,4.473593,6.322285,261.268927,40.069364,25.202474,19.821181,0.470114,3.611805,1.116299,0.116454,0.013562,1.122357,1.430295,0.949270,0.481025,0.819628,-0.249266,0.096460,314.921052,-19.399343,278.043343,5.630678,7.372029,42.422887,7.207747,5.769048,5.495466,0.447459,3.577306,6.000000
-1.999694,1.120467,1.255447,2.292209,0.131770,-5.906300,6.038070,-0.762720,0.278232,0.909236,1313.555574,2.359177,497.463235,6.348448,6.983385,729.701921,169.279198,95.799842,94.308985,0.577622,4.157326,-9.590656,1.904798,3.628257,9.777983,-5.893300,-17.568000,11.674700,-1.302486,2.093176,1.348561,23902.236767,1.639243,2389.414200,5.700972,5.329766,1220.695368,353.297281,247.692408,103.132693,0.469953,4.092084,-0.769450,1.150005,1.322511,1.383678,4.553500,-3.667100,8.220600,0.172428,1.184085,0.909775,478.641222,1.828781,275.600415,5.666251,5.668095,744.688145,218.760131,154.922392,68.830315,0.498372,4.142175,9.958634,1.898247,3.603340,10.137935,18.022441,6.803993,11.218448,1.370104,2.442051,1.363691,25694.433563,1.692723,2480.732099,5.891216,5.450217,1189.824903,356.157695,250.621840,115.195080,0.492896,4.122996,-10.377681,18.547954,344.026610,21.253773,34.464000,-56.181000,90.645000,-0.106941,-0.277605,14.870383,112930.719998,0.476073,4219.835450,4.373826,4.798216,12798.869350,3542.539198,1083.300769,534.925934,0.360291,3.924117,-42.175739,71.617762,5129.103831,83.113758,99.329000,-199.210000,298.539000,-0.100870,-1.216017,63.702561,1726974.187721,0.185835,16746.772290,4.618532,5.905699,42526.110558,6650.352426,3805.085339,3287.896762,0.412443,3.797180,-1.133281,29.492319,869.796867,29.514085,85.571000,-89.443000,175.014000,0.199737,1.018593,22.105555,217770.298202,0.271372,5516.945548,4.517616,5.737148,18423.845979,2290.121512,1319.657239,1304.136155,0.389870,3.743690,78.245518,45.916661,2108.339797,90.723210,205.741947,11.014363,194.727585,0.480677,-0.908683,40.326000,2057675.205922,0.258861,19466.293088,4.417943,5.350747,27911.426996,5832.750361,2328.890801,1846.273569,0.377223,3.808165,0.009267,0.342441,0.117266,0.342567,0.695650,-0.616980,1.312630,0.036700,-0.661239,0.268738,29.337964,1.361897,66.880932,2.193356,4.874347,131.857311,3.531972,3.268823,3.799843,0.161984,2.545293,-0.722826,0.110357,0.012179,0.731202,-0.539680,-1.077400,0.537720,-1.185429,1.095325,0.082855,133.663990,-18.150116,179.881050,6.112391,7.018507,64.826561,14.504330,10.074689,9.321121,0.551774,4.091201,0.220088,0.685044,0.469286,0.719531,0.842110,-1.002200,1.844310,-0.738939,-1.246236,0.619690,129.431085,-0.241970,172.017572,4.719634,6.396944,301.992970,51.829653,31.946503,25.209124,0.496929,3.707282,1.076005,0.109292,0.011945,1.081542,1.362377,0.896957,0.465420,0.303141,-0.857727,0.094647,292.433039,-20.111414,267.709841,5.751407,7.502003,34.762705,5.047098,4.837501,4.964319,0.443729,3.450371,6.000000
-2.256975,1.049099,1.100608,2.488884,1.832000,-6.303900,8.135900,0.116395,2.591508,0.767529,1548.635920,1.719747,572.965205,6.026193,5.717691,697.803788,352.147927,128.251815,58.634556,0.529318,4.247590,-9.471497,2.523762,6.369373,9.801971,-5.106800,-17.981000,12.874200,-1.416652,1.997033,1.787837,24019.658128,1.639968,2357.392800,5.903222,5.356941,1483.183393,502.292763,312.996528,116.575504,0.478250,4.065271,-1.244404,1.152252,1.327685,1.695944,1.030800,-5.460200,6.491000,-0.506247,0.290164,0.926769,719.056257,2.351035,337.571679,5.074453,5.341069,830.653704,194.231964,133.283128,48.100579,0.438038,4.069540,9.939542,2.520895,6.354913,10.254238,18.164553,5.504082,12.660471,1.384453,1.970243,1.810719,26287.350305,1.662090,2474.237010,5.874604,5.365746,1478.502046,490.088032,317.710279,109.993255,0.473089,4.053934,-10.670616,19.228454,369.733449,21.990805,42.066000,-50.501000,92.567000,0.162602,-0.331732,15.521114,120898.872759,0.467196,4441.867694,5.187352,5.076735,13306.689573,4481.562530,2141.335471,610.182532,0.429052,4.085980,-56.904285,74.258105,5514.266177,93.554069,195.330000,-297.240000,492.570000,0.195675,0.873018,59.443301,2188090.962786,0.115198,18994.346900,3.319220,3.925883,48808.049794,9613.436656,1958.258808,1004.948196,0.235290,3.620716,2.014066,24.097733,580.700748,24.181754,63.653000,-53.930000,117.583000,-0.048056,0.074134,18.484788,146189.302195,0.384346,4643.386010,4.591235,5.510294,16606.223999,3441.858286,1267.349676,1044.078263,0.405493,3.922774,84.690448,51.461097,2648.244512,99.099529,298.921687,13.159280,285.762406,0.939463,1.631467,42.133558,2455179.137740,0.180333,21061.989751,4.144129,4.310090,35850.691951,9609.439528,2853.245641,1056.631815,0.310190,3.868330,-0.326965,0.512197,0.262346,0.607661,0.695650,-1.016600,1.712250,0.681100,-0.930374,0.437151,92.312960,1.627854,141.036293,4.171253,6.056747,237.657469,34.028854,20.689742,15.884942,0.432347,3.568746,-0.647325,0.068986,0.004759,0.650991,-0.501980,-0.815480,0.313500,-0.024276,-0.716576,0.057194,105.947227,-41.700315,161.143780,7.232913,7.864258,32.029124,5.360153,6.170985,7.051306,0.571217,4.037500,-0.372615,0.505449,0.255479,0.627950,0.651320,-1.011000,1.662320,0.668339,-0.919354,0.432573,98.580181,2.177519,141.927849,1.694960,4.106971,174.003698,4.402883,2.512665,2.815673,0.128169,2.329005,1.084931,0.101426,0.010287,1.089661,1.320397,0.896957,0.423440,0.130140,-0.633615,0.080565,296.840369,-23.512637,270.085316,5.538178,6.754188,56.524158,11.429580,7.020719,6.388546,0.502035,3.967167,6.000000
-2.042666,1.154085,1.331913,2.346145,1.832000,-6.303900,8.135900,0.324140,2.030510,0.831457,1376.099421,1.767246,528.098591,5.837320,5.445337,730.480598,364.382282,138.203157,61.469617,0.493806,4.181817,-9.721174,2.578347,6.647871,10.057291,-5.106800,-17.981000,12.874200,-1.091139,0.968662,1.950866,25287.273834,1.718497,2421.715450,5.750515,5.282022,1462.208171,492.729703,270.128539,91.684109,0.456561,3.999979,-0.994078,1.117007,1.247706,1.495291,1.388100,-5.460200,6.848300,-0.656409,0.917955,0.904775,558.974140,2.150017,285.886339,4.912481,5.227954,797.826600,196.626680,117.513118,40.981413,0.419003,4.041381,10.103008,2.611248,6.818615,10.435008,18.164553,5.504082,12.660471,1.089182,1.011703,1.964405,27222.347395,1.752154,2516.658912,5.601417,5.208439,1500.161233,474.806448,273.777772,81.517152,0.429374,3.978013,-7.427233,21.644534,468.485865,22.883392,42.066000,-76.601000,118.667000,-0.256524,-0.002515,17.776577,130912.412983,0.374250,4604.525509,4.614430,4.928821,16207.943422,3931.727074,1992.962738,590.336582,0.382665,4.019177,-42.157957,70.852853,5020.126823,82.446469,195.330000,-297.240000,492.570000,0.098335,1.398971,55.268161,1699355.044524,0.113802,16981.424600,3.478386,4.092431,49288.700836,9938.978292,1920.060862,1409.212930,0.253667,3.697846,-2.488050,25.922004,671.950283,26.041134,63.653000,-57.646000,121.299000,0.004398,-0.185441,20.199897,169535.168396,0.379391,4971.338540,5.209144,5.846899,16963.666093,3638.026855,1663.017034,1607.123515,0.470441,4.014076,78.134448,43.522622,1894.218610,89.438306,298.921687,12.924490,285.997197,1.601897,5.614529,32.603848,1999802.625903,0.174522,19485.209150,4.368475,4.189314,32840.238867,9185.203250,2749.866543,1047.100290,0.321199,3.945771,-0.390128,0.418803,0.175396,0.572360,0.372670,-1.016600,1.389270,0.295358,-1.264810,0.359514,81.899024,1.063903,121.572490,3.833950,5.981915,179.823455,21.041847,13.359699,11.902700,0.389814,3.390581,-0.713159,0.126153,0.015915,0.724231,-0.501980,-1.004000,0.502020,-0.484665,-0.699344,0.102158,131.127607,-15.940067,177.602260,5.543376,7.416240,49.616671,5.848745,5.590049,6.232879,0.434511,3.576196,0.141473,0.633269,0.401030,0.648880,0.872810,-1.011000,1.883810,-0.392541,-1.517561,0.592410,105.261197,1.556194,152.397147,4.615290,6.334508,274.536591,44.079537,27.753119,21.356041,0.484491,3.680967,1.123320,0.106323,0.011305,1.128340,1.360195,0.923427,0.436768,0.570387,-0.591352,0.087486,318.287828,-23.440597,279.720193,5.698103,6.933662,54.500541,10.807221,7.364533,6.933347,0.530667,3.945818,6.000000
-2.114825,1.028548,1.057911,2.351679,1.613800,-4.367100,5.980900,0.575792,0.440144,0.811722,1382.598525,2.375460,536.491101,4.551579,5.119294,657.629333,205.159828,67.184529,41.005577,0.380625,3.907768,-9.510182,1.938952,3.759533,9.705827,-5.235200,-15.976000,10.740800,-0.840996,1.201830,1.406967,23550.771757,1.843250,2369.827750,5.443456,5.461460,1270.581663,345.164157,195.212103,108.134153,0.474784,4.065882,-0.836904,0.931071,0.866893,1.251919,1.472500,-3.244600,4.717100,-0.103409,-0.126811,0.730605,391.825315,2.761708,253.336588,4.724449,5.254925,588.872611,152.685837,79.979995,33.665549,0.411328,3.963434,9.877560,1.932510,3.734594,10.064829,16.238023,5.428591,10.809432,0.730196,1.035309,1.424831,25325.195597,1.835951,2461.376269,5.438710,5.466428,1255.814908,329.655226,194.117197,107.987051,0.471117,4.053369,-11.515233,23.007921,529.364448,25.728681,33.533000,-76.601000,110.134000,-0.500588,-0.278840,18.829694,165491.262404,0.406386,4894.241590,4.142104,4.989360,16314.933702,2957.945575,1216.687100,805.248379,0.364814,3.854152,-49.279149,61.143567,3738.535775,78.530060,86.331000,-172.160000,258.491000,0.255480,-0.601673,49.952405,1541742.586120,0.210791,16644.804420,3.509802,4.921225,35471.053362,5665.953425,1671.884479,1302.487981,0.320130,3.550682,-4.659140,26.954140,726.525679,27.353853,60.136000,-59.503000,119.639000,0.250691,-0.491472,21.915580,187058.315463,0.388313,5552.337520,3.393063,4.230141,19228.146266,2248.114042,793.363117,647.380812,0.248899,3.622098,77.502674,39.629587,1570.504146,87.046934,179.501994,7.637823,171.864171,0.431929,-0.469454,32.123578,1894292.163986,0.291411,19322.276406,4.084522,5.153435,25840.743773,5133.658456,1834.647449,1175.477520,0.360233,3.791944,-0.001068,0.405448,0.164388,0.405449,0.658390,-0.973080,1.631470,-0.364350,-0.954348,0.352120,41.097225,1.779293,87.339471,3.832700,5.918773,163.226052,19.099507,12.094287,9.759840,0.388827,3.352445,-0.748159,0.103073,0.010624,0.755226,-0.589290,-1.004000,0.414710,-0.675974,-0.644751,0.085733,142.591525,-25.313919,186.365175,6.046878,7.566945,44.855456,6.639583,6.126413,7.156380,0.464763,3.719369,0.173149,0.666739,0.444541,0.688855,0.872810,-0.958330,1.831140,-0.657958,-1.319836,0.608965,118.630343,0.713366,163.807071,4.438543,6.275345,286.895900,44.174970,27.691456,21.740357,0.466346,3.610570,1.093103,0.120006,0.014401,1.099671,1.360195,0.914478,0.445717,0.437115,-0.663778,0.096271,302.319092,-21.176979,272.008813,5.514518,7.347467,39.079859,5.430966,5.110374,5.104000,0.454065,3.455397,6.000000
-2.462267,0.782019,0.611554,2.583469,-0.623830,-5.317200,4.693370,-0.394023,1.195139,0.594008,1668.577696,2.371943,614.025100,4.639608,5.012387,542.496633,149.303167,48.481468,30.235399,0.397809,3.960207,-9.524674,2.367625,5.605648,9.814533,-5.235200,-17.919000,12.683800,-1.056901,1.099998,1.739098,24081.263863,1.686697,2370.977900,5.475472,5.138696,1424.579378,448.764778,284.039578,117.983668,0.439939,4.036339,-0.848650,0.995294,0.990610,1.307982,1.483300,-3.244600,4.727900,-0.136482,-0.417101,0.795532,427.704157,2.907213,263.913862,4.532000,4.990480,656.394856,166.736467,89.059152,28.543671,0.381231,3.940876,9.964221,2.329051,5.424480,10.232799,18.253004,5.428591,12.824412,0.974653,1.025657,1.727067,26177.545716,1.686769,2480.682525,5.522934,5.167740,1389.147176,437.535492,285.497107,117.275454,0.440820,4.040662,-12.240692,22.516938,507.012483,25.629027,45.569000,-62.968000,108.537000,0.020373,-0.197752,18.164059,164211.758933,0.411018,4982.756953,4.134155,4.728474,16704.390598,2940.760682,1419.602767,755.697886,0.341560,3.874720,-52.347429,55.389750,3068.024423,76.212058,76.506000,-172.160000,248.666000,0.214415,-0.506955,45.954587,1452069.444818,0.216366,15870.447710,2.843274,4.047531,34686.732674,3229.150085,1235.320022,685.472777,0.231369,3.439354,0.118031,24.332919,592.090956,24.333205,69.953000,-59.503000,129.456000,0.324628,0.020298,19.475605,148026.221874,0.353887,4830.165480,4.151244,4.768357,16856.022679,2340.763285,926.844854,777.220744,0.334848,3.739373,73.468105,40.739013,1659.667194,84.007319,179.501994,7.637823,171.864171,0.378839,-0.524738,33.478619,1764307.425625,0.291394,18297.591865,3.851533,4.875265,27000.872368,4611.429540,1915.272186,999.309655,0.341348,3.762639,-0.290758,0.504191,0.254209,0.582022,0.658390,-1.014500,1.672890,0.537628,-1.086635,0.430623,84.687329,0.976892,135.414161,4.427824,6.291268,226.285138,35.395005,21.582507,16.500180,0.458919,3.605402,-0.674897,0.074111,0.005492,0.678954,-0.543650,-0.910710,0.367060,-0.856511,0.441206,0.056718,115.244596,-35.697418,167.975240,6.650117,7.370883,37.751985,7.686110,6.344040,7.430098,0.543837,4.034159,-0.403623,0.497681,0.247686,0.640779,0.546050,-0.967110,1.513160,0.710389,-0.969295,0.433036,102.649361,1.280023,145.297242,1.459702,4.010885,142.731738,3.028022,2.376815,2.023764,0.105206,1.914387,1.095717,0.098642,0.009730,1.100148,1.336983,0.914478,0.422505,-0.041839,-0.633266,0.079670,302.581285,-24.452499,272.813383,6.015684,6.941982,56.941895,12.257471,8.751023,7.845411,0.578512,4.101268,6.000000
-2.263984,0.870524,0.757813,2.425580,0.015883,-5.317200,5.333083,-0.280421,1.534149,0.632144,1470.859330,2.205532,564.441626,4.167367,4.736279,594.296257,121.273682,47.284833,20.234983,0.324215,3.808333,-9.659559,2.398993,5.755170,9.953002,-5.859000,-17.919000,12.060000,-1.137382,0.889320,1.824230,24765.563366,1.752218,2407.490100,5.754903,5.192652,1343.049431,446.721992,269.209759,114.578612,0.447294,3.995928,-0.725828,0.969786,0.940484,1.211326,1.483300,-3.151900,4.635200,-0.116010,-0.821029,0.816680,366.827770,2.864787,243.060048,4.801877,5.395607,663.504043,156.819596,94.780332,34.659979,0.410572,3.998393,10.035567,2.387550,5.700397,10.315668,18.253004,6.179906,12.073098,1.103514,0.820666,1.823399,26603.250466,1.756997,2501.242923,5.762079,5.178591,1310.393621,443.365049,271.407296,113.075184,0.444468,3.991326,-9.985054,21.210452,449.883265,23.443220,45.569000,-49.573000,95.142000,0.542260,-0.279057,17.145308,137396.142272,0.461369,4963.812288,3.697021,4.345934,15042.109306,2370.823845,1190.529085,531.836152,0.278384,3.749041,-39.196843,58.143546,3380.671973,70.121783,90.099000,-162.110000,252.209000,0.286296,-0.857030,49.426577,1229266.112278,0.213206,15110.423020,2.753124,3.865893,37691.386244,2799.744802,1072.648058,707.219360,0.202291,3.366522,0.831018,27.071472,732.864609,27.084224,69.953000,-64.029000,133.982000,0.061706,-0.123233,21.372469,183388.800104,0.348155,5347.721430,3.326055,4.219888,19105.336651,1533.366700,690.170210,503.919214,0.248367,3.546868,71.371956,33.260309,1106.248186,78.741376,171.988975,8.110153,163.878822,0.448661,0.218386,26.357327,1550051.054654,0.295584,17811.468794,3.782376,4.302119,24573.503447,4761.181023,1520.402313,612.710169,0.298567,3.810612,-0.421740,0.343540,0.118020,0.543952,0.175980,-1.014500,1.190480,-0.009867,-1.201570,0.294649,73.970970,1.021894,110.305460,3.008304,5.422715,122.106966,9.682899,6.698085,5.051272,0.273281,2.935434,-0.734095,0.119823,0.014358,0.743810,-0.543650,-0.974210,0.430560,-0.446654,-1.072180,0.104168,138.313409,-22.551131,182.816500,5.716668,7.449761,46.313587,7.335566,5.492428,6.334018,0.455571,3.629950,0.143438,0.663822,0.440660,0.679143,0.857460,-0.967110,1.824570,-0.425480,-1.561895,0.619952,115.308648,1.076171,160.542841,4.497895,6.297393,282.399904,44.662853,27.634699,21.834664,0.474379,3.631432,1.140345,0.099928,0.009986,1.144715,1.370901,0.933454,0.437447,0.465360,-0.516425,0.081942,327.593027,-23.287218,284.003755,5.527484,6.993741,49.107286,9.613074,6.075323,4.705126,0.495912,3.866029,6.000000
-2.213287,0.854112,0.729508,2.372371,0.015883,-4.275700,4.291583,0.011548,0.040064,0.669063,1407.036533,2.840774,551.215416,4.302553,5.001703,577.300275,128.535127,51.284851,24.860261,0.362621,3.859626,-9.486496,1.791700,3.210188,9.654212,-6.270800,-16.453000,10.182200,-1.304508,2.285213,1.268527,23300.950562,1.785191,2361.382100,4.515728,4.351009,1197.303772,319.532409,125.129053,48.196167,0.326096,3.890190,-0.822232,1.135058,1.288356,1.401578,1.043300,-4.560500,5.603800,-1.018023,1.250934,0.864832,491.105341,2.512167,257.111491,4.204838,5.205638,728.089989,150.901788,71.906309,31.153728,0.369931,3.834137,9.869420,1.841445,3.390921,10.039740,16.831202,6.433393,10.397809,1.136214,1.856582,1.342596,25199.092436,1.836456,2456.829619,4.420917,4.312398,1230.083372,316.385630,120.162965,47.843197,0.316312,3.866197,-12.541119,20.127613,405.120817,23.714985,35.747000,-56.119000,91.866000,0.380693,-0.545405,16.297598,140600.123582,0.474651,5055.907660,4.301163,5.399155,13880.901506,2615.971869,931.276931,769.231601,0.378407,3.860999,-47.959330,58.359248,3405.801776,75.537402,90.099000,-167.320000,257.419000,0.061188,-0.467118,46.747070,1426474.777495,0.209302,15680.632900,2.634279,3.784825,36581.928461,3117.379379,1022.100166,549.521482,0.187918,3.359832,-2.330810,35.805856,1282.059318,35.881639,68.687000,-93.204000,161.891000,-0.172198,-0.515811,28.987528,321872.998600,0.305233,7206.352590,4.120799,5.226662,21207.636960,2357.165950,1264.909316,1093.560225,0.373480,3.643125,77.656429,39.054714,1525.270682,86.924057,179.393382,11.511414,167.881968,0.751178,-0.140481,31.535879,1888947.899677,0.294965,19334.111270,3.632756,4.462671,26159.722416,4606.725521,1306.358052,695.554292,0.291744,3.701132,-0.001300,0.337096,0.113634,0.337098,0.730850,-0.896480,1.627330,-0.196354,0.514441,0.247861,28.408846,1.196636,61.361204,3.776544,5.898265,146.198680,16.774413,10.709229,8.644433,0.379885,3.375603,-0.762040,0.099891,0.009978,0.768559,-0.597220,-0.974210,0.376990,-0.508700,-0.997026,0.086507,147.670706,-29.551994,189.795665,6.091748,7.490230,46.692434,8.579961,6.223136,7.340915,0.481433,3.817300,0.298921,0.615928,0.379367,0.684632,0.857460,-0.918860,1.776320,-1.014201,-0.709093,0.533411,117.180140,-0.355256,164.258813,4.467922,6.319653,279.837495,42.783716,26.154641,21.162613,0.469807,3.642760,1.076377,0.120210,0.014450,1.083069,1.370901,0.910618,0.460283,0.669998,-0.230555,0.092562,293.259692,-22.130489,267.848314,5.157464,7.079221,45.392500,6.668599,4.519779,5.457690,0.426305,3.537661,6.000000
-2.449737,0.953412,0.908994,2.628727,1.107400,-5.218400,6.325800,0.284951,1.080047,0.741732,1727.550853,2.056141,615.948270,5.965441,5.447682,662.057982,282.383628,162.506793,69.181165,0.510657,4.272181,-9.535172,2.424232,5.876903,9.838516,-5.309100,-18.094000,12.784900,-1.111934,1.029049,1.806963,24199.100067,1.688766,2374.221950,5.669456,5.406193,1500.978328,502.304284,246.908334,161.906629,0.480244,4.075896,-0.852961,1.242151,1.542940,1.506812,1.418700,-4.785000,6.203700,-1.045812,1.066641,0.932180,567.620399,2.433072,268.374293,4.595438,5.018466,821.233897,226.446815,102.810066,40.973591,0.388230,3.943009,9.996736,2.458118,6.042345,10.294517,18.762439,5.744737,13.017702,1.115685,1.135692,1.841809,26494.271319,1.664061,2489.320053,5.579326,5.390224,1555.716624,495.620280,249.330014,161.243412,0.478290,4.079413,-10.299849,19.847134,393.908747,22.360582,39.881000,-56.119000,96.000000,0.252456,-0.411815,15.854993,124998.907414,0.455485,4623.867207,5.173123,5.320930,14070.871346,4981.252292,1590.990377,932.462119,0.438008,4.088396,-49.788917,54.342172,2953.071607,73.702156,70.206000,-189.730000,259.936000,-0.473664,-0.471809,44.565662,1358001.960839,0.204393,14017.404040,4.594608,5.523279,34663.991401,8209.596225,3730.844400,2309.598875,0.427394,3.918090,-1.923731,30.125206,907.528035,30.186566,68.687000,-93.204000,161.891000,-0.418981,0.740037,21.997556,227807.193578,0.291836,5487.697560,4.303954,5.005512,19256.474414,2969.669213,1680.008546,938.417156,0.359692,3.769303,68.935628,45.728671,2091.111381,82.723831,194.218089,2.545838,191.672252,0.706967,-0.437383,37.884953,1710808.061831,0.264336,17180.630067,4.984065,5.687885,30816.544621,7548.730278,3600.553269,2574.177800,0.468646,4.029471,-0.303014,0.534224,0.285395,0.614177,0.730850,-1.084900,1.815750,0.319813,-1.272360,0.481822,94.303276,2.658079,131.799124,4.161926,6.139063,220.828133,30.665710,19.070907,15.517069,0.430084,3.490243,-0.651238,0.089977,0.008096,0.657424,-0.468250,-0.869050,0.400800,-0.124232,-0.185691,0.069284,108.051697,-27.512077,162.080325,6.539964,7.821404,39.267342,6.307934,5.275004,7.529161,0.487351,3.803361,-0.298772,0.512896,0.263062,0.593571,0.622810,-0.973680,1.596490,0.643878,-0.984561,0.437651,88.081613,1.619531,136.081201,2.362128,4.984288,156.916411,9.034809,5.654750,4.925778,0.218963,2.439986,1.072255,0.109620,0.012017,1.077843,1.325171,0.910618,0.414553,0.430751,-0.638427,0.089378,290.436586,-24.283037,266.929607,5.701969,6.870507,58.727056,10.793240,7.722488,8.546108,0.521631,3.951900,6.000000
-2.257315,1.220690,1.490083,2.566234,1.107400,-5.912500,7.019900,0.234789,0.517166,0.926007,1646.388921,2.205752,579.104630,5.579696,5.329706,799.823138,291.205427,168.281381,68.611663,0.461007,4.142061,-9.814603,2.565187,6.580186,10.144290,-5.309100,-18.094000,12.784900,-0.990659,0.427837,1.966498,25726.655525,1.729595,2443.102950,5.585453,5.319787,1612.236217,531.193562,279.119934,157.863403,0.455651,4.074583,-0.825434,1.020413,1.041243,1.312472,1.418700,-4.785000,6.203700,-0.525070,0.945157,0.785283,430.645949,2.271114,258.398677,5.181610,5.198303,657.082677,239.228008,109.109968,41.037519,0.429014,4.049464,10.217716,2.610182,6.813050,10.545841,18.762439,5.744737,13.017702,1.030923,0.499083,1.994374,27803.690396,1.672615,2543.559893,5.589637,5.307333,1619.346668,535.879742,280.520399,157.106215,0.445856,4.062086,-8.052342,18.224552,332.134288,19.924219,39.881000,-64.565000,104.446000,0.165450,0.278941,14.458955,99243.625980,0.409517,4114.954517,5.438424,5.397875,12094.648668,4729.829223,1918.518120,842.952288,0.467604,4.123817,-37.363228,56.794309,3225.593576,67.982383,84.653000,-189.730000,274.383000,-0.319547,-0.358838,45.243573,1155401.086627,0.196064,12938.304460,4.617081,5.411064,38747.060238,8711.138703,3904.424322,2410.558617,0.423811,3.957344,-2.986886,22.032775,485.443188,22.234313,44.633000,-53.541000,98.174000,-0.276422,-0.307472,17.199843,123591.169384,0.449834,4316.988379,4.745605,5.206831,15280.731875,2692.805720,1632.323404,898.809925,0.405868,3.927670,62.418376,40.210570,1616.889924,74.249199,194.218089,2.545838,191.672252,0.868370,0.083487,32.129159,1378235.881992,0.258216,15555.876966,5.390166,5.796366,27218.528076,7823.576889,3761.710224,2626.953568,0.509180,4.108008,-0.490650,0.396374,0.157113,0.630754,0.258800,-1.084900,1.343700,0.384573,-1.309523,0.355218,99.462530,1.158899,132.067266,3.662880,5.888156,164.082404,19.115320,11.865966,9.751411,0.367110,3.294891,-0.766135,0.222015,0.049291,0.797655,-0.468250,-1.242100,0.773850,-0.775284,-0.544798,0.179577,159.063525,-5.544378,190.843355,4.317196,6.870077,76.375653,7.274501,5.243884,7.284630,0.338066,3.122326,0.109202,0.617081,0.380789,0.626669,0.822370,-0.973680,1.796050,-0.254879,-1.621665,0.582154,98.178509,1.120833,147.456178,4.725249,6.411865,268.069704,44.124136,28.077094,22.217380,0.495872,3.701824,1.185410,0.147039,0.021621,1.194495,1.531945,0.972231,0.559714,0.633538,-0.529612,0.122059,356.704564,-12.253012,295.256711,4.899688,6.917482,58.990054,7.028374,6.474273,6.449515,0.414949,3.458869,6.000000
-2.033110,1.125268,1.266227,2.323739,0.736470,-5.912500,6.648970,0.033869,0.553371,0.866390,1349.940625,2.271854,517.508999,4.312814,5.061233,724.329624,148.892135,64.809784,34.516666,0.351136,3.798045,-9.649012,1.740346,3.028804,9.804704,-6.411600,-16.768000,10.356400,-1.410508,2.563986,1.203453,24033.057117,1.721335,2402.472750,5.104888,4.762752,1097.366192,384.020880,174.766409,54.269091,0.371424,3.997464,-0.882074,0.934928,0.874090,1.285358,1.640700,-2.882200,4.522900,0.089929,-0.753724,0.779735,413.036344,2.881256,265.495769,4.647335,5.462800,585.226953,168.700134,62.223484,40.795707,0.412800,3.930808,9.997477,1.798498,3.234596,10.157959,17.201138,6.538789,10.662349,1.309078,2.272926,1.248154,25796.034086,1.719227,2489.294044,5.129447,4.777323,1100.113750,394.015531,174.045384,55.830569,0.371690,3.979693,-13.632168,18.376573,337.698422,22.880875,30.987000,-64.565000,95.552000,0.118399,-0.351711,14.976375,130883.605890,0.447173,4801.710530,3.962994,4.841341,11840.615854,2499.261611,880.416365,490.334311,0.346728,3.796712,-53.135632,54.210297,2938.756308,75.908838,84.653000,-147.310000,231.963000,0.349217,-0.537688,44.846315,1440537.922987,0.228829,15820.612590,3.279221,4.337967,33353.620417,4348.987211,1653.659756,904.222198,0.268226,3.560549,-3.248804,22.850968,522.166738,23.080760,44.633000,-53.541000,98.174000,-0.122066,-0.692616,18.823948,133180.366992,0.456947,4718.380109,3.387946,4.520721,16144.199137,1390.653901,678.736753,481.661994,0.270563,3.596533,73.716381,37.206220,1384.302810,82.573649,148.097075,12.015342,136.081733,0.195000,-1.151295,32.408209,1704601.895869,0.356386,18348.368429,4.075606,5.002595,21336.075760,5133.281918,1591.451453,917.757305,0.335612,3.719241,0.041789,0.377608,0.142587,0.379913,0.590060,-1.068300,1.658360,-0.844599,0.618569,0.280035,36.083448,0.994788,71.925449,4.323361,6.181588,178.951544,25.347259,16.556138,13.607274,0.447220,3.614935,-0.826834,0.176691,0.031220,0.845502,-0.599210,-1.242100,0.642890,-1.107414,-0.013769,0.138844,178.718490,-12.091921,206.013045,4.763302,7.001381,71.489793,7.785932,6.431577,7.190896,0.391670,3.404364,0.371684,0.528711,0.279535,0.646285,0.822370,-0.914470,1.736840,-1.364676,0.351919,0.427133,104.421009,-0.374516,152.964893,4.295557,6.244352,238.470119,34.050370,21.573597,17.624827,0.449519,3.572736,1.116307,0.175361,0.030752,1.129996,1.531945,0.910792,0.621153,0.892868,-0.334361,0.141560,319.222947,-11.139327,277.841963,4.644913,6.844860,61.902956,7.937537,5.852133,5.871153,0.400151,3.322077,6.000000
-2.065010,0.961821,0.925099,2.278018,1.710100,-4.266100,5.976200,0.674274,1.053384,0.731027,1297.341749,2.183561,522.659133,4.877120,5.249821,677.262248,184.105233,88.185956,42.991933,0.425490,4.036303,-9.434179,2.344902,5.498567,9.721229,-5.503800,-18.645000,13.141200,-1.390355,1.869234,1.688149,23625.574160,1.576209,2347.202150,5.808715,5.308358,1313.815302,563.554974,237.049853,104.916786,0.465033,4.051689,-0.496066,0.929960,0.864826,1.053996,1.640700,-2.882200,4.522900,-0.381835,-0.651129,0.778659,277.726859,2.819047,204.235075,5.412268,5.649187,543.801767,209.050957,95.182335,44.251853,0.459870,4.036089,9.775314,2.290372,5.245802,10.040048,18.717638,6.084451,12.633188,1.365431,1.819303,1.658418,25200.642768,1.627282,2432.271900,5.867081,5.376232,1288.634568,550.970397,240.390748,106.631940,0.470944,4.065435,-7.981263,18.135411,328.893148,19.813977,31.291000,-49.179000,80.470000,-0.121778,-0.713207,15.187094,98148.425495,0.528869,3997.329700,4.246418,4.640054,11669.646919,3334.127390,1220.317500,345.742609,0.326318,3.859464,-40.969863,50.291619,2529.246949,64.867377,58.596000,-145.740000,204.336000,-0.124042,-0.917135,42.380784,1051944.152515,0.256779,12838.957750,4.221501,5.320099,30208.782931,6260.548103,2116.499423,1644.028910,0.363453,3.779230,0.756190,17.427436,303.715511,17.443834,37.841000,-34.253000,72.094000,-0.069584,-0.826246,14.672877,76071.833427,0.582176,3669.742260,4.257594,5.196391,12386.829386,2090.535409,1028.376201,581.997152,0.362260,3.861826,59.349660,37.178965,1382.275460,70.033261,146.366738,5.555717,140.811021,0.594970,-0.918618,31.773209,1226164.411437,0.341794,14788.820820,4.542939,5.406295,21184.480916,5456.194234,2012.011854,1266.007681,0.387657,3.841382,-0.137400,0.458147,0.209899,0.478307,0.590060,-0.786750,1.376810,0.202961,-1.463393,0.419705,57.194353,1.164537,107.118039,4.685741,6.376185,182.024412,30.182425,20.012419,14.535519,0.486057,3.633608,-0.667897,0.067918,0.004613,0.671341,-0.529760,-0.869050,0.339290,-0.377184,-0.320464,0.053620,112.674749,-39.811678,166.254965,7.499705,7.983787,31.861851,6.984731,6.396468,7.880154,0.568575,4.067100,-0.327527,0.584494,0.341634,0.670006,0.690790,-0.940790,1.631580,0.746994,-1.055287,0.512262,112.226868,0.271801,157.366258,3.873701,5.976006,224.670427,29.039763,17.765744,13.541429,0.404583,3.355137,1.058220,0.092486,0.008554,1.062254,1.244378,0.910792,0.333586,0.157211,-0.992924,0.077979,282.095970,-34.505757,263.500752,6.369168,7.582185,34.452169,6.219023,6.006276,6.457793,0.525330,3.768147,6.000000
-2.114657,0.799592,0.639347,2.260779,1.710100,-4.259100,5.969200,0.893107,3.493693,0.592042,1277.779937,1.914833,535.249434,4.956709,5.100591,559.977636,169.319750,76.606122,33.477058,0.404334,4.029195,-9.739480,2.625413,6.892796,10.087134,-5.503800,-18.645000,13.141200,-1.009825,0.352202,2.051329,25437.566567,1.676192,2426.466550,5.420430,4.836380,1543.477579,564.600565,240.102618,92.443223,0.400075,3.948351,-0.458349,0.917255,0.841356,1.025398,1.395000,-2.731700,4.126700,-0.355136,-0.794875,0.775637,262.860046,2.990639,204.539415,4.991797,5.065772,604.962960,214.138413,99.376209,30.919034,0.402449,4.054437,10.063545,2.576410,6.637887,10.388110,18.717638,6.084451,12.633188,1.016408,0.342927,2.006101,26978.206551,1.727739,2507.316395,5.412564,4.868771,1543.634069,551.572896,241.814680,93.453743,0.414095,3.975714,-6.019428,16.924523,286.439482,17.963101,31.291000,-78.141000,109.432000,-0.573678,1.941181,12.891139,80668.248890,0.383049,3449.676096,5.544838,5.529952,11071.413393,4348.292077,1542.900126,875.429383,0.507323,4.140123,-35.398527,45.876999,2104.699018,57.946137,58.596000,-145.740000,204.336000,0.073974,-0.751028,38.219729,839438.687798,0.252977,11793.078940,4.832446,5.661961,29276.309490,7329.959306,2330.390353,1907.618562,0.451899,3.970044,1.094103,23.565604,555.337699,23.590989,72.560000,-83.970000,156.530000,-0.260058,1.944264,17.710145,139133.689819,0.287986,4412.811686,4.054890,4.710849,16279.423235,1904.229493,965.116829,580.733725,0.317058,3.705637,57.092454,31.263624,977.414214,65.091954,146.366738,5.555717,140.811021,0.474001,-0.706970,26.392301,1059240.626507,0.337993,14192.691886,4.192737,4.911670,20122.099294,5196.436310,1094.930711,823.841627,0.342677,3.832085,-0.507967,0.287559,0.082690,0.583712,0.142860,-0.960660,1.103520,0.453297,-0.704963,0.235753,85.180068,-0.027258,129.165657,2.856823,5.397737,108.755556,5.931052,4.389522,4.313616,0.244517,2.874853,-0.718889,0.111220,0.012370,0.727442,-0.529760,-0.940480,0.410720,-0.281527,-1.159194,0.097659,132.292801,-23.663124,179.053590,6.421268,7.494605,39.636961,9.020078,5.752463,8.221471,0.521595,3.791853,-0.081448,0.691294,0.477887,0.696075,0.859650,-0.940790,1.800440,0.191567,-1.699676,0.649606,121.130153,0.814080,164.072450,4.669988,6.377854,291.058660,49.415489,30.545850,23.866060,0.491994,3.673593,1.160419,0.088538,0.007839,1.163792,1.362063,0.995016,0.367048,0.386118,-0.769792,0.074166,338.603022,-30.157413,289.019054,6.241533,7.756211,33.131309,4.712845,4.827055,6.498564,0.465500,3.616662,6.000000
-2.305308,0.817487,0.668284,2.445962,0.020230,-4.800700,4.820930,-0.661084,0.247786,0.651229,1495.682567,2.373799,574.251360,4.787559,5.123696,538.189244,161.093784,69.938492,30.706239,0.398438,3.968016,-9.718712,1.840572,3.387706,9.891465,-6.309100,-16.340000,10.030900,-0.864867,0.990084,1.371386,24460.269204,1.933737,2417.038100,5.249107,4.979004,1200.346281,453.047107,136.423163,61.364099,0.422577,4.028053,-0.858539,1.079930,1.166248,1.379615,1.094600,-3.877300,4.971900,-0.367755,-0.419463,0.887137,475.834480,2.838562,270.876255,4.079674,4.929528,690.645308,154.306524,68.024938,24.137485,0.348093,3.805068,10.108767,1.881480,3.539966,10.282371,16.650316,6.570395,10.079920,0.754463,0.742790,1.400816,26431.786251,1.946585,2514.298917,5.228565,5.017668,1225.828858,455.245879,140.764394,62.972311,0.424899,4.023556,-11.015777,21.382820,457.224992,24.053530,30.832000,-78.141000,108.973000,-0.322245,0.127653,16.568407,144643.081579,0.404705,4769.325388,4.498385,5.207103,15381.566550,3056.178055,1245.117245,812.194496,0.416451,3.928153,-54.058533,54.618919,2983.226263,76.847585,56.568000,-218.250000,274.818000,0.009528,-0.052762,44.349393,1476387.818796,0.193342,16020.597640,2.879015,3.659760,33434.923323,5906.309793,948.477928,567.083819,0.197973,3.481973,1.121162,35.814263,1282.661450,35.831808,72.560000,-92.410000,164.970000,-0.405703,-0.056497,27.727939,320979.613453,0.296431,6937.514421,3.347635,4.132279,23866.652875,2677.230536,699.464738,581.052921,0.244481,3.532162,79.380176,38.299213,1466.829742,88.136497,229.098815,8.974957,220.123858,0.822481,1.538431,30.026822,1942010.513828,0.226810,19751.627052,3.525887,4.126514,26576.183439,5130.287886,1326.673350,594.850254,0.267575,3.709249,-0.067784,0.503237,0.253247,0.507781,0.706000,-0.960660,1.666660,-0.394321,-1.006914,0.413314,64.460503,1.998862,102.318848,4.132513,6.073929,230.062400,32.218172,19.595195,14.859888,0.431577,3.552289,-0.761540,0.080638,0.006502,0.765797,-0.595240,-0.940480,0.345240,-0.306059,-0.846002,0.068682,146.611282,-34.463509,189.655755,7.339996,7.939404,37.276008,7.467338,6.835699,8.170556,0.575241,4.042057,0.468780,0.367397,0.134981,0.595597,0.859650,-0.622810,1.482460,-1.091974,0.282627,0.290415,88.683919,-0.432666,134.974734,2.553310,5.101698,136.890691,8.004003,4.906057,4.445280,0.237091,2.775822,1.086456,0.136512,0.018636,1.094999,1.362063,0.892822,0.469241,0.336782,-1.075756,0.114927,299.755704,-18.108066,270.543314,5.472850,7.508196,40.665258,5.528436,5.380347,4.656782,0.429042,3.286575,6.000000
-2.428611,0.800884,0.641414,2.557257,0.020230,-4.903600,4.923830,-0.550027,0.567190,0.602458,1634.891452,2.303819,605.702310,6.358933,5.947094,516.972677,224.966738,110.947907,62.238171,0.581446,4.270377,-9.538277,1.995422,3.981707,9.744765,-6.279300,-17.249000,10.969700,-0.980708,0.852495,1.531596,23740.109747,1.823336,2374.200750,6.147878,5.970836,1280.272648,438.648713,171.585356,141.242504,0.535385,4.160422,-0.528570,1.167023,1.361944,1.281144,6.388100,-3.877300,10.265400,0.133011,4.408066,0.898091,410.332430,1.443849,224.887097,8.739975,7.758922,697.579862,245.162116,206.498360,198.293555,0.771172,4.483349,9.953863,2.015427,4.061945,10.155852,17.602666,6.756248,10.846418,0.930008,0.630563,1.556742,25785.333629,1.844018,2477.917816,5.905776,5.614407,1265.474184,445.044966,195.568494,123.254238,0.514600,4.126407,-8.329155,22.220498,493.750537,23.730263,71.611000,-62.362000,133.973000,0.097654,0.303805,17.453114,140781.342000,0.334391,4703.207315,5.683494,6.044584,15410.907942,5546.900721,1673.338181,1693.233061,0.514878,4.169150,-37.538284,56.892310,3236.734947,68.160529,92.494000,-218.250000,310.744000,-0.588094,0.334302,44.040050,1161464.434836,0.174464,13047.665590,3.756797,4.674858,38319.674348,7782.916912,2156.177527,1335.237364,0.334018,3.767094,0.151786,31.724454,1006.441010,31.724818,67.106000,-92.410000,159.516000,-0.468699,0.430025,23.737444,251616.012359,0.300676,5920.751220,4.026753,4.875148,19950.754379,3310.766121,1211.233965,692.312658,0.326371,3.666845,65.963218,43.177552,1864.300977,78.838107,229.098815,3.586182,225.512633,1.205679,1.490719,34.044088,1553861.789196,0.222650,16433.618181,4.229312,4.990491,29279.911403,7052.215657,1804.277501,1579.106759,0.369818,3.865851,-0.009971,0.433234,0.187691,0.433348,0.706000,-0.768120,1.474120,-0.178377,-1.176398,0.369677,46.947677,2.217640,91.870636,3.705338,5.960751,138.866268,15.958641,9.369134,8.230385,0.370674,3.107158,-0.679421,0.075192,0.005654,0.683569,-0.470240,-0.847220,0.376980,0.495567,-0.041424,0.059981,116.816530,-32.537663,169.176580,7.892374,8.059168,34.449141,7.870438,8.259687,7.832018,0.625712,4.125376,-0.211377,0.651280,0.424165,0.684723,0.837720,-0.958330,1.796050,0.320686,-1.637398,0.617593,117.211423,1.140174,160.254274,4.381904,6.258670,265.616553,40.241742,24.868644,19.454244,0.459578,3.562508,1.054278,0.111355,0.012400,1.060143,1.345857,0.892822,0.453035,0.630393,-0.168421,0.089043,280.975631,-21.866991,262.527928,5.930643,7.607462,39.121699,5.755696,5.986605,5.297028,0.458922,3.562715,6.000000
-2.526032,0.731753,0.535462,2.629886,-1.113700,-4.903600,3.789900,-0.438918,-0.195273,0.582142,1729.075000,2.746977,629.240400,6.376848,6.214914,470.006851,189.401790,104.123671,59.625178,0.601356,4.277469,-9.527922,2.178877,4.747506,9.773884,-6.169100,-18.835000,12.665900,-1.284859,1.767683,1.593484,23882.200834,1.579185,2371.184500,6.225968,5.844170,1361.038867,452.479853,288.251965,138.434965,0.540006,4.177435,-0.391300,1.024750,1.050112,1.096917,6.388100,-3.043300,9.431400,0.529870,6.958982,0.755713,300.806945,1.386479,192.627802,9.137935,7.786869,606.888812,256.879219,208.712070,197.150321,0.801948,4.546766,9.957952,2.118378,4.487525,10.180782,19.111432,6.937337,12.174095,1.373776,1.986504,1.533265,25912.082780,1.574148,2478.442236,5.977900,5.459664,1316.701647,457.774965,301.883522,118.061195,0.496192,4.150071,-10.941440,18.470746,341.168459,21.468199,71.611000,-58.193000,129.804000,0.561999,1.782863,14.167044,115220.890972,0.332204,4219.665900,6.517157,6.227045,12422.748866,5521.177196,2134.888170,1776.550493,0.585282,4.296094,-44.780376,48.564598,2358.520166,66.059081,92.494000,-174.900000,267.394000,-0.203911,-0.047347,37.496008,1090950.552178,0.196716,13222.114860,3.979745,5.065955,30873.498966,5664.037340,1986.755678,1271.418555,0.355957,3.761309,-1.035781,16.574259,274.706072,16.606593,36.127000,-49.557000,85.684000,-0.337974,-0.268042,13.552811,68944.728754,0.490354,3356.230840,4.781253,5.299175,11166.861145,2547.203576,1002.296295,418.470199,0.396358,3.922646,60.206419,38.414214,1475.651804,71.417538,179.312333,3.586182,175.726152,0.875968,-0.101247,31.156342,1275116.171905,0.276467,14989.156646,4.696483,5.521017,26143.315568,6170.512498,2154.051740,1745.763674,0.414465,3.962599,-0.479230,0.337385,0.113829,0.586080,0.291930,-1.082800,1.374730,0.216626,-0.678676,0.271953,85.872547,1.374649,125.662582,3.056850,5.663735,123.223597,9.884536,5.749283,5.506018,0.265358,2.876163,-0.745294,0.192695,0.037131,0.769801,-0.470240,-1.242100,0.771860,-1.080347,0.019888,0.153740,148.148438,-7.918626,185.475185,4.764535,7.133280,75.482043,8.722208,6.163268,7.369936,0.392554,3.380659,-0.298386,0.651336,0.424239,0.716431,0.853070,-0.958330,1.811400,0.814611,-1.028965,0.571167,128.318196,0.635247,169.787229,4.367368,6.223089,278.571652,41.499234,26.832041,20.520427,0.459108,3.584268,1.194813,0.147574,0.021778,1.203892,1.562919,0.981053,0.581866,0.689717,-0.384341,0.124287,362.339181,-12.053063,297.566319,4.962247,7.131773,56.980915,7.781248,5.101444,6.105590,0.420075,3.443543,6.000000
-2.295854,0.865730,0.749488,2.453658,-0.473460,-4.869400,4.395940,-0.373798,-0.246812,0.691489,1505.108926,2.828417,572.136060,4.603299,4.973525,569.088335,182.751250,63.061579,30.302520,0.389680,3.974483,-9.582764,2.103545,4.424901,9.810926,-6.073200,-18.835000,12.761800,-1.270947,1.856536,1.500486,24063.566638,1.544385,2385.351050,5.382947,5.056546,1458.814341,436.862954,276.250569,98.005617,0.441919,4.107426,-0.597542,0.867068,0.751807,1.053026,0.931170,-3.043300,3.974470,-0.517402,-0.016538,0.698801,277.215760,2.941360,205.631940,4.827461,5.127731,534.131678,163.713161,91.861781,31.990568,0.400515,3.977438,9.950583,2.090325,4.369459,10.167771,19.111432,6.150163,12.961269,1.269297,1.892734,1.490816,25845.891323,1.551936,2477.095669,5.371970,5.041796,1441.871370,429.067350,275.152927,96.927989,0.441308,4.101247,-9.381179,19.555548,382.419446,21.689305,39.630000,-63.985000,103.615000,-0.252889,0.108279,15.573805,117606.491875,0.420167,4202.662452,4.054117,4.377068,13849.138319,3096.000314,1220.889939,463.462532,0.312473,3.840209,-42.215850,53.258470,2836.464607,67.960596,77.529000,-142.880000,220.409000,-0.022115,-0.623070,41.976179,1154660.644371,0.235133,13953.118320,2.650661,3.577601,33119.623008,3859.332577,1024.567367,428.958973,0.185901,3.403904,-0.784054,28.779319,828.249179,28.789997,71.337000,-89.292000,160.629000,-0.199271,0.403437,22.397682,207215.979809,0.295867,5567.388004,3.267558,4.064415,18667.772781,1911.229521,594.353653,447.715751,0.229747,3.475601,67.492391,36.914896,1362.709556,76.928099,144.715744,9.059793,135.655950,0.648563,-0.784136,31.177992,1479483.116056,0.350832,16825.050340,3.279573,4.006676,22541.512029,4027.863801,1154.512928,465.528160,0.242257,3.574146,-0.247354,0.436820,0.190811,0.501992,0.412010,-1.082800,1.494810,-0.490333,-1.057748,0.386278,62.998902,1.596464,92.333385,4.294492,6.182182,189.196577,27.805559,16.880007,13.473935,0.444332,3.568594,-0.795817,0.175853,0.030924,0.815015,-0.571430,-1.242100,0.670670,-0.853011,-0.362235,0.149435,166.062354,-9.524574,198.312465,4.890764,7.149449,70.093150,7.661526,6.558067,6.918041,0.388779,3.412464,0.451000,0.473329,0.224040,0.653790,0.853070,-0.596490,1.449560,-1.260790,-0.060038,0.389847,106.860259,-2.282099,155.592124,4.412645,6.254237,214.450721,32.423528,20.240655,16.357393,0.461460,3.619871,1.146600,0.170280,0.028995,1.159175,1.562919,0.923262,0.639657,0.757661,-0.366207,0.139989,335.921516,-9.973993,285.671790,4.409139,7.013597,55.428756,5.487125,4.144297,5.070806,0.331017,3.075408,6.000000
-2.183422,0.690188,0.476359,2.289910,-0.473460,-4.869400,4.395940,-0.217140,1.017949,0.523249,1310.922362,2.276294,542.854610,5.183198,5.178188,454.569713,170.972684,66.356287,27.090968,0.432508,4.077964,-9.492238,2.027647,4.111351,9.706387,-5.704800,-15.755000,10.050200,-0.934258,0.696214,1.493868,23553.485316,1.965468,2362.570700,5.173568,4.632017,1264.952310,484.913449,208.985176,49.194805,0.396442,4.012626,-0.732603,0.939775,0.883178,1.191589,0.931170,-3.214200,4.145370,-0.664027,-0.208159,0.767547,354.971248,2.985491,222.843941,4.246241,4.806864,599.158908,151.741175,63.679305,24.587442,0.328936,3.842458,9.833134,2.046215,4.186996,10.043780,16.054310,6.150163,9.904147,0.900970,0.618230,1.522745,25219.378926,2.003778,2447.370469,5.194148,4.646324,1257.989841,482.664139,209.421757,49.644549,0.395525,4.002201,-10.057808,21.128616,446.418401,23.400383,39.630000,-63.985000,103.615000,-0.228742,-0.108982,16.615328,136894.477777,0.425999,4530.828140,3.975584,4.483552,14645.349548,2878.876030,1176.479181,440.396552,0.309994,3.791847,-38.099866,53.057806,2815.130786,65.320216,97.162000,-135.380000,232.542000,0.192349,-0.632487,41.649619,1066682.646007,0.224223,13757.049630,4.040758,5.445210,31088.559151,4478.702891,2293.931616,1511.138145,0.380964,3.702772,0.090489,32.555225,1059.842663,32.555351,75.277000,-89.292000,164.569000,0.010879,-0.214929,26.508850,264962.712836,0.293928,6612.694584,3.096541,3.911547,21034.249800,1808.174840,598.985169,497.757782,0.219900,3.433656,68.609631,34.159594,1166.877850,76.643065,150.041122,9.059793,140.981329,0.679040,-0.661839,29.021141,1468539.836620,0.332473,17088.463742,4.608659,5.750350,20157.426869,4620.747083,1965.829257,1196.567286,0.441459,3.865409,0.033085,0.388736,0.151115,0.390141,0.718430,-0.931680,1.650110,-0.821986,0.429847,0.284089,38.052478,1.484852,72.455442,3.824235,5.887199,176.241638,20.928120,13.731134,10.809058,0.390669,3.441412,-0.716619,0.105511,0.011133,0.724345,-0.440480,-0.948410,0.507930,0.056512,-0.040688,0.081924,131.168752,-19.373400,178.444385,6.398300,7.074823,63.266066,15.745544,8.902421,9.323880,0.592409,4.165130,0.072886,0.701897,0.492660,0.705671,0.846490,-1.002200,1.848690,-0.390308,-1.665675,0.662786,124.492985,0.558619,167.984702,4.582300,6.364604,288.966562,47.342866,29.060034,23.242704,0.481614,3.626857,1.077830,0.114631,0.013140,1.083908,1.439346,0.923262,0.516085,1.063209,1.064923,0.083554,293.714215,-20.262998,268.228468,5.040670,7.151691,44.719178,5.132207,4.408084,5.681593,0.400372,3.444072,6.000000
-2.662065,0.682204,0.465402,2.748089,-1.477200,-5.086700,3.609500,-0.942084,0.951618,0.525594,1887.997722,2.616167,662.669750,5.019439,5.325931,492.923252,152.341409,62.263705,29.882777,0.418297,4.080388,-9.490124,2.251017,5.067076,9.753437,-5.644300,-18.875000,13.230700,-1.307724,2.329707,1.614235,23782.384256,1.560511,2363.411650,5.452593,4.739717,1381.592117,574.115879,276.556641,65.664442,0.377261,4.042344,-1.054865,1.071959,1.149096,1.503940,0.471240,-4.756000,5.227240,-0.872131,0.189577,0.880348,565.459012,2.511590,274.127177,5.405698,5.597230,746.433453,240.606405,123.394724,49.947494,0.473163,4.125910,9.995381,2.244040,5.035715,10.244187,19.364096,6.187951,13.176146,1.357089,2.415993,1.621607,26235.840990,1.557037,2488.752251,5.402678,4.706758,1403.444369,568.154875,280.922441,66.805250,0.385329,4.054364,-13.922155,18.796267,353.299654,23.390726,29.051000,-58.792000,87.843000,0.022644,-0.359859,15.174085,136781.512249,0.488763,4745.354250,4.804029,5.103840,11949.883180,3520.630151,1683.904990,638.738103,0.407387,3.967419,-52.371578,56.040040,3140.486071,76.702466,141.690000,-223.050000,364.740000,0.577369,1.730293,42.040502,1470817.075844,0.147374,15855.805580,5.117639,6.074510,33648.123004,7376.745502,3592.587628,2774.482260,0.503074,3.978927,-2.671812,27.015098,729.815530,27.146899,75.277000,-62.267000,137.544000,0.505150,0.042879,21.984152,184238.527974,0.338062,5541.245090,3.504346,4.232836,19701.224848,1859.623408,690.063864,600.448036,0.254389,3.592237,73.661375,41.729489,1741.350261,84.660194,224.973356,6.577804,218.395553,0.718167,-0.021724,35.805749,1791837.116067,0.228642,18281.617378,5.739320,6.302006,26655.216534,7488.783227,3515.811894,2743.233165,0.562164,4.132540,-0.387784,0.521876,0.272355,0.650178,0.718430,-1.132500,1.850930,0.649354,-0.704216,0.431652,105.682876,2.553973,146.595086,3.969339,6.073016,233.611921,29.003951,17.684160,15.131733,0.408220,3.440815,-0.661222,0.131410,0.017268,0.674154,-0.440480,-1.142900,0.702420,-1.143453,1.726097,0.098589,113.620875,-10.674697,164.403790,6.153354,7.043740,69.017308,14.781713,9.973647,9.650814,0.567158,4.048596,-0.463193,0.457077,0.208919,0.650744,0.532890,-1.002200,1.535090,0.853199,-0.705615,0.388186,105.866796,1.020175,147.688661,1.470604,3.843877,144.627748,3.256174,1.933111,2.287164,0.105134,2.085641,1.133230,0.128342,0.016472,1.140475,1.439346,0.932724,0.506623,0.714389,-0.505704,0.104246,325.170548,-16.666069,282.134873,5.821590,6.874461,67.656382,13.576841,8.910374,8.665649,0.548824,3.999104,6.000000
-2.593599,0.890326,0.792680,2.742159,-0.880580,-5.662700,4.782120,-0.796863,0.587477,0.696063,1879.858699,2.576073,645.044990,4.876642,5.156322,637.803496,177.195303,67.928921,38.412991,0.417831,4.039806,-9.640909,2.360903,5.573865,9.925774,-5.644300,-18.875000,13.230700,-1.309713,1.823386,1.689667,24630.248714,1.576193,2401.487850,5.482635,4.935391,1394.745465,513.709375,235.914736,73.200640,0.405830,3.980000,-0.974339,1.296351,1.680526,1.621685,1.241200,-5.276700,6.517900,-0.987478,1.128888,0.989052,657.465651,2.337459,296.273488,4.511308,5.072371,831.771572,196.156435,119.331953,32.490943,0.369788,3.880748,10.147502,2.387153,5.698502,10.424504,19.364096,6.366108,12.997988,1.277808,1.651697,1.746776,27167.573063,1.609537,2527.501827,5.345826,4.829546,1450.085107,515.550364,242.700833,74.978035,0.395666,3.986699,-7.479993,24.218312,586.526651,25.347129,55.287000,-61.782000,117.069000,0.289005,-0.611545,19.979215,160619.236290,0.388250,5315.916070,4.710920,5.255307,17067.880393,3758.091962,1800.210274,855.067166,0.401643,3.952088,-32.181211,67.217735,4518.223881,74.524185,141.690000,-225.570000,367.260000,-0.420416,0.431988,52.097113,1388463.547891,0.151646,13873.178070,3.903794,5.193002,43210.549256,5769.606488,2582.337629,2013.972044,0.357776,3.692128,-4.306758,37.123410,1378.147576,37.372393,68.473000,-108.670000,177.143000,-0.141639,-0.355603,30.561049,349173.934234,0.280481,7691.727020,3.262023,3.971885,24324.591349,1900.860586,709.843836,502.062960,0.213784,3.420523,73.998966,46.012823,2117.179918,87.137976,228.134116,5.615668,222.518449,1.104396,0.988874,36.244468,1898256.718415,0.227705,18411.765103,3.941821,4.673686,30524.322502,7183.716243,2012.329728,1124.293233,0.329311,3.796978,-0.402086,0.378857,0.143533,0.552455,0.161490,-1.132500,1.293990,-0.255716,-1.082295,0.326510,76.301580,0.925726,107.478137,4.352958,6.301790,152.869142,21.339020,13.001917,11.326664,0.433551,3.505150,-0.729920,0.173587,0.030133,0.750277,-0.460320,-1.192500,0.732180,-0.739309,-0.387736,0.141848,140.728910,-7.073860,181.924415,4.626233,6.828860,72.426690,7.700060,6.132018,6.604045,0.374631,3.446438,0.163351,0.627262,0.393458,0.648183,0.837720,-0.916670,1.754390,-0.506176,-1.467371,0.576988,105.035327,0.951718,153.492244,4.603836,6.315945,280.186088,45.453478,28.444682,22.251861,0.485169,3.695271,1.128378,0.122582,0.015026,1.135017,1.421586,0.957204,0.464382,0.655758,-0.526722,0.099212,322.065817,-19.818985,281.000422,5.493732,7.117183,51.929160,8.607300,6.869953,6.503803,0.489128,3.713656,6.000000
-2.455458,0.845940,0.715615,2.597092,-0.642670,-5.662700,5.020030,-0.902037,1.571268,0.643654,1686.221669,2.346045,611.480990,5.468723,5.622708,549.203843,168.414798,68.628174,47.163036,0.473332,4.068362,-9.568192,2.014987,4.060173,9.778061,-6.110800,-16.608000,10.497200,-1.271777,1.556134,1.430346,23902.617777,1.785363,2380.333750,5.885610,5.576895,1357.033111,471.206513,249.401340,117.723753,0.509805,4.176016,-1.000998,1.311928,1.721154,1.650197,1.680900,-5.276700,6.957600,-0.671723,0.571708,1.010950,680.787805,2.370888,313.699483,5.460616,5.946231,846.084278,275.797592,120.536325,69.876120,0.521087,4.118440,10.047500,2.031319,4.126259,10.250781,16.986565,6.366108,10.620457,1.201549,1.388091,1.468154,26269.627250,1.820593,2499.287280,5.596507,5.358120,1361.254112,460.760400,232.926597,107.407253,0.474612,4.128495,-13.386844,29.485614,869.401448,32.382233,55.287000,-80.692000,135.979000,0.078344,-0.663676,24.429999,262152.257765,0.349863,6714.910438,3.668378,4.441024,21101.562885,3134.485460,1083.527563,727.646806,0.300673,3.738362,-44.907277,67.823128,4599.976726,81.342733,76.476000,-225.570000,302.046000,-0.148558,-0.940404,59.881927,1654160.067076,0.181698,16233.272910,4.607283,5.784366,44884.185688,7434.564255,4027.562654,2817.976803,0.460804,3.928545,0.049508,38.353547,1470.994601,38.353579,91.926000,-108.670000,200.596000,-0.021132,0.056649,30.170193,367749.263115,0.250506,7539.559500,3.198734,4.049493,23773.215574,2218.744542,735.278844,502.794313,0.224172,3.436655,84.858973,43.990920,1935.201020,95.583714,228.134116,5.615668,222.518449,0.470012,-0.069734,36.555120,2284061.587956,0.231348,21087.618187,5.615953,6.222528,30549.410273,7385.347880,3766.292047,2841.936218,0.530171,4.123914,-0.022542,0.313538,0.098306,0.314348,0.616980,-0.552800,1.169780,0.091188,-0.663281,0.248523,24.703625,0.137201,61.283667,2.555455,5.111501,132.737786,5.670995,4.665614,4.005430,0.199674,2.843064,-0.752174,0.134551,0.018104,0.764113,-0.559520,-1.192500,0.632980,-1.067210,0.721187,0.102201,145.967351,-12.394564,187.164470,5.971261,6.901272,75.644638,18.119511,11.804094,8.934373,0.550840,4.058558,0.231017,0.651847,0.424904,0.691573,0.837720,-0.960530,1.798250,-0.811216,-1.145035,0.588712,119.568242,-0.509877,166.240029,4.502545,6.295697,277.735659,43.817571,27.430537,21.732423,0.472822,3.615858,1.071739,0.111050,0.012332,1.077477,1.421586,0.909043,0.512542,0.661345,0.051468,0.092560,290.239218,-18.840067,266.639279,5.742881,7.227387,41.490298,8.409426,5.988728,5.152386,0.491856,3.716565,6.000000
-2.742460,0.689278,0.475104,2.827754,-0.642670,-5.373400,4.730730,-0.112051,0.965323,0.525489,1999.047651,2.138453,682.716400,5.714644,5.614410,458.315207,162.464875,69.903496,50.614947,0.503499,4.145040,-9.511629,2.537525,6.439035,9.844294,-5.570100,-17.884000,12.313900,-1.041099,0.335772,1.974008,24227.531254,1.735459,2368.693500,5.274427,4.835154,1553.076785,576.072359,231.115675,105.828422,0.400827,3.998193,-1.017131,1.129508,1.275788,1.519981,1.680900,-3.798800,5.479700,-0.189376,-0.583395,0.925131,577.585914,2.721170,304.257339,4.612588,5.086105,738.732127,204.817428,98.152066,39.643712,0.393164,3.943837,10.055770,2.469444,6.098153,10.354548,18.211738,6.237707,11.974031,1.053977,0.359917,1.920923,26804.164819,1.768597,2504.185526,5.285260,4.873429,1529.669903,554.399405,232.649384,107.766066,0.412029,4.014525,-14.069797,23.732892,563.250160,27.590023,37.077000,-80.692000,117.769000,-0.570150,-0.062171,18.932631,190302.338948,0.383852,5190.552925,3.668473,4.275147,16572.246577,3167.981027,866.110342,506.840418,0.286135,3.759361,-49.547550,55.571124,3088.149803,74.452062,72.479000,-165.520000,237.999000,0.134634,-1.164855,49.478287,1385777.377592,0.222185,15153.603110,3.650427,4.796504,31300.462539,4856.631236,1797.302083,1411.521314,0.318552,3.609600,1.572099,27.394772,750.473532,27.439844,91.926000,-71.404000,163.330000,0.718620,1.428554,20.568828,188236.257100,0.284163,5088.857080,4.832300,5.550921,18232.202620,3542.686807,1764.663822,1214.598462,0.451745,3.944015,71.844484,43.538879,1895.633945,84.007523,168.564835,7.228516,161.336319,0.261710,-1.349821,39.476862,1764315.973640,0.304974,17881.585598,4.207929,5.250286,23168.356011,4230.381929,1847.436842,1077.455424,0.371238,3.705998,-0.285905,0.442535,0.195837,0.526858,0.616980,-1.068300,1.685280,0.648304,-0.807670,0.381379,69.394730,1.249665,119.717411,4.421006,6.289632,205.558397,31.432251,18.495052,15.305260,0.459460,3.635069,-0.637167,0.082464,0.006800,0.642481,-0.468250,-0.845240,0.376990,-0.205588,-0.180877,0.063670,103.195594,-30.965846,158.680680,6.693809,7.631372,36.946052,7.752889,6.343372,7.200447,0.512700,3.927018,-0.445211,0.514600,0.264813,0.680460,0.730260,-0.991230,1.721490,1.165207,0.039244,0.414602,115.756553,0.679392,158.995651,3.456030,5.756961,192.469251,21.167442,12.642850,9.720895,0.355666,3.136406,1.070358,0.087867,0.007721,1.073959,1.240391,0.909043,0.331347,-0.031120,-0.814889,0.071336,288.346877,-35.785703,266.496690,6.184633,7.328960,43.345055,9.714267,6.075162,6.827682,0.545927,3.976238,6.000000
-2.560291,0.938678,0.881117,2.726941,0.586820,-6.523900,7.110720,0.102788,2.733218,0.682929,1859.051691,1.840634,640.371061,4.257668,4.678625,682.129838,145.052488,49.317709,30.079097,0.340607,3.879652,-9.507351,2.358813,5.564000,9.795597,-5.570100,-17.884000,12.313900,-1.007099,0.589989,1.821363,23988.429706,1.725983,2364.783700,5.710749,5.424928,1400.646254,523.540762,229.621313,113.645457,0.471926,4.054696,-0.872610,1.040933,1.083542,1.358304,1.273700,-3.250000,4.523700,-0.313074,-0.655269,0.869330,461.247577,3.039974,264.781263,4.609480,4.800400,658.427676,233.232315,74.073013,33.918777,0.382195,3.958025,9.986180,2.347581,5.511134,10.258407,18.211738,6.237707,11.974031,1.036519,0.514235,1.824318,26308.728975,1.738263,2484.283489,5.659220,5.396820,1403.861843,523.354070,227.639994,112.024781,0.473138,4.054483,-8.502509,20.945489,438.713503,22.605445,51.127000,-71.497000,122.624000,-0.231423,-0.315222,16.944995,127751.540364,0.360761,4381.254867,3.977996,4.232441,14502.184754,3941.734266,858.287475,430.193462,0.287936,3.821846,-34.960097,56.346061,3174.878575,66.310534,145.830000,-175.900000,321.730000,0.452821,0.354461,46.469302,1099271.735718,0.166484,13360.894800,2.913296,3.461802,39628.180368,5723.862824,1033.287544,662.997662,0.190398,3.557621,-0.368325,28.023398,785.310848,28.025819,62.672000,-71.404000,134.076000,-0.007703,-0.375234,22.772250,196361.627757,0.349602,5673.677890,3.974629,4.545194,20249.717679,2963.374469,847.886087,765.369721,0.297759,3.747632,64.518465,39.126810,1530.907260,75.455547,176.933997,4.240567,172.693431,0.507823,-0.759564,34.122977,1423384.903839,0.284277,16094.874785,3.842497,4.651418,24736.283463,5190.066969,1985.510989,1051.932154,0.321124,3.749020,-0.522160,0.295492,0.087316,0.599973,-0.043478,-1.159400,1.115922,-0.221415,-0.728340,0.241054,89.991763,-0.079252,130.295807,3.256273,5.606895,124.824795,9.945454,7.254293,4.996312,0.310681,3.166278,-0.731238,0.187680,0.035224,0.754939,-0.468250,-1.131000,0.662750,-0.678272,-0.768006,0.159012,142.483386,-8.400320,182.182635,4.552245,6.797946,70.708901,8.631225,5.183483,8.945142,0.375389,3.341136,-0.007167,0.671480,0.450885,0.671518,0.811400,-0.991230,1.802630,-0.081261,-1.743077,0.638627,112.734099,0.709786,158.780688,4.739981,6.398333,293.313838,49.996575,31.428063,24.536557,0.499265,3.718486,1.168807,0.121358,0.014728,1.175090,1.473376,1.006418,0.466958,0.774201,-0.403418,0.099791,345.209248,-19.678706,291.094624,5.335511,7.277414,50.891156,6.461491,5.287837,6.704460,0.435710,3.578942,6.000000
-2.415887,1.050653,1.103872,2.634461,0.586820,-6.523900,7.110720,-0.583815,2.467465,0.746618,1735.095640,1.956550,604.213431,4.258428,4.842493,730.252907,136.813323,59.779136,34.405429,0.351261,3.844622,-9.589529,1.769030,3.129469,9.751335,-6.545900,-16.666000,10.120100,-1.208362,1.833140,1.306314,23772.134792,1.826525,2387.871850,5.029159,4.640916,1070.373896,399.616261,130.874949,61.189025,0.367771,3.943831,-0.894817,1.077392,1.160774,1.400526,1.508700,-3.021800,4.530500,0.021166,-0.598383,0.878737,490.368076,3.075832,284.199827,4.343846,4.822673,636.590218,224.808602,71.038137,27.818127,0.327244,3.833631,10.031771,1.831384,3.353966,10.197568,16.897688,6.803730,10.093958,1.181232,1.463473,1.362600,25997.598508,1.875360,2498.070723,5.042512,4.640623,1065.899403,394.659467,128.100722,62.592733,0.378544,3.915396,-15.993250,27.806316,773.191223,32.077644,51.127000,-83.582000,134.709000,-0.009641,-0.216067,22.643062,257243.818299,0.346501,6444.933440,3.812109,4.452062,17147.567227,4548.140206,986.573282,562.086181,0.295246,3.703778,-52.272683,64.197721,4121.347403,82.787564,145.830000,-175.900000,321.730000,0.692137,-0.018047,54.307890,1713445.201858,0.168535,17610.924010,3.232218,4.122067,39232.230410,5953.507742,1314.409644,915.221522,0.244060,3.520974,-1.419116,41.483516,1720.882114,41.507782,113.370000,-88.489000,201.859000,0.380539,-0.212058,33.940380,430724.000965,0.251806,8478.064680,3.402701,4.165065,24743.104775,2766.563471,873.924764,669.002455,0.241766,3.456781,89.862722,39.119602,1530.343237,98.008429,177.189790,4.240567,172.949224,-0.087021,-0.807891,33.083104,2401413.021122,0.290636,22339.468557,3.979920,4.786331,25904.459548,5978.902730,2081.849385,1080.390870,0.346228,3.823706,-0.126268,0.449293,0.201865,0.466699,0.658390,-1.159400,1.817790,-0.426329,-0.019847,0.320833,54.452065,1.681959,85.245099,3.931769,5.992799,211.212951,25.804415,16.036120,12.372895,0.398769,3.469557,-0.778452,0.156904,0.024619,0.794108,-0.527780,-1.131000,0.603220,-0.703739,-0.496638,0.125355,157.651792,-11.059531,193.992080,4.968238,7.003605,68.809605,8.382102,6.763559,8.240505,0.417222,3.558974,0.462842,0.442668,0.195955,0.640451,0.811400,-0.822370,1.633770,-1.680924,1.703030,0.338738,102.544386,-1.840489,150.449499,3.934185,6.033403,198.637028,24.784842,15.719281,12.074916,0.408642,3.460062,1.110862,0.156778,0.024579,1.121870,1.473376,0.898084,0.575292,0.707370,-0.689932,0.131977,314.648244,-12.247021,276.564435,4.684369,6.934420,53.274641,7.066454,4.597038,5.762437,0.394476,3.276016,6.000000
-2.669739,0.788646,0.621962,2.783787,-0.594020,-5.891200,5.297180,-0.572853,2.636033,0.574210,1937.367563,2.082457,664.694620,4.812075,5.298732,518.774473,139.226875,62.471498,36.994986,0.401985,3.955437,-9.526812,2.230764,4.976307,9.784501,-6.018100,-17.931000,11.912900,-1.241045,1.371843,1.665389,23934.113374,1.713422,2372.969800,5.160084,4.959663,1483.935367,397.645561,247.223476,101.594014,0.388188,4.001455,-0.617564,1.050718,1.104009,1.218768,1.508700,-3.135600,4.644300,-0.274486,-0.597604,0.860517,371.348704,3.025639,242.985792,4.623119,5.175134,691.797526,175.856451,92.893384,31.271003,0.396427,3.959109,10.006520,2.200200,4.840880,10.245551,18.209921,6.705270,11.504651,1.279488,1.362632,1.652288,26242.829641,1.749650,2492.423034,5.187610,4.953479,1426.399729,398.372796,240.700426,98.536084,0.388587,3.988045,-11.542248,28.936331,837.311275,31.153407,46.756000,-83.582000,130.338000,-0.209498,-0.285204,23.173771,242633.693810,0.361838,6187.781100,3.532204,4.524434,16943.190164,3161.409153,1038.006991,512.756038,0.278171,3.562805,-37.148789,58.439795,3415.209648,69.247687,59.817000,-161.250000,221.067000,-0.209889,-1.220010,51.488894,1198810.551319,0.240772,13751.539440,2.892779,4.164986,32622.927383,4222.316349,1227.729323,696.116494,0.226776,3.385184,-1.541820,38.635630,1492.711892,38.666382,113.370000,-88.489000,201.859000,0.386508,0.418904,30.446556,373772.275649,0.247394,7595.364398,3.270042,4.164397,21872.623917,2278.066117,683.731158,489.497609,0.227174,3.369255,74.240589,41.823450,1749.200984,85.210716,177.189790,9.013542,168.176249,0.382894,-0.927036,35.794521,1815216.520779,0.296147,18512.641277,3.241087,3.982142,23872.658098,4964.446610,1171.610265,414.497362,0.228967,3.564902,-0.201060,0.441602,0.195012,0.485219,0.658390,-0.786750,1.445140,0.479359,-1.007958,0.384199,58.859368,1.409301,104.231895,3.366174,5.708922,170.482738,16.200854,10.187775,9.333180,0.330150,3.122238,-0.624222,0.090752,0.008236,0.630785,-0.460320,-0.807540,0.347220,-0.109853,-1.136099,0.078664,99.472274,-31.847361,155.426550,6.080050,7.394885,41.300803,7.488083,6.359420,6.654555,0.468651,3.784059,-0.234579,0.666228,0.443860,0.706320,0.811400,-1.013200,1.824600,0.515781,-1.455181,0.612560,124.721967,0.923333,166.793998,4.366891,6.286609,248.255524,37.795674,22.721641,18.828068,0.456064,3.476996,1.059546,0.097860,0.009577,1.064056,1.277077,0.898084,0.378994,0.448804,-0.813492,0.083916,283.053609,-28.208820,263.874864,5.842956,7.491529,31.048101,5.447780,4.456099,4.760528,0.448795,3.455632,6.000000
-2.637233,0.857058,0.734549,2.773004,0.759260,-5.161600,5.920860,1.040138,3.364514,0.586839,1922.387294,1.896176,662.919130,5.450091,5.639261,586.682712,207.145034,89.696657,46.014067,0.498995,4.155589,-9.600926,2.318997,5.377746,9.877021,-5.178200,-18.575000,13.396800,-1.140025,1.572016,1.723879,24388.883526,1.604794,2390.992650,5.471013,4.921878,1460.551904,470.929009,316.491670,112.318479,0.419580,4.063688,-0.470310,1.263115,1.595459,1.347832,2.727700,-3.596600,6.324300,-0.153761,-0.218378,1.018367,454.162568,2.542919,263.135242,5.317299,5.846904,786.017187,196.577227,110.657999,61.547866,0.489389,4.030454,10.100986,2.243170,5.031813,10.347064,19.004658,6.097212,12.907446,1.226585,1.772365,1.683542,26765.433388,1.604752,2515.700005,5.521500,4.943048,1430.111116,474.086668,318.350726,111.269584,0.432570,4.093256,-9.048118,26.709209,713.381822,28.200182,49.023000,-78.975000,127.998000,-0.162538,-0.190883,20.648528,198812.567621,0.362310,5517.768100,4.476568,5.545786,16868.703246,3222.590691,1706.871144,977.190921,0.419394,3.860436,-53.256530,76.550388,5859.961918,93.253525,57.239000,-407.980000,465.219000,-1.608739,4.430121,57.236848,2174054.973257,0.119195,16426.519030,3.656097,4.975309,49309.055718,6587.523919,2627.046940,1992.457800,0.341412,3.691812,-1.397696,21.631401,467.917515,21.676510,45.480000,-65.723000,111.203000,-0.028388,-0.306333,17.699044,117467.767378,0.398266,4438.278248,4.064852,4.936402,14424.538211,2372.022920,686.727586,664.656817,0.336470,3.747127,76.752106,63.800122,4070.455519,99.806519,408.866221,8.921509,399.944712,2.388252,7.924529,43.871353,2490335.308255,0.129465,19107.546811,4.049973,5.189978,42913.598154,7303.380265,2423.034936,2104.654294,0.380329,3.819654,-0.521805,0.399353,0.159483,0.657087,0.664600,-1.045500,1.710100,1.753488,2.811356,0.266689,107.940949,-0.069201,155.945135,4.129834,6.103675,201.497967,25.680865,16.916088,13.482384,0.424704,3.577670,-0.686023,0.181277,0.032861,0.709570,-0.460320,-1.132900,0.672580,-1.046545,-0.039793,0.142147,125.872311,-10.060706,170.740950,4.419423,6.749327,67.158315,7.458913,6.463580,6.718592,0.347799,3.193250,-0.307764,0.576030,0.331810,0.653092,0.802630,-1.013200,1.815830,0.648848,-1.079322,0.507865,106.632154,1.983575,151.097702,4.373867,6.279281,236.163248,35.042878,22.177783,17.573174,0.457191,3.543864,1.161737,0.110226,0.012150,1.166954,1.465130,0.976171,0.488959,0.671666,-0.051772,0.088789,340.445414,-18.222830,289.309436,4.924251,6.975189,44.111429,5.685016,4.764193,5.236480,0.396214,3.434067,6.000000
-2.256835,1.333580,1.778436,2.621400,1.313600,-6.765500,8.079100,0.042800,1.705127,0.925555,1717.934673,1.925932,588.739500,6.143737,6.701594,827.077300,247.358423,125.293312,112.149642,0.566092,4.153909,-9.788473,1.983682,3.934994,9.987452,-5.178200,-18.575000,13.396800,-0.863937,1.799411,1.488586,24937.298388,1.522848,2440.467200,5.567029,5.428794,1328.987952,446.177732,211.953785,95.019206,0.494479,4.142205,-0.362790,1.523275,2.320366,1.565881,2.727700,-3.700800,6.428500,-0.264767,-0.670842,1.271919,612.995734,2.718249,310.774045,4.042780,5.081498,861.657725,185.446393,96.608742,37.271709,0.347469,3.713196,10.266796,1.914630,3.665809,10.443798,19.004658,6.097212,12.907446,0.877961,2.012099,1.450103,27268.228795,1.552612,2559.412202,5.711264,5.504050,1271.099374,442.793786,218.704450,92.066866,0.499724,4.150774,-10.179247,31.070561,965.379751,32.695517,90.998000,-78.975000,169.973000,0.781193,1.088699,23.020513,267249.205975,0.279280,6532.767328,4.492950,5.797541,19901.239291,2879.060535,1525.502228,1283.165245,0.417434,3.814170,-47.885475,96.372874,9287.730924,107.613891,228.150000,-407.980000,636.130000,-0.132310,2.028382,72.086797,2895187.402446,0.093365,21165.999830,3.090960,4.308490,59312.384345,8443.219696,2272.928823,1453.422463,0.250285,3.495905,-0.266174,51.061450,2607.271626,51.062143,141.650000,-93.986000,235.636000,0.628066,0.428832,37.260591,651835.618653,0.220253,9299.031830,4.423917,6.369575,29542.670010,2604.880180,1714.733466,1881.856604,0.376388,3.621144,107.259855,61.256937,3752.412313,123.519589,408.866221,8.921509,399.944712,1.763489,5.617355,42.620303,3814272.227074,0.133933,26744.737336,3.695305,4.600941,44846.871609,6542.871407,2317.107289,1494.093697,0.304497,3.752247,-0.064058,0.559909,0.313499,0.563562,0.681160,-1.045500,1.726660,-0.437573,-1.355522,0.511138,79.400508,1.718943,123.960648,4.306065,6.247451,230.700910,32.837672,21.385877,16.312282,0.440033,3.488240,-0.745285,0.145893,0.021285,0.759431,-0.577380,-1.132900,0.555520,-1.249099,0.398850,0.114320,144.183690,-16.923559,185.665540,5.036092,7.011952,59.591110,8.523765,6.156285,7.705782,0.418858,3.497314,0.393026,0.423306,0.179188,0.577631,0.804820,-0.581140,1.385960,-1.232092,0.164406,0.334775,83.414367,-0.607305,135.578907,3.918280,6.008087,192.646112,23.856049,14.705847,11.959182,0.404028,3.452689,1.099501,0.138176,0.019093,1.108149,1.465130,0.905227,0.559903,0.797788,-0.111941,0.108480,306.998565,-14.182782,273.898400,4.433737,6.915031,47.504791,4.343639,3.745153,5.053003,0.342526,3.142663,6.000000
-2.227007,1.384467,1.916750,2.622272,1.313600,-8.268500,9.582100,-0.822268,3.241432,0.951238,1719.077995,1.648962,577.350755,7.105688,6.821893,900.949725,379.868737,200.788225,146.611873,0.639239,4.360788,-9.622611,2.372887,5.630594,9.910864,-4.906000,-19.005000,14.099000,-1.045792,1.805412,1.745868,24556.308182,1.553934,2397.976350,5.553459,5.525640,1626.049572,529.194574,214.691274,108.720125,0.468082,4.115328,-0.685990,1.526096,2.328969,1.673186,3.261900,-4.229100,7.491000,-0.085610,-0.543275,1.252515,699.888045,2.364019,329.356726,6.611012,6.773545,893.627671,272.850496,208.154588,130.717315,0.632153,4.223902,10.129448,2.301169,5.295380,10.387545,19.632055,5.817879,13.814176,1.152166,2.313764,1.686927,26975.274222,1.557086,2524.344803,5.606729,5.617666,1600.739295,500.639305,213.241218,107.873355,0.475183,4.120451,-8.542488,31.316009,980.692446,32.460230,90.998000,-104.280000,195.278000,0.355156,1.330573,23.665590,263416.635771,0.247179,6224.399375,4.172828,5.030588,19645.202427,3945.681804,1978.998123,858.571065,0.347045,3.777003,-27.840267,94.015737,8838.958796,98.051207,361.750000,-205.460000,567.210000,0.721354,0.730947,75.422237,2403509.818501,0.104071,20103.795710,5.133375,6.209621,55452.848664,13109.124333,5756.789539,5076.948294,0.506914,3.964682,1.272843,57.176023,3269.097587,57.190189,141.650000,-93.986000,235.636000,0.449381,-0.583687,46.443697,817679.429202,0.227629,11578.456610,5.590036,7.004367,29712.212300,4738.021597,2725.653313,3052.176376,0.465196,3.819922,106.932095,50.039490,2503.950531,118.061101,363.799023,15.200810,348.598213,0.834637,1.932874,40.431960,3484605.883474,0.151731,26693.785012,6.565949,6.512638,34687.825931,11463.984144,6480.097341,5090.491608,0.647824,4.325743,0.047338,0.484898,0.235126,0.487203,0.759830,-0.881990,1.641820,-0.589259,-0.906691,0.414191,59.341758,2.385733,105.635609,4.859270,6.402426,257.775144,43.781911,27.050069,21.651085,0.505988,3.839971,-0.628421,0.092499,0.008556,0.635192,-0.396830,-0.809520,0.412690,0.457052,-0.310235,0.074215,100.867127,-25.267683,156.477165,6.349209,7.100647,54.602958,12.439846,8.742499,9.209674,0.561448,4.115694,-0.017535,0.698342,0.487681,0.698562,0.804820,-1.136000,1.940820,-0.222824,-1.669185,0.663762,121.997114,1.620866,165.287209,3.318064,5.663291,234.247926,24.753218,14.590221,11.709123,0.340377,3.031248,1.058542,0.091172,0.008312,1.062461,1.300377,0.905227,0.395150,0.290512,-0.596619,0.076795,282.205999,-28.236493,263.552733,5.631179,7.369656,34.239174,4.784989,3.985083,5.300461,0.432619,3.554886,6.000000
-2.673367,0.956511,0.914914,2.839332,-0.206200,-8.268500,8.062300,-1.472989,6.612236,0.684972,2015.451333,1.591979,665.701630,7.719116,6.786206,627.903487,337.952892,169.638684,110.620532,0.702178,4.467861,-9.585615,2.924751,8.554169,10.021885,-3.544600,-19.551000,16.006400,-1.164479,1.542632,2.093900,25109.546943,1.460030,2387.459600,5.847906,5.317767,1718.150290,678.755881,351.114028,125.455206,0.486026,4.093216,-1.273821,1.275508,1.626922,1.802648,3.261900,-4.826300,8.088200,0.321451,0.581582,0.976109,812.385189,2.025532,378.537296,7.017322,6.642902,834.945338,311.206602,219.633183,138.940520,0.652847,4.353356,10.180158,2.848494,8.113919,10.571165,20.330973,4.607215,15.723758,1.273767,1.837558,2.039650,27937.383465,1.457814,2535.498906,5.824953,5.315997,1732.958511,662.153050,351.108933,128.880874,0.477279,4.109926,-18.066053,28.681047,822.602458,33.896677,36.310000,-104.280000,140.590000,-0.163012,-0.439029,23.982555,287246.185938,0.334339,6845.561247,4.775086,5.301668,18628.010239,4940.213626,2508.184922,1037.579292,0.411061,3.969284,-63.223598,76.732104,5887.815745,99.423534,361.750000,-205.460000,567.210000,1.274001,3.596633,59.147225,2471259.776114,0.099739,21327.997630,5.731482,6.479071,44114.194659,11888.966437,5466.475098,5048.083416,0.564507,4.060372,0.032440,40.241970,1619.416138,40.241983,89.609000,-91.447000,181.056000,0.149919,-0.525206,32.292002,404854.297682,0.277998,8041.626840,6.038901,6.987398,22609.806228,4351.322757,2276.038811,2721.749820,0.548555,3.987451,102.274163,46.834140,2193.436703,112.487515,363.799023,7.865292,355.933731,0.910513,3.046156,36.780522,3163360.259734,0.146842,25480.474845,6.751292,6.638075,32036.250120,10315.141237,6276.997581,5021.088377,0.664422,4.340064,-0.412721,0.493643,0.243683,0.643445,0.759830,-1.029000,1.788830,0.868360,-0.150419,0.403098,103.505348,2.106323,142.091068,2.327110,4.760071,209.800898,10.066297,6.054565,5.760791,0.204391,2.775946,-0.673168,0.173757,0.030192,0.695231,-0.396830,-1.093300,0.696470,-0.844042,-0.142316,0.135665,120.836652,-8.669246,167.447715,5.119409,6.967587,77.208858,11.410705,7.283137,9.069374,0.449991,3.663838,-0.291728,0.587021,0.344594,0.655514,0.776320,-1.136000,1.912320,0.549421,-1.035358,0.506135,107.424721,2.513075,149.771918,1.658025,4.012944,196.012244,6.475906,3.658672,3.323219,0.136709,2.288346,1.146420,0.113083,0.012788,1.151984,1.423722,0.930533,0.493188,0.606559,-0.324167,0.091736,331.766721,-17.670457,285.579820,5.401720,7.075812,48.400904,7.876398,5.033780,6.478422,0.464583,3.684017,6.000000
-2.535294,0.894755,0.800587,2.688551,-0.017533,-5.195000,5.177467,0.010428,0.478514,0.696438,1807.076182,2.454786,631.718463,4.595180,5.298207,574.662031,137.492608,49.313399,26.538725,0.392224,3.874214,-9.791022,2.645115,6.996633,10.142028,-3.544600,-19.551000,16.006400,-0.948939,1.299372,1.998486,25715.184262,1.441854,2440.643900,5.342171,4.911505,1585.665245,554.677358,276.117719,100.471436,0.406711,3.979754,-0.912651,1.155607,1.335427,1.472535,1.377200,-4.826300,6.203500,-0.268849,-0.037507,0.916443,542.089636,2.450428,293.478230,4.800620,5.166736,696.604541,220.508502,95.368769,37.560422,0.381640,3.924759,10.268605,2.610201,6.813151,10.595159,20.330973,4.607215,15.723758,1.039563,1.496727,1.972428,28064.350080,1.444443,2559.580895,5.347166,4.926401,1583.823473,554.997398,282.137770,99.053215,0.422742,4.009037,-9.875722,31.806537,1011.655769,33.304439,76.150000,-82.646000,158.796000,0.403626,-0.420369,26.249257,277296.411762,0.304110,6967.795534,4.422193,5.507070,20640.256243,4330.745946,1981.495863,1197.063648,0.401400,3.861241,-40.936402,68.731644,4724.038886,79.998925,86.880000,-168.850000,255.730000,0.318068,-1.221232,60.476053,1599956.981985,0.212382,17637.000000,3.995692,5.555674,39219.707028,5504.199252,2782.858243,2131.204047,0.388599,3.661459,2.006848,48.781942,2379.677872,48.823205,141.670000,-91.447000,233.117000,0.608221,0.061812,38.627191,595926.327953,0.224384,9600.558344,2.622546,3.674787,29588.786812,1716.332941,624.994869,375.850408,0.163625,3.205137,91.999405,37.799847,1428.828425,99.462148,190.008296,7.865292,182.143004,0.260654,-0.217984,30.202050,2473179.721700,0.272293,22914.961737,3.914707,4.864636,25115.211899,5089.816033,1684.671749,960.335905,0.339415,3.774308,-0.214841,0.460312,0.211887,0.507980,0.302280,-1.029000,1.331280,-0.562306,-1.316727,0.424922,64.510948,-0.592523,96.840512,4.637757,6.432341,201.989770,32.023716,20.105078,16.498627,0.481597,3.658716,-0.750723,0.151371,0.022913,0.765832,-0.420630,-1.093300,0.672670,-0.620761,-0.574139,0.122141,146.624594,-10.498402,187.113310,5.737949,7.208727,62.414593,9.788706,7.914733,9.029539,0.485856,3.726517,0.390149,0.494246,0.244279,0.629679,0.870610,-0.666670,1.537280,-1.160904,-0.242601,0.407570,99.123852,-0.411957,150.039514,3.916563,5.982126,218.906144,28.013076,17.405307,13.170088,0.407345,3.449065,1.106417,0.129920,0.016879,1.114019,1.423722,0.916942,0.506779,0.727485,-0.303412,0.103642,310.259394,-16.606501,275.625851,4.948749,7.254740,45.034541,5.590435,3.829737,5.121009,0.383180,3.291035,6.000000
-2.383866,0.869955,0.756822,2.537644,-0.017533,-5.195000,5.177467,-0.370223,0.841681,0.660208,1609.909281,2.310248,593.509563,4.914991,5.481139,583.486844,162.986167,62.178331,37.291270,0.438802,4.004828,-9.740291,2.272042,5.162175,10.001772,-5.778200,-18.374000,12.595800,-0.943420,0.929680,1.764684,25008.859901,1.687487,2423.824700,5.516258,5.153194,1341.662848,572.509686,249.824199,94.600997,0.430200,4.046436,-0.463797,1.024034,1.048646,1.124168,2.582600,-2.908600,5.491200,0.022468,0.448631,0.783253,315.938417,2.493794,218.100992,4.618262,4.924783,627.713875,161.604529,103.110014,30.744841,0.359585,3.893788,10.135719,2.237418,5.006041,10.379732,18.541865,6.356418,12.185448,0.954437,0.945207,1.733559,26934.707599,1.733897,2522.334402,5.546949,5.155277,1314.662930,561.736518,252.359211,94.883349,0.438600,4.059614,-8.004860,32.644217,1065.644900,33.611347,76.150000,-94.062000,170.212000,-0.280749,0.524618,24.742694,282430.668843,0.283104,6236.078794,3.692050,4.754149,20323.001687,3514.414982,1657.840534,662.593937,0.320447,3.668740,-30.809582,65.311762,4265.626283,72.213964,91.732000,-138.960000,230.692000,0.236278,-1.254474,57.542983,1303714.156427,0.233163,15804.128800,2.852541,4.203467,36302.242472,3894.611530,1065.152062,794.793206,0.231401,3.346393,1.037231,43.618278,1902.554186,43.630609,141.670000,-71.021000,212.691000,0.949729,1.091004,32.740305,475907.508581,0.237416,8148.584604,2.936442,4.116565,24978.694374,2319.876779,802.964818,577.916135,0.216656,3.302789,81.510679,40.052696,1604.218464,90.819653,190.008296,4.759496,185.248800,0.427053,-0.234055,32.894878,2062052.333852,0.270567,20335.275402,4.032461,5.161294,26611.492014,5067.609005,1933.941632,928.673894,0.361168,3.807351,0.009292,0.367997,0.135422,0.368114,0.619050,-0.679090,1.298140,-0.501935,-0.983337,0.308614,33.876983,-0.433020,77.599389,4.534969,6.304372,174.659665,27.601801,16.479027,12.704135,0.470365,3.691394,-0.699245,0.111019,0.012325,0.708004,-0.509920,-1.031700,0.521780,-0.675078,0.209545,0.090391,125.317354,-17.528941,174.027645,6.489435,7.171459,64.701420,14.739138,9.520670,10.805014,0.601864,4.166486,0.033141,0.710314,0.504546,0.711087,0.870610,-0.949560,1.820170,-0.224484,-1.771215,0.680873,126.411147,0.562326,170.433063,3.909839,6.034175,256.900246,33.330896,21.134895,16.086785,0.408481,3.311388,1.065307,0.086847,0.007542,1.068841,1.237490,0.916942,0.320547,0.019752,-1.195477,0.076405,285.605484,-39.249096,265.196665,6.639882,7.845062,26.294249,4.798554,4.321014,5.169389,0.487988,3.591140,6.000000
-2.696638,0.611357,0.373758,2.765070,-1.317500,-4.150400,2.832900,-0.091089,-0.557331,0.496294,1911.403592,3.151473,671.037850,5.265878,5.365011,425.735496,157.016897,57.901082,28.636423,0.445597,4.102277,-9.548195,2.486060,6.180496,9.866536,-5.778200,-18.883000,13.104800,-1.477567,2.158778,1.798379,24337.131789,1.595033,2378.210850,6.079480,5.273239,1493.159376,575.073424,349.145738,123.413771,0.483690,4.121713,-0.613388,0.997551,0.995107,1.171047,2.582600,-3.769900,6.352500,0.001390,1.108833,0.750121,342.838044,2.206863,222.158266,4.804200,4.852294,688.610984,193.733781,119.634185,31.148534,0.380230,4.007271,10.024833,2.422439,5.868211,10.313365,19.445744,6.356418,13.089326,1.532032,2.294981,1.751572,26591.373424,1.572713,2496.631943,6.051380,5.276831,1501.416740,584.028513,350.185789,124.110242,0.489908,4.152916,-18.218039,26.298740,691.623708,31.992509,23.420000,-94.062000,117.482000,-0.751945,0.318566,21.147573,255880.160660,0.384859,6015.970844,4.198825,5.026853,16138.444080,3222.950130,1575.242508,682.890460,0.359682,3.793419,-53.874540,55.071899,3032.914068,77.041419,91.732000,-138.960000,230.692000,0.590236,-0.817482,47.960965,1483845.045013,0.225724,16622.787420,2.789637,3.515156,31408.096546,3863.973532,880.824428,456.838471,0.179773,3.380904,-2.470640,21.782080,474.458992,21.921748,51.704000,-62.102000,113.806000,-0.224524,-0.139648,17.445442,120140.763750,0.394499,4368.657730,3.486145,4.398000,15016.308601,2055.253412,524.794128,395.090440,0.257023,3.597964,76.076756,40.642232,1651.791011,86.252327,158.468486,4.759496,153.708990,0.021784,-1.219470,35.974953,1859865.969423,0.321584,18915.297697,3.718632,4.328862,21658.988797,5606.835728,1259.673054,725.847184,0.294917,3.658026,-0.431279,0.455999,0.207936,0.627644,0.619050,-1.039300,1.658350,1.094451,0.079305,0.348634,98.484366,0.251038,147.801299,3.525427,5.810007,189.548587,19.798199,12.575781,10.011190,0.352352,3.221428,-0.674389,0.116672,0.013612,0.684407,-0.509920,-1.049600,0.539680,-1.046185,0.826477,0.094512,117.103086,-17.548316,167.700335,6.196266,7.346015,54.161565,11.227165,7.956265,7.840965,0.529347,3.952082,-0.421394,0.490470,0.240561,0.646633,0.688600,-0.949560,1.638160,1.087851,-0.116218,0.403574,104.533609,1.054394,149.415512,1.838160,4.408807,159.436984,5.534395,3.860648,3.428353,0.157704,2.270727,1.126756,0.104422,0.010904,1.131585,1.381119,0.925136,0.455983,0.650408,-0.022802,0.082449,320.121060,-22.478738,280.564548,6.135649,7.148764,55.683966,12.201198,8.020869,7.124286,0.563662,4.049148,6.000000
-2.748780,0.945031,0.893084,2.906695,-0.115960,-4.944500,4.828540,0.433781,0.327208,0.725006,2112.219313,2.685922,685.606120,4.046802,4.434306,629.590921,149.859770,51.815966,15.440235,0.306487,3.825140,-9.494387,2.310710,5.339383,9.771529,-6.449300,-18.883000,12.433700,-1.539496,2.280611,1.657211,23870.692815,1.594320,2364.864400,5.410056,5.162531,1569.000605,500.307389,263.546079,99.745887,0.443616,4.083893,-0.921576,1.011759,1.023656,1.368561,1.338300,-3.769900,5.108200,-0.661656,0.007703,0.801967,468.239838,2.646888,260.102394,4.355675,4.856333,692.655993,166.781362,88.116120,27.705449,0.347441,3.916051,10.016638,2.339140,5.471574,10.286137,19.445744,6.933294,12.512450,1.462835,1.960312,1.704525,26451.151966,1.605125,2495.255979,5.341596,5.145079,1596.229570,496.161693,263.378736,98.264083,0.437594,4.072357,-10.710625,25.998498,675.921912,28.118311,51.602000,-62.769000,114.371000,0.316110,-0.482958,20.939959,197659.849164,0.398749,5937.114084,3.649790,4.816880,16097.272661,2661.213716,1205.469009,575.066597,0.319333,3.659167,-38.974060,56.690761,3213.842439,68.795492,62.441000,-144.270000,206.711000,0.017621,-1.240216,49.309951,1183204.940977,0.253832,14149.022110,2.497481,3.373989,31957.096609,3832.568785,684.412206,389.808155,0.153409,3.275997,-1.175517,24.958889,622.946152,24.986556,58.757000,-63.473000,122.230000,0.183100,-0.428677,20.162643,156081.998097,0.374936,5043.763925,3.640729,4.369633,16446.928298,2071.534693,618.025458,541.060923,0.282602,3.606220,69.526301,36.247491,1313.880574,78.407826,157.230761,7.371955,149.858806,0.421653,-0.893909,30.526401,1536946.788239,0.320242,17354.997985,3.806002,4.746282,19794.112857,4888.316128,1137.122047,782.017584,0.311648,3.653825,-0.293317,0.460416,0.211983,0.545910,0.380950,-1.039300,1.420250,-0.049672,-1.553467,0.430260,74.504481,0.906349,113.483411,4.181088,6.163030,188.749594,26.251691,15.972207,12.936190,0.432858,3.496547,-0.785945,0.159724,0.025512,0.802011,-0.515870,-1.103200,0.587330,-0.275182,-0.970143,0.132930,160.805411,-10.164885,195.852405,5.443274,7.256645,59.427048,8.240406,7.977900,7.878628,0.460891,3.549481,0.173562,0.542570,0.294382,0.569654,0.796050,-0.725880,1.521930,-0.616303,-1.339856,0.493653,81.126391,-0.099594,135.384869,4.544435,6.313507,229.015706,36.270953,23.258058,18.452162,0.476763,3.623552,1.119364,0.112999,0.012769,1.125053,1.381119,0.929410,0.451709,0.637820,-0.246045,0.086121,316.436284,-22.023210,278.812336,5.270015,7.003929,45.389954,6.973125,5.386454,6.041152,0.463538,3.631832,6.000000
-2.752927,1.090512,1.189216,2.961051,-0.115960,-4.950100,4.834140,0.136692,-0.489075,0.892842,2191.955280,2.964534,685.181770,4.516392,5.454025,658.356654,146.337182,60.119927,36.930155,0.400126,3.824351,-9.345725,1.757498,3.088800,9.509542,-5.964200,-15.693000,9.728800,-1.187450,1.784996,1.267254,22607.844914,1.887514,2327.836750,4.992861,4.579505,1136.457432,457.340143,138.279298,65.118239,0.381377,4.018637,-0.863703,1.018264,1.036862,1.335232,1.345400,-3.591100,4.936500,-0.285315,0.109222,0.780461,445.711309,2.758906,268.629259,4.819387,5.655635,658.774005,158.272594,86.831026,42.822142,0.445794,3.965889,9.878002,1.845841,3.407128,10.048982,16.539311,6.634459,9.904851,1.149143,1.562530,1.337272,25245.511503,1.916776,2460.196093,5.113733,4.731723,1133.364999,451.460993,140.253586,71.402198,0.394577,3.996922,-12.500992,26.139632,683.280353,28.975078,51.602000,-62.769000,114.371000,0.531013,-0.375645,20.999465,209888.791280,0.398429,6246.378240,3.043853,4.292693,15903.237105,2035.269613,721.920786,453.569104,0.253645,3.474729,-43.349897,54.565858,2977.432902,69.689644,62.441000,-144.270000,206.711000,0.083121,-0.995347,46.506699,1214161.625711,0.255280,14185.071920,2.656392,3.713859,31018.769588,4515.286195,829.476854,429.159275,0.189869,3.338440,-2.799852,24.151567,583.298166,24.313316,58.757000,-63.473000,122.230000,0.349305,-0.334071,19.559762,147784.334156,0.370094,4965.351630,3.964381,4.865015,13837.032466,2293.309011,534.909686,545.899524,0.314419,3.578820,71.511526,34.255520,1173.440636,79.292742,157.230761,15.703862,141.526899,0.531271,-0.567935,27.928815,1571834.751147,0.337320,17760.055532,3.378000,4.210764,20545.736857,4244.771724,1013.456075,449.644691,0.250198,3.571288,0.162882,0.285426,0.081468,0.328632,0.608700,-0.536230,1.144930,-0.741986,0.071135,0.212592,26.999707,-0.980394,70.729845,2.501061,5.191194,110.337333,5.085796,3.062513,4.619700,0.200727,2.666022,-0.794342,0.131258,0.017229,0.805114,-0.563490,-1.103200,0.539710,-0.698206,-0.257776,0.102342,162.052028,-15.267434,197.768045,5.849366,6.906103,70.882755,13.749670,12.035811,9.472372,0.536995,4.008393,0.221456,0.541931,0.293689,0.585433,0.796050,-0.844300,1.640350,-1.039950,-0.501408,0.456855,85.683094,0.380273,136.630493,4.598476,6.311077,259.902193,41.985078,25.422395,20.946947,0.484537,3.726450,1.043513,0.100102,0.010020,1.048303,1.319622,0.896679,0.422943,0.451105,-0.443763,0.087217,274.734830,-27.397917,259.668092,6.026499,7.162313,38.256032,7.142309,6.761128,5.631520,0.536216,3.819480,6.000000
-2.603839,0.827640,0.684989,2.732209,-0.887970,-4.950100,4.062130,-0.545903,0.141124,0.645552,1866.241133,2.760404,648.780720,4.924332,5.241065,519.807006,208.109519,57.619843,29.819632,0.411823,4.016730,-9.444514,2.489827,6.199239,9.767194,-5.932900,-18.007000,12.074100,-1.255218,0.935099,1.879746,23849.519149,1.706086,2354.598000,5.617294,4.976939,1397.986621,599.511960,254.357001,110.077455,0.445848,4.036163,-0.359983,0.923423,0.852710,0.991109,1.345400,-3.041300,4.386700,-0.419310,-0.348722,0.763280,245.574343,2.895230,199.237755,4.802888,5.037846,584.185624,190.696383,95.114811,29.103077,0.394115,3.973789,9.893931,2.440381,5.955458,10.190453,18.123340,6.394931,11.728410,1.200817,0.778613,1.852927,25961.334625,1.752903,2466.575322,5.682367,4.997006,1346.863600,594.066107,251.975466,111.877574,0.447620,4.031820,-9.183203,19.656551,386.380006,21.695880,31.130000,-51.403000,82.533000,0.094443,-0.738366,16.084164,117677.803993,0.524043,4417.143410,5.158606,5.908215,12624.329872,3032.931417,1410.024559,1044.657045,0.469933,3.993777,-35.182971,52.386516,2744.347056,63.104584,82.548000,-137.470000,220.018000,0.072625,-0.748820,44.498046,995547.130371,0.239796,12746.692795,3.870770,4.935969,32574.965354,7084.380983,1510.537536,1376.266001,0.341008,3.740221,-1.228319,18.028926,325.042156,18.070720,47.795000,-38.566000,86.361000,0.579522,-0.120032,14.370642,81637.730787,0.490964,3610.444080,5.474369,5.754436,11320.563229,3309.050743,1113.728416,889.828661,0.479295,4.007823,59.411200,35.351945,1249.759994,69.133571,141.835613,2.328274,139.507339,0.512051,-0.633929,29.364012,1194862.665151,0.346350,14786.190868,4.770175,5.330277,21014.494085,5997.233895,2365.392060,1326.054084,0.427070,3.936695,-0.163594,0.444333,0.197432,0.473492,0.608700,-0.782610,1.391310,0.529005,-1.367825,0.410080,56.048698,0.060738,111.726694,4.469261,6.288806,188.721561,29.582576,17.932414,14.658802,0.463835,3.598097,-0.669325,0.058879,0.003467,0.671910,-0.547620,-0.807540,0.259920,-0.063873,-0.688727,0.048156,112.865753,-56.759721,166.639830,7.901594,7.826174,27.363862,5.984997,7.859962,7.263933,0.587752,4.137764,-0.424351,0.517710,0.268024,0.669401,0.644740,-0.938600,1.583340,1.036868,-0.475903,0.436093,112.024362,0.093413,156.947368,4.031264,6.093964,214.902535,27.885621,18.419806,14.128633,0.421885,3.448023,1.056086,0.091857,0.008438,1.060073,1.245559,0.896679,0.348880,-0.098262,-1.088189,0.077730,280.938813,-33.848559,262.995059,6.138616,7.378422,36.826814,6.415107,6.506429,6.122993,0.521181,3.813012,6.000000
-2.309056,0.972501,0.945758,2.505494,1.792400,-4.391900,6.184300,1.159333,2.967121,0.706327,1569.374478,2.121631,590.360882,4.702177,4.945795,678.168456,231.466736,76.453318,25.410576,0.383568,4.011636,-9.755171,2.524513,6.373165,10.076534,-5.932900,-18.007000,12.074100,-1.106886,0.552132,1.955344,25384.132564,1.766118,2430.260700,5.447290,4.949444,1608.751412,633.707377,270.822186,107.492227,0.424033,4.072928,-0.491481,1.105059,1.221155,1.209425,1.139600,-3.311900,4.451500,-0.796408,-0.224627,0.913457,365.677202,2.952202,224.614872,4.398967,4.766315,718.164648,202.982482,96.772775,28.042730,0.343948,3.913816,10.151068,2.496508,6.232553,10.453551,18.123340,6.394931,11.728410,1.054527,0.445852,1.950064,27319.184245,1.831844,2528.961938,5.489460,4.961740,1585.973356,643.471034,269.006696,108.721389,0.429166,4.080456,-6.280895,21.813735,475.839045,22.699971,42.610000,-55.862000,98.472000,0.183013,-0.634609,17.914857,128822.170364,0.450151,4724.666290,3.789643,4.458323,13943.313336,2922.980289,1119.961724,443.778377,0.288981,3.729103,-30.318534,60.303798,3636.548003,67.496381,82.548000,-183.920000,266.468000,-0.191012,-0.852806,51.973296,1138940.374349,0.203227,13657.265960,3.930917,5.086682,30017.920107,7304.585986,2370.600632,1152.126716,0.357518,3.651096,-1.587984,23.602204,557.064048,23.655565,55.607000,-59.667000,115.274000,0.034081,-0.409152,18.925534,139896.434993,0.395666,4721.967140,4.729180,5.247400,14764.484701,3246.718387,1333.873125,852.503700,0.414123,3.879453,64.759554,37.905621,1436.836083,75.037563,193.411157,2.328274,191.082883,0.742205,0.361840,30.253917,1407658.979706,0.259000,16130.158971,5.034049,5.984365,21460.401191,4778.741396,2536.645766,1871.620504,0.485189,3.940503,-0.433870,0.358388,0.128442,0.562748,0.304350,-1.109700,1.414050,0.384619,-0.544230,0.279231,79.171401,1.132182,123.366129,3.910853,6.110638,153.004243,18.036704,11.336033,9.286795,0.394966,3.377781,-0.784444,0.209338,0.043822,0.811896,-0.547620,-1.317500,0.769880,-1.168588,0.015368,0.170661,164.793631,-8.490945,195.415535,4.487543,6.781313,79.622798,7.787614,8.231545,8.519901,0.359205,3.274074,-0.130149,0.653425,0.426964,0.666260,0.864040,-0.938600,1.802640,0.255045,-1.664481,0.613841,110.975706,1.358863,157.390362,4.555201,6.353457,284.160308,44.664527,28.006978,22.052370,0.479104,3.654790,1.184579,0.128590,0.016535,1.191538,1.549887,1.009863,0.540024,1.087632,0.562062,0.097349,354.940739,-16.545718,295.019063,5.209028,7.293083,48.464788,5.000161,6.558712,6.475223,0.403485,3.385449,6.000000
-2.364151,1.179746,1.391802,2.642160,1.792400,-7.389700,9.182100,0.052721,2.775743,0.884919,1745.252482,1.632288,603.670882,4.242657,4.623722,810.084498,222.787025,64.442032,26.508452,0.320654,3.862605,-9.579421,1.740407,3.029018,9.736238,-6.489700,-16.873000,10.383300,-1.186007,2.122178,1.248728,23698.582058,1.740614,2385.721800,5.957551,5.414355,1064.707768,521.412880,190.045322,111.540907,0.509662,4.168591,-0.771608,1.171725,1.372938,1.402967,1.476200,-3.311900,4.788100,-0.279081,-0.576554,0.949089,492.079182,3.051798,278.360774,4.447822,5.069897,759.815354,203.622893,82.507486,43.179915,0.387248,3.919376,10.030860,1.767908,3.125500,10.185463,17.426450,6.631057,10.795393,1.009801,1.752712,1.294507,25935.913723,1.771217,2498.152640,5.858803,5.371268,1073.060011,503.542643,185.751754,106.653194,0.498913,4.148264,-14.700401,24.178284,584.589439,28.296488,42.610000,-60.805000,103.415000,0.515554,-0.387177,19.512591,200172.804205,0.433181,6126.267850,3.380095,4.118805,16227.751332,2935.755727,811.967228,431.535265,0.262248,3.648653,-57.642230,63.109241,3982.776325,85.471651,64.394000,-241.820000,306.214000,0.068879,-0.576092,52.797615,1826350.762679,0.177914,18040.504700,3.096262,3.920377,36893.871311,7266.901655,1379.045724,627.863896,0.227279,3.527264,-0.316581,28.196745,795.056406,28.198522,90.421000,-59.667000,150.088000,0.466581,0.130404,22.817642,198789.157295,0.312095,5680.186522,4.141395,5.041286,18573.368241,2542.243018,1109.288915,814.329336,0.338280,3.730599,84.981216,40.981018,1679.443870,94.346441,242.043283,17.464367,224.578916,0.828474,0.899869,33.550407,2225312.724180,0.223408,21132.920060,3.634204,4.256247,26847.161715,6792.178055,1002.394299,885.238625,0.270466,3.728932,-0.039742,0.479627,0.230042,0.481271,0.596270,-1.109700,1.705970,-0.905402,-0.341908,0.385524,57.905432,1.409183,92.114598,3.803811,5.910614,209.361865,24.906954,16.284467,12.052413,0.389955,3.388258,-0.819793,0.188241,0.035435,0.841127,-0.591270,-1.317500,0.726230,-1.242106,0.254889,0.149814,176.873861,-9.807543,204.236000,4.649982,7.031846,75.523225,6.271131,6.757307,9.023115,0.361307,3.316764,0.414711,0.424953,0.180585,0.593776,0.864040,-0.765350,1.629390,-1.179002,0.200831,0.350590,88.142479,0.569287,136.047173,2.599290,5.086685,155.900081,10.151697,6.754702,5.229667,0.252974,2.788121,1.123913,0.168840,0.028507,1.136524,1.549887,0.898575,0.651312,0.797599,-0.275835,0.136027,322.921771,-9.442965,279.885267,4.528211,7.045288,54.007054,4.373851,5.056611,6.416804,0.335401,3.058300,6.000000
-2.430134,0.855943,0.732639,2.576468,-0.657730,-7.389700,6.731970,-1.651481,7.497485,0.603401,1659.547212,1.640482,605.480170,5.315564,5.678975,639.919854,187.742999,62.636220,54.676110,0.484203,4.141915,-9.476788,2.225761,4.954014,9.734655,-5.976400,-17.279000,11.302600,-1.167164,1.192713,1.614567,23690.879318,1.794092,2357.477350,5.624100,5.135354,1374.937801,484.874885,274.720134,102.987867,0.454191,4.080979,-0.690283,1.004001,1.008017,1.218404,1.476200,-3.875800,5.352000,-0.232161,0.293825,0.766547,371.126808,2.538772,246.598085,4.890973,5.244049,690.189993,191.375279,88.536463,46.897372,0.420490,4.012219,9.904511,2.187892,4.786870,10.143284,17.971283,6.503787,11.467496,1.133318,1.144023,1.612665,25721.553338,1.768922,2464.214750,5.713343,5.227051,1354.657010,458.803165,273.030772,103.457815,0.459651,4.089407,-11.284598,22.123763,489.460894,24.835520,36.743000,-60.805000,97.548000,-0.193197,-0.665474,18.461925,154200.759935,0.454379,4921.282400,4.186384,4.773434,14244.872143,3580.641994,1473.229100,627.212493,0.351237,3.848615,-37.357120,60.746222,3690.103508,71.313799,112.040000,-241.820000,353.860000,-0.273582,0.140517,49.773274,1271414.473179,0.154098,14095.347940,3.101050,3.845564,36975.089576,6962.565874,1408.263683,704.651175,0.216696,3.529522,1.906978,24.811955,615.633103,24.885129,90.421000,-43.538000,133.959000,0.716020,0.742449,19.990219,154817.416561,0.340540,4950.614072,4.104720,5.100199,16916.676171,2405.231535,768.969341,834.319920,0.336218,3.727094,67.625264,41.815718,1748.554242,79.509311,242.043283,5.181486,236.861797,1.135029,1.595470,34.298924,1580432.649675,0.208298,16870.028514,3.759852,4.306033,27231.402143,6787.379279,1187.142938,1089.860669,0.278765,3.753521,-0.082203,0.390129,0.152200,0.398695,0.596270,-0.616980,1.213250,0.194466,-1.355874,0.354730,39.739399,-0.029864,87.825046,3.979683,6.194960,145.725956,17.707190,11.214463,10.087497,0.392568,3.272873,-0.655754,0.080100,0.006416,0.660628,-0.503970,-0.823410,0.319440,-0.020411,-1.065048,0.068000,109.107380,-38.793679,163.259965,6.834854,7.510576,37.041115,7.627457,7.746934,7.902834,0.551620,3.994410,-0.237281,0.693299,0.480663,0.732779,0.809210,-1.011000,1.820210,0.426843,-1.602307,0.649596,134.241247,0.538244,173.277431,4.403221,6.266852,273.804827,41.546177,26.449238,20.888334,0.462975,3.548328,1.060331,0.089723,0.008050,1.064120,1.239944,0.898575,0.341369,0.039517,-1.095574,0.077751,283.088026,-32.587414,264.010475,6.021788,7.369160,30.547669,4.915697,5.413939,5.084646,0.478543,3.639883,6.000000
-2.470911,0.549676,0.302143,2.531313,-1.209400,-4.275300,3.065900,-0.293232,-0.165439,0.437267,1601.885869,2.499737,615.079850,6.419815,6.208655,395.827018,143.513676,71.058398,51.908483,0.591304,4.309761,-9.620758,2.309681,5.334627,9.894120,-5.976400,-17.279000,11.302600,-1.126855,1.027969,1.697487,24473.401048,1.822550,2393.436900,5.565779,5.101707,1416.208566,462.178992,275.389168,102.038763,0.429594,4.038673,-0.989844,1.025282,1.051204,1.425130,1.097900,-3.875800,4.973700,-0.150993,-0.289100,0.828822,507.748936,2.804027,291.588347,4.819331,5.057213,687.458789,174.456117,99.587752,34.259865,0.403578,3.979641,10.059498,2.266858,5.138646,10.311748,17.971283,6.416165,11.555118,1.136096,1.122057,1.660857,26583.035854,1.767042,2502.730706,5.666072,5.199953,1404.192915,472.166666,272.321911,104.787183,0.446729,4.065511,-12.393742,19.315932,373.105220,22.950165,38.393000,-54.550000,92.943000,0.252722,-0.561747,16.142986,131677.516278,0.465574,4771.627260,4.373966,4.877513,12934.555482,3056.608264,1636.038131,540.726639,0.370551,3.927507,-42.676122,55.236838,3051.108317,69.802290,112.040000,-127.220000,239.260000,0.345264,-0.650355,47.544155,1218089.917017,0.218835,14155.085630,3.724472,5.093541,31124.820143,4313.635005,1694.601640,1332.917644,0.330294,3.587483,-2.131070,19.649377,386.098017,19.764602,43.730000,-48.510000,92.240000,0.024213,-0.414800,15.922367,97659.869405,0.472098,3956.321100,5.508917,5.833736,12030.290494,2489.138725,1218.329549,1024.272085,0.465563,3.927712,66.090363,37.706408,1421.773183,76.090139,134.143414,2.273969,131.869445,0.142222,-1.441346,34.405935,1447427.302700,0.362547,16442.697083,4.341602,5.240227,22974.098597,4869.516801,1808.204862,1238.307433,0.388577,3.821303,-0.518145,0.227089,0.051569,0.565724,0.057971,-0.989650,1.047621,0.094608,0.108319,0.168613,80.010875,-2.257574,129.886149,2.528902,5.148119,101.028234,3.653816,2.979669,3.519441,0.193133,2.843962,-0.682389,0.140325,0.019691,0.696668,-0.503970,-1.051600,0.547630,-1.223128,0.363028,0.106120,121.336538,-18.846507,169.727270,5.771103,7.402726,54.241355,8.452208,8.098790,7.258110,0.468872,3.593074,-0.393605,0.596120,0.355359,0.714342,0.725880,-1.011000,1.736880,0.925490,-0.776345,0.509934,127.571047,0.731395,169.342079,4.465866,6.274531,267.343117,41.847696,25.649848,20.158797,0.470743,3.647000,1.143811,0.085854,0.007371,1.147028,1.367993,0.999416,0.368577,0.374380,-0.634340,0.071245,328.918460,-31.012418,284.818751,6.280633,7.643954,33.094411,5.783556,5.885514,5.284356,0.494201,3.687546,6.000000
-2.542371,0.849918,0.722361,2.680674,-0.705880,-5.393700,4.687820,-0.726040,0.881040,0.659361,1796.503468,2.555283,633.329520,4.325080,4.858743,566.552545,120.805458,56.637406,22.202793,0.364804,3.856520,-9.484192,1.899576,3.608387,9.672554,-6.073100,-17.009000,10.935900,-0.928740,1.087829,1.435393,23389.573182,1.808313,2360.547250,5.133855,4.992284,1222.852897,363.766901,188.805073,69.769912,0.414367,4.026872,-1.008214,1.153955,1.331613,1.532354,1.257900,-3.782700,5.040600,-0.145428,-0.751625,0.971061,587.026961,2.913193,309.650122,4.510015,5.241620,677.499658,126.783313,84.466691,33.653826,0.405868,3.847201,9.968892,1.927072,3.713606,10.153443,17.400770,6.326078,11.074692,0.872811,1.037214,1.442754,25773.103611,1.799507,2481.427616,5.113061,4.964366,1235.472144,371.431572,187.294611,69.070086,0.412435,4.009685,-11.535854,20.418945,416.933309,23.452276,41.125000,-41.259000,82.384000,0.650765,-0.490085,16.697691,137502.308500,0.517310,5179.154690,3.856092,4.866913,14349.300361,2047.430489,1031.857688,585.940345,0.347428,3.757463,-50.959506,51.238717,2625.406134,72.265326,58.734000,-128.380000,187.114000,0.139150,-1.219790,45.710358,1305569.338410,0.271995,14563.086480,3.132216,4.453185,30209.546325,3934.334978,1316.630130,794.096305,0.264092,3.479216,-1.047717,21.861533,477.926619,21.886624,65.720000,-48.510000,114.230000,0.594361,0.624634,16.619311,119756.082778,0.386669,4147.267210,3.769060,4.416928,14846.671443,1843.763315,616.603336,454.833009,0.281022,3.622909,68.986284,38.629051,1492.203602,79.065232,137.817871,2.273969,135.543902,0.129921,-1.343239,34.331207,1562827.729688,0.358285,17193.008848,3.798502,4.956487,23978.625241,4224.876172,1602.686336,994.432813,0.335761,3.688314,-0.218509,0.448909,0.201520,0.499265,0.573500,-0.989650,1.563150,-0.106832,-1.231821,0.399711,62.316486,2.061609,101.149111,4.607629,6.304150,199.118748,32.610399,21.283534,15.794789,0.482151,3.681624,-0.757405,0.118940,0.014147,0.766687,-0.579370,-1.051600,0.472230,-0.774118,-0.536025,0.097563,146.952154,-21.347081,188.681550,5.704579,7.222526,51.026004,9.154146,6.920642,7.127091,0.495952,3.758394,0.324912,0.494107,0.244142,0.591363,0.822370,-0.649120,1.471490,-0.995070,-0.631617,0.424090,87.427430,-0.535248,139.848657,3.278043,5.677585,183.341294,17.188942,11.109739,9.122015,0.334779,3.069237,1.082550,0.121940,0.014869,1.089396,1.367993,0.911297,0.456696,0.402130,-0.915568,0.103303,296.696070,-20.054940,269.656462,5.443804,7.422578,37.792291,5.473579,4.247021,4.912574,0.419052,3.348150,6.000000
-2.636383,0.865671,0.749386,2.774870,-0.705880,-5.393700,4.687820,-0.486669,0.455931,0.684600,1924.975494,2.627905,656.649320,4.823455,5.461451,565.783447,149.543373,54.040642,40.844260,0.408681,3.935509,-9.277785,1.886973,3.560668,9.467733,-5.852100,-18.062000,12.209900,-1.286678,2.823832,1.387776,22409.491537,1.598001,2307.194800,5.871797,4.958860,1158.188291,575.686204,305.460445,81.888621,0.452164,4.170325,-0.795013,1.003252,1.006515,1.280063,1.257900,-3.782700,5.040600,-0.491024,-0.168389,0.838493,409.640095,2.704885,244.987031,4.726541,5.184332,577.977896,183.264704,95.941429,32.011281,0.381016,3.892387,9.765695,1.899376,3.607630,9.948690,18.296562,6.326078,11.970485,1.242435,2.473047,1.389481,24744.107126,1.630838,2428.864626,5.904464,5.010506,1161.924198,583.667649,301.378258,86.765846,0.454357,4.172225,-9.249245,24.914013,620.708046,26.575488,45.366000,-69.927000,115.293000,0.028095,-0.795646,20.772561,176564.147013,0.397775,5512.394234,3.705066,4.349333,15186.571459,3270.891826,1419.141981,348.841871,0.276805,3.694202,-33.440457,55.867308,3121.156111,65.110831,85.187000,-137.620000,222.807000,0.050980,-1.040376,48.385887,1059855.074883,0.237575,13141.124480,2.874625,4.039177,29497.070021,4650.022658,973.511450,663.384800,0.214165,3.345884,-0.666963,25.805291,665.913063,25.813909,65.720000,-52.223000,117.943000,0.287716,-0.327734,20.815746,166589.475531,0.389490,5169.433120,4.326048,5.138230,18098.106126,2848.453084,1224.329974,870.820812,0.352374,3.824700,65.225628,36.846333,1357.652260,74.913515,146.509145,5.078394,141.430750,0.307983,-1.068071,31.577941,1403008.697427,0.345468,16277.473181,3.503451,4.538403,21124.238476,4328.795724,1373.724643,656.528153,0.279805,3.573452,-0.053391,0.410162,0.168233,0.413622,0.577640,-0.763980,1.341620,-0.269473,-1.186698,0.355162,42.770865,1.479273,87.268142,3.677870,5.881794,158.172047,17.028819,10.538744,9.437365,0.368158,3.261961,-0.687889,0.114302,0.013065,0.697320,-0.458330,-0.970240,0.511910,0.107314,-0.726282,0.096613,121.563905,-16.409469,171.201305,6.230555,7.187340,59.039843,13.419312,8.809370,8.939413,0.570304,4.052475,-0.069237,0.696878,0.485638,0.700309,0.822370,-0.962720,1.785090,-0.033886,-1.821359,0.668660,122.608020,0.692284,166.274102,4.505352,6.310917,282.724155,44.574362,28.334143,21.714807,0.473401,3.591442,1.066833,0.098173,0.009638,1.071341,1.249225,0.911297,0.337928,-0.089541,-1.345181,0.087421,286.942790,-35.306545,265.535531,6.116537,7.604257,28.054455,4.780768,4.623531,4.900839,0.444392,3.419279,6.000000
-2.672351,0.799053,0.638485,2.789255,0.199960,-4.718900,4.918860,0.037467,0.086064,0.649077,1944.985876,2.388432,665.875450,5.621162,5.433381,554.782481,207.598932,77.123063,51.923777,0.474199,4.151029,-9.449084,2.381148,5.669864,9.744489,-5.852100,-18.062000,12.209900,-1.396944,1.857185,1.739118,23738.764977,1.687214,2354.267900,6.128097,5.172471,1315.546040,631.849123,355.075420,114.941191,0.460832,4.098228,-0.637497,0.822894,0.677155,1.040941,1.491700,-2.493300,3.985000,-0.004111,-0.582277,0.682319,270.889467,2.992878,207.503190,5.941904,5.715064,539.614034,230.122265,128.501410,48.827887,0.519571,4.226623,9.919392,2.328997,5.424225,10.189139,18.296562,6.332983,11.963579,1.392779,1.894891,1.681926,25954.640320,1.695725,2471.314173,6.188084,5.161052,1302.612031,635.437964,352.922331,120.247608,0.468064,4.124384,-0.273346,26.876479,722.345141,26.877869,66.342000,-69.927000,136.269000,-0.154885,-0.067838,20.964249,180604.964706,0.339153,5215.544044,3.948380,4.835975,15504.819058,3575.518384,1749.856006,547.851417,0.307222,3.703422,4.645744,67.503481,4556.719931,67.663157,188.280000,-137.620000,325.900000,-0.105811,-0.679307,55.463969,1144575.716678,0.169351,13948.890880,3.426267,4.553738,40331.463730,6235.289098,1773.854850,1355.362388,0.292450,3.563684,-3.418177,25.142777,632.159213,25.374065,52.847000,-63.381000,116.228000,-0.273139,-0.603493,21.173426,160960.787408,0.393125,5193.803246,3.960870,5.011372,16973.659738,2461.052770,991.307062,761.343889,0.327021,3.709391,66.810721,38.482378,1480.893391,77.101011,188.581740,4.389001,184.192739,0.364429,-0.621294,32.762445,1486141.468792,0.268451,16658.682691,4.351556,4.956635,26614.247938,6805.982676,1988.651883,1020.124904,0.364302,3.914306,-0.122625,0.415380,0.172540,0.433102,0.623190,-0.763980,1.387170,0.130266,-1.200574,0.365837,46.894332,1.911233,91.316765,1.995753,4.578226,139.427509,4.413140,3.179470,3.375937,0.153385,2.396298,-0.683603,0.129050,0.016654,0.695677,-0.458330,-0.954370,0.496040,-0.100319,-1.191539,0.114174,120.991750,-15.822835,170.100155,5.879779,7.637633,43.777607,6.571945,5.908035,7.329044,0.439239,3.505285,-0.672070,0.267324,0.071462,0.723285,0.017544,-0.962720,0.980264,1.341662,0.624315,0.208892,130.785149,-4.558537,168.207260,1.807164,4.289130,99.750931,2.069120,2.243133,2.142351,0.128867,2.400334,1.090847,0.068839,0.004739,1.093016,1.249225,0.946443,0.302783,0.251994,-0.737409,0.056761,298.671231,-44.162289,271.719025,7.126554,7.892728,23.960558,5.055312,4.729240,5.586156,0.546851,3.849992,6.000000
-2.347579,0.653710,0.427337,2.436896,-0.869540,-3.668000,2.798460,0.038835,-0.642797,0.536852,1484.615638,3.310067,584.627930,5.392928,6.138810,390.088021,106.035380,50.982533,32.464589,0.479040,3.993800,-9.739008,1.668961,2.785430,9.880977,-5.275000,-14.462000,9.187000,-0.578808,0.256349,1.320855,24408.426592,2.038544,2426.146550,6.082312,4.964233,995.842049,549.895952,169.890848,68.075158,0.447804,4.109191,-0.815756,1.252987,1.569975,1.495136,2.426600,-4.042300,6.468900,-0.352596,-0.001692,0.978291,558.858139,2.462089,283.695294,4.323872,4.988687,704.546272,225.320946,74.716865,29.419024,0.355211,3.757893,10.155338,1.636066,2.676711,10.286282,14.788908,6.099248,8.689660,0.549536,0.156112,1.291921,26451.900369,2.118476,2529.817052,6.119099,5.086077,988.751518,528.284976,174.901684,69.469997,0.471531,4.134592,-8.854713,22.352436,499.631402,24.042407,43.479000,-57.113000,100.592000,-0.277425,-0.438292,18.071961,144509.336769,0.441384,4614.719180,4.183041,4.972033,14686.848369,3572.374196,1015.907136,666.156033,0.374568,3.839018,-44.133853,61.011099,3722.354182,75.300406,84.592000,-155.930000,240.522000,0.021301,-1.026059,52.524707,1417537.781948,0.224487,15234.088450,3.644192,5.415349,28460.659937,3660.609679,1686.407945,1321.770293,0.334929,3.378907,5.514311,39.532433,1562.813236,39.915171,98.649000,-128.560000,227.209000,-0.487558,0.826066,31.720473,398305.214880,0.220851,8001.186202,2.570824,3.495545,26733.531635,1526.878292,583.973836,438.890035,0.161231,3.307873,78.925326,40.152239,1612.202260,88.551733,156.772426,7.819628,148.952798,0.063995,-1.133490,34.723087,1960352.333597,0.334537,19656.578346,3.230162,4.354460,25920.814677,2956.872758,1141.136472,606.520028,0.249262,3.514877,-0.475221,0.355004,0.126028,0.593181,0.347830,-0.906830,1.254660,0.930490,-0.313766,0.292402,87.965850,-0.046148,134.080697,2.753358,5.302388,129.019420,9.433771,5.565932,5.244388,0.250409,2.799781,-0.617675,0.120628,0.014551,0.629343,-0.365080,-0.857140,0.492060,0.002784,-1.067530,0.103333,99.018274,-16.961957,153.698410,5.037269,7.002032,55.939778,6.664073,5.712210,6.245385,0.403556,3.591360,0.073430,0.293389,0.086077,0.302439,0.539470,-0.552630,1.092100,-0.330572,-0.658325,0.246470,22.867279,-1.051921,60.830014,3.093334,5.473441,117.561316,9.648184,6.260501,5.310812,0.293640,3.035334,0.912848,0.078198,0.006115,0.916191,1.136118,0.723540,0.412578,0.325754,0.303755,0.059808,209.851403,-29.062689,227.391721,5.987673,7.381964,40.582120,7.258780,5.281524,6.147276,0.499563,3.896253,4.000000
-2.355679,0.616722,0.380346,2.435071,-0.974720,-3.892000,2.917280,-0.153256,-0.593450,0.502828,1482.393006,3.054137,586.382970,4.668654,5.626547,368.572397,101.436767,42.191077,22.757333,0.412191,3.892570,-9.703442,1.642606,2.698153,9.841490,-5.275000,-14.366000,9.091000,-0.424361,0.308806,1.279678,24213.733078,2.045076,2416.729900,5.694347,4.572127,1036.033983,502.369976,170.344578,68.356195,0.411117,4.073179,-0.647453,1.173958,1.378178,1.340661,2.426600,-4.042300,6.468900,-0.346613,0.386714,0.896688,449.343213,2.375203,256.460615,3.700438,4.238615,704.629744,195.489868,57.020765,19.030977,0.258165,3.675165,10.098332,1.614178,2.605572,10.226528,14.568566,6.099248,8.469319,0.390601,0.184594,1.259649,26145.469297,2.196830,2515.106113,5.677929,4.630919,1033.047591,483.781343,176.202875,68.249951,0.417159,4.085722,-8.994093,19.867683,394.724845,21.808681,40.250000,-57.113000,97.363000,-0.410338,-0.334328,15.977456,118904.640153,0.444134,4203.140415,4.532883,5.141043,12015.454206,3702.506904,1010.139688,649.001473,0.385477,3.853484,-42.803559,55.927599,3127.896348,70.427558,64.805000,-155.930000,220.735000,-0.194270,-0.802852,46.566106,1240010.244266,0.240660,13873.421750,2.950383,4.662017,31089.551982,3041.492261,1204.039540,927.379854,0.269063,3.354249,5.065775,34.716224,1205.216236,35.083875,59.979000,-70.621000,130.600000,-0.425323,-0.969074,30.185487,307719.578249,0.365521,7679.249230,2.668261,3.827452,21777.950285,1323.412819,521.326112,407.263623,0.183182,3.267726,73.086340,36.399517,1324.924809,81.648869,156.772426,12.533761,144.238665,0.553439,-0.642745,30.071037,1666634.462668,0.337899,18227.315672,2.737814,3.819535,23882.296002,2626.162640,741.711066,428.493662,0.207627,3.425133,-0.013358,0.347654,0.120863,0.347911,0.416150,-0.664600,1.080750,-0.735152,-1.030115,0.302543,30.260482,-1.716829,74.226671,4.182973,6.170169,146.803399,20.654280,13.027096,10.172623,0.430674,3.490150,-0.687841,0.074939,0.005616,0.691911,-0.476190,-0.857140,0.380950,0.821862,0.625455,0.057178,119.685348,-33.406259,171.299595,6.571324,7.625102,36.645729,7.143423,5.705914,6.493386,0.530368,3.952730,0.041544,0.254536,0.064789,0.257904,0.539470,-0.258770,0.798240,0.746690,-1.098919,0.225662,16.628643,-7.897966,53.083348,2.863025,5.333225,95.348664,6.615567,4.793698,3.507315,0.265305,2.896081,0.813351,0.068977,0.004758,0.816271,0.967556,0.719034,0.248522,0.443440,-1.248601,0.062610,166.574473,-64.202398,202.535042,7.459314,8.012783,26.736314,6.072854,5.693370,5.783956,0.559404,3.951951,4.000000
-2.446982,0.631801,0.399173,2.527230,-1.181500,-3.920400,2.738900,-0.209277,-0.822074,0.526064,1596.723405,3.233358,609.954950,4.893591,5.801532,378.201794,102.315474,56.172490,25.789543,0.415245,3.925000,-9.710082,1.493027,2.229130,9.824196,-5.566700,-13.891000,8.324300,-0.437510,0.637941,1.128292,24128.707598,2.094202,2418.664700,6.153338,5.062081,973.444829,467.775899,188.990031,81.409426,0.479852,4.170961,-0.601883,1.196377,1.431318,1.339246,2.394500,-4.064900,6.459400,-0.689975,0.716165,0.914187,448.395078,2.359367,248.576058,4.820309,5.613688,738.795566,218.891196,71.995361,48.805566,0.410350,3.927873,10.128895,1.449410,2.100789,10.232072,14.110054,6.171180,7.938874,0.472184,0.611182,1.095895,26173.826081,2.157394,2523.122525,6.208293,5.097359,941.744676,455.586572,190.635580,79.136754,0.479126,4.175697,-10.862456,21.511966,462.764665,24.098913,41.394000,-72.335000,113.729000,-0.486796,0.176527,16.825679,145189.404585,0.386533,4613.265120,5.120661,5.616348,14322.926180,4411.353793,1603.067362,1081.069686,0.475018,4.061339,-36.544403,59.263610,3512.175440,69.625203,64.805000,-164.240000,229.045000,-0.382086,-0.836612,49.574044,1211917.209081,0.233952,13335.117510,3.734388,5.517394,32634.771973,4432.946037,2230.071961,1768.827990,0.357121,3.547221,-1.155849,35.423713,1254.839462,35.442565,59.979000,-71.707000,131.686000,-0.252357,-1.073051,30.699283,314043.862231,0.366841,7623.107080,3.939033,5.208614,23817.576583,2178.974152,1509.311812,1208.619956,0.352823,3.672901,71.460857,39.723391,1577.947793,81.759415,184.330687,3.569724,180.760964,0.804033,0.056733,31.892519,1671150.475896,0.274553,17770.852053,4.008714,5.313149,24308.383673,4269.306832,1681.035757,1090.666560,0.373900,3.718328,-0.040456,0.373356,0.139395,0.375542,0.416150,-0.703930,1.120080,-0.672479,-1.238212,0.335836,35.257906,-2.357545,80.328144,4.370356,6.357209,161.184084,22.480891,14.552110,11.961962,0.450066,3.549030,-0.647428,0.067329,0.004533,0.650920,-0.476190,-0.779760,0.303570,0.418180,-0.490873,0.055663,105.924130,-44.271410,161.228105,7.815203,7.903488,30.868542,8.366961,6.636234,7.095933,0.628399,4.173874,-0.230535,0.123165,0.015170,0.261374,-0.043860,-0.546050,0.502190,-0.900264,0.139445,0.096594,17.079027,-18.034817,57.512073,3.653109,6.122342,51.591120,4.529883,3.534011,2.727931,0.330425,3.219941,0.793981,0.051371,0.002639,0.795641,0.918816,0.719034,0.199782,0.612632,-0.997627,0.044656,158.261063,-91.917165,197.684363,8.795078,8.172067,20.718133,6.245792,5.677731,7.007335,0.682860,4.214587,4.000000
-2.391554,0.663461,0.440180,2.481877,-1.048300,-3.920400,2.872100,-0.109096,-0.872196,0.556992,1539.928216,3.238948,595.371050,4.473120,5.434486,395.523677,93.998202,49.575078,20.892238,0.371290,3.812298,-9.748116,1.504134,2.262419,9.863477,-5.671500,-14.124000,8.452500,-0.632219,0.485085,1.162123,24322.046088,2.087898,2427.742600,5.891898,4.661242,961.470732,437.222025,184.955071,69.967678,0.429438,4.108614,-0.538641,1.169396,1.367486,1.287486,2.394500,-4.064900,6.459400,-0.859585,1.181596,0.878051,414.405166,2.269981,230.026045,4.702215,5.434681,687.882666,197.925030,70.146399,43.827883,0.414441,3.864521,10.146403,1.468340,2.156021,10.252098,14.421961,6.654817,7.767145,0.669646,0.468088,1.140239,26276.379469,2.235920,2526.948874,5.856148,4.657400,942.063174,423.866567,185.660737,66.156136,0.417380,4.106976,-9.091335,22.737563,516.996775,24.487735,46.745000,-72.335000,119.080000,-0.289003,0.115330,18.032927,149912.286985,0.378541,4778.759140,4.178631,4.995785,15804.403508,3412.060813,1165.235431,728.248785,0.346027,3.838013,-22.020319,71.091832,5054.048517,74.424075,100.780000,-164.240000,265.020000,-0.231562,-0.998820,59.189095,1384735.745495,0.208606,15031.341280,2.757426,4.634968,36724.351876,3291.272071,1254.908196,1097.871324,0.234272,3.210134,-2.314058,43.647324,1905.088904,43.708624,84.407000,-106.840000,191.247000,-0.223334,-0.390311,35.237107,477610.942330,0.268199,8779.520861,2.519670,3.443916,28170.595253,1277.845306,557.688701,388.191581,0.153342,3.201655,80.191138,40.229558,1618.417309,89.716419,184.330687,3.569724,180.760964,0.366296,-0.530182,33.705466,2012258.974809,0.278994,20000.430550,3.337327,4.248718,24200.014368,3559.284785,1359.820386,456.165776,0.261681,3.544733,-0.456306,0.301102,0.090662,0.546697,0.283640,-0.766050,1.049690,1.477328,0.712520,0.227365,74.719503,-5.082072,128.554868,4.183966,6.203752,139.293567,18.711785,11.853287,9.618661,0.426825,3.528893,-0.563992,0.078604,0.006179,0.569443,-0.331350,-0.720240,0.388890,1.048489,0.606286,0.061324,81.066387,-33.526432,140.356135,6.645957,7.717264,43.367007,5.910826,7.113793,7.416754,0.503373,3.982866,-0.090948,0.258932,0.067046,0.274440,0.414470,-0.546050,0.960520,0.144967,-1.008378,0.225757,18.829317,-1.333174,58.107466,2.148111,4.815921,93.075904,2.925955,2.518351,3.038503,0.161624,2.490464,0.834829,0.039004,0.001521,0.835740,0.918816,0.738017,0.180798,-0.487579,-0.451944,0.032078,174.615207,-105.137873,207.921715,8.986055,8.177076,18.582873,5.721517,6.026473,6.181217,0.661884,4.302648,4.000000
-2.143573,0.825978,0.682239,2.297203,-0.166250,-4.830900,4.664650,-0.517598,0.247721,0.651748,1319.285854,2.525412,533.359300,4.553906,5.194019,515.635870,121.321833,45.677233,28.705507,0.376096,3.836772,-9.794666,1.810185,3.276770,9.960535,-5.875700,-15.512000,9.636300,-0.513505,-0.208479,1.494713,24803.062983,2.043695,2438.158500,5.570293,4.691538,1131.724221,450.471151,138.580993,77.931616,0.413717,4.007696,-0.203077,0.904477,0.818079,0.926995,2.187100,-3.086900,5.274000,-0.174170,0.836171,0.688082,214.829751,2.423124,173.994231,5.088568,5.011570,621.009548,223.658206,56.852902,43.643290,0.405160,4.020601,10.099120,1.832072,3.356486,10.263952,15.802592,6.486386,9.316206,0.527983,-0.235859,1.522626,26337.178589,2.095980,2513.903931,5.399566,4.707487,1178.836774,426.585913,138.051769,77.455811,0.404071,3.993684,6.477761,26.680587,711.853709,27.455693,76.033000,-46.300000,122.333000,0.296063,-0.366740,21.394702,188453.773137,0.380205,5440.306340,4.236117,4.925669,18663.309570,3961.299391,1213.606195,854.113432,0.369450,3.854819,38.471223,64.350257,4140.955539,74.973266,177.590000,-112.800000,290.390000,-0.222032,-0.385376,52.365065,1405247.640700,0.188888,15540.322070,3.546563,5.161409,35048.447278,3676.698442,2033.053479,1422.594695,0.324831,3.490961,-1.135506,65.209444,4252.271615,65.219330,137.070000,-135.780000,272.850000,-0.149842,-0.873009,54.579736,1063390.247106,0.201656,13556.316661,4.009948,5.246359,39044.725868,4477.176614,2404.566210,1873.138190,0.365212,3.597160,94.114788,42.080558,1770.773375,103.093970,213.202538,1.867994,211.334544,0.360151,-0.334293,34.895956,2657091.660944,0.241532,23421.534256,3.411791,4.267088,29655.273665,3663.000155,1058.259398,753.058258,0.255450,3.613813,-0.310136,0.404259,0.163425,0.509519,0.472050,-0.766050,1.238100,0.681652,-1.161426,0.368411,64.902500,-1.416307,114.628328,4.667924,6.342649,194.566270,32.336100,19.606565,15.938905,0.483762,3.728765,-0.591563,0.104406,0.010901,0.600706,-0.331350,-0.769840,0.438490,0.549120,-0.454423,0.083922,90.211996,-21.573210,147.293650,5.738246,7.223279,54.370440,6.508595,7.674642,7.764797,0.439322,3.790270,-0.065474,0.239585,0.057401,0.248370,0.414470,-0.471490,0.885960,0.167318,-0.992220,0.206902,15.421935,-2.466190,51.927584,2.211209,4.855549,86.701811,3.098805,1.858431,2.693999,0.164777,2.560689,0.825176,0.035076,0.001230,0.825921,0.914928,0.750742,0.164186,-0.009636,-0.429321,0.028220,170.536430,-120.585161,205.473223,8.843791,7.926001,18.328566,5.557318,6.130058,6.339513,0.637783,4.327008,4.000000
-2.091932,0.890869,0.793648,2.273725,-0.166250,-4.830900,4.664650,-0.445860,-0.069773,0.708739,1292.456636,2.687028,520.851580,4.516867,5.076087,562.918543,136.643173,51.928744,27.796231,0.373138,3.859108,-9.900865,1.960880,3.845048,10.093175,-5.534200,-16.496000,10.961800,-0.491906,0.023844,1.605492,25468.045036,1.872459,2465.941250,5.677289,4.669923,1099.163428,455.767083,139.720697,64.150752,0.370054,3.885706,-0.339899,1.077910,1.161889,1.130230,3.082800,-3.342800,6.425600,-0.093966,0.721150,0.824369,319.355094,2.216694,208.985807,4.911500,5.056693,751.427212,251.935411,68.455647,50.552318,0.403878,4.006227,10.218888,1.973261,3.893761,10.407662,16.801485,6.486386,10.315100,0.527719,-0.072743,1.631513,27079.856766,1.971300,2545.130417,5.513735,4.670638,1139.472519,416.988092,144.274592,66.507226,0.378592,3.885609,13.762840,31.806716,1011.667189,34.656644,76.033000,-56.652000,132.685000,-0.201742,-0.850278,26.762637,300270.741196,0.361445,7293.430100,4.174424,5.015921,21062.839107,4234.230045,1365.361760,985.518419,0.344066,3.793081,51.491300,70.677411,4995.296445,87.445128,201.770000,-93.989000,295.759000,0.324962,-0.579076,57.338162,1911662.594956,0.187216,16545.958200,4.099409,5.622810,35488.173256,5224.497975,2367.997230,2012.618121,0.387466,3.592551,-0.857709,68.492114,4691.169696,68.497484,137.070000,-139.340000,276.410000,-0.194980,-0.935773,58.225575,1172976.340276,0.200845,14523.259950,2.513458,3.243670,36915.583056,2325.315542,613.991496,570.422671,0.142673,3.056093,103.183374,53.785036,2892.830100,116.359953,219.517681,1.867994,217.649686,0.279257,-0.824814,45.118726,3384909.676429,0.243249,25677.644113,4.462222,5.550120,36017.879588,6000.268683,2465.863330,2102.076418,0.415577,3.852091,0.100489,0.320229,0.102546,0.335625,0.472050,-0.722570,1.194620,-1.128965,0.427195,0.250849,28.161102,-1.228016,69.129405,2.280447,4.667947,143.998097,5.360812,4.546036,3.684390,0.180759,2.792783,-0.670516,0.072741,0.005291,0.674450,-0.418650,-0.817460,0.398810,1.158955,1.613237,0.054202,113.720645,-33.556976,167.049565,6.924219,7.799526,39.363609,6.662849,6.702675,8.028040,0.523268,4.017106,-0.090061,0.241725,0.058431,0.257957,0.546050,-0.471490,1.017540,0.856282,0.579895,0.184572,16.635491,-3.048981,50.077813,4.517792,6.251679,126.289651,19.390171,11.731321,9.905118,0.468495,3.740899,0.795563,0.033889,0.001148,0.796284,0.914928,0.739809,0.175119,0.826617,0.526091,0.026881,158.517238,-118.562777,198.053146,9.578856,8.079756,15.701342,5.263861,5.534589,6.748917,0.709755,4.383786,4.000000
-2.143228,0.765946,0.586674,2.275983,-0.266330,-3.951200,3.684870,-0.295369,-0.541480,0.624281,1295.024711,2.943605,532.998480,4.483914,5.183497,458.093700,129.713511,42.500247,19.960261,0.369630,3.847459,-9.900213,1.766568,3.120764,10.056589,-5.534200,-16.496000,10.961800,-0.687316,0.480838,1.415975,25283.744349,1.728714,2462.693200,5.662571,4.864276,1103.900694,410.289940,155.151621,71.642562,0.418809,3.991580,-0.312878,0.920073,0.846535,0.971816,3.082800,-3.342800,6.425600,-0.019315,1.578588,0.702941,236.106813,1.998420,181.379288,4.692081,4.830506,630.355940,218.788259,62.754420,39.933847,0.382425,3.977792,10.203905,1.771955,3.139825,10.356616,16.801485,7.231292,9.570193,0.703423,0.318409,1.436014,26814.875873,1.982232,2538.274482,5.575354,4.864615,1107.241846,380.515101,155.983461,74.025800,0.411930,3.976282,8.024304,30.040139,902.409924,31.093398,67.457000,-56.652000,124.109000,-0.047208,-0.884537,24.987414,241699.845125,0.382400,6461.957030,3.548164,4.517212,18792.644124,3479.299957,852.588223,567.793124,0.279331,3.618256,32.560628,71.492195,5111.133902,78.557803,201.770000,-93.989000,295.759000,0.724145,-0.053176,55.266890,1542832.093615,0.184744,13886.088810,2.715116,4.517562,34891.916348,3191.285686,1253.075039,751.261016,0.225176,3.156833,0.765016,59.350164,3522.441966,59.355094,101.570000,-139.340000,240.910000,-0.294879,-0.988941,51.118004,880756.804119,0.223543,12704.141900,2.735510,3.980581,33525.215819,2104.972037,717.606623,708.761762,0.193180,3.200469,89.268634,51.887050,2692.265996,103.252869,219.517681,11.309179,208.208502,0.736148,-0.187868,41.064988,2665288.742859,0.248483,22216.287824,3.181274,4.436016,34290.228489,3669.769282,933.802427,793.587764,0.247734,3.516871,-0.214368,0.454792,0.206836,0.502782,0.453420,-0.826090,1.279510,0.140542,-1.662098,0.430316,63.197367,-0.131821,110.137717,4.611979,6.315207,194.509060,30.917005,18.945283,15.749445,0.474496,3.648421,-0.619159,0.105303,0.011089,0.628050,-0.359130,-0.817460,0.458330,0.580295,-0.467347,0.087080,98.611579,-20.369416,154.179570,5.742703,7.145646,54.719192,7.551387,7.226409,7.878831,0.476270,3.842642,0.060184,0.188338,0.035471,0.197720,0.546050,-0.230260,0.776310,0.976852,0.342499,0.148420,9.773322,-6.450226,35.286175,2.821796,5.242387,85.346859,5.182448,3.262849,3.307817,0.244534,3.004053,0.826794,0.052350,0.002741,0.828450,0.942828,0.739809,0.203018,0.106446,-1.258531,0.047043,171.582267,-85.824793,205.859735,8.460887,8.041148,20.269911,4.734877,5.457774,7.031762,0.625972,4.125263,4.000000
-2.359687,0.732903,0.537146,2.470884,-1.064900,-4.106300,3.041400,-0.305325,-0.835273,0.616617,1526.317461,3.335416,587.726000,4.213540,5.010255,470.459034,118.500801,33.429396,19.944666,0.345902,3.811797,-9.761120,1.497020,2.241069,9.875248,-6.000800,-14.146000,8.145200,-0.492658,0.207239,1.180367,24380.131133,2.166774,2430.678850,5.342818,4.406383,966.762856,377.581719,141.629879,54.936421,0.359298,3.976149,-0.522806,1.066565,1.137560,1.187807,2.137100,-3.574900,5.712000,-0.254346,0.202509,0.832809,352.721433,2.569326,229.220364,3.744995,4.460937,667.425864,163.969415,43.023022,21.382388,0.279045,3.694310,10.138498,1.499176,2.247530,10.248740,14.290720,6.565559,7.725161,0.418846,-0.097821,1.190742,26259.170027,2.291310,2524.727685,5.204314,4.453880,993.482850,357.032763,143.029436,54.777392,0.358787,3.978381,-6.500330,27.866362,776.534120,28.614479,59.372000,-76.012000,135.384000,-0.166423,-0.146993,22.234887,204697.103602,0.346830,5608.890877,5.025722,5.842797,19153.611053,4049.697789,1911.946371,1442.923911,0.482694,4.001242,-18.771120,76.662120,5877.080589,78.926773,171.430000,-165.020000,336.450000,0.240823,-0.314824,61.754178,1557358.879729,0.168403,15584.346310,5.065415,6.366073,44080.746581,7984.114736,4933.472993,3827.358043,0.518404,3.924659,-0.737669,55.307275,3058.894659,55.312194,102.900000,-123.340000,226.240000,-0.229573,-0.902961,47.185608,764859.703712,0.235896,11736.026950,3.710679,5.001288,33259.073061,3315.957615,1768.743370,1345.786693,0.330416,3.536766,90.364283,44.067666,1941.959160,100.536873,190.041096,10.348930,179.692166,0.411058,-0.485233,35.347451,2526915.687043,0.282874,22432.381936,3.392002,4.670241,29602.779286,3371.643366,1260.775902,885.365135,0.278135,3.619250,-0.484016,0.283311,0.080265,0.560836,0.347830,-0.826090,1.173920,1.375944,0.795042,0.209836,78.634216,-2.735525,129.594206,4.554304,6.174861,141.429004,22.243759,14.144332,11.103979,0.469129,3.733029,-0.618246,0.121807,0.014837,0.630131,-0.359130,-0.876980,0.517850,-0.205528,-0.449668,0.095277,99.266310,-15.913162,153.906800,5.275356,7.117434,61.907733,6.908189,6.221089,7.664255,0.431154,3.696106,0.134719,0.222186,0.049367,0.259839,0.598680,-0.230260,0.828940,0.432068,-0.831034,0.184840,16.879028,-3.425733,49.164464,4.909502,6.434568,115.894667,20.063589,12.165012,10.281958,0.508929,3.840217,0.881891,0.037237,0.001387,0.882677,0.980249,0.821862,0.158387,0.618133,-0.327261,0.030243,194.779555,-125.450543,219.630493,8.737693,7.912905,17.003197,5.223834,5.372871,6.611195,0.624996,4.239732,4.000000
-2.266266,0.716566,0.513467,2.376853,-0.805940,-4.106300,3.300360,-0.226738,-0.445674,0.580913,1412.357102,3.130535,563.888630,4.589225,5.133390,428.132970,133.393860,49.568692,20.058883,0.387612,3.889165,-9.799495,1.497872,2.243619,9.913310,-6.000800,-14.818000,8.817200,-0.649275,0.605621,1.171533,24568.429429,1.956352,2438.432050,6.060177,5.035105,880.171825,486.042531,172.500634,80.764402,0.481557,4.120451,-0.342287,1.132066,1.281574,1.182681,2.137100,-3.574900,5.712000,-0.476753,-0.005514,0.906768,349.683625,2.593254,226.269798,4.249669,4.968455,652.206493,227.838539,50.761843,37.388620,0.341317,3.777672,10.152023,1.502767,2.258309,10.262645,15.059750,6.565559,8.494191,0.607444,0.330597,1.183066,26330.470156,2.109809,2526.248508,5.860764,5.021114,920.355501,461.973273,168.737971,80.342346,0.472725,4.114121,-9.208367,25.340781,642.155188,26.961996,46.661000,-76.012000,122.673000,-0.350905,0.093483,19.984512,181737.304677,0.374130,5165.905287,4.974486,5.670456,17165.976081,4306.103137,1530.761913,1182.410331,0.465528,4.001720,-34.346276,58.260882,3394.330315,67.631331,78.093000,-165.020000,243.113000,-0.415012,-0.737552,48.811068,1143499.244166,0.221867,12795.825470,3.109290,4.801709,30836.287497,3921.200993,1279.009842,1008.892090,0.271534,3.375448,-0.374334,53.940518,2909.579509,53.941817,102.900000,-144.860000,247.760000,-0.556956,-0.242286,44.325147,727429.908809,0.215199,10990.508800,4.806463,5.761275,32968.865588,4886.424478,2907.646120,2218.870073,0.461892,3.846767,78.865104,44.620188,1990.961151,90.612724,190.041096,5.716133,184.324963,0.560564,-0.468481,36.781404,2052666.457651,0.277170,19624.163060,3.604776,4.742760,30977.843314,4423.105472,1500.879979,1013.040535,0.295654,3.693518,-0.039387,0.374670,0.140377,0.376734,0.447200,-0.662530,1.109730,-0.478784,-1.390675,0.334259,35.482193,-1.335098,80.449270,4.618816,6.326530,182.944170,29.735323,17.935563,14.092369,0.479917,3.732524,-0.692397,0.078003,0.006084,0.696777,-0.531750,-0.876980,0.345230,-0.333011,-0.586606,0.063489,121.374497,-34.781202,172.477205,6.668433,7.572319,40.331745,6.974189,7.562563,7.301919,0.543044,4.007175,0.043377,0.252999,0.064009,0.256691,0.598680,-0.302630,0.901310,0.817177,-0.601860,0.212114,16.472523,-3.418385,49.720414,2.583275,5.016295,96.251321,6.088538,4.057997,3.752816,0.234464,2.819481,0.829639,0.070827,0.005016,0.832657,0.980249,0.727605,0.252644,0.396486,-1.071297,0.061397,173.329212,-58.137847,206.585626,7.780502,7.918707,22.897607,6.121726,5.759703,5.903916,0.599547,3.932844,4.000000
-2.201855,0.662814,0.439322,2.299454,-0.805940,-4.565600,3.759660,-0.435880,0.394194,0.519304,1321.872061,2.464077,548.399980,4.673327,5.341378,421.620177,107.828831,49.612916,22.629684,0.399292,3.905932,-9.719450,1.505801,2.267436,9.835402,-5.912400,-14.818000,8.905600,-0.720016,0.912786,1.159187,24183.784194,1.949890,2420.639350,5.680194,4.631330,989.524529,470.190409,148.096706,66.188034,0.413096,4.090719,-0.296326,1.204708,1.451320,1.240617,2.031800,-4.428600,6.460400,-1.026766,1.289547,0.914898,384.782403,2.326925,226.440621,4.491032,5.261613,732.110304,214.186489,70.179169,40.581507,0.367229,3.853311,10.062247,1.520835,2.312938,10.176530,15.059750,6.201817,8.857933,0.669236,0.740940,1.169092,25890.438658,1.997159,2506.050829,5.494361,4.562808,1026.904300,459.183884,146.394762,65.322614,0.393224,4.083469,-8.951973,21.246904,451.430916,23.055775,46.661000,-60.071000,106.732000,0.178887,-0.068765,16.889934,132892.184891,0.413989,4741.525030,4.171201,5.048500,15410.755909,2747.416587,961.336493,580.608873,0.349160,3.839062,-35.247538,53.941452,2909.680238,64.436551,78.093000,-207.800000,285.893000,-0.889624,0.842321,42.009367,1038017.289737,0.185596,11597.480770,3.605244,5.304662,28909.426014,3922.669969,1714.240794,1286.673221,0.339947,3.518627,1.196221,45.792351,2096.939365,45.807972,104.270000,-144.860000,249.130000,-0.466418,0.667202,35.139041,524592.577635,0.207905,8745.775420,3.938124,5.113418,28006.944366,3202.889325,1588.080663,1211.185097,0.347099,3.598232,69.376409,44.372538,1968.922088,82.352949,209.450609,5.716133,203.734476,1.098965,0.663353,35.113539,1695502.052263,0.246011,17273.487277,4.215693,5.438811,29488.751315,5046.350454,2161.228154,1378.329177,0.394366,3.831861,0.059520,0.342082,0.117020,0.347221,0.447200,-0.600410,1.047610,-0.890468,-0.846965,0.290159,30.140663,-3.199311,77.770168,4.614736,6.254585,173.743379,27.905359,18.353679,13.283770,0.476851,3.751499,-0.657873,0.066783,0.004460,0.661254,-0.503970,-0.793650,0.289680,0.296236,-0.863952,0.056751,109.314234,-47.494185,163.808540,7.258280,7.731839,33.282605,7.255736,6.698235,6.983864,0.582986,4.093431,-0.220676,0.138341,0.019138,0.260453,-0.019737,-0.563600,0.543863,-0.617147,-0.461848,0.117424,16.959005,-14.703105,54.955121,2.809855,5.405160,56.731616,2.685615,2.339285,2.478669,0.228392,2.916250,0.789887,0.041646,0.001734,0.790984,0.903645,0.727605,0.176040,0.703642,-0.571054,0.034592,156.413902,-112.235061,196.616965,8.817290,7.940815,17.196151,5.600451,6.049130,5.721680,0.640133,4.221227,4.000000
-2.193534,0.616995,0.380683,2.278656,-0.595600,-4.565600,3.970000,-0.333049,0.744294,0.488276,1298.068445,2.303804,545.943690,4.792865,5.452279,385.542112,106.272815,43.708335,24.783548,0.417743,3.937453,-9.677093,1.430911,2.047505,9.782313,-5.912400,-13.695000,7.782600,-0.354631,0.261502,1.115806,23923.409509,2.185099,2409.059800,5.879138,4.461359,850.606249,521.148529,150.118040,60.769679,0.400348,4.068532,-0.389375,1.139479,1.298412,1.204170,1.998600,-4.428600,6.427200,-1.104041,1.725270,0.833356,362.506368,2.231220,213.894821,4.031464,4.805917,703.836194,186.082135,58.130005,29.061488,0.330267,3.780963,10.014375,1.431163,2.048229,10.116123,13.941636,6.201817,7.739819,0.330179,0.191913,1.108201,25583.984322,2.243144,2493.074250,5.739046,4.487351,876.137964,509.534311,153.381928,59.593455,0.386135,4.072674,-7.891123,18.573549,344.976715,20.180350,35.798000,-60.071000,95.869000,-0.142383,0.197843,14.529034,101811.632619,0.444799,4107.682050,3.927264,4.454612,13082.516418,2608.461878,1009.200795,387.372224,0.305555,3.798044,-32.788580,59.036257,3485.279636,67.530516,93.898000,-207.800000,301.698000,-0.424448,0.521236,45.590529,1140092.655505,0.179759,12952.913970,3.502066,5.090583,33994.520743,4045.468233,1953.429280,1329.296293,0.323312,3.514261,0.570839,34.879638,1216.589164,34.884309,104.270000,-76.659000,180.929000,0.351061,0.244360,27.267742,304228.755317,0.271106,6770.123920,3.065516,4.203013,20309.995215,2045.813317,499.180409,525.623402,0.220031,3.313101,66.586471,41.842252,1750.774089,78.641797,209.450609,5.968223,203.482386,1.358456,1.561624,31.883546,1546133.043441,0.242931,16576.448693,2.724461,3.932978,24927.431328,2962.251698,706.890127,496.415889,0.208279,3.354593,-0.390352,0.378187,0.143025,0.543507,0.358180,-0.755690,1.113870,1.063993,-0.610543,0.319638,73.849970,-4.405595,128.111785,4.555886,6.317280,171.438659,28.032731,17.538050,13.609347,0.471374,3.648232,-0.579865,0.073097,0.005343,0.584454,-0.402780,-0.785710,0.382930,-0.280022,0.210316,0.055246,85.396674,-33.599970,144.334325,6.650856,7.712940,37.925940,6.529907,6.228883,6.675611,0.515778,3.973144,-0.137106,0.211732,0.044831,0.252247,0.265350,-0.563600,0.828950,-0.085427,-0.910387,0.181792,15.907137,-3.521910,50.435376,2.449966,5.109427,76.657330,3.280426,2.077195,2.834892,0.194726,2.659303,0.835904,0.043353,0.001879,0.837028,0.914564,0.740097,0.174467,-0.587686,-0.643045,0.035485,175.153781,-109.706382,208.179395,8.443474,7.897243,19.361021,6.925418,5.713688,5.945695,0.666612,4.249907,4.000000
-2.042214,0.617637,0.381476,2.133568,-0.595600,-3.288400,2.692800,0.070854,-0.653166,0.511797,1138.028283,3.291877,508.791410,4.594838,5.298520,377.225307,98.982569,43.436098,19.510394,0.390094,3.876750,-9.832300,1.276922,1.630529,9.914870,-6.380900,-14.351000,7.970100,-0.672780,0.856268,0.967387,24576.161174,2.030640,2447.038400,5.947849,4.556688,808.333939,458.420960,190.688087,51.059987,0.418989,4.166384,-0.004545,0.825217,0.680983,0.825229,2.405500,-2.343300,4.748800,0.081921,0.644946,0.632052,170.250925,2.525565,157.103863,4.397477,4.810687,513.376937,149.801881,52.226876,21.982968,0.351309,3.845242,10.095141,1.275107,1.625899,10.175351,14.421158,6.884413,7.536746,0.617404,0.585778,0.976655,25884.440382,2.148875,2512.553686,5.916897,4.552107,814.740730,454.098524,191.006069,50.692553,0.411893,4.164497,6.537823,20.734345,429.913048,21.740657,66.990000,-35.527000,102.517000,0.741802,0.222933,16.124740,118164.042977,0.421571,4139.538865,3.659703,4.437975,13176.218749,3283.408509,935.387790,290.400172,0.301201,3.744935,29.997184,60.194095,3623.329065,67.254443,149.440000,-82.197000,231.637000,0.274210,-0.698303,49.478187,1130790.033727,0.231148,13427.912130,2.972755,4.539637,31284.025946,3510.697440,1134.164022,896.518566,0.264133,3.343807,-0.332283,37.424419,1400.587167,37.425894,70.318000,-76.659000,146.977000,0.051831,-1.041959,32.082914,350174.394568,0.335191,7998.023350,3.397734,4.746406,22924.463377,2455.385107,1138.668510,965.909346,0.304011,3.523785,70.092498,38.516952,1483.555596,79.978209,166.616475,5.968223,160.648252,0.967860,0.184619,29.848683,1599128.471272,0.300714,17471.664570,3.365103,4.965344,21951.646758,2826.267435,1034.961551,956.140591,0.312002,3.500544,-0.375205,0.400291,0.160233,0.548645,0.511390,-0.755690,1.267080,1.042413,-0.545309,0.346687,75.252791,-2.940594,127.542384,4.175734,6.217432,161.963286,21.778944,14.076845,11.929719,0.429034,3.434250,-0.601341,0.087096,0.007586,0.607616,-0.402780,-0.771830,0.369050,-0.088449,-0.662917,0.069837,92.299299,-30.974846,149.678605,6.035856,7.497216,43.695078,7.162400,5.365816,6.123833,0.509742,3.878546,-0.117465,0.182768,0.033404,0.217261,0.265350,-0.460530,0.725880,0.191442,-0.763985,0.154149,11.800539,-6.090999,45.358585,2.444643,5.116528,71.444136,2.908115,2.128981,2.676162,0.201483,2.709765,0.846311,0.034168,0.001167,0.847001,0.916246,0.745517,0.170729,-0.840450,0.818809,0.025600,179.352629,-120.038522,210.753895,8.708096,7.981599,17.846338,6.425634,4.660203,5.854632,0.677712,4.333038,4.000000
-2.038964,0.797014,0.635231,2.189202,-0.051740,-4.262300,4.210560,-0.232860,0.150938,0.636384,1198.151589,2.706873,507.503430,3.557636,4.695210,482.983932,77.116616,40.625726,14.064385,0.283965,3.603848,-9.867590,1.247587,1.556474,9.946145,-7.093300,-14.351000,7.257700,-0.677588,0.627565,0.967438,24731.451507,2.184997,2456.571150,5.896796,4.444582,797.111451,367.039391,164.294488,44.723069,0.393034,4.090190,0.171003,0.849705,0.721999,0.866741,2.405500,-2.343300,4.748800,-0.380127,0.626025,0.637083,187.810174,2.427490,169.181817,4.876142,5.566590,556.713261,140.586896,63.684170,35.458477,0.453804,3.980639,10.142410,1.265377,1.601179,10.221040,14.421158,7.521719,6.899440,0.646259,0.407426,0.989300,26117.413270,2.322643,2524.968754,5.750231,4.502634,838.761779,365.777294,165.359026,44.695982,0.402247,4.104639,11.449287,22.146461,490.465732,24.930943,66.990000,-44.199000,111.189000,0.085898,-0.188165,17.437059,155387.977341,0.404243,4851.235063,3.676584,5.093723,13484.510789,2154.142390,822.692673,556.579320,0.341650,3.633977,41.187058,57.662517,3324.965856,70.861411,151.590000,-97.056000,248.646000,0.035531,-0.525184,46.644315,1255334.895736,0.214729,14239.388140,3.569360,5.384328,29102.275255,3797.863134,1831.931932,1366.099937,0.351516,3.450661,0.324673,46.974618,2206.614758,46.975740,110.260000,-95.080000,205.340000,0.203417,-0.810892,39.930846,551680.042748,0.250871,9947.010350,3.248429,4.733128,27705.141218,2398.570682,1105.615703,938.042314,0.294206,3.463701,78.966324,40.173764,1613.931323,88.598034,166.616475,6.648731,159.967745,0.506925,-0.522180,32.403003,1962402.915824,0.309890,19627.561962,4.225229,5.586658,26410.349660,3720.098950,1925.344852,1514.691732,0.416646,3.796214,0.080721,0.350098,0.122568,0.359283,0.511390,-0.623190,1.134580,-0.930084,-0.513615,0.278328,32.271081,-2.094075,78.567273,3.887496,5.949338,160.780646,19.820091,12.070609,10.114739,0.392285,3.451890,-0.683095,0.059378,0.003526,0.685671,-0.523810,-0.811510,0.287700,0.589876,-0.318951,0.048530,117.536238,-51.687821,170.127005,7.392617,8.013680,30.974608,6.096153,5.732454,6.660837,0.574208,4.083805,-0.091421,0.196060,0.038440,0.216327,0.381580,-0.460530,0.842110,0.028648,-0.901289,0.171488,11.699355,-4.637127,45.117357,4.673690,6.512433,86.069549,13.213387,8.600990,7.305380,0.476871,3.646706,0.802738,0.040485,0.001639,0.803758,0.916246,0.744469,0.171777,0.459450,-0.995721,0.035682,161.506675,-117.207772,199.862679,8.714749,8.162374,17.039751,5.493439,4.489130,5.702996,0.628080,4.200901,4.000000
-2.172859,0.862955,0.744692,2.337949,-0.051740,-4.327000,4.275260,-0.220325,-0.102876,0.688565,1366.501681,2.834502,541.810820,3.711014,4.855371,517.857016,93.207010,36.216995,16.384961,0.317005,3.634980,-9.875272,1.309628,1.715125,9.961733,-6.942800,-14.417000,7.474200,-0.490928,0.248477,1.059602,24809.030500,2.212908,2459.340000,5.423571,4.285269,859.849041,395.767892,119.041723,37.059986,0.349490,4.017718,0.135991,0.700751,0.491052,0.713824,1.999700,-2.115500,4.115200,-0.334899,0.703570,0.547041,127.386306,2.508126,141.399141,4.232872,4.603352,489.777134,128.663921,44.482373,16.444639,0.331024,3.873866,10.170227,1.333474,1.778154,10.257274,14.606746,7.521719,7.085027,0.475109,0.056046,1.081569,26302.918487,2.329987,2532.966067,5.334673,4.332777,880.338197,387.472351,120.098629,36.902078,0.344751,3.997769,9.005137,21.820212,476.121634,23.605384,60.246000,-44.199000,104.445000,-0.031409,-0.396035,17.876513,139303.533295,0.426392,4685.290279,3.007487,4.158316,13470.488548,1626.506506,582.871067,287.061203,0.237861,3.441734,35.130011,68.050198,4630.829459,76.582943,179.210000,-112.130000,291.340000,0.271536,-0.362118,54.305629,1466236.789217,0.187903,14535.661260,3.351754,5.242233,36430.774149,3665.321227,2095.084384,1534.714044,0.325057,3.422380,-1.806796,52.447895,2750.781679,52.479007,110.260000,-95.080000,205.340000,0.331258,-0.940478,45.018641,688511.547572,0.255324,11235.465750,4.105485,5.463306,32378.215344,4422.427354,2269.813142,1748.219909,0.396421,3.709878,83.990329,46.063349,2121.832141,95.792523,193.075466,6.648731,186.426736,0.503449,-0.543656,37.154308,2294051.870084,0.273299,20911.800271,2.465988,3.439796,28390.562860,2419.841992,596.109051,349.167110,0.164034,3.268807,-0.121515,0.417618,0.174404,0.434937,0.463770,-0.768120,1.231890,-0.119021,-1.645002,0.390816,47.292592,-0.093600,95.248489,4.261829,6.208725,170.922391,23.044243,15.215037,12.355904,0.437129,3.512034,-0.641000,0.088441,0.007822,0.647072,-0.382940,-0.978170,0.595230,0.476098,0.800879,0.070589,104.675677,-17.758020,159.622010,9.211899,8.159458,40.650352,9.307815,15.183401,14.717623,0.684846,4.310873,0.137289,0.168169,0.028281,0.217093,0.550440,-0.203950,0.754390,0.799656,0.271128,0.129920,11.782327,-7.746089,39.833384,4.764971,6.399804,88.382532,13.919268,9.160046,7.054081,0.487640,3.806954,0.807974,0.046700,0.002181,0.809322,1.187722,0.744469,0.443253,2.391009,15.758203,0.035751,163.750596,-41.687482,201.161663,10.032225,8.088954,23.098223,10.887705,7.823013,8.816831,0.795050,4.536571,4.000000
-2.158236,0.812332,0.659883,2.306050,-0.306300,-4.327000,4.020700,0.138017,-0.286045,0.657768,1329.466544,2.899794,536.992010,3.905269,4.889567,491.159740,90.971099,43.382166,13.131058,0.306548,3.674879,-9.853185,1.228495,1.509200,9.929474,-6.942800,-14.417000,7.474200,-0.626888,0.713812,0.960785,24648.612556,2.131175,2452.982500,5.705064,4.455593,821.609907,355.493019,142.693858,39.527316,0.395517,4.076543,-0.001805,0.793290,0.629309,0.793292,1.999700,-2.307900,4.307600,-0.463766,0.393299,0.611932,157.328122,2.656445,151.867964,4.463724,4.997377,549.953334,139.905717,54.809661,24.151387,0.381398,3.922327,10.149237,1.238797,1.534618,10.224560,14.606746,7.560029,7.046717,0.561760,0.462216,0.983686,26135.407221,2.255806,2526.601267,5.636967,4.490260,831.883434,351.858424,145.438652,39.097420,0.395187,4.077147,10.495095,23.929479,572.619958,26.129810,64.941000,-45.574000,110.515000,0.083779,-0.440503,19.802149,170691.744977,0.408773,5106.504492,3.919405,5.108274,15586.686610,2223.474565,1071.765043,706.227891,0.354157,3.705920,59.523934,72.479766,5253.316459,93.789206,183.250000,-112.130000,295.380000,-0.009859,-0.829224,60.639604,2199103.807638,0.186389,18550.625720,4.351632,5.998223,32758.955518,3788.537432,2920.344429,2225.504073,0.428841,3.542604,-8.153624,52.143788,2718.974661,52.777422,105.120000,-124.360000,229.480000,0.119040,-0.553864,43.241011,696364.061306,0.230502,10967.841600,3.595902,4.992347,30899.011178,3370.136374,1576.823713,1254.721605,0.324739,3.518184,97.940269,51.694702,2672.342167,110.745828,206.777489,12.600015,194.177473,0.343000,-1.091096,44.138966,3066159.613922,0.267674,24378.962733,4.176989,5.569153,33560.245835,3831.903896,2514.751903,1876.602976,0.401683,3.768823,-0.464803,0.256820,0.065956,0.531035,0.213250,-0.799170,1.012420,1.216862,0.535969,0.196422,70.499624,-3.126966,122.036250,2.625420,5.260981,109.287150,4.277747,4.255503,3.747721,0.214728,2.847245,-0.567206,0.086548,0.007490,0.573771,-0.353170,-0.978170,0.625000,0.360491,1.389473,0.066862,82.303418,-19.188974,141.157770,8.645205,8.164626,47.481884,13.913117,10.579329,11.991315,0.702544,4.353350,0.064289,0.258120,0.066626,0.266006,0.550440,-0.403510,0.953950,-0.153574,-0.558997,0.201703,17.689776,-2.683593,51.807102,4.529220,6.232337,136.545112,20.683139,12.981061,10.903625,0.469608,3.741413,0.824589,0.044985,0.002024,0.825816,1.187722,0.721028,0.466694,1.922467,15.551530,0.032180,170.492818,-38.581805,205.389344,10.075893,8.235626,23.430540,10.200670,7.756112,8.939147,0.771760,4.512933,4.000000
-2.059499,0.825611,0.681634,2.218821,-0.306300,-4.067500,3.761200,0.021843,-0.701711,0.687522,1230.792196,3.126205,512.955330,4.641830,5.181182,520.438444,135.070712,51.648719,25.877910,0.383702,3.885259,-9.822158,1.442199,2.079939,9.927474,-7.253200,-14.018000,6.764800,-0.659139,-0.113079,1.167874,24638.683649,2.539988,2445.409200,5.424847,4.385978,979.818724,388.653932,140.252551,42.173053,0.362065,4.031760,0.016349,0.730343,0.533401,0.730526,1.754300,-2.307900,4.062200,-0.467349,0.341996,0.575960,133.417072,2.667435,143.812620,4.204478,4.328961,510.643256,159.270656,42.696092,17.042593,0.313678,3.893250,10.095020,1.449875,2.102138,10.198606,14.235768,7.564644,6.671125,0.627542,-0.165138,1.184566,26002.892916,2.551315,2513.421394,5.424189,4.495557,985.071941,377.838094,143.088051,44.856894,0.374790,4.035773,6.282796,25.513031,650.914754,26.275241,64.941000,-47.290000,112.231000,-0.086452,-0.587166,20.891958,172597.071093,0.407806,5368.219471,3.391708,4.222805,16687.233165,2434.569689,851.212020,449.029621,0.255703,3.583416,42.418323,59.655241,3558.747787,73.198784,183.250000,-83.371000,266.621000,0.518062,-0.261419,47.503814,1339515.488792,0.202893,13792.383893,2.434250,3.758089,31978.083591,2970.944402,813.440827,531.519414,0.189595,3.179957,-4.557974,56.373516,3177.973251,56.557479,95.274000,-124.360000,219.634000,-0.136713,-0.772660,46.618222,799687.094327,0.243016,11615.605430,3.526590,4.859470,34258.263327,3498.883182,1655.361337,1264.478299,0.310301,3.503985,83.922960,46.948220,2204.135359,96.162356,206.777489,4.431570,202.345919,0.592515,-0.238621,37.453111,2311799.654212,0.253777,20918.370486,3.468270,4.569854,31597.602712,4004.905168,1493.937464,980.436694,0.291627,3.626840,-0.107362,0.394490,0.155622,0.408838,0.412010,-0.799170,1.211180,-0.338227,-1.446279,0.359896,41.787175,0.044996,85.686375,4.680106,6.358157,186.328621,30.842477,18.950032,14.076444,0.483846,3.730888,-0.626064,0.099806,0.009961,0.633969,-0.353170,-0.795630,0.442460,1.020871,0.405072,0.075261,100.479208,-25.024131,155.969265,6.154469,7.289258,52.280727,8.699948,8.163914,8.057077,0.515850,3.944786,-0.097658,0.189680,0.035979,0.213344,0.366230,-0.403510,0.769740,0.311869,-0.188079,0.150393,11.378892,-7.484818,40.995662,3.781305,5.863603,83.011042,8.763789,6.149381,5.453347,0.378614,3.405781,0.782912,0.040365,0.001629,0.783952,0.899621,0.715795,0.183826,0.790715,0.112620,0.032005,153.645275,-103.959643,194.924891,8.465114,7.970945,19.977388,6.335139,5.753494,5.841683,0.676541,4.301288,4.000000
-2.194182,0.786899,0.619210,2.331018,-0.735440,-4.899900,4.164460,-0.617153,0.229066,0.632320,1358.411488,2.670070,546.378560,4.662759,4.834409,518.792585,201.154287,49.088045,23.836648,0.372886,3.964166,-9.800906,1.394494,1.944614,9.899614,-7.483600,-14.018000,6.534400,-0.671082,0.035470,1.134257,24500.591249,2.506540,2439.677500,5.522054,4.644372,923.582752,384.127391,142.373938,50.060175,0.412465,4.069294,-0.382012,0.824320,0.679504,0.908536,1.754300,-2.181700,3.936000,0.089088,-0.511239,0.674808,206.359253,3.032671,187.250779,4.307114,4.569482,511.003591,165.345774,46.830955,19.392117,0.326762,3.844986,10.116188,1.387153,1.924195,10.210850,14.235768,7.564644,6.671125,0.626043,0.059427,1.112289,26065.361989,2.504478,2518.259694,5.499852,4.626681,913.205703,374.058830,139.082418,50.142166,0.404689,4.051292,-7.196432,26.180242,685.405047,27.151311,54.945000,-73.745000,128.690000,-0.226012,-0.466304,21.518445,184298.420426,0.362283,5451.218836,3.335013,4.124893,16130.895644,2497.013915,852.539131,365.613213,0.248050,3.520553,-30.569952,70.536523,4975.401032,76.876024,82.700000,-339.330000,422.030000,-1.186407,3.073346,54.526547,1477480.754697,0.130355,13973.286077,2.672503,3.467385,43372.444142,6202.037791,910.552298,599.055485,0.170763,3.409228,4.072150,51.479548,2650.143874,51.640355,95.274000,-112.340000,207.614000,-0.147584,-0.801215,43.176241,666681.570197,0.253259,10802.860030,3.404760,4.629983,29930.540492,2683.277379,1300.866049,954.342725,0.291807,3.423850,82.673980,49.788111,2478.855972,96.508253,357.753001,4.431570,353.321431,2.241626,9.699003,33.269276,2328460.745320,0.142094,20622.450319,3.206410,3.473820,34889.268858,5920.622312,1024.285064,504.040693,0.187772,3.548013,0.023992,0.346030,0.119737,0.346861,0.414080,-0.799170,1.213250,-1.053956,-0.038657,0.273326,30.078106,-1.200650,70.179152,4.440261,6.174350,168.065037,26.009142,15.906621,12.121443,0.457816,3.692579,-0.666000,0.071244,0.005076,0.669800,-0.482140,-0.811510,0.329370,0.539376,-0.253126,0.055800,112.157896,-39.975347,165.908710,6.829891,7.642682,37.171279,7.382807,5.856003,6.892738,0.555406,4.019498,-0.202675,0.163515,0.026737,0.260412,0.030702,-0.570180,0.600882,-0.796606,-0.342844,0.134156,16.953611,-10.966447,50.815722,3.171872,5.553951,69.168902,5.099941,3.343963,3.801299,0.290385,3.087773,0.795419,0.063772,0.004067,0.797971,1.002393,0.715795,0.286599,1.265236,0.396948,0.049823,159.189613,-61.384236,198.038822,6.799787,7.471545,32.309181,8.079894,5.588331,6.228501,0.564698,4.073187,4.000000
-2.197707,0.628912,0.395530,2.285924,-0.892480,-4.899900,4.007420,-1.096816,2.245913,0.477816,1306.361716,2.135408,546.399330,4.800667,4.877120,433.832137,170.978795,46.508087,20.047031,0.383410,4.037245,-9.763493,1.216734,1.480441,9.839016,-7.593600,-13.166000,5.572400,-0.640021,-0.108581,0.987491,24201.560168,2.710484,2428.751300,5.754271,4.764144,850.018583,325.227048,165.622688,49.218430,0.421331,4.137110,-0.382606,0.854727,0.730559,0.936454,1.566500,-2.181700,3.748200,0.106629,-0.745367,0.721579,219.236589,3.162783,195.635830,4.153332,4.811318,548.616481,128.548530,49.988815,16.634207,0.320637,3.797183,10.073272,1.199091,1.437818,10.144389,13.380477,7.861759,5.518718,0.631765,-0.021773,0.960032,25727.158474,2.723361,2505.815380,5.753335,4.822852,844.223962,317.945934,166.432489,49.853469,0.423475,4.144674,-8.929846,22.720593,516.225354,24.412446,40.662000,-73.745000,114.407000,-0.542092,-0.029867,18.244307,148991.874257,0.390655,4665.826716,3.785043,4.852224,15374.310059,2360.926070,914.658990,620.055429,0.331722,3.724775,-43.215360,63.075076,3978.465179,76.459352,47.170000,-339.330000,386.500000,-1.523312,4.382795,48.811685,1461508.129665,0.137874,13608.655050,2.784169,3.473956,40814.480018,5668.524925,857.158097,533.207296,0.183510,3.464126,5.133514,39.278301,1542.784948,39.612345,90.070000,-97.834000,187.904000,-0.148661,-0.717898,33.535134,392284.478090,0.266974,8440.758860,4.139660,5.439751,25335.092078,2917.964856,1516.634193,1326.928075,0.371301,3.701444,74.398363,49.759638,2476.021534,89.504960,357.753001,12.342821,345.410180,2.677507,11.280579,33.956851,2002784.482013,0.144058,18539.865144,3.826325,4.660477,35563.047527,6087.358577,1787.587473,1290.378702,0.330294,3.781150,-0.402659,0.365222,0.133387,0.543618,0.414080,-0.799170,1.213250,0.934636,-0.672357,0.312666,73.880245,-2.354637,123.050752,4.760504,6.412757,175.920097,29.121693,18.509470,14.758895,0.494444,3.763472,-0.594754,0.084367,0.007118,0.600708,-0.418650,-0.811510,0.392860,-0.280625,-0.387337,0.067791,90.212545,-28.030361,148.083350,6.247545,7.405702,42.607302,7.388467,6.036265,7.056181,0.500906,3.893000,-0.093816,0.259778,0.067484,0.276199,0.403510,-0.570180,0.973690,0.000762,-0.698636,0.210891,19.071438,-1.705676,57.279561,3.504048,5.752563,111.378754,11.015625,7.676054,6.179402,0.352027,3.272137,0.853884,0.059496,0.003540,0.855954,1.002393,0.739340,0.263054,-0.268595,-1.009160,0.051377,183.164229,-59.031010,212.635785,7.252463,7.772452,27.602898,7.014920,5.328707,6.193795,0.572686,4.064264,4.000000
-2.341876,0.593223,0.351913,2.415843,-1.198400,-4.017800,2.819400,-0.412428,-0.342821,0.479033,1459.074100,2.989728,583.299850,4.230472,4.982755,400.603916,89.273113,37.721222,16.385947,0.358803,3.869348,-9.706244,1.242806,1.544566,9.785486,-6.606900,-13.166000,6.559100,-0.667906,0.220773,0.994996,23938.932707,2.361984,2416.165900,5.918919,4.580064,785.998952,430.683176,158.137297,49.756831,0.426457,4.147110,-0.361352,1.011337,1.022803,1.073955,1.690600,-3.838200,5.528800,-0.860377,1.093417,0.781565,288.344616,2.400891,200.965327,4.093060,4.948734,615.520980,169.035748,50.013292,25.094949,0.344081,3.771872,10.064078,1.208193,1.459731,10.136341,13.365883,7.629601,5.736282,0.692910,0.120221,0.973223,25686.351422,2.620846,2505.371564,5.866325,4.583300,778.506706,416.854540,160.319367,46.283889,0.421063,4.155928,-9.456840,20.906329,437.074572,22.945727,40.662000,-79.207000,119.869000,-0.504296,0.455741,16.826334,131626.596362,0.367344,4507.498162,3.825707,4.687013,15023.079363,2511.684354,864.722576,505.195256,0.304130,3.772723,-34.509737,51.728627,2675.850840,62.183380,47.170000,-164.300000,211.470000,-0.530012,-0.859836,45.148861,966693.201363,0.243875,11395.994373,4.127572,5.701151,31415.353018,4251.386763,2503.690731,1863.141785,0.417816,3.740344,1.135016,36.106597,1303.686370,36.124433,90.398000,-91.586000,181.984000,-0.107174,-0.424415,29.591981,326243.657880,0.273226,7377.312144,3.540291,4.614417,24466.889684,2123.150822,1039.966900,813.131463,0.298563,3.586041,65.512395,37.501733,1406.379985,75.486779,181.299114,12.342821,168.956292,0.797276,0.071681,31.406240,1424563.455605,0.287238,16309.839282,3.603317,4.758001,24984.570966,3763.551671,1316.830646,868.838568,0.319216,3.697108,-0.304306,0.396327,0.157075,0.499677,0.395450,-0.778470,1.173920,0.512440,-1.448058,0.365300,62.419329,-1.596968,112.354062,4.425972,6.267497,173.779422,25.508456,16.549460,12.876190,0.457813,3.615574,-0.629937,0.097578,0.009521,0.637449,-0.418650,-0.837300,0.418650,0.086793,-0.660220,0.079468,101.585440,-22.898584,156.843305,6.351518,7.521435,42.697226,8.041097,6.378307,7.904252,0.508580,3.862270,0.092526,0.244127,0.059598,0.261073,0.471490,-0.269740,0.741230,0.042082,-1.464751,0.216130,17.039783,-5.763865,57.100901,2.003609,4.581204,94.151160,2.303052,2.105638,2.239270,0.143233,2.506218,0.848819,0.060706,0.003685,0.850987,0.959924,0.711820,0.248104,-0.695788,-0.670070,0.050348,181.044552,-65.254742,211.371378,7.327387,7.850106,30.425737,6.324449,6.170936,5.957362,0.568577,4.092019,4.000000
-2.477993,0.701974,0.492768,2.575503,-1.062100,-4.043000,2.980900,-0.174915,-0.701056,0.579715,1658.304073,3.372185,616.815200,4.644523,5.599399,465.507163,92.868825,42.522281,31.482371,0.433633,3.925041,-9.766369,1.262504,1.593917,9.847633,-6.606900,-13.144000,6.537100,-0.469147,0.078855,1.008322,24243.969159,2.429896,2431.908550,5.810027,4.815707,841.155417,395.604011,139.683248,53.697596,0.445196,4.133000,-0.575441,1.034959,1.071139,1.184175,1.746000,-3.838200,5.584200,-0.326315,0.462474,0.801687,350.567811,2.502129,233.396564,4.294835,5.054760,652.144135,185.553528,57.803177,32.826622,0.363902,3.831796,10.174769,1.218786,1.485439,10.247505,13.476196,7.620728,5.855468,0.459714,-0.063458,0.978868,26252.841043,2.629688,2533.553232,5.824898,4.930448,826.946654,375.117266,141.787109,54.445092,0.452249,4.151779,-10.700454,24.139122,582.697201,26.404487,52.704000,-85.899000,138.603000,-0.646129,0.999010,18.277953,174299.229100,0.326210,4930.039572,3.834659,4.854305,16811.616020,3056.088584,760.499922,651.666937,0.320098,3.740935,-43.930516,57.403343,3295.143820,72.284397,76.430000,-164.300000,240.730000,0.033778,-0.973115,50.495845,1306258.504661,0.220217,14237.567613,3.886785,5.376204,33946.214008,5125.726890,2223.445755,1587.351667,0.384533,3.683911,0.490910,42.801725,1831.987649,42.804540,90.398000,-99.784000,190.182000,-0.232739,-0.543571,34.800811,458057.160433,0.270003,8635.460174,4.772758,5.736243,28773.469804,4051.869618,2376.277036,1970.251380,0.462269,3.896077,78.820956,39.264697,1541.716445,88.059409,181.299114,14.033201,167.265912,0.200332,-0.812166,33.595977,1938614.894195,0.296256,19592.206500,3.027014,3.749971,27816.151702,3707.344984,803.177086,451.155510,0.207413,3.556895,0.117151,0.239917,0.057560,0.266991,0.422360,-0.575570,0.997930,-1.236445,0.727190,0.186124,17.821114,-3.453137,57.928617,4.018082,6.087921,119.142712,14.241422,8.910016,7.519361,0.389311,3.497893,-0.696611,0.057703,0.003330,0.698997,-0.559520,-0.837300,0.277780,0.099416,-0.433484,0.046793,122.149091,-53.537807,173.542605,7.836202,7.968701,27.269443,6.605927,6.038112,7.638696,0.598605,4.118116,-0.057219,0.270693,0.073275,0.276675,0.471490,-0.486840,0.958330,0.754194,-0.559771,0.216423,19.137208,-4.852440,60.263176,4.865976,6.411374,134.379418,24.315466,14.589667,11.894040,0.504680,3.786771,0.795706,0.057290,0.003282,0.797765,0.937319,0.711820,0.225498,0.921153,-0.412820,0.047266,159.107414,-79.267650,198.084911,8.082742,8.130544,23.428286,5.910690,5.155631,7.241413,0.580295,4.059407,4.000000
-2.277319,0.669148,0.447759,2.373592,-1.062100,-4.043000,2.980900,-0.457106,-0.404588,0.555665,1408.484963,3.112585,566.890300,3.963784,4.999638,418.451013,88.378107,29.357301,14.732378,0.339655,3.727687,-9.768731,1.311879,1.721026,9.856426,-7.001600,-13.144000,6.142400,-0.422972,-0.241790,1.064556,24287.281881,2.641979,2432.646950,5.470555,4.488644,887.106441,361.001795,119.470821,52.854111,0.383665,4.043701,-0.502813,0.977867,0.956223,1.099566,1.746000,-2.567800,4.313800,0.194859,-0.601331,0.806533,302.261076,3.133960,227.982156,3.718909,4.436866,637.540808,144.694470,38.524076,19.135857,0.287517,3.717808,10.116056,1.287450,1.657528,10.197652,13.476196,7.305703,6.170493,0.333317,-0.319434,1.042969,25998.027921,2.633341,2519.137843,5.393581,4.543089,898.147866,353.104289,120.510017,52.565744,0.394580,4.069153,-8.842226,24.141903,582.831489,25.710240,52.704000,-85.899000,138.603000,-0.557977,0.632547,18.931663,165254.112784,0.327635,4923.614220,2.955216,3.599130,16621.781864,2153.197957,602.022216,258.380497,0.197324,3.511395,-35.763219,61.107682,3734.148848,70.803649,76.430000,-166.530000,242.960000,-0.196090,-0.861724,51.861053,1253289.171660,0.221586,13730.340390,4.026456,5.664398,35575.998083,4738.798792,2535.352962,1986.792590,0.399128,3.670892,1.531706,44.763257,2003.749177,44.789455,90.228000,-99.784000,190.012000,-0.180256,-0.869192,38.149452,501523.824747,0.270751,9518.477680,3.389202,4.685874,28270.270685,2075.272690,1201.217793,929.463629,0.283397,3.462343,78.454969,39.052354,1525.086341,87.637141,178.569476,14.470526,164.098951,0.478578,-0.544298,32.720797,1920067.109190,0.302343,19533.405694,3.237760,4.283271,25837.071815,3253.684567,952.358822,678.530769,0.251777,3.531845,-0.190426,0.416590,0.173548,0.458050,0.422360,-0.763980,1.186340,-0.014047,-1.691876,0.392844,52.452452,-0.722333,98.034169,4.345498,6.238514,161.460680,23.263428,15.003876,12.031945,0.447315,3.502327,-0.624667,0.090222,0.008140,0.631148,-0.430560,-0.783730,0.353170,0.330770,-0.919790,0.076809,99.587079,-31.381282,155.519805,6.543037,7.726218,43.249957,6.371630,6.648721,7.244115,0.514621,3.900693,-0.168842,0.192899,0.037210,0.256355,0.287280,-0.486840,0.774120,0.634689,-0.109461,0.149931,16.429469,-5.679090,56.334470,3.002886,5.428432,78.211521,6.155711,3.606528,3.632738,0.282927,3.024645,0.818986,0.056012,0.003137,0.820900,0.958815,0.727192,0.231623,0.275572,-1.207932,0.050396,168.469001,-71.770686,203.954466,8.531682,8.133203,21.343539,5.670170,5.767922,7.136731,0.629315,4.129933,4.000000
-2.141168,0.569139,0.323920,2.215518,-0.757590,-3.553200,2.795610,-0.049180,-0.507562,0.466502,1227.130169,2.939208,533.336530,4.059884,4.973804,331.746450,70.048616,29.485292,12.630998,0.320523,3.683968,-9.738110,1.138497,1.296176,9.804436,-7.071500,-13.125000,6.053500,-0.352066,0.148122,0.895093,24031.742656,2.522292,2425.470150,5.616449,4.678017,779.043619,290.620425,125.987607,50.773281,0.404493,4.082710,-0.271027,0.879149,0.772903,0.919977,1.739200,-2.567800,4.307000,-0.534444,-0.023125,0.686591,211.589599,2.863101,172.596535,4.528743,5.447221,556.100632,118.971695,50.628417,32.088707,0.409290,3.864362,10.030229,1.129763,1.276363,10.093654,13.571162,7.305703,6.265459,0.319639,0.215425,0.880323,25470.462424,2.426815,2498.222842,5.620940,4.696831,770.156964,289.285487,126.485712,50.639264,0.409030,4.081580,-1.677994,21.619713,467.412006,21.684734,38.730000,-63.391000,102.121000,-0.565726,-0.099502,17.680546,117556.917195,0.431555,4384.971481,2.952996,4.018152,12783.163326,1443.887493,601.517021,248.718023,0.220149,3.407039,-2.441527,68.024491,4627.331320,68.068292,116.770000,-166.530000,283.300000,-0.487814,-0.302694,53.398514,1158323.093413,0.192798,13250.203130,3.268315,5.293141,33688.570142,3278.753387,1779.776443,1406.926998,0.324834,3.324048,-0.284346,38.090044,1450.851465,38.091105,90.228000,-72.518000,162.746000,0.270427,-0.617755,31.301544,362733.079455,0.306738,7801.619260,2.687914,3.715237,22390.043132,1378.508757,516.472803,386.566908,0.188176,3.213582,71.208982,38.519258,1483.733227,80.959572,178.569476,6.464834,172.104642,0.665547,0.035049,31.068534,1638613.090063,0.286486,17727.096298,4.269066,5.640706,24619.396734,3827.259450,1821.337619,1414.957555,0.416734,3.798863,-0.540811,0.163691,0.026795,0.565041,-0.124220,-0.763980,0.639760,0.816796,-0.396855,0.134943,79.817961,-9.804542,135.028960,3.080979,5.655714,68.603158,4.816889,2.717930,3.554519,0.257106,3.000115,-0.569825,0.072144,0.005205,0.574374,-0.384920,-0.710320,0.325400,0.475901,-0.492400,0.058860,82.476444,-40.029185,141.805555,6.670665,7.756031,36.798524,5.459365,5.608903,6.527660,0.475359,3.906143,-0.138079,0.240720,0.057946,0.277510,0.291670,-0.471490,0.763160,0.394677,-1.254151,0.216389,19.252997,-5.378513,60.702874,2.075801,4.711640,80.200619,2.128273,2.045465,2.602681,0.159588,2.377453,0.851478,0.034268,0.001174,0.852168,0.958815,0.787679,0.171136,0.311499,-0.492256,0.028462,181.547402,-117.793235,212.051328,9.282643,8.121228,15.072902,5.404545,4.480570,5.833382,0.642938,4.270887,4.000000
-2.258970,0.055604,0.003092,2.259654,-2.062000,-2.411300,0.349300,0.986524,1.593551,0.042468,1276.509317,-44.982821,562.456650,7.481775,6.770649,33.561596,12.398003,11.104882,7.588318,0.623827,4.343677,-9.584396,0.043661,0.001906,9.584495,-9.465900,-9.696900,0.231000,0.074213,-0.065718,0.034289,22965.636329,-75.874427,2386.503550,10.325965,6.368813,16.625725,15.880041,19.876421,12.378500,0.753607,4.579074,-0.229362,0.049609,0.002461,0.234666,-0.091528,-0.327710,0.236182,0.249219,-0.690162,0.041253,13.767024,-68.353762,57.070953,6.538941,6.353204,34.103776,12.614382,6.752217,4.621739,0.569922,4.291542,9.849972,0.041321,0.001707,9.850058,9.954437,9.725370,0.229067,-0.172638,0.085333,0.032103,24255.912670,-77.146395,2452.625268,10.744429,6.200473,13.530130,15.745839,19.902847,12.329311,0.759918,4.588999,-0.190976,0.874898,0.765446,0.895499,3.988600,-2.081800,6.070400,0.715804,2.199060,0.670304,200.479499,2.022904,168.769668,6.836454,6.071075,539.800639,237.735904,120.829327,69.864002,0.582198,4.255833,0.011715,1.309437,1.714626,1.309490,5.232600,-3.279900,8.512500,0.570862,1.803246,0.991760,428.690822,1.896122,245.964939,5.306651,5.551001,869.920858,318.919284,153.930834,54.676005,0.447621,4.097397,-0.377144,0.933711,0.871816,1.007002,2.154100,-3.886800,6.040900,-0.284458,1.080431,0.705227,253.513397,2.179447,185.722036,6.755171,6.620812,659.711140,188.153578,125.568870,91.172709,0.609336,4.307361,1.649202,0.900481,0.810867,1.879025,6.321691,0.224097,6.097594,1.863030,5.738625,0.646997,882.683718,1.893453,408.328269,6.633763,6.279044,558.960292,276.725193,123.372597,82.966966,0.597647,4.306069,-0.308068,0.009983,0.000100,0.308229,-0.285710,-0.335400,0.049690,-0.252696,-0.481508,0.008265,23.751322,-653.472967,76.713575,11.483651,7.614921,4.161892,2.796694,2.551214,3.402068,0.780567,4.593746,-0.606357,0.019185,0.000368,0.606661,-0.575400,-0.674600,0.099200,-0.553548,-0.198520,0.016246,92.009291,-268.546631,150.983155,12.191593,6.829266,5.660450,7.068278,5.826130,7.198883,0.775225,4.604799,-0.464816,0.007232,0.000052,0.464873,-0.442980,-0.489040,0.046060,0.078512,0.089751,0.005739,54.026645,-751.671574,115.732610,11.704273,7.580970,2.918607,2.120026,1.884790,2.581628,0.778179,4.594208,0.823922,0.017386,0.000302,0.824105,0.886037,0.786049,0.099987,0.593576,0.107136,0.014429,169.787258,-270.753598,205.154701,12.293439,6.888949,5.168864,6.394122,4.852442,6.912980,0.782816,4.605431,1.000000
-2.243020,0.072454,0.005250,2.244190,-2.014000,-2.436400,0.422400,0.221428,0.140268,0.057172,1259.097060,-28.675322,558.385350,6.888075,6.727006,40.620294,15.461925,11.932141,6.730151,0.565781,4.204047,-9.588045,0.046884,0.002198,9.588159,-9.285000,-9.724200,0.439200,0.955317,6.230209,0.035100,22983.200303,-38.885763,2387.440400,11.649241,6.983648,15.549270,18.122311,18.888047,13.975482,0.824552,4.650893,-0.234346,0.051145,0.002616,0.239862,-0.111480,-0.332440,0.220960,0.209397,-0.894338,0.043415,14.383495,-73.796719,58.367145,6.947860,6.787506,33.716860,13.150324,6.505155,5.279644,0.613289,4.325268,9.850122,0.042685,0.001822,9.850214,9.998050,9.599088,0.398962,-0.652623,4.398133,0.031828,24256.680858,-44.425091,2452.667894,12.250244,6.559314,10.420581,17.923629,19.373178,13.290198,0.824834,4.658245,-0.182569,0.924172,0.854094,0.942032,2.668300,-2.642900,5.311200,0.430803,0.565217,0.720473,221.856307,2.489888,185.273449,6.079230,5.809947,594.114009,312.290897,105.723425,57.002700,0.529008,4.227274,0.004147,1.715367,2.942485,1.715372,5.232600,-4.622400,9.855000,0.187183,0.820960,1.278050,735.625513,1.906346,317.330735,5.775775,5.952876,1045.116984,325.748576,227.271269,100.713630,0.499110,4.102039,-0.371056,1.264840,1.599821,1.318144,2.426800,-5.068100,7.494900,-0.870736,2.353005,0.905796,434.375919,2.066999,239.787788,5.624888,6.338268,842.140205,170.165021,107.225444,97.321143,0.510720,4.058886,2.003741,1.245974,1.552452,2.359540,7.087461,0.396948,6.690512,1.852053,3.819724,0.897600,1391.857739,1.968963,498.502584,6.208668,6.267754,794.845147,326.503717,155.284579,88.733173,0.554882,4.229560,-0.311636,0.010763,0.000116,0.311822,-0.287780,-0.351970,0.064190,-0.487661,0.243065,0.008678,24.308272,-487.424003,77.592330,11.025242,7.497429,4.683253,3.274125,3.176319,3.154434,0.800169,4.605570,-0.606818,0.019589,0.000384,0.607134,-0.575400,-0.664680,0.089280,-0.539694,-0.304841,0.016241,92.152845,-294.695254,151.110165,12.554999,6.910031,6.067262,6.647553,7.038085,7.712142,0.826588,4.664915,-0.463983,0.007309,0.000053,0.464040,-0.447370,-0.482460,0.035090,-0.070544,-0.713950,0.006058,53.833348,-1018.488322,115.534060,11.269048,7.445159,3.226665,2.171138,2.167751,2.439950,0.818269,4.630661,0.825136,0.018135,0.000329,0.825335,0.884002,0.792194,0.091808,0.608557,0.041634,0.014908,170.294465,-292.314810,205.467421,12.666829,6.897415,5.487653,6.014708,6.352619,7.407771,0.809704,4.654783,1.000000
-2.312890,0.108044,0.011673,2.315412,-2.014000,-2.556500,0.542500,0.161491,-0.842567,0.091963,1340.282933,-15.650508,575.984550,6.219135,6.560892,55.134153,18.250637,11.953919,7.783633,0.579149,4.130247,-9.572684,0.058422,0.003413,9.572863,-9.285000,-9.724200,0.439200,0.457422,1.718917,0.045827,22909.924935,-32.848621,2383.691700,10.576573,7.202139,25.670539,20.974243,20.108297,14.934257,0.793548,4.617397,-0.223979,0.064541,0.004166,0.233092,-0.023322,-0.368940,0.345618,0.052335,-0.334499,0.053255,13.583013,-39.609079,55.703227,6.576752,6.409708,42.092965,15.822442,9.015845,5.026297,0.573404,4.256204,9.851514,0.053174,0.002827,9.851658,10.017485,9.599088,0.418398,-0.239442,2.169209,0.040384,24263.790881,-37.060512,2453.134177,11.104433,6.937726,20.525709,20.272784,19.901082,14.639841,0.800275,4.633628,0.169976,2.012588,4.050509,2.019753,8.816400,-5.715500,14.531900,1.216453,3.733504,1.433773,1019.850085,1.349527,350.601577,5.241628,5.257969,1417.168446,549.443156,162.177279,87.333375,0.449795,4.121549,0.509658,1.944007,3.779165,2.009706,5.903900,-4.622400,10.526300,0.103847,0.253840,1.472240,1009.729181,1.946751,388.238669,5.834076,6.044713,1279.636485,401.592447,257.178317,110.571153,0.510135,4.161450,-0.343564,1.858135,3.452666,1.889630,5.235200,-5.629400,10.864600,-0.189126,1.080302,1.358702,892.675505,1.814910,340.041586,5.528589,6.301326,1263.912295,240.886088,180.282035,123.447798,0.491346,4.054109,2.850281,1.888099,3.564919,3.418921,9.941991,0.396948,9.545043,1.538249,2.290197,1.402231,2922.254771,1.856864,708.438123,5.785990,5.947760,1308.328472,427.886076,204.357613,108.179345,0.521000,4.189824,-0.314626,0.013439,0.000181,0.314913,-0.287780,-0.362320,0.074540,-0.557858,0.133746,0.010789,24.792483,-395.956370,78.344825,10.980235,7.777481,5.290701,3.115318,3.255605,3.429371,0.777871,4.524830,-0.605453,0.019689,0.000388,0.605773,-0.569440,-0.664680,0.095240,-0.641110,-0.004220,0.016043,91.740114,-274.146029,150.755005,12.731248,7.042156,5.809602,6.879210,6.911698,7.585979,0.849036,4.678385,-0.462895,0.007369,0.000054,0.462954,-0.445180,-0.482460,0.037280,-0.226628,-0.703154,0.006113,53.581519,-955.508315,115.256645,11.619740,7.688722,3.298154,1.949473,2.159353,2.356442,0.785583,4.620850,0.824690,0.018499,0.000342,0.824898,0.884002,0.792194,0.091808,0.817649,0.530671,0.014740,170.114116,-294.002116,205.344765,12.779470,7.034754,5.477336,6.356434,6.539681,7.444300,0.852689,4.683324,1.000000
-2.362493,0.062155,0.003863,2.363310,-2.217900,-2.556500,0.338600,-0.333912,0.032952,0.048666,1396.308872,-40.928797,588.180700,7.048367,6.488208,36.792585,15.588703,12.061492,6.054332,0.620308,4.318965,-9.559452,0.051753,0.002678,9.559592,-9.394600,-9.710100,0.315500,-0.115767,0.523526,0.039564,22846.450219,-49.957844,2380.314700,10.100756,6.759576,24.484834,17.677404,18.262617,16.033147,0.782358,4.603281,-0.235141,0.066730,0.004453,0.244426,-0.023322,-0.368940,0.345618,0.625204,-0.014086,0.054254,14.936002,-39.225149,58.507264,5.930385,5.929513,46.124397,14.804745,8.505303,4.556923,0.513677,4.190561,9.850288,0.051020,0.002603,9.850420,10.017485,9.666697,0.350789,0.117542,0.987045,0.038340,24257.695093,-44.867596,2452.712229,10.286239,6.728212,23.186836,16.824633,18.027318,15.928831,0.790479,4.596353,0.100815,1.963259,3.854387,1.965846,8.816400,-5.715500,14.531900,1.343813,4.606647,1.297557,966.137714,1.333720,321.045153,4.804219,4.912969,1429.950030,476.933973,128.370283,71.992162,0.415641,4.053438,0.807692,1.591645,2.533332,1.784853,5.903900,-3.081600,8.985500,0.495879,0.409482,1.219027,796.424706,2.053777,336.415627,5.548070,5.940968,934.248441,346.166903,186.747138,64.290248,0.460432,4.057069,-0.299899,1.586506,2.517002,1.614603,5.235200,-5.629400,10.864600,0.100800,2.847168,1.041435,651.735381,1.580117,269.774516,4.784282,5.797575,1005.839135,185.898178,121.893091,74.552062,0.436962,3.895600,2.494853,1.852808,3.432897,3.107602,9.941991,0.257245,9.684746,1.832774,3.623245,1.327610,2414.297801,1.773682,619.599885,5.097985,5.649376,1195.989649,296.944319,164.404177,63.049199,0.434657,4.000056,-0.313831,0.012545,0.000157,0.314081,-0.291930,-0.362320,0.070390,-0.761947,0.547426,0.010029,24.661786,-431.412013,78.134720,10.503775,7.718704,5.751406,3.197587,2.877524,3.517339,0.767291,4.537907,-0.601937,0.018143,0.000329,0.602210,-0.569440,-0.658730,0.089290,-0.586644,-0.019532,0.014992,90.664206,-299.757167,149.890895,12.571520,6.870816,4.911993,6.789307,5.622706,6.632222,0.836825,4.637994,-0.465255,0.007521,0.000057,0.465316,-0.445180,-0.484650,0.039470,0.006751,-0.446714,0.006136,54.129650,-889.234852,115.848790,11.623455,7.770749,3.309684,2.053725,1.900765,2.264971,0.794424,4.601157,0.823123,0.017038,0.000290,0.823300,0.881147,0.794207,0.086941,0.742116,0.496162,0.013758,169.455642,-318.866438,204.960786,12.227562,6.897854,5.145112,6.447995,5.147618,6.440760,0.819228,4.635156,1.000000
-2.355687,0.054374,0.002957,2.356315,-2.217900,-2.484700,0.266800,-0.194675,-0.118423,0.042838,1388.054672,-59.041076,586.599750,7.533200,6.612712,30.601743,12.963171,11.420377,6.157860,0.649654,4.338359,-9.563158,0.042859,0.001837,9.563254,-9.407000,-9.699500,0.292500,0.019934,1.337910,0.031720,22863.956950,-59.925378,2381.218100,11.149048,6.457772,14.359222,14.118806,17.892357,16.198543,0.745215,4.579137,-0.248379,0.048157,0.002319,0.253005,-0.055049,-0.337570,0.282521,1.117548,1.674588,0.036528,16.002828,-61.476660,61.819747,6.517522,6.509022,33.563265,10.720453,7.175687,3.503711,0.583794,4.288150,9.852425,0.042121,0.001774,9.852515,9.980747,9.705895,0.274852,0.090737,1.473975,0.030777,24268.014449,-66.409836,2453.253011,11.140428,6.393818,14.525726,13.940213,17.731497,16.167307,0.772707,4.595234,-0.146464,0.769188,0.591650,0.783008,1.364500,-2.879100,4.243600,-0.932580,1.309202,0.583506,153.275342,2.516036,143.315566,6.016681,5.774708,510.890646,203.850671,89.632251,48.400748,0.506369,4.177431,0.427340,1.176379,1.383869,1.251594,3.157900,-2.288300,5.446200,0.265476,-0.562234,0.968243,391.621995,2.811695,248.108815,5.923587,5.991934,644.593164,255.834987,168.007055,61.677444,0.478414,4.058422,-0.354324,0.706317,0.498883,0.790208,1.796000,-2.168400,3.964400,0.067767,0.128504,0.560659,156.107179,2.667146,157.603754,6.014785,6.134154,447.650850,145.698661,81.926328,42.975675,0.507626,4.144387,1.516110,0.710935,0.505429,1.674520,3.503826,0.257245,3.246581,0.678758,-0.017060,0.569095,701.004516,3.021071,377.007875,6.832300,6.196398,439.299732,194.165920,136.778718,59.116949,0.593502,4.317698,-0.312705,0.009345,0.000087,0.312844,-0.294000,-0.339540,0.045540,-0.386575,-0.111089,0.007504,24.467859,-728.477223,77.845905,11.721639,7.224578,3.567013,2.872016,3.033818,3.399063,0.815064,4.629597,-0.601389,0.018286,0.000334,0.601667,-0.571430,-0.650790,0.079360,-0.454424,-0.531216,0.015573,90.500812,-355.671641,149.739145,12.885442,6.843499,4.374487,6.131416,6.096149,6.351915,0.782757,4.598598,-0.467009,0.007285,0.000053,0.467066,-0.447370,-0.486840,0.039470,-0.090654,-0.322901,0.005944,54.537608,-894.882008,116.291715,12.159432,7.194336,2.359488,2.697959,2.296238,2.511272,0.831605,4.648895,0.823245,0.017130,0.000293,0.823423,0.870529,0.794845,0.075684,0.503175,-0.279542,0.014263,169.506279,-365.904051,204.979880,12.766229,6.837017,4.312672,6.162247,5.439435,6.240446,0.817707,4.620124,1.000000
-2.370218,0.046488,0.002161,2.370674,-2.279100,-2.484700,0.205600,-0.322636,-0.421448,0.037578,1405.023628,-85.723163,590.142550,7.355503,6.450726,26.877415,10.272586,10.652554,5.057173,0.621717,4.321175,-9.561206,0.040360,0.001629,9.561292,-9.430600,-9.699100,0.268500,0.148476,1.370351,0.030634,22854.574182,-70.100435,2380.736250,11.120054,6.347284,12.633909,14.813973,17.771704,13.445862,0.757096,4.584557,-0.241139,0.036832,0.001357,0.243936,-0.157230,-0.337570,0.180340,-0.221362,-0.292744,0.029096,14.876161,-107.353888,60.054450,7.295997,6.712569,23.272816,9.945330,6.289596,3.358135,0.632216,4.354339,9.853745,0.039978,0.001598,9.853826,9.980747,9.733374,0.247373,-0.013844,1.513272,0.029424,24274.473971,-75.913765,2453.568887,11.087114,6.352932,12.940056,14.658576,17.573071,13.604686,0.761599,4.591396,0.000438,0.603337,0.364015,0.603337,1.434100,-1.697400,3.131500,-0.164006,-0.032950,0.476094,91.003831,2.845659,118.147184,6.618432,5.968135,369.243197,214.926965,79.072722,48.056082,0.548582,4.272943,0.477866,0.975403,0.951410,1.086171,2.715500,-1.983200,4.698700,-0.275938,-0.508316,0.812124,294.941590,2.872256,226.827659,5.880329,5.926152,534.853368,208.872243,146.011903,48.087976,0.477642,4.060266,-0.423633,0.676355,0.457455,0.798073,1.121500,-2.168400,3.289900,-0.182070,-0.090001,0.533826,159.230006,3.016380,157.344271,5.778334,6.066402,437.741134,116.128080,70.107637,35.710498,0.500610,4.102571,1.363965,0.565953,0.320302,1.476720,3.442268,0.228314,3.213954,0.751332,1.303208,0.433741,545.175427,2.352602,338.636699,7.411231,6.341407,335.141569,180.652823,126.755802,63.672446,0.637172,4.389252,-0.312804,0.009056,0.000082,0.312935,-0.294000,-0.339540,0.045540,-0.390196,-0.226676,0.007416,24.482071,-732.983312,77.883165,12.434088,7.012071,2.772615,3.040017,2.819855,3.648419,0.813831,4.627270,-0.601969,0.018310,0.000335,0.602247,-0.571430,-0.658730,0.087300,-0.499892,-0.463114,0.015685,90.675371,-313.691017,149.872120,13.190484,6.909233,4.251903,6.344884,6.215601,6.291981,0.823285,4.625324,-0.467123,0.006434,0.000041,0.467167,-0.451750,-0.486840,0.035090,-0.259016,-0.127284,0.005265,54.561313,-1064.191870,116.310345,12.690053,7.125158,1.969448,2.230767,2.076271,2.512898,0.813026,4.651422,0.823760,0.017171,0.000295,0.823939,0.880806,0.795937,0.084868,0.601484,-0.107285,0.014257,169.718755,-324.049566,205.099171,13.074491,6.878131,4.118585,6.017945,5.888244,6.263454,0.822818,4.631466,1.000000
-2.369842,0.033505,0.001123,2.370079,-2.279100,-2.460200,0.181100,0.241104,-0.153289,0.026965,1404.318422,-111.265752,590.072600,8.226787,6.513326,19.408100,10.024857,9.893810,4.609593,0.683446,4.463675,-9.559370,0.038203,0.001459,9.559447,-9.442100,-9.699100,0.257000,0.260000,1.268323,0.028832,22845.755474,-71.382079,2380.289550,11.208631,6.389701,11.542265,14.580662,15.489253,12.436424,0.745045,4.567427,-0.232464,0.029455,0.000868,0.234323,-0.159280,-0.328210,0.168930,-0.129682,0.475216,0.022726,13.726821,-126.530327,57.878800,7.910944,6.775661,18.348745,9.516636,5.133837,4.280131,0.693892,4.441898,9.851589,0.037374,0.001397,9.851660,9.977767,9.738083,0.239685,-0.307855,1.109023,0.027877,24263.800717,-79.850377,2453.047360,11.352443,6.316975,10.823801,14.342348,15.523656,12.606971,0.741062,4.570151,-0.036100,0.498663,0.248665,0.499968,1.434100,-1.531700,2.965800,-0.135721,0.516160,0.382096,62.491995,2.378667,95.132147,6.856150,6.191893,295.096053,171.193207,70.630083,40.756838,0.554698,4.257134,0.416417,0.741186,0.549357,0.850153,1.968000,-1.830700,3.798700,-0.664717,-0.019827,0.597189,180.689972,2.725464,181.587381,6.505339,6.090348,400.809871,183.839253,132.110133,45.522208,0.547736,4.201323,-0.352182,0.500026,0.250026,0.611603,1.118600,-2.049000,3.167600,-0.084691,0.670137,0.382895,93.514664,2.214282,123.735476,6.304159,6.141401,358.501910,118.345081,60.625499,40.800316,0.572223,4.271879,1.079561,0.425834,0.181334,1.160511,2.456158,0.220656,2.235502,0.256324,-0.366737,0.350925,336.696631,2.388058,268.918803,7.877111,6.596683,257.037308,152.389731,99.096290,56.647381,0.693889,4.476056,-0.311587,0.009583,0.000092,0.311734,-0.291930,-0.339540,0.047610,-0.443969,-0.233640,0.007890,24.294532,-692.226569,77.591295,12.179095,7.163185,3.231927,3.596195,3.000286,3.479694,0.824202,4.654028,-0.603961,0.018639,0.000347,0.604248,-0.573410,-0.676590,0.103180,-0.725383,0.431806,0.015351,91.279027,-259.848021,150.397950,12.763897,6.918686,5.170059,6.694990,5.865408,7.464747,0.840338,4.656603,-0.467290,0.005938,0.000035,0.467327,-0.451750,-0.484650,0.032900,-0.269900,-0.005669,0.004772,54.598736,-1152.951758,116.360805,12.068609,7.293580,2.211141,2.077334,1.990325,2.105589,0.860691,4.683718,0.824856,0.017353,0.000301,0.825039,0.893766,0.797420,0.096347,0.850100,0.933592,0.013945,170.172295,-283.820648,205.403457,12.483654,6.948014,5.168485,6.465448,5.633892,6.968353,0.848601,4.667500,1.000000
-2.132376,1.044807,1.091622,2.374584,1.424700,-6.052100,7.476800,-0.228737,1.643484,0.785532,1409.662363,1.918089,539.453564,5.099232,5.597767,697.767299,202.035129,85.236754,43.640664,0.452241,4.029182,-9.614572,1.587561,2.520350,9.744760,-6.490500,-14.849000,8.358500,-0.894290,0.871690,1.204717,23740.086074,2.156017,2393.857300,5.130428,5.395203,1029.582227,328.748958,109.197964,82.971509,0.429245,4.015540,-0.418148,0.977909,0.956305,1.063557,1.669600,-3.238700,4.908300,-0.435545,-0.046105,0.791281,282.788285,2.707695,209.814229,5.156990,5.741609,630.112320,182.595809,79.935920,50.579756,0.466344,4.041454,9.962814,1.572415,2.472489,10.086136,14.975403,6.502157,8.473247,0.777707,0.827824,1.169429,25432.536722,2.116297,2480.317073,5.207519,5.417928,1005.587131,313.281189,111.850722,79.027757,0.447830,4.019140,-13.211301,27.419648,751.837107,30.436419,58.437000,-65.070000,123.507000,0.416887,-0.695070,23.215426,231593.895896,0.376666,6553.427130,4.516779,5.357261,17407.125668,3880.836384,1357.639740,1053.655760,0.393138,3.857842,-43.814458,58.137328,3379.948958,72.798734,138.320000,-159.080000,297.400000,0.225845,-0.422942,50.156507,1324913.915824,0.179861,14704.075630,3.456596,4.694310,36604.601549,5945.010069,1575.096713,1252.325416,0.304714,3.622104,3.449192,43.939519,1930.681292,44.074689,101.990000,-136.060000,238.050000,-0.255333,0.487101,33.633399,485644.553591,0.216166,8357.577870,3.889889,5.087269,26601.412797,2557.185710,1461.598581,1153.843610,0.338335,3.604585,81.316183,39.449815,1556.287871,90.380360,176.104900,5.474238,170.630662,0.249115,-0.638150,32.091616,2042152.365311,0.295042,20248.263763,4.437016,5.077000,27663.480198,6291.314685,2375.697160,1368.730475,0.395078,3.930336,-0.012339,0.353091,0.124673,0.353307,0.637680,-0.652170,1.289850,-0.089097,-0.863776,0.296874,31.206376,1.334897,73.481364,2.008062,4.549690,129.438657,3.958192,2.196238,3.102049,0.146785,2.505332,-0.715262,0.082491,0.006805,0.720003,-0.581350,-0.932540,0.351190,-0.429433,-0.720898,0.069380,129.601001,-33.678687,178.083280,6.519970,7.518594,43.202897,7.402377,6.301885,6.879960,0.537157,3.996527,0.221307,0.695057,0.483104,0.729439,0.923250,-0.958330,1.881580,-0.573140,-1.464325,0.645402,133.020216,0.662162,174.531793,4.784283,6.438000,308.492299,53.645478,33.532748,26.050541,0.503529,3.730560,1.078556,0.109670,0.012027,1.084117,1.354406,0.920621,0.433785,0.463434,-0.681371,0.092723,293.827593,-22.883708,268.313808,5.054922,7.244443,36.917967,4.649569,3.546116,4.011717,0.390571,3.350026,7.000000
-2.881561,0.971758,0.944315,3.041004,-0.320160,-6.052100,5.731940,-0.208368,0.516223,0.761639,2311.926452,2.313621,716.927890,5.055319,5.127582,659.560799,244.727431,65.590805,33.505389,0.430851,4.040014,-9.469915,2.021047,4.084629,9.683177,-5.848500,-16.023000,10.174500,-0.918017,0.668281,1.515620,23440.978947,1.960354,2356.581800,5.246556,5.106814,1255.773429,411.107609,183.108993,95.010911,0.426785,4.002677,-0.488543,0.946749,0.896333,1.065368,1.304900,-3.238700,4.543600,-0.523912,-0.321058,0.785372,283.752014,2.861981,205.552115,5.386271,5.840767,585.919182,184.106661,95.709465,49.062331,0.476527,4.065785,10.017348,1.949196,3.799366,10.205226,16.373499,6.665258,9.708241,1.075897,0.861705,1.448076,26036.657413,1.978914,2492.751480,5.305002,5.129800,1211.069877,414.875162,178.162743,93.658296,0.427224,4.013358,-8.858011,21.408653,458.330444,23.168832,38.263000,-53.717000,91.980000,-0.024497,-0.646343,17.718922,134198.699318,0.480018,4749.711814,4.160861,4.989216,13871.844258,3233.810638,1134.703644,752.215645,0.372246,3.836927,-50.365389,60.926183,3711.999769,79.048543,138.320000,-193.070000,331.390000,0.276026,-0.329051,50.832422,1562168.040653,0.164230,16223.247829,3.620639,4.465220,37767.061677,6321.677579,1839.901463,1004.651311,0.294113,3.640940,4.325807,27.874262,776.974484,28.207926,73.122000,-54.101000,127.223000,0.532022,-0.072500,21.865062,198921.772656,0.365464,5349.180690,3.458378,4.592664,19079.390007,2464.426791,615.921324,561.113249,0.270722,3.626926,76.249662,42.037401,1767.143056,87.069823,193.355670,6.084017,187.271653,0.500810,-0.463716,34.269062,1895288.512628,0.270950,18984.306410,4.316728,4.959274,27324.960558,7147.958886,2172.292448,1078.771159,0.364730,3.860838,-0.306062,0.491588,0.241659,0.579079,0.637680,-0.989650,1.627330,0.633564,-1.107349,0.439763,83.833260,0.655194,133.872709,4.300311,6.194387,220.420346,32.358270,20.410608,15.312483,0.449046,3.585027,-0.644675,0.100606,0.010122,0.652478,-0.430560,-0.894840,0.464280,-0.096476,-0.241282,0.077807,106.431742,-20.603547,160.506955,6.668756,7.966041,35.934336,6.126515,5.112336,6.974243,0.480273,3.644293,-0.476641,0.460110,0.211701,0.662486,0.677630,-1.063600,1.741230,1.180386,0.564148,0.345446,109.721911,1.534096,152.744528,3.043225,5.491212,175.557603,15.662704,8.747580,7.398998,0.298756,2.972245,1.089992,0.108925,0.011865,1.095421,1.356993,0.920621,0.436372,0.677831,-0.089714,0.085367,299.986912,-23.351896,271.429448,5.326891,6.976880,50.359509,8.441763,5.825317,5.643237,0.471660,3.730953,7.000000
-2.617257,0.957136,0.916109,2.786780,-0.552410,-5.659200,5.106790,-0.374169,-0.011239,0.755750,1941.536303,2.601094,651.145830,4.376320,4.797476,617.633796,206.288317,50.004252,27.556381,0.351626,3.907124,-9.655351,2.188316,4.788729,9.900229,-5.848500,-16.023000,10.174500,-0.580199,-0.254586,1.749443,24503.633918,2.067423,2401.568300,5.280621,4.804494,1202.884736,427.965841,203.803084,84.430317,0.391363,3.937219,-0.029679,0.919960,0.846326,0.920438,1.989100,-2.495300,4.484400,-0.546755,-0.064540,0.743074,211.801751,2.827623,184.612721,5.276751,5.531571,537.761626,160.527119,103.944632,42.237887,0.450051,3.998963,10.104185,2.129164,4.533340,10.326078,16.373499,6.665258,9.708241,0.700173,-0.106815,1.690714,26656.971973,2.107076,2513.352167,5.348780,4.786148,1166.494174,434.679225,202.783707,84.918450,0.400235,3.956788,-6.454794,19.370070,375.199627,20.417248,33.686000,-55.820000,89.506000,-0.162396,-0.061818,15.349084,104215.999339,0.480600,4083.851544,4.573113,5.616208,12918.011593,2413.112462,1137.619268,825.387981,0.413550,3.884475,-32.695045,53.433500,2855.138965,62.642677,66.178000,-193.070000,259.248000,-0.316445,-0.686717,46.121826,981026.240407,0.204166,12474.198529,3.296957,4.122523,33485.414017,4977.381446,1158.548927,741.200041,0.244725,3.561520,-2.416642,28.363375,804.481016,28.466141,71.163000,-58.221000,129.384000,0.276946,-0.211049,22.690343,202580.293106,0.362483,5640.312170,4.189429,5.326373,20083.254733,2678.918101,1293.155541,1061.124339,0.380383,3.811931,63.381070,33.676849,1134.130127,71.772489,193.355670,6.084017,187.271653,0.977507,0.930323,26.922916,1287822.532853,0.257705,15795.409804,3.867369,4.337532,23153.188032,5805.572656,1403.325228,608.245864,0.305204,3.806323,-0.528828,0.326800,0.106798,0.621657,0.140790,-1.029000,1.169790,0.536006,-0.822724,0.266844,96.614383,0.245154,135.339537,3.954703,6.015245,136.453236,16.646648,10.651517,8.746911,0.402345,3.414941,-0.665516,0.107856,0.011633,0.674199,-0.430560,-0.867060,0.436500,0.324838,-0.753943,0.089351,113.635981,-21.034282,165.764795,6.223822,7.694153,41.325735,5.322768,5.651747,7.423606,0.453273,3.676596,0.069403,0.713597,0.509221,0.716964,0.901320,-1.063600,1.964920,-0.143918,-1.661798,0.676100,128.509454,0.392759,168.619475,4.707777,6.384402,317.026350,53.121093,32.824396,26.231798,0.494748,3.713884,1.158824,0.110303,0.012167,1.164062,1.358705,0.990081,0.368624,0.344215,-1.351833,0.098468,338.759819,-29.830386,288.522074,5.368991,7.009955,51.621086,7.572119,6.483303,6.068254,0.482462,3.748958,7.000000
-1.823965,1.607531,2.584156,2.431255,5.730300,-5.602400,11.332700,1.610830,4.685799,1.068894,1477.750774,1.475241,550.335068,4.509259,5.397322,1081.759413,249.119472,110.095667,60.315587,0.416267,3.938033,-9.690934,1.613177,2.602338,9.824283,-6.287300,-13.969000,7.681700,-0.327230,0.010752,1.204754,24129.135068,2.327315,2412.990500,4.930732,4.745329,951.902417,314.439428,162.242037,42.480118,0.363963,3.941632,-0.358259,0.979435,0.959294,1.042901,1.989100,-2.796400,4.785500,-0.042365,-0.417552,0.790054,271.910854,2.822404,210.142478,4.197044,5.137279,550.873528,122.935126,68.595184,28.541380,0.354403,3.748063,10.038903,1.653972,2.735622,10.174241,14.696560,6.732341,7.964219,0.350103,0.210918,1.222261,25878.796696,2.280295,2499.496894,5.023517,4.723027,926.524071,341.504713,165.161542,43.343462,0.368199,3.939641,-14.712669,23.274372,541.696393,27.534688,53.372000,-66.841000,120.213000,0.423138,0.210370,17.960760,189539.754752,0.375697,5716.402330,3.263901,4.126320,14105.918478,2216.873096,824.708136,294.281688,0.251345,3.517843,-55.400400,64.580839,4170.684720,85.087537,142.900000,-199.910000,342.810000,0.206408,-0.010973,51.054266,1809972.248858,0.161356,17760.875950,3.731855,4.815624,42047.101464,6458.136433,2387.224806,1499.404527,0.332760,3.698368,-1.055351,39.526177,1562.318688,39.540264,101.150000,-73.830000,174.980000,0.351276,-0.493369,32.835148,390858.113551,0.285443,8174.420870,3.623705,4.640900,20411.848011,3165.593251,833.676821,683.588326,0.283033,3.401516,87.454321,43.740396,1913.222201,97.782823,204.781695,5.426502,199.355194,0.724477,-0.029964,35.101433,2390370.117161,0.253944,21797.676839,4.271201,4.953563,30806.427903,6940.049320,2069.624041,1280.934995,0.376692,3.891894,-0.049797,0.455170,0.207180,0.457886,0.728780,-1.029000,1.757780,-0.547486,-0.343314,0.354564,52.414830,2.249101,86.484432,4.400520,6.249423,211.036770,32.490477,19.585801,15.266796,0.455367,3.618380,-0.720119,0.064438,0.004152,0.722996,-0.581350,-0.867060,0.285710,-0.157673,-0.870113,0.055018,130.680835,-49.063698,179.335260,7.567127,7.958412,32.228325,6.989148,6.134467,8.347253,0.566811,4.097866,0.492184,0.489814,0.239918,0.694380,0.901320,-0.890350,1.791670,-1.659357,1.583856,0.368643,120.540774,-0.374262,164.171014,4.194713,6.154544,225.535495,30.780030,19.510443,16.485526,0.438723,3.557743,1.094848,0.125913,0.015854,1.102064,1.358705,0.924044,0.434662,0.502124,-0.904209,0.102755,303.636439,-23.705123,272.536113,5.153933,7.369524,39.325030,4.993101,3.758541,4.851850,0.403443,3.243298,7.000000
-0.880832,2.104855,4.430416,2.281728,6.488600,-5.602400,12.091000,0.604774,0.561539,1.703402,1301.570362,1.713777,473.723274,4.393807,5.153505,1223.623179,320.186690,150.179666,54.980241,0.371549,3.852965,-9.414714,2.050145,4.203093,9.635348,-6.287300,-18.685000,12.397700,-1.250275,2.034281,1.513638,23209.985171,1.581826,2343.616500,6.052698,5.589990,1253.466822,422.853019,275.987674,133.192031,0.497121,4.138995,-1.543401,1.279227,1.636422,2.004622,0.655950,-6.517700,7.173650,-1.089592,1.834683,0.991068,1004.627448,2.184310,393.727469,4.934232,5.716790,745.211729,171.238195,116.458547,47.262532,0.454479,3.944847,9.871735,2.147923,4.613575,10.102709,19.089650,6.649114,12.440536,1.267165,1.818454,1.590863,25516.182982,1.601195,2457.486195,5.998965,5.493113,1302.772199,443.501825,279.270564,131.368424,0.483978,4.121336,-8.177773,28.142311,791.989678,29.306410,58.898000,-66.841000,125.739000,0.455316,-0.328842,22.379140,214716.412849,0.369525,6079.546330,3.462407,4.260491,18732.543650,3391.125476,1220.133135,432.562400,0.263798,3.661733,-48.700115,63.038234,3973.818919,79.658773,142.900000,-199.910000,342.810000,-0.062127,0.256219,48.520411,1586380.029084,0.160586,15805.518981,4.017290,4.800873,45427.175703,9453.034874,2524.523368,1783.387666,0.348180,3.858339,2.699628,35.489574,1259.509885,35.592104,101.150000,-73.830000,174.980000,0.191075,0.063213,27.888281,316699.469315,0.281055,7014.348125,3.662184,4.750017,22604.506119,2877.967480,1343.385829,748.571820,0.287234,3.610957,79.916567,45.656610,2084.526011,92.039033,204.781695,5.426502,199.355194,0.918210,0.149745,36.869296,2117795.911248,0.253671,19909.220944,4.169988,4.596344,30182.424451,8426.145649,2367.235948,941.428563,0.319448,3.847900,-0.056472,0.421201,0.177411,0.424970,0.728780,-0.892340,1.621120,-0.058184,-0.927434,0.356460,45.149905,2.295258,87.832316,4.618764,6.422219,155.688926,24.465053,15.790056,13.166386,0.471165,3.516069,-0.620000,0.098998,0.009801,0.627854,-0.408730,-0.845240,0.436510,0.234426,-0.564986,0.080687,98.550222,-22.842377,154.372085,6.210932,7.608682,43.017896,6.713225,6.455799,6.939323,0.457840,3.755006,-0.308280,0.698771,0.488280,0.763752,0.868420,-1.120600,1.989020,0.443515,-1.484282,0.633920,145.829242,2.048035,178.141334,4.133866,6.184420,247.423688,34.151392,21.279896,17.100081,0.432120,3.371958,1.072042,0.094034,0.008842,1.076159,1.251834,0.924044,0.327790,0.017269,-1.242019,0.080937,289.529370,-35.670910,266.906025,6.052931,7.642525,29.922544,4.870969,4.094156,4.852730,0.452923,3.525209,7.000000
-1.282693,1.839918,3.385299,2.242900,6.488600,-6.755000,13.243600,0.829102,1.583259,1.458003,1257.650200,1.469748,479.948845,4.685525,5.150408,1016.015056,319.068456,146.214231,49.742115,0.375898,3.895105,-9.677361,2.304568,5.311035,9.947982,-6.329100,-18.685000,12.355900,-1.222074,1.222444,1.765103,24740.586744,1.675659,2409.927350,5.831629,5.290659,1324.522093,490.910334,281.787872,125.451505,0.441449,4.041170,-1.362958,1.465907,2.148883,2.001634,0.948760,-6.517700,7.466460,-0.698957,0.659872,1.179496,1001.634777,2.208820,388.290326,5.094901,5.949271,862.443067,207.215032,122.113512,60.269414,0.432582,3.931191,10.118576,2.369369,5.613907,10.392280,19.089650,6.649114,12.440536,1.237584,1.129746,1.810229,26999.871721,1.658346,2520.104679,5.765044,5.150680,1361.255436,515.354696,284.812663,121.871559,0.433328,4.040976,-7.169720,26.511301,702.849075,27.463684,58.898000,-87.830000,146.728000,0.209097,0.264179,20.646125,188563.489897,0.315555,5516.585730,3.901798,4.640026,18012.558458,3687.707423,1352.442880,629.586945,0.322528,3.778552,-41.576748,53.137328,2823.575656,67.470005,72.555000,-284.500000,357.055000,-0.607839,2.828478,39.895300,1138050.402533,0.147604,13578.649531,4.422750,5.188682,35269.053152,8768.316345,2910.677598,1647.121438,0.388694,3.896413,3.849219,21.575613,465.507066,21.916285,61.565000,-42.907000,104.472000,0.301245,-0.536242,18.207739,120080.887422,0.424409,4554.416670,4.483102,5.237423,15392.174591,3556.399684,1273.252259,722.497428,0.377029,3.925550,66.502806,36.934482,1364.155932,76.070882,298.133897,15.994454,282.139443,2.619524,12.018264,25.023319,1446694.779852,0.168428,16582.145344,5.239835,5.512176,25152.676984,8325.129299,3247.217559,1512.874941,0.454227,4.080673,-0.390808,0.417417,0.174237,0.571810,0.391300,-0.927540,1.318840,0.431951,-1.069169,0.357023,81.741808,0.888593,124.177038,2.304935,4.909609,131.667760,7.096207,3.610925,4.766627,0.195898,2.468923,-0.670825,0.147498,0.021756,0.686850,-0.408730,-0.920630,0.511900,0.029860,-1.363203,0.131766,117.940603,-15.120931,166.985130,5.521430,7.452341,53.931424,6.892604,5.722528,7.557315,0.428871,3.524782,-0.176631,0.742068,0.550665,0.762800,0.914470,-1.120600,2.035070,0.150467,-1.641199,0.683378,145.465926,2.194683,175.800339,4.471619,6.314687,288.424009,45.601577,27.601997,22.663475,0.470107,3.558324,1.171792,0.086587,0.007497,1.174987,1.382652,1.021061,0.361591,0.549428,-0.464845,0.069415,345.148338,-31.778813,291.858328,6.137503,7.736534,32.580925,5.398411,3.991543,5.628303,0.468990,3.640932,7.000000
-2.216738,1.090800,1.189844,2.470581,0.986780,-6.755000,7.741780,0.025177,1.302818,0.837125,1525.942606,1.895784,557.961867,4.834218,5.134323,721.710699,231.893108,108.771648,39.905370,0.426755,4.022255,-9.789688,1.900172,3.610652,9.972394,-6.784400,-17.543000,10.758600,-1.260662,1.654886,1.409724,24862.162741,1.772115,2438.111800,5.249349,5.012914,1215.379979,434.144844,212.188093,73.698554,0.425817,4.065943,-0.526909,0.941126,0.885719,1.078588,1.223300,-2.768300,3.991600,-0.327809,-0.797102,0.800936,290.837826,3.198185,213.671590,5.161820,5.782169,634.958317,154.853981,86.586422,47.032207,0.462387,4.054843,10.145820,1.943738,3.778119,10.330333,18.085087,7.309832,10.775255,1.243858,1.638492,1.428677,26678.943173,1.740577,2526.860400,5.141197,4.885636,1242.087917,446.086735,209.415417,71.112292,0.394505,4.043377,-14.031362,26.139204,683.257989,29.667105,60.404000,-87.830000,148.234000,-0.111804,0.358155,20.348383,220034.279977,0.312837,5902.978900,3.466814,4.186204,17893.659672,2866.431854,876.155088,450.434979,0.270633,3.668559,-57.088272,63.085922,3979.833588,85.081751,72.555000,-284.500000,357.055000,0.082471,0.540761,47.516346,1809726.108349,0.149643,18484.240600,4.079330,5.337044,39090.631573,7394.036354,2969.099125,1979.394328,0.364408,3.768608,-1.907180,36.761105,1351.378840,36.810544,97.580000,-94.905000,192.485000,0.305334,0.376528,28.440655,338754.043952,0.258652,7161.272280,3.370289,4.379375,22736.010149,3119.832920,876.761629,649.266947,0.266776,3.536680,87.743935,42.131456,1775.059591,97.334771,298.133897,19.926543,278.207354,1.526882,4.265772,30.691488,2368514.432278,0.179616,21823.749598,4.897303,5.595741,29439.672537,7612.441093,2849.841047,1968.546180,0.440392,4.007155,-0.029168,0.534727,0.285932,0.535521,0.668740,-0.927540,1.596280,-0.650831,-1.142140,0.470538,71.695801,0.605735,114.615949,4.221745,6.161118,232.812160,32.709159,20.522806,16.388320,0.435604,3.521146,-0.757722,0.078546,0.006169,0.761782,-0.603170,-0.920630,0.317460,-0.077818,-1.200363,0.068529,145.078123,-39.257873,188.767865,6.580097,7.670429,39.708186,7.014198,5.747093,6.517885,0.507432,3.961191,0.415456,0.446763,0.199597,0.610083,0.914470,-0.824560,1.739030,-1.159070,0.357161,0.359224,93.050192,1.324212,139.279622,3.243146,5.678680,172.249913,15.267732,9.721349,8.148787,0.327962,3.079865,1.106509,0.122203,0.014933,1.113237,1.382652,0.930778,0.451875,0.630301,-0.621926,0.099565,309.824115,-20.447926,275.503408,5.242280,7.471631,38.227345,4.775763,4.326982,4.533928,0.392522,3.233983,7.000000
-1.377065,1.399493,1.958582,1.963388,3.711700,-4.252200,7.963900,0.803410,1.043444,1.090669,963.722704,2.132987,420.543572,4.682551,5.551646,799.930964,200.796363,118.428441,49.567937,0.410031,3.872597,-9.561258,2.061347,4.249150,9.780940,-6.666000,-16.515000,9.849000,-1.236561,0.953184,1.584829,23916.699217,1.936241,2381.674450,5.294755,5.008748,1300.389279,469.517807,198.979417,94.348473,0.421560,4.039772,-0.911511,0.969926,0.940757,1.331018,1.223300,-3.621700,4.845000,-0.198836,-0.225387,0.782261,442.902508,2.828738,269.396076,4.915698,5.193087,546.076874,220.891381,82.330821,25.724928,0.399906,3.941792,9.847210,2.079842,4.325744,10.064457,16.743784,6.782662,9.961122,1.182351,0.824231,1.617775,25323.324430,1.960612,2453.075636,5.381661,4.977216,1272.332587,489.350281,204.828661,94.196761,0.415084,4.026977,-6.675580,24.926319,621.321372,25.804743,60.404000,-82.083000,142.487000,-0.362001,0.495021,19.243098,166471.185036,0.322586,4917.116223,3.706720,4.446404,15391.373622,3581.638687,904.858056,482.333565,0.284019,3.667302,-35.179309,62.817404,3946.026261,71.997292,67.674000,-212.800000,280.474000,-0.519922,-0.574507,52.436421,1295902.514082,0.193998,13951.504480,3.179793,4.643398,37212.015241,4378.191072,2056.506630,1134.101550,0.282864,3.488468,-0.259183,36.696431,1346.628030,36.697346,97.580000,-94.905000,192.485000,-0.013020,0.553609,27.012617,336673.801499,0.256972,6737.047162,3.146066,4.346111,24078.417174,2320.783366,1109.547374,548.172075,0.252173,3.498012,70.254525,47.544629,2260.491759,84.830360,228.629370,7.798450,220.830920,1.048154,0.580198,38.389841,1799047.500616,0.228750,17521.967241,3.149438,4.042442,28181.221429,4923.422739,1235.715839,628.758882,0.240370,3.527485,-0.010294,0.390592,0.152562,0.390728,0.668740,-0.594200,1.262940,0.081680,-1.348369,0.352237,38.167045,0.802358,87.525859,4.550046,6.321750,155.940631,24.089507,15.372488,11.528560,0.466611,3.580200,-0.658318,0.076394,0.005836,0.662735,-0.523810,-0.884920,0.361110,-0.575632,-0.083483,0.061844,109.804514,-34.310393,163.883945,7.317142,7.768106,37.122778,7.657901,6.728151,8.669188,0.577851,4.091053,-0.276571,0.705985,0.498414,0.758225,0.839910,-1.011000,1.850910,0.457360,-1.573173,0.665296,143.726408,0.474092,179.760003,4.128747,6.148905,271.558491,37.830361,23.262243,18.269953,0.432529,3.439176,1.077075,0.081862,0.006701,1.080181,1.240891,0.930778,0.310114,-0.027912,-1.107699,0.069649,291.697967,-39.594606,268.212362,6.910719,7.953585,25.860433,4.677466,5.110314,5.369315,0.504570,3.671626,7.000000
-1.616467,1.403909,1.970959,2.141010,3.711700,-5.657000,9.368700,1.010761,2.030275,1.054082,1145.981411,1.760883,475.334412,4.710244,5.509322,857.769180,209.345936,122.248834,57.363107,0.422154,3.935295,-9.659110,2.152127,4.631652,9.895962,-6.650900,-16.515000,9.864100,-1.109310,0.498317,1.682028,24482.516495,1.968722,2406.898200,5.327329,4.864895,1374.139029,528.154020,224.478914,95.652705,0.422223,4.062385,-1.135770,0.840801,0.706946,1.413124,0.327400,-3.621700,3.949100,-0.446611,-0.235494,0.688665,499.230212,2.919360,287.445647,5.656514,5.480479,541.667873,222.782260,114.506247,36.837691,0.476687,4.165811,9.988449,2.177567,4.741800,10.223058,16.743784,6.782662,9.961122,1.072499,0.423425,1.708141,26127.728118,1.991719,2488.971030,5.332745,4.824691,1394.701390,550.532466,233.564363,94.939164,0.412960,4.069358,-8.653431,18.932694,358.446887,20.816550,54.112000,-68.795000,122.907000,0.096292,0.904496,14.489134,108332.188942,0.351815,4065.193103,4.583670,4.962369,12140.738096,4043.455652,1331.129739,595.323207,0.375112,3.930934,-42.202603,53.573255,2870.093648,68.199365,126.590000,-212.800000,339.390000,-0.064590,0.409361,44.525704,1162788.332789,0.156525,13692.514280,3.980791,4.821769,35526.589503,7734.892643,1845.444681,1590.421104,0.335319,3.796700,1.975320,24.265373,588.808325,24.345641,70.597000,-83.244000,153.841000,-0.214355,1.444967,17.612981,148177.552965,0.294656,4404.189630,4.176422,5.016315,16589.308481,2768.794240,1216.175004,651.644474,0.349246,3.795921,64.321338,39.242295,1539.957714,75.347145,228.629370,7.798450,220.830920,1.221991,2.377718,30.821066,1419298.074695,0.220825,15952.317865,4.878765,5.453387,24972.168189,7749.583920,2397.541565,1564.172735,0.451148,4.004428,-0.489300,0.263044,0.069192,0.555524,0.171840,-0.929610,1.101450,0.158925,-0.742943,0.218228,77.151722,-0.972256,123.454423,2.929569,5.501029,100.123500,5.717460,3.555121,4.191812,0.247254,2.896155,-0.691460,0.120109,0.014426,0.701815,-0.523810,-0.966270,0.442460,-0.713508,-0.757517,0.102347,123.135898,-21.451260,172.044635,5.703477,7.159703,52.381499,9.378303,6.836813,7.926029,0.485756,3.784264,-0.305606,0.678119,0.459846,0.743802,0.837720,-1.011000,1.848720,0.567993,-1.351258,0.617309,138.310233,1.175273,172.984797,4.322769,6.198186,278.917227,41.733568,26.385332,20.050278,0.455308,3.550265,1.161101,0.078963,0.006235,1.163783,1.364456,1.024914,0.339542,0.580599,-0.197304,0.062915,338.597854,-36.983689,289.166703,6.324282,7.669750,30.492790,5.426657,5.027850,5.799950,0.487060,3.688630,7.000000
-2.283649,0.852752,0.727185,2.437671,0.246000,-5.657000,5.903000,-0.252839,2.029952,0.616849,1485.559453,2.047652,569.455063,4.813324,5.429850,586.648218,170.540272,59.405052,31.094286,0.412215,3.993895,-9.584017,1.834586,3.365705,9.758027,-6.155700,-15.474000,9.318300,-0.891230,0.467523,1.416300,23804.772635,2.056630,2387.769300,4.830702,4.640110,1223.437954,401.326246,180.893594,57.044777,0.364163,4.006379,-0.866317,0.837108,0.700750,1.204680,0.934290,-3.164700,4.098990,0.093963,-0.732858,0.704952,362.813714,2.846037,251.489417,5.126365,5.376552,489.280281,173.589319,90.384364,31.579008,0.434786,4.028715,9.954097,1.878438,3.528529,10.129787,15.938290,6.492951,9.445339,0.880855,0.501547,1.461630,25653.145802,2.059806,2479.912041,4.826595,4.671819,1256.555700,403.580444,186.261807,56.934179,0.367508,4.004725,-9.484624,21.010742,441.451286,23.052318,54.112000,-68.795000,122.907000,0.388237,0.364208,16.504185,132852.345766,0.358071,4752.908777,4.667070,5.522113,13955.926070,2885.434540,1460.019796,779.354956,0.421121,3.905847,-45.995357,58.553045,3428.459075,74.458256,126.590000,-177.070000,303.660000,0.756673,0.105881,45.313966,1386007.980494,0.173097,16880.883800,3.172458,3.876541,40441.454165,6514.543272,1132.813944,784.771903,0.224765,3.605302,1.454690,33.881276,1147.940890,33.912491,115.210000,-80.901000,196.111000,0.689532,1.352309,24.923921,287514.253635,0.247247,6187.242008,3.025389,3.946894,21449.425951,1938.353500,564.514666,450.586611,0.209095,3.397629,79.238201,30.770210,946.805801,85.002931,181.840888,15.570108,166.270780,0.606908,1.166771,22.871490,1806374.579895,0.285585,19750.744273,4.762263,4.959932,21593.005864,7084.434631,2048.331149,1029.502426,0.395414,4.018709,-0.233300,0.453934,0.206056,0.510377,0.550720,-0.929610,1.480330,-0.114863,-1.392610,0.408299,65.121160,1.681087,102.650097,4.212388,6.205996,196.427114,27.265314,17.463353,13.708952,0.433241,3.508122,-0.760579,0.092006,0.008465,0.766124,-0.597220,-0.966270,0.369050,-0.405398,-0.931106,0.079013,146.736449,-29.630987,189.410670,6.413690,7.370845,45.122840,9.535595,6.178250,8.386581,0.539995,4.000629,0.448245,0.408823,0.167136,0.606679,0.846490,-0.633770,1.480260,-1.366820,0.740730,0.319186,92.014951,-0.418592,141.532882,4.163790,6.133090,183.203368,24.974287,15.781659,12.589627,0.436140,3.544701,1.096323,0.116478,0.013567,1.102493,1.364456,0.915682,0.448774,0.499912,-0.521692,0.092306,303.872560,-21.548461,273.077562,5.388499,7.444120,39.267489,4.897043,4.217714,5.831678,0.400819,3.380262,7.000000
-2.089503,1.043756,1.089427,2.335690,1.586700,-4.527300,6.114000,0.658264,0.951852,0.788445,1363.862308,2.275186,534.903856,4.564795,5.032830,747.371563,187.141851,78.951560,40.089344,0.386902,3.981395,-9.571939,1.915721,3.669988,9.761762,-6.155700,-17.322000,11.166300,-1.025678,1.107455,1.448679,23823.000029,1.779310,2385.484750,5.222932,4.912765,1144.556750,454.713002,182.120212,84.538084,0.392741,4.022664,-0.998551,1.042155,1.086087,1.443326,0.934290,-3.442300,4.376590,-0.255748,-0.818075,0.876336,520.797701,3.182128,286.490704,4.879056,5.238111,561.181467,212.586755,86.219750,30.610509,0.383185,3.897786,9.962361,1.892618,3.582004,10.140544,17.422749,6.492951,10.929797,0.975252,0.970401,1.452326,25707.660038,1.800550,2482.823316,5.331070,4.967786,1104.241183,456.863858,186.618870,88.312153,0.393683,4.026433,-7.739142,25.546852,652.641629,26.693369,43.289000,-78.926000,122.215000,-0.418201,-0.045897,20.670823,178133.985436,0.373686,5302.831437,3.958145,4.607451,15708.800665,3739.356798,1181.423164,564.654995,0.313337,3.719909,-40.401831,73.044258,5335.463621,83.473179,87.551000,-269.080000,356.631000,-0.455171,-0.156072,59.110620,1741942.889429,0.158282,16592.833386,3.424106,4.648196,46059.115402,5826.492285,2134.886685,1597.891398,0.291718,3.580374,-1.427500,38.169360,1456.900078,38.196045,115.210000,-110.430000,225.640000,0.055604,1.203254,28.543410,364734.458390,0.220469,7156.661760,3.632946,4.747374,22954.890686,2301.799230,1015.054021,760.732407,0.282663,3.498261,81.081044,50.646911,2565.109603,95.599400,276.267862,8.282742,267.985120,1.268921,1.612992,38.414064,2284811.333255,0.192595,20222.038145,3.726908,4.483845,36056.066990,5811.161600,1952.111274,1212.256907,0.290446,3.734660,-0.025665,0.416234,0.173251,0.417025,0.693580,-0.910970,1.604550,-0.272140,-0.834040,0.352094,43.477397,2.165332,87.172877,4.174115,6.097012,204.588100,27.906599,16.892909,13.728271,0.429020,3.595278,-0.679579,0.108232,0.011714,0.688144,-0.408730,-0.926590,0.517860,0.120839,-0.357234,0.085928,118.385454,-16.024647,169.222150,6.708767,7.366576,67.095826,15.035401,11.584289,9.997858,0.620042,4.213132,-0.049009,0.717372,0.514622,0.719044,0.846490,-1.085500,1.931990,-0.157406,-1.736559,0.684280,129.255978,1.831804,169.911227,3.827671,6.007413,244.808793,30.018147,19.181224,15.470906,0.398464,3.228581,1.074708,0.097356,0.009478,1.079109,1.303550,0.915682,0.387868,0.312103,-0.642713,0.078096,291.118829,-29.076828,267.577437,6.056956,7.887310,34.066486,3.956761,3.997215,6.068170,0.446576,3.526243,7.000000
-2.383423,1.206001,1.454437,2.671169,1.586700,-6.609600,8.196300,-0.085169,2.255516,0.862313,1783.785334,1.864127,606.764637,4.563262,5.020927,829.783950,215.651891,99.290255,41.302174,0.386032,3.954628,-9.571133,2.175705,4.733690,9.815309,-6.582900,-17.501000,10.918100,-1.342754,1.923900,1.597857,24085.070277,1.774340,2383.704300,5.429949,4.936007,1386.001005,501.119030,230.378974,113.709517,0.415464,4.059466,-0.901267,1.100834,1.211836,1.422715,1.132100,-3.493200,4.625300,-0.434672,-0.784856,0.933571,506.029378,3.080245,269.349747,5.082938,5.333425,677.858269,236.561581,95.833499,43.125935,0.423775,4.016111,10.056422,2.089954,4.367907,10.271297,17.790140,7.046855,10.743285,1.404174,2.183441,1.524542,26374.884988,1.770380,2504.516032,5.564363,4.904674,1325.974459,514.246011,231.241917,116.931813,0.418770,4.087291,-8.350488,25.367324,643.501144,26.706400,34.946000,-78.926000,113.872000,-0.673562,-0.100906,20.342704,178307.946985,0.400239,5108.041572,4.078304,4.544659,17031.298821,3833.729206,1373.232734,642.009391,0.314455,3.817597,-49.309296,66.125624,4372.598106,82.486391,109.090000,-269.080000,378.170000,-0.364402,0.392275,52.803824,1701001.189915,0.147435,16107.283826,3.212512,4.096577,43629.823709,5984.058476,1698.093156,1006.711404,0.240057,3.556829,-2.901445,38.743765,1501.079314,38.852255,66.708000,-110.430000,177.138000,-0.645085,0.061621,30.624067,377374.424089,0.280250,7596.356040,4.215680,5.312130,24652.936272,3175.013872,1757.339400,1177.543494,0.354453,3.737476,80.059208,51.159139,2617.257527,95.009127,276.267862,8.282742,267.985120,1.180975,1.461736,39.691198,2256683.560990,0.193352,19919.488314,3.734902,4.359606,35789.252725,6533.527457,1918.685065,1062.059794,0.294977,3.735570,-0.494733,0.457962,0.209729,0.674159,0.693580,-1.000000,1.693580,1.431823,0.898704,0.343740,113.622480,0.498208,159.751540,4.060660,6.024194,228.579137,30.599023,19.253246,13.642654,0.418219,3.572054,-0.629270,0.128073,0.016403,0.642171,-0.388890,-0.888890,0.500000,0.035990,-0.995368,0.108121,103.095754,-14.841610,156.498980,5.626000,7.365520,59.452393,6.637227,7.074266,7.413123,0.445788,3.738531,-0.400974,0.526452,0.277152,0.661764,0.850880,-1.085500,1.936380,0.924032,-0.039477,0.409329,109.482921,2.251424,148.854282,2.985003,5.354723,208.715447,17.278088,10.958328,8.772188,0.301946,3.038686,1.138109,0.097535,0.009513,1.142280,1.365253,0.938025,0.427228,0.454183,-0.651270,0.080325,326.201155,-23.584398,283.383354,5.800966,6.768427,55.187870,11.423847,8.506513,6.537953,0.536677,4.045986,7.000000
-2.527769,1.089471,1.186946,2.752556,0.195270,-6.609600,6.804870,-0.845768,1.980501,0.801974,1894.140962,2.088998,630.795559,5.198838,5.594609,701.139345,157.440109,132.727268,66.056192,0.468437,4.037731,-9.684838,2.175499,4.732794,9.926171,-6.604700,-17.501000,10.896300,-1.218699,1.567714,1.617124,24632.218287,1.822012,2413.015100,5.041091,4.988751,1444.838694,401.070080,203.695434,87.772981,0.409741,4.000569,-0.521602,0.918277,0.843233,1.056078,1.459900,-3.493200,4.953100,-0.244488,-0.576978,0.786843,278.825434,2.550847,212.393888,5.509867,5.505873,584.935745,188.507985,107.916384,39.355104,0.461810,4.104393,10.127905,2.155524,4.646282,10.354745,17.790140,6.830979,10.959161,1.226767,1.638320,1.578195,26805.184683,1.822094,2523.430894,5.267860,5.041533,1359.141220,414.471653,206.799142,90.185218,0.429938,4.004071,-5.883767,24.284472,589.735600,24.987083,62.983000,-56.663000,119.646000,0.317749,-0.044446,19.230558,156088.579432,0.380288,5050.748266,3.914559,4.804838,16474.406156,2718.554894,1164.653095,584.497108,0.309049,3.739924,-31.783593,58.474456,3419.261976,66.554179,115.930000,-188.990000,304.920000,0.193477,0.282389,45.677369,1107364.688140,0.178198,13196.374160,4.335198,5.365363,40417.002480,5073.693769,3631.439297,1995.439444,0.383883,3.835476,-2.267714,49.539408,2454.152918,49.591284,95.347000,-106.260000,201.607000,-0.260196,-0.818401,41.380456,614823.861311,0.259419,10253.845400,4.362882,5.495096,28401.832127,3725.492225,2440.357536,1955.280445,0.383409,3.685632,78.003147,37.797057,1428.617518,86.678189,193.301715,11.304163,181.997552,0.556400,-0.025791,30.314810,1878277.128883,0.273557,19425.013495,5.294048,5.624100,26857.609618,5898.930943,3128.884702,1924.297596,0.458621,4.035450,-0.423478,0.394861,0.155915,0.579007,0.347830,-1.000000,1.347830,0.290133,-1.416479,0.365463,83.812245,0.508738,118.288781,4.691214,6.307724,172.088507,28.629322,18.057143,13.822628,0.487516,3.706730,-0.721135,0.150339,0.022602,0.736639,-0.388890,-0.970240,0.581350,0.591002,-0.492159,0.121652,135.659266,-11.420692,179.723175,5.448437,7.045826,68.804199,11.627403,7.776687,7.903060,0.496319,3.784361,0.323816,0.537363,0.288759,0.627387,0.850880,-0.620610,1.471490,-0.674872,-1.303925,0.490878,98.403762,-0.837224,147.351980,4.142850,6.139658,222.198368,30.477587,19.709487,14.795154,0.432832,3.476197,1.122796,0.104065,0.010829,1.127609,1.365253,0.944178,0.421075,0.769997,-0.620423,0.088359,317.875273,-26.357239,279.691135,5.981175,7.450086,36.599769,6.259790,6.137147,4.803541,0.465980,3.617919,7.000000
-2.646161,1.011482,1.023096,2.832890,0.081305,-4.974500,5.055805,-0.035022,-0.393051,0.811381,2006.315881,2.768053,658.445243,5.160916,5.727132,645.443806,123.064450,117.423183,63.554675,0.455959,4.011351,-9.491816,1.791690,3.210152,9.659437,-5.704500,-16.127000,10.422500,-1.143576,1.945673,1.284398,23326.182543,1.808687,2364.088850,4.547454,4.868931,1129.394754,278.794797,122.824387,45.274527,0.356672,3.854016,-0.809094,1.047542,1.097344,1.323623,1.459900,-4.001000,5.460900,-0.385436,-0.133632,0.850681,437.994133,2.574998,264.530975,4.778383,5.565531,603.232365,151.171172,90.896614,29.261059,0.413067,3.885042,9.988296,1.820966,3.315917,10.152929,16.509690,6.519159,9.990530,1.101486,1.746941,1.308759,25770.492557,1.864913,2487.581409,4.642287,4.906024,1124.072483,291.330094,128.082857,46.717638,0.366865,3.872342,-14.526803,28.892974,834.803940,32.339325,62.983000,-80.620000,143.603000,0.570928,0.387036,22.237683,261457.988972,0.327871,6663.740004,3.574591,4.726416,19046.834497,2588.799976,1068.315465,610.240541,0.303559,3.654217,-48.274137,61.128943,3736.747667,77.891848,115.930000,-215.000000,330.930000,-0.106806,0.886437,44.234537,1516784.985694,0.164636,15509.979020,3.944919,5.117567,37205.138000,4825.724584,3579.779361,1739.666649,0.351436,3.693428,-0.852424,54.400656,2959.431367,54.407334,102.430000,-115.240000,217.670000,-0.255481,-0.767836,44.448280,740039.498518,0.241597,11014.539826,4.420774,5.614016,29237.225086,3310.631756,2250.879022,2078.564702,0.371016,3.606470,90.597919,43.187346,1865.146880,100.364983,223.416929,12.375038,211.041892,0.869866,0.480011,33.729829,2518282.473183,0.241125,22586.970020,4.504445,5.203534,31161.010426,5645.545308,3024.382382,1664.906451,0.381215,3.915230,0.033375,0.359436,0.129194,0.360982,0.714290,-0.826090,1.540380,-0.201714,-0.360104,0.281376,32.576976,1.706774,69.543467,2.356246,4.731974,157.076513,6.806783,4.066414,4.797140,0.195106,2.857301,-0.750397,0.108242,0.011716,0.758163,-0.488100,-0.970240,0.482140,0.150825,-0.368845,0.087181,143.702860,-18.595660,186.943420,5.631388,6.968616,63.386074,11.076381,7.880252,7.404132,0.493793,3.948969,0.311211,0.585173,0.342427,0.662782,0.835530,-0.877190,1.712720,-1.077697,-0.467224,0.490538,109.819848,-0.111787,157.778465,4.738193,6.423821,273.792599,46.070092,28.921492,23.390044,0.497641,3.729626,1.064634,0.104658,0.010953,1.069766,1.325299,0.903235,0.422063,0.512210,-0.426431,0.084447,286.099684,-23.783988,264.879926,5.866364,7.627331,36.500107,4.951576,4.600358,5.712100,0.445448,3.525583,7.000000
-3.123011,1.035334,1.071916,3.290154,-0.029568,-6.764400,6.734832,0.001893,0.203122,0.839834,2706.278892,2.110014,778.829128,4.369619,5.070143,689.815480,174.395207,55.562977,41.540055,0.375849,3.885250,-9.211268,1.777261,3.158658,9.381157,-5.680600,-16.089000,10.408400,-1.049589,1.211132,1.310784,22001.527245,1.790397,2291.958800,5.559619,5.423684,1176.521091,405.330067,172.172435,92.312424,0.480462,4.106265,-0.657701,1.109389,1.230745,1.289696,1.036100,-4.001000,5.037100,-0.780000,-0.089844,0.913819,415.828661,2.754973,234.600471,4.298701,4.926083,728.452900,148.452943,85.513864,32.157368,0.361539,3.862599,9.869812,1.755378,3.081351,10.024696,16.392255,6.519159,9.873096,1.162523,1.158022,1.324214,25123.634798,1.830154,2456.291708,5.536577,5.421707,1153.864576,406.136095,168.091453,88.982732,0.473902,4.102705,-12.096745,25.425747,646.468627,28.156702,60.365000,-80.620000,140.985000,-0.037005,0.417193,20.196939,198199.968336,0.327107,5509.727820,3.907846,4.917749,16155.020491,2935.915798,1081.469410,568.413606,0.329519,3.698103,-45.625120,54.686403,2990.602722,71.219760,90.328000,-215.000000,305.328000,-0.200627,1.295313,38.005028,1268063.565193,0.172500,14652.250300,3.133862,4.210623,33192.572962,4666.908703,1117.283580,858.449337,0.237786,3.482960,-1.295346,41.713259,1739.995956,41.733366,102.430000,-115.240000,217.670000,-0.302152,0.448591,31.179666,435418.468952,0.231905,7703.596044,4.265171,5.345102,26147.574948,4238.788818,1907.171470,1396.919414,0.387873,3.743303,75.996039,42.794042,1831.330033,87.216558,223.416929,3.591576,219.825353,1.195801,1.612025,32.441558,1901682.002480,0.228468,18899.984101,3.954381,4.996414,26923.378594,4681.225838,2134.497415,1104.616082,0.337859,3.721728,-0.373672,0.596572,0.355898,0.703938,0.714290,-1.012400,1.726690,0.524257,-1.383549,0.550614,123.882254,1.096752,158.614785,4.131847,6.125971,223.397720,31.457866,18.595778,14.929338,0.425124,3.396829,-0.595786,0.141675,0.020072,0.612399,-0.311510,-0.898810,0.587300,0.227646,-1.089939,0.124862,93.758102,-11.622307,148.259930,5.702790,7.379754,53.465942,7.369039,7.022392,7.446883,0.447268,3.630071,-0.281289,0.481366,0.231713,0.557527,0.631580,-0.969300,1.600880,0.511669,-0.878321,0.388503,77.709198,1.390816,125.181995,3.515207,5.785022,194.659998,20.718418,12.284693,10.337082,0.359701,3.239860,1.080181,0.120862,0.014608,1.086921,1.379611,0.903235,0.476376,0.705347,-0.137195,0.094116,295.349554,-19.759916,268.982045,5.187880,6.944593,53.093310,8.197154,5.631902,6.045590,0.464486,3.672741,7.000000
-2.865255,1.076936,1.159791,3.060960,0.573480,-6.764400,7.337880,-0.122220,0.919320,0.842272,2342.369495,1.977331,715.559923,4.523658,5.150753,696.068061,190.032752,61.249395,47.772852,0.396778,3.912147,-9.598755,1.976765,3.907600,9.800188,-5.680600,-16.089000,10.408400,-0.932335,0.411878,1.554465,24010.923469,1.902905,2388.236550,5.780464,5.511612,1152.565548,434.888568,214.198910,96.637125,0.495218,4.086622,-0.395273,0.849499,0.721649,0.936958,1.486800,-3.308100,4.794900,-0.367745,0.156632,0.705292,219.472364,2.522139,184.138349,5.292157,5.542923,591.828059,167.389572,90.849229,39.866022,0.462744,4.091836,10.128443,1.925018,3.705694,10.309756,16.392255,7.454058,8.938198,0.975498,0.279934,1.530200,26572.765328,2.097102,2520.088317,5.740620,5.465851,1144.764575,427.842546,213.295794,91.865995,0.481256,4.077553,-8.208026,19.680785,387.333304,21.323813,40.733000,-66.238000,106.971000,-0.325540,0.553961,15.110000,113676.248092,0.405266,4132.181700,4.071975,4.390668,13511.725106,3469.930843,967.965495,387.150842,0.310106,3.832957,-33.816466,43.372474,1881.171507,54.997499,90.328000,-134.860000,225.188000,0.624126,0.628815,32.221159,756181.214405,0.226295,11743.977580,3.438907,4.352816,27521.679382,4999.908706,1256.277864,850.473796,0.259942,3.621270,-3.451480,38.618103,1491.357870,38.772034,128.320000,-96.882000,225.202000,0.418270,1.590114,28.095264,375817.646324,0.220711,7030.668498,3.745994,4.678186,26224.009510,3548.628713,1414.212636,1011.347756,0.316321,3.683758,62.342637,33.107341,1096.096010,70.588246,184.072629,3.591576,180.481053,1.068429,1.394928,25.779614,1245675.108822,0.266418,15554.540584,4.171171,4.708067,22152.176875,5034.170430,1962.854765,978.293255,0.346736,3.847418,-0.650625,0.369081,0.136221,0.748020,0.258800,-1.053800,1.312600,1.053607,-0.270234,0.301981,139.883454,-1.096366,167.984421,4.890824,6.472679,184.847065,31.390880,19.987574,17.203846,0.509424,3.812212,-0.666349,0.201616,0.040649,0.696182,-0.311510,-0.984130,0.672620,0.087210,-1.415675,0.177183,121.167501,-8.196217,165.916635,4.846543,6.739560,88.798817,12.755432,7.797084,7.885920,0.426096,3.610369,0.065149,0.590943,0.349214,0.594523,0.971490,-0.969300,1.940790,0.000459,-1.358140,0.532707,88.364513,2.486288,131.226976,4.337136,6.208903,264.184994,39.439153,24.310915,19.184228,0.455640,3.602666,1.177034,0.110694,0.012253,1.182228,1.401969,0.997581,0.404388,0.287523,-1.159876,0.096299,349.415468,-23.661416,293.103492,5.231884,7.118245,51.420173,6.335596,5.929116,6.475094,0.453357,3.652839,7.000000
-2.357677,1.118655,1.251388,2.609603,0.600190,-4.814900,5.415090,0.246989,0.133033,0.859920,1702.506908,2.745012,592.900308,4.388469,5.360918,727.552640,131.835032,61.618193,35.385455,0.386359,3.807556,-9.745429,1.956910,3.829499,9.939964,-6.329900,-15.881000,9.551100,-1.018049,0.879315,1.463519,24700.722207,2.031461,2424.834250,5.393025,5.221178,1145.553803,449.493179,169.356277,81.316809,0.457093,4.034873,-0.471422,0.825372,0.681238,0.950514,1.486800,-2.189100,3.675900,0.205067,-0.738600,0.693967,225.869112,3.064515,199.281985,5.078871,5.405565,509.623608,172.161410,75.595783,33.158646,0.438170,4.014031,10.122590,2.012355,4.049575,10.320678,16.175040,6.508739,9.666302,0.866450,0.640737,1.524785,26629.098228,2.082112,2518.503365,5.168412,5.027475,1176.413430,446.456261,167.379077,73.683665,0.424645,3.983203,-9.897539,25.805880,665.943429,27.638826,51.022000,-66.238000,117.260000,0.126493,-0.211337,19.643084,190976.176928,0.391246,5465.757520,3.173644,3.896065,17596.136424,2645.058657,906.767712,339.457081,0.224744,3.569748,-38.534380,43.897683,1927.006592,58.411515,75.027000,-134.860000,209.887000,0.448814,0.019049,34.413386,852976.259175,0.244469,12468.166991,2.699313,3.643282,27375.510081,2863.600832,844.826350,437.952254,0.191045,3.389230,-0.965323,53.900087,2905.219391,53.908731,133.780000,-103.620000,237.400000,0.362773,-0.298284,42.942311,726537.809739,0.224823,10704.389060,3.468468,4.793931,32784.056795,2339.827147,1523.413550,1152.028910,0.294049,3.442693,76.157595,35.804772,1281.981729,84.154388,184.072629,11.902596,172.170034,0.643047,-0.162334,29.653706,1770490.245842,0.285282,18945.636007,3.890999,4.619669,24768.492918,4100.737295,1156.642205,1012.691881,0.321040,3.739175,-0.098949,0.448105,0.200798,0.458900,0.687370,-1.053800,1.741170,-0.683561,-0.670655,0.372004,52.647225,1.692388,86.326197,5.251433,6.576493,245.560445,48.581330,30.239384,24.135422,0.551140,3.964254,-0.777500,0.105715,0.011176,0.784654,-0.605160,-0.984130,0.378970,-0.065535,-1.443303,0.096466,153.920574,-28.888446,193.703440,5.683905,7.241045,55.402255,6.949254,6.028667,7.388096,0.453740,3.799164,0.585176,0.246610,0.060817,0.635017,0.971490,-0.076754,1.048244,-0.894357,0.143800,0.191908,100.811754,-1.825278,146.780718,2.296120,4.855444,96.604866,4.286535,2.748619,2.580069,0.189951,2.665102,1.100536,0.135425,0.018340,1.108836,1.401969,0.915968,0.486001,0.431921,-0.963268,0.116772,307.379553,-17.812181,274.056519,5.037834,6.975344,49.916551,6.935768,5.167321,5.977559,0.424864,3.471784,7.000000
-2.242349,1.034267,1.069709,2.469380,0.600190,-4.814900,5.415090,-0.187255,0.324759,0.786323,1524.459503,2.619909,562.352155,3.513517,4.493304,648.246129,92.363189,46.528527,14.655419,0.276665,3.585260,-9.630872,1.696670,2.878689,9.779182,-6.329900,-15.768000,9.438100,-0.966790,1.505399,1.252095,23908.097985,1.951267,2396.390650,5.616112,5.523738,1098.458554,476.272219,144.079035,83.562817,0.499737,4.140497,-0.427822,0.988732,0.977591,1.077322,1.168500,-2.718200,3.886700,-0.560015,-0.637545,0.825151,290.155719,3.156826,208.544090,4.397941,5.224794,596.863169,147.151946,61.631140,27.955664,0.387216,3.843232,9.989803,1.759173,3.094689,10.143513,16.175040,6.508739,9.666302,0.874840,1.385730,1.310239,25722.713208,1.962502,2485.782307,5.618726,5.524245,1114.325161,483.369374,146.698480,84.259058,0.499561,4.125680,-7.802380,27.737966,769.394735,28.814439,68.412000,-60.826000,129.238000,0.346432,-0.283001,21.874694,207567.967090,0.359540,5735.062070,2.932493,3.659515,18643.109105,2133.338567,616.631682,301.026846,0.204048,3.483487,-33.641231,49.811758,2481.211275,60.107767,75.027000,-149.020000,224.047000,-0.125037,-0.531323,41.497646,903235.926546,0.234591,11729.776541,2.564851,3.626012,27671.608086,2511.056199,735.471333,403.565649,0.182290,3.248745,-0.390272,49.481120,2448.381205,49.482659,133.780000,-103.620000,237.400000,0.378113,-0.222001,39.722763,612133.379310,0.222402,9917.872480,3.022590,4.035787,28761.492764,1852.103818,776.111193,703.574932,0.207582,3.240288,71.795605,41.679013,1737.140146,83.016559,172.747705,1.628450,171.119255,0.343534,-0.909528,35.790766,1722937.272945,0.293684,17923.737858,3.046262,3.883577,24692.521515,3687.931020,819.513782,467.924353,0.221387,3.469845,0.071255,0.348735,0.121616,0.355940,0.782610,-0.472050,1.254660,0.040174,-1.053058,0.288347,31.673355,-0.594510,76.162562,4.133900,6.078781,162.103798,20.905320,12.854202,11.870874,0.424211,3.549508,-0.715008,0.069765,0.004867,0.718404,-0.605160,-0.924600,0.319440,-0.902654,0.068180,0.055763,129.025941,-43.731440,177.979220,6.420727,7.270861,40.715512,8.160071,5.370317,7.555477,0.518584,4.043372,-0.064702,0.681787,0.464834,0.684850,0.837720,-0.971490,1.809210,-0.047317,-1.747930,0.645018,117.255018,1.146262,160.317948,4.625347,6.381925,276.441333,45.051134,28.254029,22.600431,0.485937,3.630551,1.050972,0.085298,0.007276,1.054427,1.292741,0.915968,0.376773,0.300819,-0.600081,0.070398,277.954314,-32.044582,261.567387,6.623374,7.555864,35.327893,7.102635,5.961299,6.617594,0.576059,3.939334,7.000000
-2.244700,0.693278,0.480635,2.349322,-0.904660,-4.559200,3.654540,-1.041899,1.301800,0.514405,1379.828506,2.524796,557.781770,4.920228,5.687799,467.587879,109.488771,46.742536,33.379277,0.450307,3.982315,-9.671404,1.940113,3.764040,9.864081,-6.207000,-17.195000,10.988000,-1.176816,1.262463,1.492775,24325.021993,1.771228,2407.978200,5.496027,5.106290,1168.568176,449.854891,241.967063,96.578877,0.415468,4.050646,-0.528003,0.936087,0.876259,1.074731,1.012600,-2.802600,3.815200,-0.572731,-0.435498,0.758744,288.761486,3.179560,206.628345,4.575583,5.349336,588.617212,150.565631,70.421244,32.263159,0.412169,3.916300,10.012498,1.929853,3.724333,10.196786,17.341983,6.445978,10.896005,1.191006,1.341051,1.477715,25993.611985,1.760227,2492.608687,5.500066,5.119364,1167.304811,456.389802,241.965984,96.607522,0.416528,4.062529,-7.553912,22.545517,508.300340,23.777341,68.412000,-67.643000,136.055000,0.156445,1.080663,16.654246,141340.481118,0.327263,4368.637130,3.531732,4.173806,15982.077514,2370.846288,954.648373,448.181275,0.273238,3.684341,-35.530868,48.602768,2362.229075,60.205246,35.835000,-149.020000,184.855000,-0.647887,-0.737441,40.819660,906167.910374,0.272432,10749.627730,2.954391,4.460546,24009.307841,2979.468368,712.056456,653.988100,0.240056,3.295399,2.730607,39.580088,1566.583342,39.674167,104.010000,-85.068000,189.078000,0.668189,0.147540,31.516888,393509.888988,0.263700,7733.582510,3.068250,3.994737,24430.299280,2124.428572,706.294707,559.554288,0.226304,3.352578,61.450141,44.586469,1987.953233,75.921493,172.747705,1.628450,171.119255,0.855430,-0.539618,37.818593,1441018.280480,0.285586,15230.688582,2.860610,3.889792,23437.273606,3409.222757,710.165010,403.083995,0.198399,3.321176,-0.323569,0.412590,0.170231,0.524336,0.782610,-1.231900,2.014510,0.844777,1.247981,0.273289,68.731966,0.092258,117.766046,5.370325,6.531571,266.352387,53.349696,33.192567,26.004421,0.563375,4.071206,-0.674587,0.079453,0.006313,0.679250,-0.432540,-0.924600,0.492060,-0.341537,1.593405,0.056823,115.345201,-24.559891,168.017855,6.619763,7.534593,46.289115,8.228885,5.865153,8.119095,0.559847,4.074493,-0.680702,0.266997,0.071287,0.731192,0.245610,-0.971490,1.217100,1.361443,1.176444,0.213737,133.660530,-2.503911,171.814675,2.819949,5.131304,113.312293,8.341375,4.844259,4.663823,0.266004,3.049585,1.124996,0.073034,0.005334,1.127365,1.338931,0.985632,0.353299,0.524097,-0.168654,0.057618,317.737697,-36.129332,280.093772,6.710895,7.295468,45.793655,10.234182,8.251820,7.090597,0.620939,4.228287,7.000000
-2.438633,0.850195,0.722831,2.582588,-0.305430,-4.799000,4.493570,-0.327506,-0.278834,0.681642,1667.440268,2.628187,607.747660,4.386541,5.129179,528.244104,127.223808,66.554621,22.328089,0.369561,3.853755,-9.610179,2.051150,4.207218,9.826635,-6.207000,-17.195000,10.988000,-1.171949,0.960466,1.583141,24140.690448,1.803813,2394.737350,5.540788,5.162611,1138.778289,414.094579,235.909407,99.629141,0.421339,4.025610,-0.865626,1.183225,1.400022,1.466060,0.981160,-4.646400,5.627560,-0.915469,0.366922,0.915579,537.332734,2.535172,267.919002,4.150358,5.240030,661.249368,129.516159,91.926894,33.920471,0.359897,3.720410,10.053891,2.073915,4.301123,10.265566,17.341983,6.445978,10.896005,1.048118,0.753763,1.608907,26345.463450,1.857728,2505.385683,5.522434,5.144430,1149.150384,418.691740,236.669853,99.657911,0.419108,4.024710,-8.563865,29.283164,857.503722,30.509728,89.600000,-78.176000,167.776000,0.555866,1.379613,21.177328,232710.874991,0.280194,5719.152668,3.258753,4.591725,17312.230616,2193.855988,1204.448337,531.146679,0.276910,3.490875,-36.090647,69.992433,4898.940704,78.749448,99.100000,-227.800000,326.900000,-0.539171,-0.067152,56.115088,1550368.884921,0.170660,15135.702090,2.951671,4.643604,40084.601442,3857.083569,1674.184407,1224.198582,0.268018,3.383172,-0.688727,43.144336,1861.433692,43.149832,103.870000,-81.014000,184.884000,0.599524,-0.197716,34.535413,465477.009278,0.273485,8644.079370,2.572707,3.267987,28744.597233,1956.911430,662.541877,387.034735,0.156577,3.288224,80.487174,50.160163,2516.041956,94.837899,242.465124,14.925781,227.539343,1.060718,0.785325,40.442598,2248556.769190,0.224926,20073.887453,3.457104,4.499993,31191.310575,4666.998712,1500.490785,897.212823,0.286760,3.601009,-0.385590,0.412716,0.170335,0.564813,0.445130,-1.231900,1.677030,-0.103964,-0.663771,0.332159,79.753509,1.869360,113.378789,3.105385,5.430132,167.243070,14.364185,10.065911,6.684818,0.297792,3.076772,-0.786825,0.196341,0.038550,0.810953,-0.432540,-1.252000,0.819460,-0.753187,-0.433837,0.158603,164.411028,-5.518316,195.998035,4.424052,6.817631,84.538460,7.836716,5.743654,8.549908,0.361936,3.378589,-0.052535,0.644339,0.415173,0.646478,0.839910,-0.964910,1.804820,-0.105116,-1.663331,0.609933,104.483316,1.259513,150.888187,4.647469,6.363991,288.111813,47.569493,29.291354,23.381864,0.489190,3.696679,1.175413,0.113998,0.012995,1.180928,1.460293,1.011095,0.449197,0.808475,-0.338037,0.092238,348.647853,-22.557645,292.715562,5.518717,7.211115,50.115939,6.819407,5.838997,5.976290,0.479531,3.709118,7.000000
-2.538911,1.039530,1.080622,2.743482,-0.305430,-5.316900,5.011470,-0.608665,0.232598,0.793986,1881.673237,2.654531,632.417950,4.384586,5.300306,596.876728,118.917965,69.011869,21.403081,0.381618,3.763668,-9.610288,1.673342,2.800075,9.754882,-6.537800,-15.273000,8.735200,-0.932334,0.994917,1.246755,23789.429545,2.071809,2391.702100,4.890325,5.082303,1021.448706,264.412211,136.392533,56.722760,0.397434,3.896465,-0.980107,1.262231,1.593226,1.598073,1.233300,-4.646400,5.879700,-0.492088,-0.410906,1.028283,638.459142,2.635611,310.407808,3.959142,5.284559,631.354559,98.783997,82.310033,27.157580,0.351403,3.574713,10.118978,1.686573,2.844527,10.258569,15.574602,7.091343,8.483259,0.678230,0.754014,1.254310,26309.561925,2.143528,2518.603697,4.783202,5.056663,1028.011931,263.334040,134.107557,53.464624,0.394803,3.887915,-13.174670,36.719253,1348.303559,39.011223,89.600000,-83.791000,173.391000,0.547565,0.200219,27.748167,380468.871373,0.281499,7860.424810,2.419328,3.613604,22145.957555,1596.866438,845.429668,237.282318,0.169593,3.248524,-45.010950,71.150830,5062.440673,84.192792,99.100000,-227.800000,326.900000,-0.150513,-0.334170,58.270907,1772106.563414,0.170476,17177.817250,2.458178,3.614438,39757.052836,3853.257797,1102.776222,479.765893,0.176483,3.230071,-3.590584,52.007919,2704.823593,52.131717,134.830000,-108.950000,243.780000,0.528549,0.043418,40.190578,679428.972211,0.216984,10145.382020,3.125738,4.351918,32271.376543,2341.660537,1112.252062,865.398059,0.252570,3.414009,97.466411,42.758815,1828.316285,106.433160,242.465124,21.790797,220.674328,0.928865,1.196900,33.737511,2832004.406998,0.228724,24243.035952,3.408119,3.989529,29851.937085,4944.978650,1250.515560,576.546841,0.249018,3.651072,0.063330,0.442608,0.195902,0.447115,0.610770,-1.149100,1.759870,-1.351756,1.003731,0.322262,49.978059,0.774635,84.287730,4.811671,6.356412,232.656386,40.563279,24.640672,20.592922,0.501750,3.815065,-0.831484,0.168786,0.028489,0.848443,-0.563490,-1.252000,0.688510,-0.799991,-0.211145,0.132758,179.963677,-8.196383,207.204375,4.796708,6.962531,69.735923,7.864226,6.925860,7.404006,0.385045,3.428573,0.456860,0.313672,0.098390,0.554176,0.839910,-0.763160,1.603070,-1.920359,4.148128,0.210236,76.777740,-0.939473,130.594340,4.927986,6.446082,174.831737,30.306369,18.779108,14.580609,0.515068,3.887126,1.097274,0.151223,0.022868,1.107645,1.460293,0.924837,0.535455,0.907709,-0.354192,0.123103,306.719476,-17.851941,273.112196,4.809567,6.892987,59.046156,7.582268,5.567765,5.831048,0.422563,3.450062,7.000000
-2.438595,0.951191,0.904765,2.617539,0.099883,-5.316900,5.416783,-0.826494,1.328494,0.692701,1712.878159,2.307378,607.860683,4.307400,5.342439,619.803158,105.951046,63.250674,24.896973,0.367563,3.814364,-9.545170,1.909631,3.646692,9.734319,-6.537800,-18.190000,11.652200,-1.415435,2.665890,1.404316,23689.240462,1.641797,2378.303300,5.323046,4.856203,1190.666431,471.031863,213.676721,70.107090,0.411208,4.048437,-0.683601,1.001599,1.003200,1.212646,2.708500,-2.593000,5.301500,0.303104,-0.282120,0.841844,367.627702,2.512166,249.549156,4.679852,5.186456,662.182852,203.979348,74.813994,37.808077,0.409757,3.981709,9.973253,1.900844,3.613209,10.152782,18.382724,7.154373,11.228351,1.272858,2.314341,1.412947,25769.746323,1.679276,2485.016901,5.274362,4.877479,1207.289562,467.655352,213.071314,70.344159,0.409420,4.051335,-8.704668,33.614059,1129.904974,34.722849,91.106000,-83.791000,174.897000,0.243175,0.074440,26.107548,301419.055549,0.278156,6980.195323,3.730732,4.782084,23192.598325,3667.497186,1423.204045,922.616760,0.328566,3.746259,-34.217397,51.560204,2658.454596,61.881215,76.796000,-131.960000,208.756000,0.049410,-1.053584,44.731314,957321.205716,0.252400,12641.545237,3.932903,5.299200,30954.941678,4252.160678,1977.026375,1474.735944,0.354120,3.687049,-1.483384,46.258035,2139.805775,46.281813,134.830000,-108.950000,243.780000,0.561797,0.909521,33.955687,535501.550459,0.210449,8527.350620,3.216801,4.478767,28435.389180,2038.508876,1034.502668,795.173040,0.244560,3.388598,77.317264,34.626694,1199.007922,84.716983,154.567272,12.503661,142.063612,0.326521,-0.774897,28.981237,1794241.811724,0.341167,19274.778752,4.529055,5.080728,20557.440710,5457.634283,1764.049911,976.039595,0.368360,3.838200,-0.077673,0.507586,0.257644,0.513495,0.610770,-0.991720,1.602490,-0.487455,-1.237869,0.451661,65.919276,1.475637,107.800273,3.380744,5.641529,191.675707,20.000032,12.154824,10.065465,0.340779,3.157959,-0.654008,0.122800,0.015080,0.665437,-0.398810,-0.902780,0.503970,0.209102,-0.759539,0.102669,110.701635,-15.536364,162.823465,5.561361,7.394253,56.255865,5.919359,6.137251,7.170530,0.423075,3.656570,-0.224360,0.652531,0.425796,0.690024,0.688600,-0.907890,1.596490,0.305645,-1.756984,0.626472,119.033339,-1.207051,163.945215,4.407125,6.274759,256.020890,39.382213,24.226942,19.408085,0.462526,3.550330,1.080414,0.123785,0.015323,1.087482,1.355093,0.924837,0.430256,0.700616,-0.609857,0.103404,295.654250,-26.190856,269.053251,5.031775,7.176338,42.190355,5.951359,4.407361,4.994760,0.394751,3.341925,7.000000
-2.308890,1.004846,1.009715,2.518072,1.046600,-8.820200,9.866800,-1.453753,9.741676,0.685906,1585.171711,1.354047,578.676509,6.029312,4.885829,638.981941,385.722562,148.566453,48.461456,0.468924,4.220058,-9.864638,1.393344,1.941407,9.962555,-6.073900,-14.274000,8.200100,-0.797017,1.167154,1.053016,24813.124387,2.046335,2455.722600,5.800253,5.222710,958.770480,435.658198,143.680370,81.121300,0.480108,4.182952,-0.638116,1.291170,1.667120,1.440247,3.254100,-3.890900,7.145000,-0.103818,0.109759,1.038520,518.577894,2.282826,282.553848,5.058086,5.958254,852.894777,218.264422,81.206806,51.328949,0.446896,4.002668,10.281463,1.399649,1.959016,10.376295,15.332183,6.677529,8.654654,0.898794,1.670006,1.041164,26916.873992,1.930017,2559.505191,5.857573,5.310985,943.126449,432.907463,161.602095,81.133634,0.484679,4.178951,-9.796841,35.473150,1258.344364,36.801120,109.430000,-79.326000,188.756000,0.438685,0.139399,28.461590,338580.615196,0.261699,7477.943590,4.647702,5.326879,24357.586621,4936.551831,2024.017986,1394.466235,0.396510,3.909014,-35.585379,70.273223,4938.325904,78.769570,211.870000,-179.620000,391.490000,0.400157,0.569655,55.516102,1551161.283807,0.143484,15463.354736,3.374955,4.164025,44889.110753,7921.468660,1311.285536,988.010288,0.242101,3.575064,-1.186728,73.194073,5357.372261,73.203692,188.380000,-188.080000,376.460000,-0.241591,-0.092893,58.426689,1339695.146041,0.150505,14496.900470,4.421505,5.316611,45941.969719,5671.882713,3386.342185,2417.666703,0.384180,3.718632,103.584015,46.777131,2188.099940,113.656272,290.339851,4.610647,285.729204,0.787362,1.764560,35.278947,3229437.045044,0.181947,25781.898814,4.441783,4.566740,34138.706970,7685.568259,2557.573321,1384.801900,0.344783,3.882378,0.048348,0.356545,0.127125,0.359809,0.482400,-0.906830,1.389230,-1.371023,0.966947,0.262539,32.365540,-0.472287,70.603520,4.056760,5.964395,188.365062,23.386450,14.951753,11.637378,0.414004,3.607986,-0.686952,0.110850,0.012288,0.695839,-0.341270,-1.045600,0.704330,-0.263956,2.185264,0.077414,121.047811,-13.362758,171.057545,5.863141,7.294193,63.035196,8.600020,7.174524,7.015033,0.465577,3.875397,-0.248834,0.221997,0.049283,0.333468,0.151320,-0.644740,0.796060,-0.094659,-1.355949,0.202353,27.800165,-4.524066,66.330096,4.189453,6.111969,96.559619,12.327055,7.770621,6.600650,0.416816,3.529475,0.841780,0.127520,0.016261,0.851384,1.232931,0.725107,0.507824,1.567552,1.179506,0.098592,181.213516,-26.848519,209.545104,5.708366,7.489242,56.516117,8.148980,6.567982,7.049962,0.473584,3.713448,5.000000
-2.304489,0.625872,0.391716,2.387967,-0.640850,-4.107800,3.466950,-0.077680,-0.242490,0.515711,1425.596647,2.632952,574.248140,5.457245,5.439287,412.287818,140.758736,64.304786,30.590958,0.468093,4.106292,-9.769726,1.308109,1.711150,9.856911,-6.230600,-14.274000,8.043400,-0.847857,1.193852,0.998103,24289.674023,1.997849,2432.850750,5.611263,4.702638,869.815885,364.263335,134.339703,57.479218,0.432532,4.085897,-0.873157,1.179371,1.390915,1.467419,2.743400,-3.890900,6.634300,0.047916,0.307610,0.918698,538.329757,2.301818,297.613118,3.945885,4.588622,690.581761,169.240482,48.541025,23.576995,0.308071,3.697949,10.169976,1.259364,1.585999,10.247653,14.719605,6.871393,7.848212,0.816852,1.172176,0.962960,26253.600427,2.027753,2532.634776,5.642986,4.764925,845.293040,349.595014,139.398909,56.437646,0.440704,4.112409,-9.863553,29.185033,851.766144,30.806750,75.778000,-79.326000,155.104000,0.132889,0.317571,22.282429,237263.957157,0.306406,6098.094560,4.322213,5.052127,19790.398767,3638.152758,1311.686822,1050.686424,0.362761,3.818585,-41.191040,63.648157,4051.087916,75.814179,121.250000,-156.230000,277.480000,0.214786,-0.614877,52.227928,1436947.427091,0.197135,15688.617630,2.907996,4.204547,34439.323965,3294.928661,1163.407823,703.924602,0.220312,3.299801,3.541671,50.618305,2562.212836,50.742056,99.705000,-135.670000,235.375000,-0.523827,-0.230984,41.004609,643689.067480,0.224301,10249.824760,2.991521,3.839906,33529.018413,2031.063657,807.179153,618.499411,0.191717,3.340377,88.226139,38.571365,1487.750216,96.289157,171.424724,12.334061,159.090663,-0.040225,-0.924235,32.481979,2317900.451727,0.312865,21951.309653,3.683361,4.134140,28584.773245,5401.941217,1290.755413,803.032637,0.271014,3.753331,-0.410427,0.376074,0.141432,0.556670,0.285710,-0.906830,1.192540,0.550754,-1.285109,0.338062,77.470386,-0.452321,120.772241,4.633430,6.413592,157.025243,25.364711,15.424246,12.816278,0.460005,3.579827,-0.622952,0.120695,0.014567,0.634537,-0.341270,-1.045600,0.704330,-1.232852,2.429963,0.085624,100.659243,-12.492391,155.103200,5.407801,7.208175,68.069225,7.648835,6.581930,7.401064,0.425924,3.759853,-0.185044,0.332589,0.110615,0.380600,0.453950,-0.644740,1.098690,0.508099,-1.148821,0.297872,36.214167,-0.828825,84.625064,4.044512,6.092345,134.829095,17.416598,10.393154,8.814821,0.415365,3.431900,0.918687,0.115716,0.013390,0.925946,1.232931,0.737210,0.495721,0.540486,-0.407125,0.098353,214.343795,-19.106877,228.819776,5.710222,7.462408,50.103795,7.105597,6.271419,7.068561,0.458860,3.689353,5.000000
-2.408822,0.747856,0.559289,2.522243,0.340610,-4.345200,4.685810,0.135881,0.751112,0.581225,1590.427795,2.217214,600.087179,4.727945,5.101170,503.745063,148.304233,57.560419,25.433803,0.407180,3.978794,-9.748023,1.251243,1.565609,9.827999,-6.230600,-13.873000,7.642400,-0.604333,0.475319,0.981253,24147.391238,2.075789,2427.447950,5.938265,5.450128,845.777165,289.125160,119.360709,73.588888,0.476809,4.119013,-0.728343,1.082149,1.171047,1.304427,3.376600,-3.198800,6.575400,0.378347,0.987899,0.812123,425.382721,2.123500,261.212794,5.445994,6.231022,712.785570,181.973766,77.015863,54.331087,0.467936,4.039424,10.153432,1.249252,1.560632,10.229995,14.235456,6.871393,7.364063,0.586322,0.317249,0.977975,26163.201754,2.161120,2528.356306,5.999992,5.612552,840.585629,274.099798,115.506990,72.696398,0.486232,4.115293,-9.438009,25.692737,660.116744,27.371386,75.778000,-71.714000,147.492000,0.370859,0.740240,19.829659,187298.188162,0.311831,5523.616851,4.804244,5.322350,18244.373497,3646.680380,1720.090976,1068.686887,0.410780,3.949648,-32.035374,63.642286,4050.340575,71.250304,121.250000,-160.380000,281.630000,0.016703,-0.799441,52.890815,1269151.445740,0.193506,14714.720745,3.347819,4.931638,35544.073671,4529.254061,1679.358008,1008.838805,0.273892,3.460047,-0.910930,52.196046,2724.427209,52.203994,109.410000,-125.150000,234.560000,-0.245202,-0.292323,41.086407,681314.250436,0.226198,10238.617480,3.167758,4.343895,33257.821717,2421.738410,1205.708313,907.831001,0.255667,3.411451,84.326481,37.948650,1440.100067,92.471918,171.424724,12.334061,159.090663,0.007104,-0.918985,32.255388,2137763.884338,0.312229,21031.023537,4.432805,5.240336,27220.082599,5147.423767,1964.803239,1342.413051,0.380265,3.892691,-0.373201,0.382730,0.146482,0.534566,0.440990,-0.877850,1.318840,0.787599,-0.751633,0.327006,71.440328,0.394141,119.720448,4.761566,6.358318,189.292453,32.182904,19.554145,16.030338,0.495330,3.779666,-0.629294,0.088734,0.007874,0.635519,-0.454370,-0.811510,0.357140,0.049467,-1.107910,0.076891,100.971136,-30.965686,156.734170,5.710299,7.187951,43.656789,6.193014,5.643092,6.447547,0.467406,3.785038,0.125623,0.267097,0.071341,0.295164,0.513160,-0.438600,0.951760,-0.491232,-0.953391,0.230784,21.780511,-1.493008,64.790619,3.010126,5.370540,119.043379,9.529457,6.094118,4.710295,0.289600,3.108863,0.877532,0.081890,0.006706,0.881344,1.047453,0.707937,0.339516,-0.008260,-0.389931,0.062419,194.191974,-39.118990,218.516086,6.150533,7.181893,42.867623,9.682924,6.567160,6.141682,0.529465,4.010487,5.000000
-2.270927,0.789572,0.623424,2.404274,0.340610,-4.345200,4.685810,0.037763,0.179727,0.643268,1445.133287,2.345707,566.793699,4.279572,4.906078,512.009310,148.901377,39.434104,19.490609,0.355013,3.873207,-9.748938,1.189024,1.413779,9.821180,-6.551400,-13.612000,7.060600,-0.687525,0.467367,0.938259,24113.894762,2.180262,2427.504500,5.885136,5.603245,858.086716,240.388500,111.843492,76.696140,0.483301,4.138328,-0.538486,1.069387,1.143589,1.197312,3.376600,-3.198800,6.575400,0.191200,1.491640,0.760385,358.389080,2.035735,221.939816,5.347843,6.255973,695.480373,171.456168,73.934851,52.375953,0.476961,4.026033,10.110820,1.200416,1.440997,10.181830,13.970802,7.437236,6.533566,0.667798,0.398537,0.939978,25917.417129,2.366254,2517.806364,5.804715,5.728012,885.941139,232.246516,105.410430,75.322031,0.484619,4.138352,-8.554207,24.021829,577.048253,25.499465,67.549000,-71.714000,139.263000,0.001848,0.665442,18.240193,162555.678917,0.327788,4872.933601,4.245103,4.979605,17646.784023,2872.683834,1335.382427,660.741187,0.347707,3.841912,-29.607589,61.291454,3756.642277,68.067993,92.449000,-160.380000,252.829000,-0.055406,-0.951106,51.757547,1158312.901474,0.215078,14061.786860,3.976961,5.578752,34689.103625,4742.030096,2339.237789,1805.720611,0.371690,3.656223,1.394554,53.108898,2820.555075,53.127204,109.410000,-125.150000,234.560000,-0.336719,-0.556575,42.770531,705624.964238,0.225567,10632.394430,4.811171,5.901797,33317.461412,5340.482427,3081.755686,2365.823374,0.469180,3.866103,83.074655,34.707001,1204.575888,90.033184,161.239682,6.984102,154.255580,-0.197470,-0.696215,29.042248,2026493.544629,0.317221,20665.611293,3.584229,4.274202,25454.255519,3802.662782,1113.281261,900.044491,0.272290,3.715290,0.063304,0.303750,0.092264,0.310276,0.443060,-0.614910,1.057970,-0.835226,-0.391765,0.244173,24.067859,-1.373488,64.394347,4.315253,6.196620,144.844878,20.425798,13.161452,10.941948,0.431082,3.574840,-0.696619,0.067321,0.004532,0.699864,-0.454370,-0.811510,0.357140,1.513104,2.716434,0.048679,122.452495,-41.925053,173.525760,7.078759,7.619292,39.452944,7.948572,7.286877,7.344819,0.583905,4.146536,0.028237,0.237448,0.056381,0.239121,0.513160,-0.260960,0.774120,0.717925,-1.131606,0.212461,14.294682,-8.359037,50.501127,4.729423,6.347204,117.398196,19.979396,12.139256,9.176831,0.486834,3.759044,0.799984,0.057319,0.003286,0.802035,0.935003,0.707937,0.227066,0.551800,-0.837931,0.049366,160.815036,-72.222189,199.153249,7.464392,7.727129,28.050548,5.868918,6.273415,6.652612,0.584318,4.138198,5.000000
-2.386936,0.762286,0.581079,2.505702,-0.832990,-4.710500,3.877510,-0.162469,-0.378448,0.627764,1569.636250,2.796656,593.730420,4.037088,4.843701,468.500302,126.994490,38.593918,15.360583,0.321799,3.758608,-9.757520,1.147077,1.315786,9.824713,-6.561700,-13.753000,7.191300,-0.634670,1.220641,0.868402,24131.245595,2.119937,2429.793850,5.822600,5.209666,766.930761,260.099863,112.410983,71.858814,0.460392,4.084546,-0.567845,0.946675,0.896194,1.103921,2.348700,-2.736800,5.085500,0.084789,0.262022,0.729902,304.660454,2.582468,214.570926,4.227843,5.304869,610.881584,119.185015,50.761729,22.883214,0.371642,3.816345,10.133477,1.155344,1.334819,10.199126,14.097059,7.371284,6.725775,0.671453,0.920405,0.887806,26005.542299,2.264052,2523.299807,5.691164,5.228235,792.212260,250.720891,110.857670,70.848920,0.455818,4.086902,-8.999202,18.796463,353.307006,20.839689,49.045000,-54.151000,103.196000,0.387961,0.516979,14.306455,108573.160151,0.415108,4097.249822,4.036268,4.657019,13703.574625,2687.765181,551.160822,473.274977,0.309410,3.800888,-35.366490,69.671196,4854.075490,78.133630,92.449000,-165.080000,257.529000,-0.199863,-1.023076,58.376694,1526216.017809,0.213656,15824.699680,2.463610,4.052283,36854.816667,2992.438530,1015.364780,774.477404,0.205363,3.149562,1.279363,51.179196,2619.310086,51.195184,106.230000,-121.230000,227.460000,-0.361068,-0.444836,41.398130,655236.713888,0.232316,10354.047928,2.966239,4.136104,31352.551285,2030.286675,1032.360886,733.646986,0.223574,3.281065,86.393789,41.185153,1696.216850,95.708430,173.214268,6.984102,166.230167,0.197897,-0.919035,35.258510,2290025.891848,0.303296,21558.681741,3.438914,4.504227,27947.661585,3365.404657,1261.322195,819.305138,0.281839,3.609043,-0.001217,0.373959,0.139845,0.373961,0.459630,-0.772260,1.231890,-0.633342,-1.011985,0.318799,34.961669,-0.742030,79.168719,4.367098,6.218194,180.036138,26.186132,16.527983,13.217531,0.448455,3.647990,-0.651699,0.081512,0.006644,0.656776,-0.406750,-0.799600,0.392850,0.620633,0.044779,0.066901,107.838789,-29.555911,162.297655,6.846774,7.810705,39.553034,5.320834,7.738145,6.922113,0.544367,3.957169,-0.223535,0.138666,0.019228,0.263052,0.019737,-0.570180,0.589917,-0.687656,-0.224655,0.110683,17.299041,-12.607970,55.760993,3.671883,5.884974,65.538977,5.747906,3.933513,3.616880,0.337418,3.359025,0.798813,0.047923,0.002297,0.800249,0.947729,0.721968,0.225761,0.786892,-0.317163,0.039812,160.099499,-81.678001,198.897481,8.681939,8.080928,21.250514,5.924365,6.511484,6.349337,0.683175,4.253613,5.000000
-2.430951,0.822545,0.676580,2.566341,-0.613420,-5.511400,4.897980,-0.449618,0.633090,0.650608,1646.525989,2.353565,604.996520,4.411107,4.992220,551.575109,153.281707,45.308656,25.290711,0.365470,3.916648,-9.866822,1.229177,1.510876,9.943091,-6.561700,-13.881000,7.319300,-0.455568,0.809729,0.931696,24716.265124,2.185757,2455.355100,5.606767,5.134739,917.955131,290.026524,150.001501,60.175517,0.467823,4.163147,-0.738121,0.862897,0.744591,1.135524,1.421500,-2.736800,4.158300,-0.133851,-0.496932,0.678668,322.353636,2.786487,230.832121,5.123704,5.750098,545.274964,141.802340,71.906169,35.283905,0.460502,3.996987,10.255683,1.249621,1.561552,10.331533,14.617585,7.363684,7.253901,0.525897,0.603413,0.965157,26685.144750,2.184278,2552.138263,5.514802,5.167411,937.076204,298.458315,148.849284,62.464718,0.461561,4.161725,-6.869170,20.290068,411.686849,21.421306,57.265000,-54.151000,111.416000,0.274939,0.162100,15.767332,114718.085572,0.394539,4156.329662,5.094296,5.794312,14626.961481,2990.138361,1485.268213,1133.920630,0.471221,4.026917,-27.039521,74.609145,5566.524513,79.357799,114.230000,-165.080000,279.310000,-0.165602,-0.958522,63.616683,1574415.048616,0.198070,16438.472483,2.825505,4.510707,41712.428771,3635.968976,1328.348390,1110.782646,0.245334,3.327008,-3.344522,59.855966,3582.736647,59.949333,106.230000,-135.180000,241.410000,-0.231012,-0.582536,48.743664,898480.618229,0.223771,12090.152208,3.262104,4.717323,37611.719434,2662.518931,1690.831700,1203.784842,0.273871,3.442305,92.897209,41.479676,1720.563535,101.737186,176.348544,9.248675,167.099869,0.140138,-0.910088,35.084670,2587613.752417,0.302009,23105.556493,3.207210,3.978813,27221.958939,4420.049500,784.495986,605.249089,0.226223,3.540794,-0.433019,0.367110,0.134770,0.567692,0.459630,-0.797100,1.256730,1.308957,0.365399,0.280621,80.568660,-2.166266,133.635596,3.675754,5.848155,173.013123,18.281444,11.961145,10.393634,0.372480,3.389428,-0.552643,0.091066,0.008293,0.560096,-0.297620,-0.722220,0.424600,0.664117,-0.005564,0.072452,78.426915,-24.903627,137.489205,5.766089,7.241488,51.676293,5.765651,6.937818,6.695099,0.466338,3.844673,-0.130746,0.233476,0.054511,0.267592,0.296050,-0.570180,0.866230,0.051568,-1.075225,0.202801,17.901360,-2.497576,55.959437,2.799148,5.335177,90.065240,5.500629,3.927482,3.448135,0.251006,2.860606,0.840136,0.041946,0.001759,0.841182,0.947729,0.744993,0.202736,-0.391220,-0.609767,0.034241,176.896936,-90.430813,209.245431,8.090960,7.856109,21.262626,5.191694,5.661233,6.093577,0.643784,4.235991,5.000000
-2.215011,1.056224,1.115609,2.453952,0.309980,-6.249400,6.559380,-0.506507,0.712083,0.821999,1505.470377,2.195805,549.995291,5.611253,5.947748,646.074805,174.517795,87.677193,55.307554,0.514686,4.058078,-9.883539,1.164416,1.355865,9.951895,-6.789300,-13.881000,7.091700,-0.172914,0.354662,0.896889,24760.051081,2.196975,2459.694700,5.669869,5.114509,802.411213,286.105251,126.271896,47.997855,0.446327,4.114396,-0.248119,0.848429,0.719831,0.883965,2.418700,-2.511000,4.929700,0.651569,0.290561,0.695213,195.348608,2.316834,186.920423,4.321643,5.238366,560.155191,76.968172,53.851080,31.159863,0.382667,3.804670,10.214314,1.229336,1.511267,10.288026,14.617585,7.363684,7.253901,0.362397,0.438466,0.962897,26460.870066,2.156589,2541.426764,5.695594,5.247890,832.671650,301.149590,140.313697,52.211509,0.462181,4.130740,6.967352,22.638167,512.486593,23.686084,65.067000,-39.893000,104.960000,0.407247,0.032001,17.293417,140257.648253,0.422656,4360.986011,4.339535,5.304621,14967.287039,2431.179377,1265.391643,701.826515,0.392570,3.826901,35.047009,66.796978,4461.836273,75.432945,165.400000,-94.661000,260.061000,-0.091240,-0.948653,56.017110,1422532.286337,0.210880,15997.017233,2.489422,3.421133,37342.525950,3519.000739,547.383390,475.316648,0.155540,3.195256,-2.187926,69.863941,4880.970281,69.898192,135.020000,-154.700000,289.720000,-0.252162,-0.927150,59.360130,1221439.325656,0.192147,14726.192590,4.605369,5.700649,39962.091077,5580.297552,3353.513356,2441.641286,0.439296,3.752331,97.053473,41.443219,1717.540410,105.531593,180.399390,9.248675,171.150715,0.082724,-0.702824,33.858263,2784229.260247,0.295657,24149.610897,4.184238,5.025137,30566.230204,5451.529392,1956.220576,1271.171072,0.373726,3.867236,-0.375180,0.359751,0.129421,0.519789,0.480330,-0.797100,1.277430,0.780719,-0.716606,0.311771,67.545152,0.120054,115.160479,4.571963,6.241071,186.013873,29.079471,17.608489,15.177064,0.472789,3.761079,-0.579627,0.102264,0.010458,0.588579,-0.297620,-0.781750,0.484130,0.695296,-0.004049,0.083084,86.606398,-19.890241,144.299635,5.468692,7.138088,53.029848,6.169451,5.936064,7.096287,0.434632,3.727925,-0.116675,0.228831,0.052364,0.256859,0.296050,-0.497810,0.793860,-0.015327,-1.203287,0.198094,16.494198,-3.654656,52.399086,3.070524,5.477577,91.509117,7.585492,4.525180,3.917872,0.290605,3.045093,0.825239,0.039540,0.001563,0.826186,0.902925,0.742120,0.160805,0.023911,-0.940419,0.033394,170.645748,-117.593515,205.501074,8.433379,7.929234,19.689932,5.407806,5.111555,6.702645,0.638728,4.247515,5.000000
-2.271881,1.139238,1.297863,2.541517,0.309980,-6.286300,6.596280,-0.434585,0.195747,0.946687,1614.826973,2.280675,565.858861,4.362515,4.606178,699.351435,176.060576,67.186132,29.514295,0.342867,3.831700,-9.947264,1.355535,1.837476,10.039200,-7.393500,-14.275000,6.881500,-0.484586,0.194263,1.051041,25196.384180,2.392518,2476.639150,5.290564,5.081883,956.631641,247.364430,111.689861,65.286335,0.446105,4.034820,-0.176126,0.984928,0.970083,1.000552,2.418700,-2.688200,5.106900,0.008686,-0.130391,0.789049,250.275849,2.703984,199.215407,3.985185,4.717415,613.579948,117.917272,44.684826,19.490582,0.322218,3.710785,10.306531,1.421747,2.021364,10.404131,14.518934,7.714927,6.804007,0.473449,0.011011,1.121111,27061.487003,2.486190,2565.881913,5.103035,5.073414,1007.063551,242.987361,106.963411,65.622366,0.432140,4.012374,12.598557,27.402503,750.897177,30.159921,86.228000,-49.912000,136.140000,0.001711,-0.635128,22.547698,227405.206856,0.344669,6075.690571,3.643887,4.481255,18454.043311,2959.443365,836.195177,671.464465,0.300048,3.691330,50.999649,66.488738,4420.752328,83.795683,177.270000,-109.760000,287.030000,-0.100604,-0.574149,55.164615,1755429.136558,0.192764,16840.800500,3.033582,4.223053,42694.695510,3658.808099,1354.514704,913.601266,0.235808,3.470850,0.903406,77.711520,6039.080328,77.716771,135.020000,-162.460000,297.480000,-0.171179,-1.056525,66.671212,1509974.117836,0.189866,16667.104570,2.474508,3.449400,40126.520576,1633.935123,777.045138,600.032932,0.149514,2.975127,109.150254,45.359187,2057.455871,118.199974,197.181374,9.155654,188.025720,-0.150209,-0.817278,37.313121,3492808.461251,0.274689,27129.954367,3.919509,4.568218,31209.504833,6013.663634,1659.184760,992.474719,0.298333,3.729818,0.057068,0.303092,0.091865,0.308418,0.575570,-0.604550,1.180120,-0.523637,-0.493498,0.242507,23.780358,0.135081,62.339581,3.130564,5.363367,149.269483,11.357862,8.299621,5.906617,0.285358,3.234512,-0.671500,0.061784,0.003817,0.674336,-0.515870,-0.817460,0.301590,0.228403,-0.337936,0.049816,113.682351,-47.367683,167.249970,7.427537,7.770480,34.490819,6.676590,7.283836,7.561893,0.568274,4.139733,-0.097316,0.257906,0.066515,0.275655,0.515350,-0.497810,1.013160,0.318104,-0.771078,0.209752,18.996403,-2.153561,58.085504,4.245664,6.186912,116.184167,15.856922,10.331652,7.946947,0.432416,3.561272,0.790679,0.025739,0.000662,0.791098,0.874206,0.742120,0.132087,0.638580,0.214512,0.020415,156.459113,-174.025129,196.858894,10.407867,7.831969,11.974579,5.573492,5.808533,6.694870,0.741521,4.494143,5.000000
-2.350178,1.001207,1.002416,2.554555,-0.767200,-6.286300,5.519100,-0.789029,0.492017,0.818284,1631.438054,2.401764,583.041560,5.926093,6.116279,671.217165,189.930263,105.292638,70.772256,0.567185,4.176718,-9.953634,1.378487,1.900226,10.048634,-6.100600,-14.275000,8.174400,-0.360981,0.293167,1.076295,25243.762068,2.110433,2476.534400,4.909752,4.541050,974.990449,270.457742,92.138155,57.160170,0.362977,3.945546,-0.251337,0.992040,0.984144,1.023384,2.984500,-2.688200,5.672700,0.243501,0.171299,0.775789,261.828598,2.438910,203.548136,4.432052,5.349570,624.286644,119.905424,56.914439,31.481495,0.378021,3.808045,10.320257,1.428432,2.040418,10.418643,14.518934,6.951210,7.567724,0.332976,-0.081044,1.141444,27137.028720,2.290847,2567.244778,4.893434,4.700772,1004.157461,274.100217,90.584463,55.987849,0.367853,3.943516,8.467603,28.257111,798.464307,29.498553,86.228000,-54.570000,140.798000,-0.194671,-0.639053,23.379129,217541.152156,0.334784,6231.959810,3.799052,4.706942,19745.855638,3664.577667,930.667619,755.858728,0.315838,3.756600,34.478406,68.066390,4633.033405,76.300681,177.270000,-109.760000,287.030000,0.283814,-0.603840,55.361082,1455448.472733,0.193587,14794.828520,3.193929,4.394438,38366.017078,4781.571390,1443.331993,869.241820,0.245961,3.446037,1.004785,75.374080,5681.251996,75.380777,130.910000,-162.460000,293.370000,-0.093009,-1.088906,64.057501,1420565.397214,0.190933,15934.287090,4.240570,5.506221,44124.066642,5885.097533,2934.580958,2317.180739,0.403396,3.685332,102.102683,44.150450,1949.262221,111.239472,197.181374,9.155654,188.025720,0.066625,-0.782307,36.425606,3093555.022103,0.272585,25432.378214,4.728275,5.437464,30500.776326,8032.549485,2106.563352,1893.424542,0.438240,3.974523,-0.177814,0.426709,0.182080,0.462275,0.575570,-0.790890,1.366460,0.134013,-1.453846,0.392421,53.424495,1.269958,98.975243,4.695411,6.323702,190.934129,30.163951,19.438619,15.929926,0.481581,3.688933,-0.624087,0.108082,0.011682,0.633377,-0.353170,-0.817460,0.464290,0.683523,-0.316110,0.088021,100.291651,-20.107021,155.437485,5.589383,7.224092,54.128632,5.770103,6.891997,7.058399,0.438544,3.729659,0.093930,0.191318,0.036603,0.213132,0.535090,-0.177630,0.712720,0.528527,-0.615556,0.159737,11.356335,-6.999665,42.525221,2.728194,5.214085,74.166248,3.730303,2.484462,2.604805,0.231380,2.881748,0.811766,0.036405,0.001325,0.812582,0.896834,0.748312,0.148522,0.259846,-0.870591,0.030784,165.072481,-134.222279,202.147667,9.051280,7.887831,15.564581,5.292190,5.477484,6.156688,0.683347,4.309491,5.000000
-2.240370,0.948189,0.899063,2.432760,-0.363660,-5.322400,4.958740,-0.491912,0.094106,0.762456,1479.580559,2.686160,556.971300,4.207096,4.919253,598.128164,120.599651,49.723861,23.690581,0.354975,3.774927,-9.887274,1.130662,1.278397,9.951713,-6.100600,-12.707000,6.606400,0.399039,0.298037,0.888313,24759.146138,2.288020,2461.902000,6.035580,5.253747,693.873596,258.440139,122.032769,67.871842,0.461442,4.082336,-0.263333,0.996770,0.993549,1.030967,2.984500,-3.311300,6.295800,0.187787,0.519176,0.772073,265.723401,2.157101,203.456636,4.284104,5.437059,624.536571,92.709852,60.663755,33.981448,0.364728,3.747977,10.230985,1.159630,1.344742,10.296495,13.179331,6.951210,6.228121,-0.222088,-0.254621,0.929514,26504.450098,2.455977,2547.041104,6.130889,5.451356,697.400509,257.346226,127.910092,69.888998,0.476285,4.076604,7.839478,24.281153,589.574380,25.515325,66.536000,-54.570000,121.106000,0.013882,0.142086,18.959523,162757.948643,0.375645,5028.452970,3.069866,4.206993,15210.186988,1673.436651,753.438940,437.471595,0.232104,3.468421,30.681300,67.808366,4597.974440,74.426585,180.490000,-75.515000,256.005000,0.444845,-0.792239,57.342078,1384829.153667,0.213523,14531.237820,2.614717,4.165572,33921.801945,2975.226803,958.913316,516.358744,0.201557,3.162272,-2.049470,62.808327,3944.885914,62.841756,118.240000,-136.220000,254.460000,-0.090046,-1.162075,54.298982,987271.560260,0.213820,13528.783990,2.975512,4.419178,32116.445797,2097.892410,1049.657735,859.078685,0.225855,3.169154,91.694747,41.611392,1731.507938,100.694760,207.221139,11.853070,195.368069,0.623281,0.022840,33.135013,2534858.662570,0.258206,22747.879703,3.003505,3.932552,27846.183323,3196.290612,833.362743,582.297991,0.214625,3.492856,-0.591305,0.123411,0.015230,0.604046,-0.149070,-0.807450,0.658380,0.548681,0.363780,0.099385,91.217947,-11.379100,147.514635,4.907195,6.433380,65.399457,10.610816,6.337070,5.486209,0.467958,3.757079,-0.539214,0.094567,0.008943,0.547444,-0.353170,-0.720240,0.367070,0.292225,-0.948085,0.079656,74.923719,-29.485678,134.172585,6.141042,7.359482,41.836706,6.110679,6.048193,5.646890,0.459026,3.738722,0.087798,0.172153,0.029637,0.193249,0.535090,-0.212720,0.747810,0.455855,-0.251399,0.139047,9.336335,-6.106064,38.116265,5.209461,6.391146,110.247080,21.778537,13.346914,10.096656,0.543115,4.037588,0.837281,0.029547,0.000873,0.837802,0.919576,0.780175,0.139401,0.251018,-0.615369,0.024591,175.478001,-153.209066,208.500082,9.186004,7.804760,13.555313,5.709179,5.011404,5.220475,0.680629,4.342358,5.000000
-2.287975,0.963393,0.928125,2.482530,-0.363660,-4.986300,4.622640,-0.273595,-0.533857,0.800951,1540.739141,2.927243,568.992980,4.168709,5.097306,561.468739,125.494547,35.523999,21.452052,0.351220,3.747071,-9.873827,1.153163,1.329786,9.940938,-6.650700,-13.031000,6.380300,0.103315,-0.124069,0.925993,24705.560328,2.424691,2458.437200,5.560657,4.874890,798.903589,275.761321,112.713119,66.672300,0.443786,4.106040,-0.315619,1.009496,1.019082,1.057685,2.682300,-3.436500,6.118800,-0.376508,0.913862,0.773479,279.674212,2.264350,198.968997,4.098516,5.013659,675.127520,112.631773,50.420554,27.800609,0.365520,3.791520,10.233864,1.171289,1.371917,10.300674,13.554082,7.313881,6.240201,-0.032199,-0.275886,0.940753,26525.973681,2.494451,2547.977843,5.535983,4.904684,798.802452,268.141108,112.490366,65.108496,0.423999,4.069823,7.320238,26.163929,684.551160,27.168678,78.313000,-69.068000,147.381000,0.154835,0.279566,20.601061,184534.260401,0.313620,5317.713400,4.170937,5.325263,18056.932111,2188.193174,1244.426988,963.049759,0.367595,3.777033,38.232118,69.768974,4867.709687,79.557555,180.490000,-75.515000,256.005000,0.411687,-0.946166,59.538882,1582351.138115,0.212434,15361.594740,2.452321,3.852050,36146.137306,3431.176838,853.194096,624.115649,0.196036,3.179914,-2.201043,61.163249,3740.943017,61.202840,123.240000,-113.340000,236.580000,0.020958,-1.153452,53.598510,936446.901778,0.228368,13368.682500,2.589489,3.724446,30713.839410,1926.992984,893.194631,488.128516,0.190259,3.073314,94.818281,42.694529,1822.822846,103.987159,207.221139,7.616356,199.604783,0.509838,-0.145717,34.177229,2703332.300294,0.255297,23660.975785,2.937704,3.880758,28397.080539,3127.728403,668.514860,576.888607,0.204304,3.455422,-0.277864,0.377480,0.142491,0.468721,0.440990,-0.807450,1.248440,0.349793,-1.407912,0.342249,54.924847,0.319742,102.343767,4.770121,6.386244,174.990953,29.364030,18.092704,15.057100,0.491610,3.731333,-0.598754,0.100680,0.010137,0.607160,-0.355160,-0.779760,0.424600,0.790592,-0.217126,0.080898,92.160701,-24.802550,149.080345,5.728265,7.427409,50.428443,6.519524,5.914552,6.806581,0.434492,3.741778,-0.100017,0.234089,0.054797,0.254560,0.315790,-0.491230,0.807020,0.021524,-1.156139,0.199514,16.200233,-3.081869,53.334429,2.529053,4.989112,91.560643,5.037210,3.383671,2.778293,0.222276,2.817392,0.807131,0.041025,0.001683,0.808173,0.919576,0.728364,0.191212,0.360015,-0.380146,0.033002,163.285781,-95.720255,200.986397,8.476787,7.982935,19.685436,6.221610,5.201439,6.472852,0.653721,4.267876,5.000000
-2.490302,0.912626,0.832886,2.652262,-0.943300,-5.257700,4.314400,-0.537525,-0.104545,0.747124,1758.622961,2.869854,620.201220,5.468637,5.994845,555.517391,164.775590,62.675984,46.342577,0.494531,4.037168,-9.848710,1.367681,1.870550,9.943221,-5.528300,-14.001000,8.472700,-0.091131,0.646467,1.043175,24716.911641,2.022925,2450.872100,5.249750,4.538248,923.249317,325.128396,112.951717,57.531526,0.377919,4.006357,-0.495352,1.031750,1.064507,1.144500,2.682300,-3.436500,6.118800,-0.358567,0.508201,0.798213,327.470114,2.273941,209.077275,5.450560,6.023461,723.934855,174.671057,86.143222,59.449781,0.525872,4.109976,10.258633,1.404442,1.972458,10.354324,15.048676,6.373437,8.675239,0.274496,0.782783,1.064542,26803.004716,1.973668,2552.750996,5.169807,4.480389,932.532103,331.523732,113.234305,52.998454,0.365112,3.984063,0.206230,31.201365,973.525167,31.202046,78.313000,-92.564000,170.877000,-0.454973,0.560882,24.745391,243391.924527,0.280423,6113.847630,5.991648,6.343220,20762.436024,5278.602786,2743.530127,2276.432671,0.578242,4.170401,13.673073,74.697317,5579.689237,75.938410,171.270000,-155.390000,326.660000,0.241067,-0.544548,61.683132,1441660.543667,0.172174,15229.158240,4.386281,5.924038,39159.477584,6231.125233,3213.875016,2561.838492,0.435106,3.697381,3.369839,65.982904,4353.743597,66.068899,127.520000,-124.240000,251.760000,-0.101230,-0.954546,55.970427,1091274.852604,0.218313,14012.033950,2.240813,3.273881,32623.983844,1219.236038,498.511284,410.826589,0.127802,2.877073,98.815878,36.616001,1340.731542,105.381731,178.526657,7.616356,170.910301,-0.106257,-0.536965,29.859320,2776327.320799,0.292249,24565.354229,3.762010,4.637712,26026.743044,3892.785236,1200.565512,902.784838,0.316997,3.737849,0.138575,0.222830,0.049653,0.262405,0.474120,-0.449280,0.923400,-0.550019,-0.575914,0.186015,17.214039,-2.522939,57.004158,3.674441,5.811865,115.023550,11.391075,7.256309,6.563726,0.342619,3.383790,-0.683492,0.049038,0.002405,0.685249,-0.561510,-0.815480,0.253970,-0.198798,-0.458503,0.039937,117.391597,-64.238421,170.253030,8.784396,7.921284,24.722640,6.794868,7.612438,7.483137,0.667968,4.303927,-0.207579,0.158099,0.024995,0.260929,0.116230,-0.495610,0.611840,-0.047945,-0.863709,0.135888,17.021044,-10.487196,54.660033,3.982358,6.014439,70.956316,7.692608,5.675066,4.438182,0.394442,3.488597,0.778402,0.024429,0.000597,0.778785,0.882038,0.728364,0.153673,0.601292,0.547668,0.019633,151.626680,-152.382192,193.802789,11.008132,7.700168,10.787238,6.192706,6.685101,6.773768,0.797367,4.580694,5.000000
-2.356756,0.806706,0.650775,2.490999,-0.260640,-5.257700,4.997060,-0.075247,1.045741,0.602916,1551.268395,2.303747,586.515760,4.203154,5.136313,504.890124,118.681104,44.159890,22.494509,0.370198,3.814429,-9.928931,1.286335,1.654657,10.011909,-5.528300,-14.001000,8.472700,-0.165134,1.238584,0.959380,25059.582857,1.918091,2472.337100,5.178614,4.526824,911.537765,329.112721,121.257255,45.715034,0.390019,4.063307,-0.673271,1.028774,1.058377,1.229500,2.386300,-2.890400,5.276700,-0.045715,0.085068,0.818988,377.917462,2.591297,234.960481,4.413991,5.380491,676.030992,147.097072,51.623318,41.321901,0.379034,3.873867,10.307850,1.305107,1.703305,10.390143,15.048676,6.373437,8.675239,0.386073,1.550748,0.949923,26988.768714,1.837472,2566.693490,5.081874,4.419273,929.725150,329.455234,120.307078,45.742879,0.377663,4.046704,-7.166136,30.319433,919.268003,31.154799,63.996000,-93.230000,157.226000,-0.668147,0.641588,23.458812,242655.377163,0.298642,5845.741200,3.852822,4.954709,18608.883851,2878.908529,1010.435173,906.581388,0.314508,3.665789,-33.586496,64.012077,4097.545942,72.288302,110.530000,-160.400000,270.930000,0.076868,-0.686878,52.019277,1306399.663166,0.201909,15242.203210,2.512674,3.687443,30044.950716,3496.829705,716.147829,478.713406,0.179577,3.132814,3.822646,58.104345,3376.114875,58.229954,127.520000,-124.240000,251.760000,-0.132230,-0.401199,46.434001,847681.873841,0.214937,11570.548236,3.220418,4.612658,35218.162680,2456.313230,1474.991646,1077.399768,0.268300,3.381752,91.171257,35.703635,1274.749559,97.912960,161.708379,20.286636,141.421743,-0.063804,-0.926011,29.949647,2396736.914170,0.342960,22728.545162,3.591484,4.334893,24454.704893,4081.140018,1042.057065,681.396814,0.280164,3.680466,-0.080721,0.411986,0.169732,0.419819,0.474120,-0.929610,1.403730,-0.546632,-0.956561,0.347531,44.061986,1.559076,84.243309,5.217499,6.792656,195.858324,34.635484,22.081943,18.415737,0.496076,3.805868,-0.643865,0.097366,0.009480,0.651185,-0.323410,-0.815480,0.492070,0.701193,0.550000,0.077070,106.010631,-20.432627,160.335340,5.872908,7.321122,54.407239,7.052025,7.455893,8.076632,0.495476,3.889715,-0.247693,0.193759,0.037542,0.314475,0.116230,-0.581140,0.697370,-0.212705,-0.948875,0.163509,24.723576,-7.167502,64.895852,2.534861,5.202676,75.002618,3.239517,2.355558,2.624881,0.209114,2.745734,0.832144,0.081980,0.006721,0.836173,1.017773,0.551604,0.466169,0.659122,-0.429210,0.070707,174.796192,-32.141984,207.171286,9.184278,8.053052,33.486767,13.488103,11.218362,11.644597,0.735519,4.339023,5.000000
-2.289460,0.764972,0.585182,2.413878,-0.260640,-4.241400,3.980760,0.019596,0.203465,0.597211,1456.702085,2.769306,570.119335,5.462710,5.994989,503.078883,150.137760,77.399092,35.786125,0.519675,4.105894,-9.847056,1.115834,1.245085,9.910076,-6.373800,-13.885000,7.511200,-0.630964,1.212328,0.844327,24552.401304,2.001094,2450.415100,5.839525,5.247473,739.168275,280.858474,112.925687,69.705063,0.460432,4.113120,-0.628109,0.933749,0.871887,1.125348,2.386300,-2.890400,5.276700,0.364102,0.520404,0.744859,316.602080,2.416741,223.341586,4.842708,5.633172,613.584265,111.737630,49.022714,44.805425,0.430099,3.912854,10.200474,1.119445,1.253157,10.261716,14.128181,7.185612,6.942569,0.606295,0.930188,0.844114,26325.705469,2.168565,2538.437364,5.596501,5.053872,751.279188,286.527786,106.711661,63.271093,0.441733,4.092352,-7.447646,26.803530,718.429219,27.818998,52.321000,-93.230000,145.551000,-0.492076,0.005802,21.747466,193474.163210,0.320347,5350.684477,5.565110,6.073950,18570.934999,4030.193330,2437.199648,1735.638744,0.542283,4.119066,-26.697939,62.591649,3917.714581,68.047737,88.314000,-160.400000,248.714000,-0.319172,-0.890734,53.308791,1157623.631062,0.218623,13461.656446,2.862150,4.445588,31938.369428,3868.297016,1300.140531,736.063684,0.235949,3.280961,-0.911554,52.283997,2733.616333,52.291943,108.570000,-113.120000,221.690000,-0.215577,-0.626000,42.838011,683611.815747,0.238091,10669.671386,3.481281,4.699330,34127.397640,3197.274187,1585.845477,1251.990906,0.302304,3.557109,82.695625,36.059285,1300.272054,90.215511,161.708379,10.127800,151.580579,0.087605,-0.990230,31.054687,2034709.610020,0.324065,20599.446653,4.411057,5.339649,25611.852047,4053.024927,1719.506429,1392.968934,0.396850,3.859510,-0.511048,0.287310,0.082547,0.586274,0.173910,-0.929610,1.103520,1.113081,0.140247,0.225433,85.929188,-2.030249,133.583840,5.277723,7.179229,123.733719,17.666081,14.410951,13.194600,0.471077,3.612975,-0.574349,0.098806,0.009763,0.582786,-0.323410,-0.803570,0.480160,0.025914,-0.007950,0.077575,84.909908,-20.414665,142.956365,5.473680,7.163478,54.867026,6.207177,5.007025,7.387492,0.417871,3.742352,-0.107307,0.313121,0.098044,0.330997,0.440790,-0.581140,1.021930,0.069967,-1.172031,0.267491,27.389826,-0.768231,69.424364,4.361951,6.145155,149.559678,22.532067,13.996466,11.277157,0.452137,3.632323,0.888147,0.064108,0.004110,0.890458,1.017773,0.551604,0.466169,-0.714035,1.887144,0.051441,198.228921,-29.844666,221.215358,9.510170,7.980383,29.193438,13.530446,10.711479,11.139961,0.771315,4.439478,5.000000
-2.429036,0.727514,0.529276,2.535645,-1.295000,-4.241400,2.946400,-0.544331,-0.347025,0.595018,1607.373449,3.203713,605.272500,4.365181,4.758182,467.230022,161.791221,32.117017,20.229158,0.337293,3.873931,-9.730609,1.120846,1.256297,9.794950,-6.373800,-13.885000,7.511200,-0.410877,1.339567,0.845555,23985.263028,2.005713,2422.690250,5.417620,5.043242,778.364804,247.883494,94.231995,60.983823,0.432635,4.049457,-0.869916,0.861488,0.742161,1.224302,1.655700,-2.743800,4.399500,0.211184,-0.668297,0.741224,374.728735,2.677716,251.812263,3.971564,4.836356,550.925076,123.069649,45.991793,19.778815,0.326955,3.763831,10.128089,1.136344,1.291278,10.191637,14.128181,7.044251,7.083931,0.289267,0.989037,0.861977,25967.365213,2.158890,2521.797360,5.321912,4.913974,773.406403,264.726596,92.062052,57.494037,0.403103,4.017319,-6.518590,27.497526,756.113924,28.259617,52.321000,-81.705000,134.026000,-0.188220,-0.591021,23.121508,199651.483582,0.350679,5798.878517,3.037512,3.934468,17727.435906,2088.362012,583.594773,337.993804,0.222156,3.481522,-38.483485,71.429596,5102.187251,81.136711,88.314000,-226.070000,314.384000,-0.568215,-0.393541,60.255526,1645791.462406,0.177416,15230.476813,2.368951,3.347324,41310.170879,4843.781664,712.158367,444.972805,0.150064,3.234016,3.027695,52.773097,2784.999738,52.859878,90.322000,-110.340000,200.662000,-0.384146,-0.919586,45.127163,698541.668750,0.260436,11309.533370,2.421014,3.620316,30844.929613,1372.884601,384.619723,351.406026,0.144722,3.093602,89.015120,47.457842,2252.246804,100.875857,254.036702,10.127800,243.908902,0.858497,1.070040,36.274422,2543984.614738,0.210676,22159.713086,3.130792,3.914391,32301.518371,4981.053082,905.649901,509.425408,0.211493,3.527790,-0.271147,0.408090,0.166537,0.489957,0.436850,-0.790890,1.227740,0.294562,-1.554852,0.383005,60.014506,-0.105796,105.518575,3.874475,5.942602,177.656771,21.921918,12.774980,10.327657,0.396105,3.440585,-0.634643,0.110193,0.012143,0.644138,-0.365080,-0.847220,0.482140,0.364612,-0.332799,0.087708,103.728557,-18.515249,158.014910,5.560838,7.226880,51.583432,6.976060,5.676902,7.490313,0.434436,3.692560,0.050140,0.262640,0.068980,0.267383,0.440790,-0.394740,0.835530,-0.102197,-1.422521,0.234324,17.873478,-2.763876,58.887017,1.927178,4.415537,110.601284,2.322536,1.970768,2.587511,0.134845,2.559668,0.849963,0.063471,0.004029,0.852330,0.975959,0.728107,0.247852,-0.507900,-0.891195,0.052466,181.616541,-65.960974,211.670196,6.740780,7.479361,31.915525,7.549260,5.407140,6.406675,0.550518,4.043780,5.000000
-2.427586,0.697140,0.486005,2.525703,-1.219800,-4.705600,3.485800,-0.487629,-0.115527,0.567275,1594.794123,2.874752,603.725250,5.053738,5.225297,456.345173,171.320783,56.401915,29.756466,0.424915,4.030509,-9.706680,1.138310,1.295750,9.773197,-6.319600,-12.890000,6.570400,-0.238997,0.110294,0.906395,23878.846611,2.325630,2417.194400,5.679207,5.208997,773.550931,250.473020,103.512731,67.670453,0.466791,4.087846,-0.700895,0.840763,0.706882,1.094594,1.115300,-2.743800,3.859100,-0.219849,-0.597135,0.701049,299.534075,3.108119,215.822445,3.685159,4.517429,541.105668,104.880406,34.930867,17.753075,0.291303,3.674182,10.088802,1.144014,1.308767,10.153458,13.170947,7.044251,6.126696,0.142361,-0.072203,0.913441,25773.174809,2.486764,2512.184829,5.635350,5.166329,782.707977,255.288926,104.582951,67.726804,0.461345,4.088121,-7.702025,26.309800,692.205572,27.413989,52.289000,-81.705000,133.994000,0.038596,-0.342773,21.711188,187881.691780,0.345849,5750.879750,4.078134,5.042003,17581.382238,2915.609896,1264.615970,793.072579,0.361016,3.777084,-32.931962,72.791853,5298.653862,79.894731,116.700000,-226.070000,342.770000,-0.518562,-0.226058,60.284292,1595792.003350,0.163734,15529.872747,3.526040,5.004795,42691.259136,6209.713310,2288.113082,1711.855931,0.334705,3.583674,-0.022472,53.251450,2835.716964,53.251455,94.854000,-112.660000,207.514000,-0.252207,-0.887395,44.906821,708929.367319,0.254522,11197.304070,3.321521,4.629348,30610.286753,2674.902728,1232.627662,980.326866,0.273924,3.345342,88.338287,46.548463,2166.759381,99.851952,254.036702,13.454534,240.582168,0.990383,1.404405,34.756687,2492603.062449,0.212994,22015.542507,4.098904,4.746021,30404.686968,6036.910905,2016.192046,1246.279505,0.349736,3.777779,0.165839,0.205087,0.042061,0.263749,0.469980,-0.496890,0.966870,-1.028336,1.131089,0.162042,17.390818,-3.671869,55.435816,5.413423,6.490961,122.670852,24.769971,14.796953,12.574247,0.553079,4.028182,-0.704984,0.057675,0.003326,0.707340,-0.593250,-0.847220,0.253970,-0.263145,-0.447465,0.047012,125.082299,-59.253342,175.616110,7.322597,7.702342,31.925186,7.154505,5.439026,7.809893,0.606704,4.155527,-0.106746,0.217003,0.047090,0.241836,0.412280,-0.394740,0.807020,1.265969,0.457050,0.162358,14.621217,-8.017770,54.973697,4.585853,6.319192,111.413786,18.151472,10.969555,8.414542,0.468140,3.718499,0.791172,0.049241,0.002425,0.792703,0.924646,0.728107,0.196539,0.989458,-0.356452,0.040290,157.094334,-101.211842,196.979347,8.076644,7.860399,22.854469,7.027587,5.302295,6.766012,0.659005,4.219849,5.000000
-2.371590,0.584183,0.341270,2.442480,-1.219800,-4.705600,3.485800,-0.691986,0.974815,0.454777,1491.426746,2.287068,591.071300,5.035324,5.006912,376.081638,149.470283,51.844031,20.679876,0.405737,4.026596,-9.635678,1.102733,1.216021,9.698573,-6.319600,-12.890000,6.570400,-0.545308,0.082803,0.884690,23515.577836,2.218236,2399.509650,5.728226,5.181186,790.434447,244.382711,127.476704,69.238196,0.474681,4.149629,-0.783031,0.994216,0.988465,1.265544,1.115300,-4.069400,5.184700,-1.214265,1.954046,0.744567,400.400521,2.323609,225.882439,3.500921,4.407171,610.372993,94.966724,47.800861,16.602199,0.276005,3.597668,10.021511,1.094963,1.198944,10.081152,13.170947,7.227607,5.943340,0.555284,-0.082669,0.876901,25407.405104,2.428875,2495.703300,5.652623,5.146640,775.887103,243.889972,122.985632,67.032445,0.459813,4.128702,-9.252757,24.882733,619.150397,26.547390,52.289000,-66.381000,118.670000,0.086431,-0.293960,19.885847,176190.977905,0.384198,5482.338870,3.446072,4.059441,16303.811532,2160.254059,991.423274,423.648202,0.250476,3.608100,-35.059532,63.364516,4015.061889,72.417074,116.700000,-184.520000,301.220000,-0.016591,-0.555667,53.003515,1311058.162656,0.182821,14814.574460,2.594186,3.909491,35805.221875,3263.023700,928.259975,694.374253,0.207935,3.284576,-2.111555,46.263742,2140.333805,46.311904,94.854000,-112.660000,207.514000,-0.366296,-0.307011,36.911021,536198.117845,0.248521,9132.058440,2.490526,3.133626,27828.394568,1288.496226,470.785346,264.326644,0.130842,3.118307,81.335911,38.448128,1478.258538,89.965488,195.454264,10.405387,185.048877,0.639809,0.140398,31.163779,2023447.258406,0.269413,20267.597659,3.203737,3.934729,27177.413114,4038.284071,1020.576006,553.608845,0.237243,3.609435,-0.078203,0.391620,0.153366,0.399352,0.469980,-0.739130,1.209110,-0.261715,-1.499743,0.359180,39.870512,0.094951,87.041399,4.190621,6.145038,161.528993,23.809161,13.496958,10.826006,0.431136,3.506005,-0.607897,0.101605,0.010324,0.616330,-0.402780,-0.781750,0.378970,-0.027482,-1.356965,0.090911,94.965602,-28.466298,151.369090,6.557787,7.425197,47.300779,9.544667,7.717966,7.948858,0.550366,4.003493,-0.257228,0.180528,0.032590,0.314256,0.199560,-0.598680,0.798240,-0.108233,-0.733812,0.153672,24.689144,-6.610442,66.635999,4.238052,6.170343,82.494892,10.661788,7.335719,5.498197,0.423763,3.551724,0.797848,0.039246,0.001540,0.798812,0.915626,0.738816,0.176810,0.829977,-0.059018,0.032094,159.525258,-111.232218,198.636360,8.459255,7.770675,19.967003,7.544879,5.326973,6.666502,0.694406,4.364825,5.000000
-2.346603,0.534699,0.285903,2.406751,-0.949350,-3.644100,2.694750,0.026812,-0.214136,0.428274,1448.112449,2.794945,583.702050,4.754619,5.181056,332.953607,106.068274,36.357024,14.754321,0.378910,3.907586,-9.633682,1.065425,1.135131,9.692417,-7.030900,-13.481000,6.450100,-0.666761,0.689408,0.833248,23485.738072,2.250701,2399.378750,5.355481,4.560292,705.061749,289.614049,90.047345,45.843066,0.385401,4.042352,-0.751724,1.059178,1.121859,1.298825,1.450500,-4.069400,5.519900,-0.830292,1.484490,0.778365,421.736865,2.433701,241.668765,3.352140,4.296153,667.518397,116.795350,41.499110,17.917004,0.269229,3.620853,10.014604,1.063043,1.130061,10.070866,13.803977,7.474160,6.329817,0.639700,0.652941,0.826378,25355.587386,2.304883,2494.118439,5.321952,4.506244,704.731753,294.417154,89.073120,44.525405,0.381085,4.038482,-7.064531,23.148419,535.849325,24.202416,54.324000,-66.381000,120.705000,-0.175253,0.165510,18.122894,146439.230549,0.370785,4799.948540,3.490352,4.398052,14663.902270,2295.066142,667.638344,410.666045,0.277093,3.614432,-27.231804,65.420981,4279.904734,70.862373,111.030000,-184.520000,295.550000,-0.146364,-0.510658,54.007697,1255368.974662,0.187164,14090.546791,3.929465,5.635146,32955.744373,4422.058955,2453.861542,1773.791514,0.389722,3.561423,-3.150810,40.613282,1649.438703,40.735320,63.136000,-95.245000,158.381000,-0.424426,-0.738506,33.879326,414841.577135,0.313663,8333.141540,3.416247,4.538884,23844.986001,2071.287655,936.576410,790.361199,0.282020,3.428016,76.264127,38.083882,1450.382078,85.244350,195.454264,10.405387,185.048877,0.766196,0.537149,30.515982,1816649.782346,0.267679,18961.254199,2.802557,3.613766,26074.972826,3142.790761,642.126617,404.012177,0.190163,3.481665,-0.515967,0.250924,0.062963,0.573746,0.356110,-0.761900,1.118010,2.093202,3.887185,0.168841,82.296049,-4.726475,137.209037,4.946872,6.397295,146.607258,25.526517,16.034080,13.045849,0.514213,3.914512,-0.524405,0.055481,0.003078,0.527331,-0.402780,-0.654760,0.251980,-0.043360,-0.651155,0.045965,69.519625,-59.441709,130.473215,7.513871,7.665799,31.065795,6.612517,6.754887,6.843482,0.598409,4.185737,-0.143079,0.272242,0.074116,0.307551,0.307020,-0.598680,0.905700,-0.150002,-1.352829,0.241919,23.646869,-2.530998,60.974778,2.772914,5.348361,103.334429,6.854454,4.375183,3.825873,0.252830,2.861709,0.837080,0.033866,0.001147,0.837765,0.918791,0.755261,0.163530,-0.105650,-0.191173,0.027030,175.462543,-122.510658,208.454961,9.243028,7.891417,15.070311,5.758297,6.003671,6.158561,0.690578,4.346455,5.000000
-2.326322,0.732916,0.537166,2.439045,-0.949350,-4.178000,3.228650,-0.208871,-0.804744,0.617795,1487.234927,3.200504,579.068250,4.518945,5.123521,434.207973,136.577796,36.701566,19.935314,0.356899,3.829587,-9.794612,1.105644,1.222450,9.856819,-7.030900,-13.481000,6.450100,-0.380556,0.130267,0.888255,24289.218480,2.348732,2438.140050,5.906533,5.304081,735.921434,256.941351,124.460882,58.528973,0.491923,4.131507,-0.372100,0.888402,0.789258,0.963180,1.522800,-3.258400,4.781200,-0.433182,0.629269,0.670114,231.929056,2.520305,183.217439,3.628601,4.426084,568.772374,102.549785,45.778839,15.887485,0.279551,3.667685,10.134777,1.148835,1.319823,10.199683,13.803977,7.474160,6.329817,0.385186,-0.047385,0.923778,26008.382463,2.436785,2522.812992,5.794883,5.319351,773.923153,271.093153,125.154894,59.846693,0.493719,4.133629,5.788394,25.042760,627.139830,25.703022,91.354000,-38.061000,129.415000,1.079576,1.239886,19.504989,165161.332301,0.348685,4807.180965,2.906497,3.899993,16530.125645,1929.578915,637.775844,332.204677,0.221098,3.476819,34.976728,61.894105,3830.880274,71.093261,173.960000,-86.636000,260.596000,0.572848,-0.326750,49.306001,1263562.949416,0.206709,13266.055701,3.459864,5.161043,31341.148529,4437.678570,1664.542286,1285.862253,0.330598,3.433793,-3.007854,53.114176,2821.115700,53.199275,87.518000,-95.245000,182.763000,-0.130881,-1.316139,47.079158,707540.721877,0.282811,11701.372080,4.208477,5.512477,31857.631474,4197.039577,2298.058638,1739.716930,0.402803,3.687068,81.363044,43.876133,1925.115082,92.439494,210.592866,8.842695,201.750170,0.964099,0.641324,33.457130,2136265.003594,0.248852,20261.921184,3.211630,4.441304,27825.552172,3445.162448,1046.206208,781.064902,0.268403,3.523325,-0.441515,0.336725,0.113384,0.555265,0.341610,-0.846790,1.188400,0.996029,-0.417012,0.285700,77.079876,-1.672120,124.358117,4.646946,6.352417,163.627675,26.673303,16.769917,13.106707,0.479408,3.718729,-0.578016,0.094099,0.008855,0.585625,-0.375000,-0.748020,0.373020,0.232386,-1.044622,0.080763,85.739246,-28.292584,143.927595,6.114764,7.375717,54.005570,7.207675,8.032481,8.310764,0.496940,3.941023,-0.108447,0.226854,0.051463,0.251443,0.307020,-0.471490,0.778510,-0.064410,-1.137820,0.189896,15.805939,-6.143757,49.732479,4.579933,6.319831,108.245661,16.565898,10.931141,8.220646,0.472169,3.702862,0.844437,0.037765,0.001426,0.845281,0.969232,0.758406,0.210826,0.293074,0.300284,0.028906,178.625061,-90.085477,210.263192,8.618915,7.782848,21.966926,6.590137,6.295606,7.477649,0.659414,4.384541,5.000000
-2.406673,0.896606,0.803902,2.568263,-0.977800,-6.833100,5.855300,-0.929410,2.188245,0.699062,1648.993944,2.045031,598.604900,5.355988,4.993811,536.769172,276.156803,84.486490,37.872692,0.415646,4.063203,-9.887283,1.154698,1.333327,9.954481,-6.901100,-14.024000,7.122900,-0.564743,0.869015,0.900330,24772.921931,2.147880,2462.271800,5.618522,5.048246,802.141042,258.424396,128.897649,51.870634,0.452460,4.111522,-0.378341,0.898933,0.808081,0.975307,1.522800,-3.258400,4.781200,-0.490000,0.355504,0.706367,237.805908,2.649018,187.607589,4.681642,5.695510,609.717330,121.863236,53.648037,25.349771,0.399076,3.910923,10.253450,1.227045,1.505641,10.326611,14.352898,7.243993,7.108905,0.508051,0.562974,0.950300,26659.721783,2.204098,2553.275759,5.525240,4.984833,849.758067,273.501382,140.109287,53.326362,0.445833,4.104857,8.511131,26.766118,716.425067,28.086730,91.354000,-40.694000,132.048000,0.619144,0.239874,21.520694,197216.103689,0.350196,5474.217560,3.202502,4.150363,18560.646295,2497.977124,763.940586,426.689404,0.250853,3.600813,32.104966,67.772952,4593.173021,74.992679,173.960000,-91.518000,265.478000,0.362743,-0.665138,55.360913,1405975.472677,0.206892,14743.443790,3.521061,5.025558,39005.390836,5883.755821,2192.412294,1509.657304,0.340762,3.579337,1.571494,62.753166,3937.959838,62.772840,117.820000,-157.520000,275.340000,-0.365087,-0.709354,53.444460,985107.358168,0.198439,13320.217480,4.018636,5.366324,37773.342938,4511.830405,2496.686463,1860.725215,0.376289,3.635758,91.049075,45.423140,2063.261636,101.750655,210.592866,8.842695,201.750170,0.560563,-0.342717,37.169895,2588298.934534,0.254831,22673.142864,3.398460,4.090434,31146.037532,4797.611774,1400.461532,575.514013,0.251855,3.638338,0.014601,0.382184,0.146065,0.382463,0.513460,-0.846790,1.360250,-0.925424,-0.356962,0.310079,36.569542,0.491416,78.051794,4.189405,6.216827,172.416734,22.273856,14.710447,11.635101,0.410801,3.462757,-0.663603,0.086174,0.007426,0.669175,-0.375000,-0.827380,0.452380,1.450497,2.279464,0.060067,111.948785,-27.939256,165.213310,6.422702,7.634216,44.265694,6.543077,7.702457,7.526344,0.480145,3.882261,-0.173825,0.171026,0.029250,0.243855,0.120610,-0.471490,0.592100,-0.376818,-1.339438,0.155603,14.866270,-14.354345,45.941920,2.771523,5.407299,64.875066,2.447125,2.186947,2.746721,0.214088,2.835165,0.806993,0.047967,0.002301,0.808417,0.969232,0.733144,0.236087,1.036611,0.479228,0.038284,163.384597,-75.778410,200.939105,8.796377,8.092017,20.567111,5.101806,6.880640,7.313026,0.603600,4.187353,5.000000
-2.448008,0.910146,0.828366,2.611726,-0.977800,-6.833100,5.855300,-1.065701,2.269615,0.691566,1705.277663,2.076460,609.312750,5.285852,4.914961,576.956175,278.708805,92.298096,40.303789,0.419359,4.082998,-9.724541,1.155768,1.335800,9.792982,-6.901100,-14.024000,7.122900,-0.794723,1.168747,0.905088,23975.623372,2.113021,2419.127700,5.327558,4.962970,849.376760,269.973161,80.748126,51.873928,0.423960,4.081345,-0.762478,0.980727,0.961826,1.242256,1.487900,-3.859100,5.347000,-0.326989,0.163591,0.767414,385.799751,2.566006,247.188897,4.652624,5.763912,596.562927,134.022546,50.886942,27.842108,0.404688,3.854038,10.138351,1.216817,1.480643,10.211112,14.352898,7.243993,7.108905,0.672242,0.759657,0.951768,26066.700786,2.179466,2522.236170,5.398436,4.976844,875.808773,280.881845,98.894343,54.076442,0.428127,4.075542,-6.751896,24.201990,585.736303,25.126170,56.127000,-49.694000,105.821000,0.477993,-0.616286,19.915481,157831.101715,0.426819,5353.119840,3.507530,4.360063,16914.276196,2870.534032,598.012128,431.368259,0.264883,3.669645,-26.049407,77.801148,6053.018597,82.046269,123.160000,-215.070000,338.230000,-0.371086,-0.593613,64.601757,1682897.552499,0.168021,16300.584090,2.365518,3.389098,45792.353739,4807.828631,799.528151,504.386418,0.158241,3.251685,-0.380768,58.747712,3451.293619,58.748946,117.820000,-157.520000,275.340000,-0.497035,-0.102054,46.690979,862859.650695,0.196026,11626.579540,3.282806,4.287064,37395.195396,2854.716438,1427.364798,976.896429,0.253036,3.418604,92.643559,47.239012,2231.524278,103.992082,217.006578,9.190065,207.816514,0.326604,-0.599276,39.470225,2703588.304908,0.249125,23090.902368,3.843194,4.588544,33626.318138,6501.939698,1982.946976,1133.731852,0.318670,3.800309,0.082021,0.347951,0.121070,0.357488,0.513460,-0.652170,1.165630,-0.949503,-0.504583,0.283208,31.949351,-1.077199,78.872726,3.942286,5.938299,172.775360,21.607499,13.083100,10.540991,0.399301,3.526025,-0.682103,0.060687,0.003683,0.684797,-0.567460,-0.827380,0.259920,0.000488,-0.893238,0.051736,117.236850,-56.287622,169.870990,7.466440,7.806747,32.304456,6.708955,7.131500,7.298053,0.552905,4.098061,-0.186325,0.166716,0.027794,0.250022,0.120610,-0.563600,0.684210,-0.375055,-0.742215,0.142303,15.627798,-8.801074,48.788449,2.822977,5.402077,63.953799,2.604318,2.003589,2.452049,0.222425,2.860142,0.809233,0.066313,0.004397,0.811946,0.989232,0.733144,0.256087,1.267725,0.163506,0.052611,164.813998,-71.820471,201.451779,7.246464,7.802584,31.474977,7.035762,6.765887,6.236956,0.594098,4.074544,5.000000
-2.258060,0.747196,0.558302,2.378474,-1.023100,-4.958800,3.935700,-0.818077,0.833388,0.597299,1414.284583,2.599756,562.795100,4.553624,5.123486,482.286019,139.018820,46.805189,26.680762,0.374589,3.894020,-9.682082,0.903083,0.815558,9.724107,-7.965300,-12.547000,4.581700,-0.555987,-0.150290,0.732175,23639.565534,2.710301,2411.210300,5.441246,4.934101,644.396666,226.127477,79.807988,40.770141,0.420880,4.102722,-0.716882,1.014907,1.030037,1.242561,1.369900,-3.859100,5.229000,-0.345302,-0.028071,0.805971,385.989151,2.600779,245.792620,3.700656,4.816347,569.488047,114.866017,47.192000,20.125184,0.320709,3.626616,10.044815,0.927924,0.861043,10.087584,12.816682,8.189183,4.627500,0.477139,-0.307842,0.762874,25439.839268,2.794924,2501.705455,5.369180,4.879597,670.417124,238.092112,82.050073,40.957129,0.417618,4.106290,-8.859483,19.087846,364.345846,21.043676,34.858000,-49.694000,84.552000,-0.031113,-0.567994,15.350495,110709.071599,0.507143,4154.017940,3.111363,3.902850,13438.143652,1681.603802,433.548019,213.017310,0.217153,3.557696,-39.317935,68.709708,4721.023963,79.163906,78.627000,-215.070000,293.697000,-0.560701,-0.603412,58.075054,1566730.990735,0.188280,14912.633290,3.601624,5.198135,38271.804714,4259.638552,2106.141152,1649.308629,0.349034,3.545709,1.454057,45.417680,2062.765688,45.440950,98.452000,-111.490000,209.942000,-0.464977,-0.284216,37.314368,516219.992161,0.245474,9322.064440,3.459779,4.611731,30484.647161,2417.999671,1273.347479,995.469460,0.290952,3.549972,80.322229,48.197299,2322.979674,93.673050,217.006578,6.288803,210.717775,0.743223,-0.227743,40.782470,2193660.054495,0.240456,20014.778526,3.616156,4.635975,30361.782365,5266.970548,1426.742213,1056.185160,0.294981,3.629269,-0.375677,0.395765,0.156630,0.545676,0.476190,-0.881990,1.358180,0.860494,-0.704088,0.334012,74.440689,-0.241702,125.522774,4.407270,6.243705,183.349989,26.461734,17.761537,13.957063,0.459016,3.636370,-0.607254,0.097142,0.009437,0.614974,-0.359130,-0.817460,0.458330,0.557008,-0.089565,0.074498,94.548394,-22.559688,151.217180,6.274646,7.366309,54.295957,10.355712,6.824632,8.142243,0.510791,3.996279,-0.170228,0.245744,0.060390,0.298944,0.366230,-0.563600,0.929830,0.553614,-0.715627,0.206731,22.341902,-2.026050,64.975944,3.755768,5.858339,112.119843,12.489071,7.123934,6.415097,0.376513,3.407770,0.872076,0.069339,0.004808,0.874828,0.997216,0.743306,0.253911,-0.269213,-1.066427,0.059141,191.330985,-57.050278,217.183419,7.350698,7.790558,30.274369,6.888021,6.302304,7.090478,0.607729,4.069775,5.000000
-2.095916,0.629900,0.396774,2.188524,-0.647850,-3.614700,2.966850,-0.129160,-0.196472,0.493887,1197.409448,2.960490,521.829660,3.879985,4.634792,382.948944,90.654714,31.570347,13.197072,0.312365,3.726997,-9.759077,0.736691,0.542713,9.786843,-8.294000,-12.547000,4.253000,-0.976478,1.462449,0.539996,23945.573295,2.340581,2429.219650,6.070205,5.573351,503.877900,190.397242,85.869107,51.341939,0.510948,4.194502,-0.030086,0.658318,0.433382,0.659005,1.505500,-1.737500,3.243000,-0.262694,0.180846,0.505946,108.571788,2.861925,126.076257,3.792828,4.569530,404.495352,86.040785,32.447346,15.134634,0.305376,3.720468,10.022716,0.742558,0.551392,10.050185,12.816682,8.376554,4.440128,0.844479,1.284887,0.549850,25251.554530,2.336957,2494.909305,5.968972,5.564641,507.235001,187.482482,84.644790,50.155491,0.502906,4.178559,2.634646,16.603062,275.661684,16.810801,40.721000,-40.616000,81.337000,0.018527,0.029660,13.101039,70650.760188,0.509306,3248.573746,3.035974,3.982829,11086.228661,1355.140900,470.595469,244.479402,0.232871,3.519850,11.721353,55.452366,3074.964927,56.677641,117.960000,-112.860000,230.820000,-0.143846,-0.514834,44.940311,803088.757814,0.230187,11215.369108,2.032954,3.409101,29534.806881,1909.772556,587.420372,358.141596,0.145468,3.009129,1.026816,36.831078,1356.528332,36.845389,68.979000,-94.025000,163.004000,-0.311505,-0.281783,29.771617,339395.670582,0.303435,7446.776120,2.545261,3.319762,22776.485289,1380.580475,400.629055,300.095316,0.154090,3.222302,60.520366,34.493856,1189.826080,69.660181,126.114631,6.288803,119.825827,0.368536,-1.191274,30.242010,1213135.188584,0.395568,15096.918869,2.783620,3.528445,21995.579091,2882.278826,631.567693,325.737330,0.187181,3.419859,-0.544596,0.173311,0.030037,0.571508,-0.236020,-0.881990,0.645970,0.128900,-0.897537,0.145166,81.655419,-9.375523,135.689445,3.528653,5.997918,73.905229,6.168778,3.870026,4.515918,0.316071,3.191343,-0.571627,0.076320,0.005825,0.576699,-0.359130,-0.726190,0.367060,0.838048,0.135329,0.060508,83.145520,-34.752416,142.320425,6.515826,7.639822,39.138006,6.918752,5.706790,6.810611,0.508499,3.924728,-0.137869,0.277711,0.077124,0.310050,0.366230,-0.471490,0.837720,0.234714,-1.410786,0.253082,24.032815,-6.193491,65.009863,2.023832,4.642012,98.599349,2.476668,2.918999,2.568639,0.146140,2.405089,0.867725,0.048865,0.002388,0.869100,0.997216,0.788722,0.208494,0.668985,-0.199692,0.039518,188.833755,-82.530404,216.073248,8.444696,8.066007,21.081746,6.863803,5.468761,6.934453,0.625135,4.188784,5.000000
-2.157081,0.634344,0.402392,2.248420,-0.286840,-4.692700,4.405860,-0.251523,1.934676,0.432283,1263.848170,1.985620,537.479210,5.035143,5.035706,420.044383,183.566951,57.326721,28.546815,0.422109,4.067463,-9.671366,0.410916,0.168852,9.680092,-8.379000,-12.250000,3.871000,-2.120002,11.116005,0.245319,23426.045022,0.893576,2408.344050,6.192415,5.648834,294.375461,103.014152,60.462028,36.709091,0.530115,4.255018,-0.016414,0.387265,0.149974,0.387612,1.505500,-0.857690,2.363190,1.049694,2.454672,0.285973,37.560849,1.654784,71.690135,4.524999,5.236224,265.812421,64.169079,29.154734,12.441646,0.387945,3.928255,9.936857,0.410710,0.168682,9.945341,12.391933,8.787496,3.604438,1.879157,8.758018,0.262167,24727.454041,1.151930,2474.531619,6.150525,5.695052,297.378922,105.474329,56.643125,38.792770,0.525182,4.254643,2.987143,12.435795,154.649005,12.789528,40.721000,-18.478000,59.199000,1.063031,0.826938,9.561973,40893.007617,0.640557,2276.322798,3.174120,4.506756,7973.873979,1000.912645,327.263804,249.870707,0.263411,3.544982,20.504008,48.154977,2318.901804,52.338477,153.380000,-158.290000,311.670000,0.058261,1.258433,37.115147,684829.039816,0.165292,8710.593678,3.070452,3.526109,30970.512591,6192.729025,926.836480,455.008470,0.187064,3.517018,-3.130750,22.325169,498.413172,22.543619,49.297000,-83.580000,132.877000,-1.174430,2.463941,16.041557,127053.692292,0.331530,3923.013171,3.369595,4.214191,14071.651818,2202.911956,516.227697,393.067452,0.246265,3.532916,42.155690,40.422775,1634.000754,58.404648,168.830471,2.044827,166.785643,1.077521,0.020846,34.189310,852775.739725,0.275235,10514.849000,3.786591,4.204922,26175.037505,6249.931364,1477.347306,687.198019,0.282859,3.751718,-0.387189,0.124875,0.015594,0.406828,-0.236020,-0.689440,0.453420,-1.254564,0.099970,0.098174,41.377178,-27.810857,96.282645,4.859996,6.577034,60.288840,9.570176,6.016825,5.647986,0.470085,3.719334,-0.592254,0.035142,0.001235,0.593296,-0.444440,-0.666670,0.222230,0.776380,1.726715,0.026619,88.000025,-89.937840,147.555635,8.467973,7.688631,20.505481,6.985540,5.321136,6.564755,0.655749,4.370688,-0.348228,0.205657,0.042295,0.404423,0.346490,-0.482460,0.828950,1.925123,2.462764,0.151041,40.889444,-16.185560,94.986851,5.260647,6.551449,118.255671,23.727841,14.119286,11.541835,0.550367,3.989864,0.824920,0.023957,0.000574,0.825268,0.902515,0.776402,0.126112,0.793529,0.270639,0.018836,170.266648,-187.679558,205.386361,10.275605,7.794478,10.779664,6.043932,4.584048,6.482628,0.717434,4.474605,5.000000
-2.196971,0.064033,0.004100,2.197904,-1.963200,-2.328500,0.365300,0.203176,0.102890,0.051606,1207.695676,-37.185354,547.024300,7.484181,6.351799,34.090211,21.149270,13.656982,5.361501,0.615312,4.348586,-9.601653,0.046295,0.002143,9.601764,-9.475100,-9.804100,0.329000,-0.357733,1.519854,0.034731,23048.469934,-50.692088,2390.838950,9.970430,6.183446,17.541188,21.690630,17.866728,11.996569,0.751596,4.582365,-0.145191,0.105714,0.011175,0.179599,0.085080,-0.354330,0.439410,-0.188386,-1.137421,0.092138,8.063948,-24.300160,37.069707,6.008138,6.530841,52.705804,16.474660,7.635600,7.204982,0.548186,4.063641,9.851643,0.045298,0.002052,9.851747,10.039210,9.726426,0.312785,0.292294,1.455045,0.033621,24264.229558,-55.644756,2453.080150,10.251848,6.146418,15.493375,21.690172,17.630358,12.155813,0.760228,4.583070,-0.304791,1.092050,1.192573,1.133786,3.488200,-3.673000,7.161200,0.061749,1.224287,0.804345,321.367536,2.032501,211.522824,5.479738,5.449555,698.344680,300.826367,89.606389,58.099109,0.449055,4.098111,0.348926,1.513164,2.289665,1.552873,4.454600,-5.400500,9.855100,-0.554504,1.172892,1.159451,602.853585,1.829528,299.633675,5.817118,5.300753,988.995204,525.294045,189.660462,67.627812,0.453170,4.180271,-0.350906,0.759984,0.577575,0.837084,1.601500,-2.745500,4.347000,-0.114261,-0.007792,0.608278,175.177530,2.603491,166.630003,6.159085,6.428861,540.699128,154.154837,95.220145,46.966343,0.538779,4.223888,1.837295,1.010912,1.021943,2.097044,5.592629,0.352177,5.240452,0.984544,0.912369,0.790574,1099.398651,2.466519,457.117916,6.943910,6.142023,633.514274,337.426912,148.981787,115.110469,0.588230,4.327823,-0.352010,0.034552,0.001194,0.353701,-0.327120,-0.879920,0.552800,-14.258749,214.982118,0.009378,31.276181,-51.904238,87.643225,12.534701,7.198963,13.107435,13.097455,13.390937,13.844749,0.986545,4.806839,-0.590309,0.019029,0.000362,0.590616,-0.557540,-0.650790,0.093250,-0.636662,0.001793,0.015669,87.206827,-281.472853,146.989055,12.413196,7.286438,5.909805,6.224201,4.858255,6.833699,0.778850,4.583802,-0.447632,0.010031,0.000101,0.447744,-0.425440,-0.471490,0.046050,-0.149978,-0.765938,0.008395,50.118755,-694.842734,111.462825,10.763964,7.890919,4.047420,2.085679,1.861822,2.508745,0.774646,4.499793,0.820783,0.026874,0.000722,0.821223,1.159734,0.792633,0.367101,8.125629,98.615095,0.014595,168.601764,-73.504088,204.374911,12.523277,7.281758,9.853389,9.289818,9.034366,10.234824,0.911368,4.735819,1.000000
-2.244891,0.052489,0.002755,2.245504,-2.110500,-2.352200,0.241700,0.118604,-0.477954,0.042308,1260.572452,-64.852147,558.998050,7.037227,6.356297,31.784818,12.229097,12.100229,4.369126,0.593864,4.298980,-9.588868,0.047454,0.002252,9.588986,-9.453300,-9.745400,0.292100,0.030509,0.674873,0.035705,22987.162258,-56.050397,2387.612100,10.166037,6.132782,17.769716,20.768227,21.998914,11.581475,0.752812,4.590456,-0.238129,0.066918,0.004478,0.247353,-0.054922,-0.368800,0.313878,0.732130,-0.133955,0.054804,15.295904,-44.515295,59.357439,6.300715,6.562382,43.544275,11.480573,8.219933,5.881932,0.578430,4.207415,9.851386,0.048205,0.002324,9.851504,9.996470,9.702373,0.294097,-0.127372,0.693026,0.035881,24263.030614,-56.378699,2452.984821,9.997513,6.250013,19.754729,19.799492,21.841480,11.733455,0.749483,4.586749,-0.309148,0.709550,0.503461,0.773972,1.965800,-2.512400,4.478200,-0.241987,0.815361,0.538685,149.758323,2.334396,147.675575,5.775370,5.666291,482.797447,190.549882,86.049269,41.420380,0.499251,4.186644,0.341786,1.247542,1.556360,1.293514,4.454600,-2.501900,6.956500,0.411443,0.012377,0.988819,418.294515,2.324604,250.175447,5.571990,5.491352,775.347492,304.097611,198.116419,45.525076,0.454163,4.113428,-0.283220,0.765774,0.586410,0.816470,1.493500,-2.729800,4.223300,-0.055303,0.067054,0.607611,166.655976,2.609734,166.945942,5.372842,5.663949,545.234635,142.467139,58.262113,40.190607,0.452241,4.066688,1.506933,0.817305,0.667988,1.714303,4.604129,0.253907,4.350222,1.024945,0.800928,0.668024,734.708814,2.421946,375.754614,6.324854,5.903667,542.261992,234.322520,131.064808,66.222608,0.557525,4.282016,-0.355256,0.009661,0.000093,0.355388,-0.335400,-0.385090,0.049690,-0.423846,-0.170758,0.007833,31.575099,-661.217776,88.462110,12.205865,7.394979,3.280418,3.321918,2.324140,3.984357,0.842204,4.642335,-0.584333,0.017181,0.000295,0.584586,-0.553570,-0.634920,0.081350,-0.513729,-0.142054,0.014120,85.435158,-334.237205,145.480155,12.777259,7.100809,5.099188,5.866867,5.342909,6.348967,0.830574,4.647300,-0.453289,0.008276,0.000068,0.453365,-0.429820,-0.475880,0.046060,0.065127,-0.352292,0.006737,51.384961,-727.117104,112.871710,10.971335,7.695343,3.841687,2.180500,1.995927,2.331789,0.777618,4.573587,0.820568,0.015792,0.000249,0.820720,0.869833,0.789891,0.079941,0.628803,0.273597,0.012786,168.395217,-353.847268,204.310795,12.658122,7.053694,4.833906,5.586767,4.761328,6.172521,0.831139,4.652322,1.000000
-2.258996,0.044035,0.001939,2.259426,-2.135400,-2.352200,0.216800,0.015529,-0.479337,0.036120,1276.250946,-80.326118,562.457200,7.498692,6.563841,26.058919,9.370891,11.801084,4.510675,0.614834,4.325064,-9.584888,0.045306,0.002053,9.584995,-9.453300,-9.745400,0.292100,-0.123465,0.859856,0.033920,22968.032646,-58.134797,2386.620400,10.689708,6.308716,16.114418,18.840777,21.132342,11.666817,0.791558,4.617205,-0.251472,0.048013,0.002305,0.256015,-0.116460,-0.368800,0.252340,0.187262,-0.495257,0.040244,16.385895,-65.445795,62.592710,6.947737,6.485838,29.795997,10.875609,7.448680,4.583581,0.610574,4.293845,9.850917,0.045948,0.002111,9.851024,9.996470,9.702373,0.294097,-0.093914,0.767665,0.034171,24260.669487,-56.925611,2452.853962,10.538869,6.385288,17.648119,18.162259,21.157867,11.872383,0.783228,4.614731,-0.068650,0.579952,0.336345,0.584001,1.965800,-2.027700,3.993500,-0.073609,1.058206,0.443164,85.264387,2.156332,110.954643,6.230438,5.866423,379.365126,159.661028,79.603591,42.944480,0.496004,4.191352,0.041558,1.059055,1.121598,1.059870,2.822300,-2.501900,5.324200,0.402606,-0.194243,0.838535,280.831305,2.685477,206.544787,6.968014,6.581958,596.180354,216.736956,230.855648,81.210492,0.608647,4.261033,-0.329250,0.654518,0.428393,0.732666,1.493500,-2.729800,4.223300,0.074741,1.283561,0.490111,134.199780,2.241325,144.636769,6.899887,6.350759,427.706158,181.021703,94.817266,61.657072,0.634757,4.331262,1.248276,0.665574,0.442988,1.414631,3.828220,0.186184,3.642036,1.062350,1.170002,0.514525,500.295472,2.347514,308.934549,6.548135,6.033217,427.667555,189.672003,117.813616,49.181653,0.578012,4.310086,-0.361194,0.009443,0.000089,0.361317,-0.335400,-0.385090,0.049690,-0.162354,-0.479521,0.007899,32.637525,-665.479890,89.939225,12.301093,7.443432,3.485791,3.061241,2.619398,3.890134,0.821929,4.651776,-0.585008,0.018739,0.000351,0.585308,-0.553570,-0.650790,0.097220,-0.541738,-0.164332,0.015561,85.646365,-273.184240,145.653775,13.087362,6.821663,5.062716,6.462011,6.562159,7.361188,0.819218,4.659719,-0.452456,0.007723,0.000060,0.452522,-0.436400,-0.478070,0.041670,-0.346343,0.267211,0.006080,51.194018,-847.435695,112.658960,12.019747,7.305063,2.782798,2.391890,2.421566,2.594103,0.804353,4.627263,0.823166,0.017595,0.000310,0.823354,0.888196,0.789891,0.098305,0.621385,0.117157,0.014350,169.477908,-273.572625,204.958353,12.925142,6.875935,5.149536,6.291396,6.086089,7.220710,0.861667,4.691876,1.000000
-2.257570,0.042636,0.001818,2.257973,-2.122700,-2.363800,0.241100,0.282933,0.324948,0.033297,1274.610475,-72.656995,562.197300,7.541355,6.546967,26.087383,11.269305,10.277833,4.998114,0.639517,4.387293,-9.584471,0.040382,0.001631,9.584556,-9.465000,-9.699600,0.234600,-0.146993,0.487021,0.031270,22965.927805,-78.514182,2386.511400,11.294042,6.282236,10.898048,18.035523,18.806577,10.103508,0.796824,4.609801,-0.263138,0.038927,0.001515,0.266001,-0.140180,-0.343390,0.203210,0.243417,-0.313829,0.031756,17.689185,-92.283668,65.530350,7.355254,6.769201,22.239315,10.314424,6.461541,4.418334,0.635829,4.339417,9.850447,0.040138,0.001611,9.850528,9.961177,9.718254,0.242923,0.030263,0.359328,0.030989,24258.227465,-75.426225,2452.754171,11.223393,6.377710,11.838054,17.253146,18.367776,10.224706,0.785357,4.609151,-0.024978,0.438974,0.192698,0.439684,1.375500,-1.002800,2.378300,0.336774,0.248176,0.343142,48.330550,2.388489,85.517034,7.332523,6.188264,258.030782,171.797258,80.710264,47.943396,0.613010,4.375727,0.274418,0.947817,0.898358,0.986744,3.508800,-1.784900,5.293700,0.443036,-0.207482,0.771366,243.415725,2.490455,192.387904,6.606448,6.402493,542.652193,223.788656,168.386039,64.205687,0.568663,4.233346,-0.392299,0.494598,0.244627,0.631289,1.008900,-1.570300,2.579200,0.245052,-0.084610,0.397304,99.631360,2.642448,129.115911,5.787053,5.879013,323.006084,135.533075,46.859914,33.242074,0.505225,4.154691,1.116717,0.564317,0.318454,1.251204,3.720292,0.098938,3.621354,0.876880,1.289058,0.443041,391.377635,2.165862,276.832082,7.396248,6.578413,367.389106,186.922759,103.958735,67.215195,0.648845,4.422092,-0.363032,0.009644,0.000093,0.363160,-0.343690,-0.395450,0.051760,-0.505688,-0.076699,0.007878,32.971332,-640.627674,90.387430,12.391869,7.425019,3.473747,2.878299,3.099716,3.618533,0.839280,4.659397,-0.585722,0.019349,0.000374,0.586042,-0.555560,-0.650790,0.095230,-0.480122,-0.492248,0.016215,85.861208,-278.759594,145.820420,13.191835,6.771347,5.123071,6.003018,6.773099,9.117766,0.846183,4.670684,-0.453176,0.007419,0.000055,0.453236,-0.436400,-0.478070,0.041670,-0.298837,0.213853,0.005908,51.355790,-852.058685,112.839955,12.648269,7.210435,2.159394,2.290863,2.501555,2.642823,0.832176,4.634699,0.824871,0.018469,0.000341,0.825078,0.888196,0.796350,0.091847,0.613896,-0.225558,0.015312,170.188330,-293.407643,205.371749,13.001248,6.891471,5.147640,6.071449,6.418299,8.262612,0.855711,4.680006,1.000000
-2.234118,0.062377,0.003891,2.234989,-2.109500,-2.401000,0.291500,-0.121549,-0.272712,0.049451,1248.793537,-49.748919,556.292550,7.360141,6.775965,35.080820,13.824262,13.307116,6.453076,0.645627,4.320393,-9.591109,0.042754,0.001828,9.591204,-9.475100,-9.718600,0.243500,0.158109,0.076221,0.033869,22997.798987,-71.977629,2388.226450,10.240725,6.328875,15.714965,17.023285,19.604054,9.751094,0.736804,4.570886,-0.226262,0.063937,0.004088,0.235122,-0.065507,-0.342780,0.277273,0.430012,-0.601183,0.052981,13.820641,-50.583915,56.365881,6.329018,6.770044,36.485720,9.320130,6.856999,5.247447,0.570898,4.134120,9.850888,0.040684,0.001655,9.850972,9.958587,9.715775,0.242812,-0.162853,0.052773,0.032584,24260.413165,-73.558483,2452.910068,10.752778,6.127996,12.851357,16.198029,19.980993,9.971950,0.765148,4.584213,0.100773,0.898999,0.808199,0.904629,3.650400,-2.394000,6.044400,1.347486,3.604823,0.605615,204.588464,1.883378,147.402751,4.859891,5.596136,595.195961,143.594852,78.442476,41.953985,0.397989,3.933081,0.503312,2.070535,4.287115,2.130830,10.099000,-4.897000,14.996000,1.933273,5.740208,1.309138,1135.109407,1.222685,313.341368,4.346853,5.249873,1306.767010,252.415482,197.986581,52.809975,0.343893,3.799408,-0.508864,0.523901,0.274472,0.730353,1.008900,-1.853700,2.862600,0.360670,-0.026739,0.426283,133.353721,2.630964,153.392168,5.966774,5.908058,320.846333,143.531312,67.138966,29.293364,0.535233,4.196246,1.718157,1.714685,2.940143,2.427387,10.751713,0.098938,10.652776,2.943545,9.239153,1.030437,1473.051592,1.255083,427.943936,4.629234,5.463624,1158.154805,215.072301,173.211339,67.136566,0.415738,3.952051,-0.356954,0.011297,0.000128,0.357132,-0.333330,-0.395450,0.062120,-0.550818,0.346556,0.008812,31.885897,-508.584174,88.883355,11.420532,7.481945,4.371568,3.380357,3.062979,3.504598,0.802408,4.591425,-0.587675,0.018604,0.000346,0.587969,-0.555560,-0.642860,0.087300,-0.436028,-0.478100,0.015489,86.426878,-305.525056,146.333325,12.358163,6.873376,5.759256,6.400976,6.582478,7.491318,0.836559,4.656503,-0.452605,0.007307,0.000053,0.452664,-0.434210,-0.475880,0.041670,-0.104351,0.205593,0.005752,51.226250,-856.202696,112.702875,11.844159,7.461498,2.647685,2.236817,2.419613,2.158066,0.816647,4.619304,0.823314,0.017628,0.000311,0.823502,0.872887,0.791715,0.081173,0.656642,-0.038719,0.014270,169.539025,-338.126991,205.009871,12.300971,6.903522,5.404609,6.383023,6.015353,7.040968,0.830325,4.654008,1.000000
-2.213305,0.061838,0.003824,2.214169,-2.061300,-2.401000,0.339700,-0.210933,0.518238,0.048707,1225.635957,-41.313014,551.125150,7.104879,6.478756,31.945354,12.472692,13.728531,5.317154,0.588004,4.236114,-9.596000,0.040604,0.001649,9.596086,-9.465200,-9.718600,0.253400,0.163496,0.670538,0.030648,23021.218094,-70.435839,2389.424600,10.287515,6.498803,14.976521,15.201956,16.532779,9.340933,0.733749,4.536180,-0.178837,0.047897,0.002294,0.185140,-0.065507,-0.339520,0.274013,-0.216170,0.107492,0.038907,8.569203,-59.815937,44.472862,6.824777,6.873029,30.165631,8.210992,6.571552,5.324126,0.579090,4.231313,9.849884,0.038344,0.001470,9.849959,9.959059,9.715775,0.243284,-0.063330,0.485803,0.029776,24255.423254,-75.559327,2452.642930,10.789271,6.327539,12.356379,14.311178,17.181269,9.631820,0.742378,4.549347,0.087831,0.907569,0.823681,0.911809,3.650400,-2.394000,6.044400,1.325264,3.445248,0.621891,207.848888,1.892226,151.690749,4.873316,5.681801,600.913344,136.910761,79.620385,45.083179,0.421035,3.935204,0.442107,2.140177,4.580358,2.185364,10.099000,-4.897000,14.996000,1.865174,4.947759,1.390527,1193.954066,1.269112,327.841602,4.477062,5.411777,1285.613461,241.185465,208.548306,63.520298,0.366055,3.779000,-0.393481,0.489065,0.239184,0.627703,0.632120,-1.853700,2.485820,-0.172689,-0.522719,0.403942,98.502829,2.592406,125.698680,6.645171,6.361562,289.681862,115.402656,81.933149,40.163628,0.614159,4.288928,1.739199,1.725228,2.976412,2.449739,10.751713,0.212327,10.539386,2.877424,8.803176,1.079293,1500.305783,1.274600,432.304507,4.747975,5.549284,1194.032101,200.120563,190.431642,74.520410,0.430370,3.982788,-0.352324,0.009526,0.000091,0.352453,-0.333330,-0.380950,0.047620,-0.527648,-0.206736,0.007882,31.055812,-694.100394,87.734315,11.979273,7.313652,3.428034,3.305964,2.883240,3.561879,0.835233,4.650096,-0.589516,0.018095,0.000327,0.589793,-0.561510,-0.646830,0.085320,-0.552560,-0.299681,0.015235,86.964079,-317.797256,146.791650,12.067412,6.911010,5.759354,6.806222,6.401968,6.427759,0.810328,4.642080,-0.450333,0.007426,0.000055,0.450395,-0.432020,-0.475880,0.043860,-0.032010,0.014306,0.005940,50.713830,-816.794676,112.129400,11.278427,7.656302,3.068698,2.124330,2.048361,2.101649,0.791225,4.581656,0.821375,0.016694,0.000279,0.821544,0.873646,0.791715,0.081931,0.672279,0.183582,0.013637,168.733721,-338.793588,204.524241,11.984206,6.903374,5.340404,6.622231,5.826224,5.914946,0.826676,4.651566,1.000000
-2.233912,0.049791,0.002479,2.234467,-2.061300,-2.351500,0.290200,1.060963,1.802480,0.036476,1248.210944,-58.858849,556.289250,6.945526,6.523901,30.124602,8.892407,12.849344,4.352238,0.565385,4.259495,-9.592552,0.040817,0.001666,9.592639,-9.465200,-9.735400,0.270200,-0.222119,1.001241,0.030975,23004.681885,-67.595140,2388.551000,10.762734,6.450749,14.736208,15.256233,19.109070,12.354401,0.795077,4.627969,-0.205903,0.053016,0.002811,0.212618,-0.067453,-0.343640,0.276187,0.038898,-0.266061,0.042291,11.301634,-55.325902,51.263180,6.310366,6.613413,33.487965,9.767337,6.717775,4.959365,0.575489,4.204414,9.851660,0.039656,0.001573,9.851740,9.994555,9.739178,0.255377,0.337276,0.872642,0.029977,24264.194463,-70.846028,2453.078531,11.030248,6.319940,13.082327,14.541699,19.255498,12.086159,0.789037,4.618652,-0.215950,0.478457,0.228921,0.524934,1.249400,-1.692600,2.942000,0.159126,0.455480,0.378098,68.888964,2.245897,105.215847,6.549414,6.053704,312.723399,149.027154,78.357142,37.712931,0.545383,4.289162,0.582947,1.073224,1.151810,1.221326,3.676600,-1.678100,5.354700,0.413544,-0.257611,0.846262,372.909191,2.703452,238.703757,5.648785,5.983818,566.071345,166.056354,177.161821,38.304073,0.442500,3.970049,-0.226463,0.386704,0.149540,0.448136,0.632120,-1.433700,2.065820,-0.239472,-0.212767,0.313120,50.206392,2.130128,89.791790,7.245117,6.844533,238.948343,95.850452,59.183636,45.507068,0.621909,4.317021,1.224753,0.684103,0.467997,1.402861,3.689107,0.199852,3.489256,1.139376,0.855444,0.532977,492.004547,2.384016,305.590643,6.771171,6.446200,389.484552,146.727243,125.296760,48.912007,0.575063,4.230968,-0.353476,0.009393,0.000088,0.353600,-0.335400,-0.387160,0.051760,-0.531951,-0.084686,0.007721,31.258320,-641.871407,88.002460,11.865912,7.412168,3.462506,3.450653,2.781496,2.747468,0.788647,4.630312,-0.588611,0.019306,0.000373,0.588927,-0.553570,-0.646830,0.093260,-0.412129,-0.592990,0.016399,86.708892,-286.167733,146.545595,12.152371,7.111464,6.583728,6.731878,6.124440,6.505465,0.833897,4.645074,-0.452482,0.007823,0.000061,0.452550,-0.432020,-0.475880,0.043860,-0.014106,-0.023781,0.006225,51.200371,-799.850478,112.665545,11.009423,7.470324,3.429414,2.180371,2.356337,2.310525,0.774286,4.582304,0.822411,0.017635,0.000311,0.822600,0.873646,0.793002,0.080644,0.544995,-0.251856,0.014630,169.167583,-341.064977,204.759975,11.928653,7.096821,6.246425,6.372946,5.592764,5.928666,0.832133,4.644116,1.000000
-2.261258,0.037234,0.001386,2.261564,-2.158900,-2.351500,0.192600,0.099300,-0.178728,0.029678,1278.668074,-98.666558,563.046950,8.145156,6.537941,21.615215,9.847977,13.210035,3.971404,0.655270,4.429183,-9.587256,0.040681,0.001655,9.587342,-9.467000,-9.735400,0.268400,-0.350266,0.887988,0.031238,22979.283146,-69.223209,2387.268350,11.077221,6.230034,12.459461,17.481429,19.397291,12.305497,0.805595,4.634132,-0.237092,0.041583,0.001729,0.240711,-0.067453,-0.343640,0.276187,0.605695,1.807711,0.031714,14.485411,-65.566899,59.037879,6.945275,6.603894,26.472780,11.468745,6.158335,4.836875,0.632079,4.352110,9.853327,0.041264,0.001703,9.853413,9.994555,9.739178,0.255377,0.250403,0.514338,0.032217,24272.436630,-69.355287,2453.517405,11.142962,6.245505,12.484270,16.575374,20.117310,12.443873,0.772376,4.610556,-0.227098,0.470125,0.221018,0.522103,0.942340,-1.692600,2.634940,-0.032005,-0.094899,0.380407,68.147813,2.440791,105.216555,7.130692,6.290768,284.081342,160.070867,82.537994,44.918554,0.606485,4.334943,0.528881,1.027914,1.056606,1.155993,2.654500,-2.227300,4.881800,-0.179851,-0.525501,0.830164,334.080202,2.852177,240.800997,5.918876,6.045214,526.513410,187.595977,171.042711,46.142900,0.457014,4.000125,-0.319488,0.426831,0.182185,0.533158,0.858290,-1.447000,2.305290,-0.136231,-0.003178,0.339091,71.064270,2.383404,106.829442,6.795641,6.209706,284.599992,129.344704,63.299718,37.130488,0.586925,4.327178,1.241821,0.592494,0.351050,1.375925,2.783099,0.165776,2.617323,0.494344,-0.358493,0.483566,473.292285,3.119155,309.216049,7.090939,6.539715,363.466873,169.847325,121.645636,49.265908,0.623323,4.344465,-0.356258,0.010017,0.000100,0.356399,-0.335400,-0.387160,0.051760,-0.461219,-0.101012,0.008116,31.755082,-626.517265,88.705365,12.257555,7.391006,3.349457,3.257370,2.979099,3.095470,0.771258,4.600339,-0.587159,0.020030,0.000401,0.587500,-0.553570,-0.652780,0.099210,-0.530938,-0.334827,0.016968,86.289169,-261.066952,146.180575,12.345850,6.955006,6.120511,6.821305,7.123129,6.611404,0.781101,4.617313,-0.454403,0.007575,0.000057,0.454466,-0.436400,-0.484650,0.048250,-0.319323,0.738751,0.005819,51.634905,-721.001450,113.143555,11.593494,7.510465,3.179818,2.241694,2.492943,2.386362,0.822930,4.639398,0.823636,0.018460,0.000341,0.823843,0.886735,0.793002,0.093733,0.649744,0.148188,0.015075,169.679155,-283.836795,205.066819,12.329890,6.943337,5.694749,6.495179,6.686795,6.166817,0.800347,4.635123,1.000000
-2.280222,0.051388,0.002641,2.280801,-2.146500,-2.460000,0.313500,-0.634466,0.924666,0.039838,1300.513720,-50.912640,567.703700,8.182514,6.691142,29.638329,12.090205,16.638389,6.609357,0.646240,4.412861,-9.581682,0.041757,0.001744,9.581773,-9.467000,-9.723500,0.256500,-0.213403,0.567747,0.032456,22952.591489,-67.269895,2385.873600,11.041198,6.185823,11.920577,19.009651,19.985401,11.167774,0.791267,4.621253,-0.248875,0.037208,0.001384,0.251641,-0.162070,-0.342540,0.180470,0.006263,-0.423692,0.029847,15.830818,-105.578683,61.968235,7.486804,6.600921,20.529157,11.316786,5.592771,4.447944,0.620539,4.323306,9.852611,0.042548,0.001810,9.852702,9.981042,9.741093,0.239949,0.114153,0.165438,0.033891,24268.936028,-72.854390,2453.316767,10.839230,6.256987,14.108724,17.989649,20.522150,11.622648,0.801167,4.630677,-0.060167,0.566028,0.320388,0.569217,1.870200,-1.543200,3.413400,0.568067,0.749683,0.432036,81.001938,2.305639,108.667436,7.286053,6.444300,344.504839,193.107866,103.114173,56.642649,0.618438,4.363727,0.340200,1.111707,1.235893,1.162596,3.295200,-2.227300,5.522500,-0.008886,-0.778671,0.938155,337.907387,2.660687,244.592143,7.104170,6.478204,552.735307,217.352005,223.004732,100.761397,0.560031,4.191973,-0.275360,0.782116,0.611705,0.829173,3.367400,-2.279500,5.646900,1.670249,5.222706,0.521103,171.882127,1.703722,150.984701,6.668004,6.740727,537.344867,143.341538,106.655962,84.396335,0.598114,4.272940,1.377654,0.682081,0.465234,1.537259,4.132570,0.165776,3.966794,1.035826,1.686356,0.515641,590.791452,2.425028,342.162488,7.492680,6.523464,423.822502,207.815487,146.508041,87.065049,0.648908,4.421160,-0.359091,0.010025,0.000101,0.359231,-0.335400,-0.385090,0.049690,-0.376520,-0.614461,0.008414,32.261648,-660.665787,89.402060,12.199558,7.375356,3.594244,3.578422,3.109160,3.163180,0.834576,4.659704,-0.585754,0.019094,0.000365,0.586065,-0.553570,-0.652780,0.099210,-0.498718,-0.261355,0.016323,85.868119,-266.031621,145.845280,12.466068,6.948477,5.482983,7.144179,6.162262,6.330490,0.818167,4.627754,-0.454579,0.007354,0.000054,0.454638,-0.434210,-0.484650,0.050440,-0.218092,0.713876,0.005654,51.674027,-705.986231,113.185310,12.039316,7.517673,2.735322,2.337953,2.279482,2.317956,0.836600,4.648866,0.823952,0.017826,0.000318,0.824145,0.886735,0.795022,0.091713,0.642037,0.122441,0.014832,169.803795,-296.865143,205.151200,12.384362,6.973794,5.297069,6.968789,5.803576,5.673767,0.817803,4.639823,1.000000
-2.324678,0.065912,0.004344,2.325612,-2.146500,-2.485600,0.339100,-0.119029,-0.604239,0.054879,1352.117585,-40.001069,578.781100,7.174421,6.566885,39.835571,14.811095,15.682549,5.207891,0.606638,4.312334,-9.569620,0.046775,0.002188,9.569735,-9.406700,-9.723500,0.316800,0.089637,1.144422,0.035523,22894.955619,-52.689824,2382.851350,10.498667,6.072078,14.159564,22.690260,21.814089,9.866899,0.747815,4.577709,-0.279590,0.046296,0.002143,0.283397,-0.165590,-0.435940,0.270350,-0.259679,0.388566,0.036950,20.078483,-61.171723,69.624075,6.936578,6.420704,28.516884,11.558112,6.704504,4.324467,0.570162,4.273489,9.852232,0.046199,0.002134,9.852340,9.981042,9.686106,0.294936,-0.209308,0.856369,0.035041,24267.151687,-57.896369,2453.206124,10.572425,5.984883,14.055311,21.247439,22.531172,10.189806,0.730309,4.573427,-0.058332,0.626228,0.392162,0.628939,1.870200,-1.813000,3.683200,0.408311,0.619388,0.472892,98.891061,2.440847,119.571108,6.959991,6.182115,399.481385,200.424459,105.253201,45.203960,0.568587,4.314767,0.369734,1.274491,1.624327,1.327038,3.295200,-2.639200,5.934400,-0.085367,-0.790760,1.077113,440.257528,2.684505,279.688392,6.209881,6.157049,671.864673,251.071493,223.609286,86.895914,0.527099,4.134614,-0.236962,0.868433,0.754177,0.900182,3.367400,-2.279500,5.646900,1.107831,2.733935,0.617622,202.581922,2.060148,167.315831,6.640945,6.694299,524.868597,166.105148,99.416888,79.902950,0.548330,4.169712,1.553615,0.743777,0.553203,1.722476,4.132570,0.283212,3.849358,0.681444,0.160569,0.598881,741.730511,2.699751,387.361374,6.925909,6.372660,462.743803,200.903110,140.514755,65.199698,0.611528,4.331697,-0.359430,0.009943,0.000099,0.359568,-0.339540,-0.385090,0.045550,-0.314162,-0.687219,0.008279,32.322226,-711.731596,89.497290,11.557805,7.641401,4.187299,2.635220,2.628388,3.032008,0.760957,4.569033,-0.582738,0.018548,0.000344,0.583033,-0.551590,-0.632940,0.081350,-0.450914,-0.603498,0.015671,84.981898,-328.199803,145.072395,12.403815,6.939882,6.136904,5.998504,5.911676,7.105207,0.795725,4.627714,-0.457527,0.007443,0.000055,0.457587,-0.434210,-0.478070,0.043860,-0.118929,0.183903,0.005860,52.346508,-814.098432,113.920035,11.597682,7.388798,2.927869,2.235396,2.142126,2.533607,0.797945,4.602702,0.823594,0.017171,0.000295,0.823773,0.875526,0.793614,0.081912,0.613438,-0.046703,0.014299,169.650632,-336.298955,205.051473,12.121339,6.941869,5.873624,6.092545,5.341916,6.355284,0.818527,4.637125,1.000000
-2.367172,0.054083,0.002925,2.367789,-2.231800,-2.497800,0.266000,-0.079526,-0.580949,0.044760,1401.606599,-57.139128,589.434700,7.224737,6.587023,32.447208,11.771573,10.105664,5.366911,0.623628,4.314518,-9.558695,0.044279,0.001961,9.558797,-9.406700,-9.702400,0.295700,-0.116079,1.519895,0.032842,22842.651726,-59.326631,2380.065250,10.307595,6.103238,15.328769,19.032057,19.386719,10.011397,0.738725,4.553561,-0.326678,0.050679,0.002568,0.330586,-0.184220,-0.447390,0.263170,0.060914,-0.400673,0.041369,27.321798,-60.535267,81.390355,6.725151,6.372454,32.663378,10.822898,7.193211,4.547388,0.569137,4.246901,9.853137,0.044770,0.002004,9.853239,9.996632,9.686106,0.310526,-0.210488,1.267010,0.033166,24271.580123,-54.764631,2453.386705,10.259753,6.193136,16.475961,17.880849,19.651003,10.306372,0.722130,4.544216,-0.146803,0.637024,0.405799,0.653720,1.638800,-2.019700,3.658500,-0.192151,0.128767,0.505452,106.837613,2.491122,129.589820,6.710774,6.028522,392.188399,210.733539,75.102428,46.153493,0.565416,4.260899,0.402929,1.313957,1.726482,1.374348,4.164800,-2.639200,6.804000,0.106365,-0.381935,1.074126,472.208342,2.464108,277.422825,5.277020,5.846980,820.200526,217.543871,163.407712,57.308032,0.462945,4.028388,-0.330366,0.714484,0.510487,0.787165,1.602600,-2.129200,3.731800,-0.115593,-0.227018,0.576157,154.907084,2.841216,153.250332,5.493758,5.640906,508.995236,147.417880,66.250289,37.537041,0.455591,4.107661,1.528777,0.773726,0.598652,1.713421,4.323862,0.201372,4.122490,0.945645,0.811800,0.612526,733.953040,2.568268,379.617188,5.957233,5.898401,486.079347,192.966883,126.220172,42.301885,0.512857,4.196762,-0.359786,0.010148,0.000103,0.359929,-0.339540,-0.399590,0.060050,-0.665553,0.865833,0.008103,32.387286,-539.328587,89.584250,12.146058,7.545762,4.051315,2.852367,2.986394,3.516674,0.807182,4.632616,-0.579190,0.018686,0.000349,0.579492,-0.547620,-0.640870,0.093250,-0.773482,0.243471,0.015092,83.952627,-290.461822,144.223155,12.655301,6.841251,5.580876,6.170185,6.796728,7.268040,0.819398,4.653094,-0.462386,0.007695,0.000059,0.462450,-0.440790,-0.486840,0.046050,-0.039083,-0.046892,0.006104,53.465072,-742.416716,115.142620,11.396537,7.453837,2.997522,2.379330,2.304026,2.251332,0.781676,4.586906,0.823960,0.017591,0.000309,0.824148,0.883918,0.793614,0.090304,0.929899,0.869741,0.013794,169.804985,-304.164114,205.173178,12.630401,6.852107,5.273928,6.105235,6.357433,6.743849,0.815113,4.660495,1.000000
-2.364874,0.053149,0.002825,2.365471,-2.219600,-2.497800,0.278200,0.023971,-0.249726,0.043023,1398.863471,-55.681990,588.841700,7.298154,6.613373,30.382523,12.226408,9.676712,5.249782,0.607616,4.279867,-9.557483,0.043172,0.001864,9.557580,-9.456200,-9.714000,0.257800,-0.699570,0.960278,0.032876,22836.835324,-67.385839,2379.822050,10.388240,6.303133,16.730358,17.802466,18.690929,11.404081,0.760376,4.604836,-0.333133,0.050848,0.002586,0.336991,-0.185790,-0.447390,0.261600,0.521024,-0.129380,0.041472,28.390773,-63.241252,82.955155,6.568791,6.364472,31.788859,11.383073,6.986816,3.996428,0.560815,4.240282,9.851616,0.044945,0.002020,9.851719,10.015278,9.739159,0.276119,0.373090,0.679513,0.034281,24264.089568,-62.004245,2453.058371,10.146893,6.461688,19.139130,16.810468,18.611980,11.656141,0.760297,4.588988,-0.156377,0.707617,0.500722,0.724690,2.208000,-2.019700,4.227700,0.232119,0.329435,0.554588,131.293870,2.463479,143.180169,6.258707,5.793323,450.282686,222.457840,91.682904,52.757197,0.523135,4.236846,0.471458,1.191356,1.419329,1.281250,4.164800,-2.624000,6.788800,0.197395,0.007707,0.939269,410.400252,2.328183,253.113243,5.247738,5.560469,686.264377,222.048806,156.617678,44.897874,0.417078,3.967392,-0.398041,0.802466,0.643952,0.895761,1.965500,-2.661300,4.626800,-0.074430,0.659397,0.608495,200.597087,2.489941,172.606023,5.426014,5.517498,541.311740,170.219223,67.407276,40.838569,0.456765,4.089308,1.522141,0.807621,0.652252,1.723126,4.323862,0.201372,4.122490,0.924824,0.643285,0.639496,742.291209,2.645968,379.453382,6.340640,6.246683,513.396875,165.591106,134.551895,57.131086,0.575127,4.222730,-0.361045,0.009946,0.000099,0.361182,-0.343690,-0.399590,0.055900,-0.749506,0.813869,0.008081,32.613096,-591.805858,89.908235,12.374299,7.370468,3.353712,3.338424,3.325575,3.109274,0.819891,4.646732,-0.579182,0.018858,0.000356,0.579489,-0.547620,-0.640870,0.093250,-0.771534,0.340325,0.015281,83.951984,-290.316832,144.229140,12.497044,6.979837,5.852146,5.988550,6.364575,6.880054,0.771607,4.615377,-0.462685,0.007316,0.000054,0.462742,-0.442980,-0.486840,0.043860,-0.044666,-0.004156,0.005810,53.532621,-833.182870,115.211700,11.249352,7.616539,3.175671,2.163172,2.045118,2.044570,0.800975,4.608286,0.824676,0.017327,0.000300,0.824858,0.883918,0.795470,0.088448,0.944460,0.879125,0.013559,170.097701,-311.299975,205.358706,12.855000,6.841798,4.867508,5.558951,6.077391,6.363013,0.794096,4.617912,1.000000
-2.360929,0.114060,0.013010,2.363682,-2.123200,-2.762500,0.639300,-0.939334,1.604757,0.082742,1396.748594,-13.874237,587.916100,5.385162,6.073160,62.500902,16.477160,14.836330,4.844566,0.466637,3.957964,-9.554768,0.066244,0.004388,9.554998,-9.345700,-9.949200,0.603500,-0.943133,5.277802,0.047426,22824.494941,-21.976809,2379.041200,9.181935,6.231422,32.265932,30.122790,24.182927,13.017781,0.746307,4.587209,-0.343378,0.114880,0.013197,0.362085,-0.140900,-0.852140,0.711240,-1.685093,4.486237,0.079297,32.776418,-12.844290,85.558730,4.706109,5.430831,79.170585,14.547520,7.759878,5.121884,0.408223,3.929837,9.849431,0.069246,0.004795,9.849674,10.331349,9.626913,0.704436,1.939113,11.312204,0.046678,24254.019954,-19.233927,2452.428684,8.846051,6.299385,37.255415,29.904009,24.339138,13.006982,0.751636,4.589658,-0.203931,1.549544,2.401086,1.562906,6.676800,-4.254500,10.931300,0.685501,3.309561,1.028274,610.668419,1.580351,263.737041,4.677865,4.936556,1133.708519,301.296050,114.866959,52.960095,0.395015,4.010750,-0.063405,3.867771,14.959655,3.868291,11.518000,-19.069000,30.587000,-1.482515,6.844360,2.248450,3740.918918,0.801126,552.572432,5.019666,5.959633,2445.147129,496.419859,334.014168,192.299483,0.478064,3.970859,-0.425596,2.340364,5.477305,2.378747,6.331800,-10.585000,16.916800,-1.317654,5.002906,1.440270,1414.609274,1.228662,363.578907,4.084745,5.204253,1587.424036,250.195745,129.674191,75.612003,0.373382,3.801894,3.222149,3.561256,12.682542,4.802581,22.253793,0.101572,22.152220,2.705838,8.895934,2.365339,5766.196610,0.940445,798.927244,4.734400,5.633944,2399.821420,501.594009,283.368337,137.888290,0.442835,3.963540,-0.370104,0.014152,0.000200,0.370374,-0.341610,-0.409940,0.068330,-0.332503,-0.488642,0.011704,34.294247,-423.006774,92.169800,10.232080,7.805042,5.722997,3.328858,3.095819,2.837158,0.733327,4.448164,-0.578230,0.020686,0.000428,0.578600,-0.531750,-0.646830,0.115080,-0.415130,0.278082,0.016749,83.694592,-217.944686,143.991140,11.888908,7.482333,8.091497,6.832639,6.493709,6.095427,0.841582,4.650718,-0.457588,0.013039,0.000170,0.457774,-0.423250,-0.497810,0.074560,0.200562,0.017373,0.010285,52.389201,-398.060673,113.946340,9.845465,8.123627,5.631073,2.211302,2.376890,2.297268,0.722346,4.386818,0.825357,0.017284,0.000299,0.825537,0.883453,0.796550,0.086903,0.769344,0.505171,0.013696,170.378040,-315.083229,205.532347,12.681728,7.077341,5.243836,6.386937,5.997298,5.436050,0.851554,4.665693,1.000000
-2.361948,0.138002,0.019044,2.365976,-2.101300,-2.775800,0.674500,-0.745542,0.528694,0.105621,1399.460225,-9.937075,588.102800,5.198432,5.635792,85.623587,24.096910,19.006485,6.010780,0.439390,4.029748,-9.555220,0.085036,0.007231,9.555599,-9.315800,-9.949200,0.633400,-0.641232,2.112681,0.063909,22827.367001,-17.038896,2379.253750,8.409395,5.899282,43.903064,38.556955,23.869037,15.126447,0.675955,4.492179,-0.397218,0.124478,0.015495,0.416265,-0.140900,-0.852140,0.711240,-0.532740,1.070628,0.097372,43.319180,-10.335039,98.844080,4.862406,5.396860,85.205864,19.085161,8.335992,6.265688,0.415179,3.962151,9.852538,0.089891,0.008080,9.852948,10.331349,9.626913,0.704436,1.032259,3.662051,0.066570,24270.146406,-14.767005,2453.279065,8.097771,5.921953,49.828902,38.135944,24.242280,14.706117,0.660048,4.470584,-0.228132,1.771982,3.139919,1.786607,6.676800,-4.254500,10.931300,0.531366,1.239641,1.321104,797.990754,1.774492,333.971225,4.553859,4.804049,1282.202739,344.024117,126.724958,51.447363,0.364899,3.970909,0.559935,4.560904,20.801846,4.595147,11.518000,-19.069000,30.587000,-0.897466,3.344022,3.007028,5278.843260,0.912813,764.195922,3.922601,4.539014,2743.254904,606.981670,293.161630,80.614278,0.304571,3.747062,-0.321044,3.107156,9.654419,3.123698,10.690000,-10.585000,21.275000,-0.158926,2.105482,2.223591,2439.371908,1.156068,552.820639,3.423846,4.032961,2212.709641,348.690953,131.873354,47.853213,0.253073,3.685694,4.553178,3.651492,13.333394,5.836508,22.253793,0.101572,22.152220,1.869862,5.004352,2.747409,8516.205922,1.086592,1137.766460,4.186426,4.689647,2517.409656,587.032940,255.082761,87.196766,0.344205,3.882824,-0.371139,0.035722,0.001276,0.372854,-0.339540,-0.881990,0.542450,-11.686317,164.380948,0.014771,34.755043,-49.696379,92.430700,12.188064,7.310823,14.605029,12.826950,13.825731,13.726754,0.970398,4.789764,-0.575405,0.021184,0.000449,0.575795,-0.531750,-0.648810,0.117060,-0.540670,0.374710,0.017167,82.884916,-213.143613,143.297680,12.146138,7.514864,8.047242,6.895808,6.252362,6.864740,0.825688,4.650450,-0.461316,0.014620,0.000214,0.461548,-0.423250,-0.497810,0.074560,0.484691,-0.318635,0.011879,53.256580,-387.095745,114.860830,9.573623,8.112005,6.106914,2.333516,2.462827,2.309002,0.715634,4.353646,0.826354,0.026932,0.000725,0.826793,1.141356,0.793691,0.347666,6.582552,72.603897,0.015649,170.896538,-73.397933,205.781612,12.820758,6.850753,7.734789,10.068746,10.673222,10.907508,0.893030,4.721982,1.000000
-2.347976,0.092856,0.008622,2.349811,-2.101300,-2.775800,0.674500,-1.032580,4.614962,0.062347,1380.403376,-16.815946,584.713450,6.132727,5.811263,62.240851,21.349082,20.008667,5.851492,0.509305,4.231806,-9.556738,0.069794,0.004871,9.556993,-9.315800,-9.849200,0.533400,-0.420873,2.162781,0.051243,22834.028094,-24.126506,2379.679200,8.907173,5.900046,32.775480,30.955262,22.560697,12.838433,0.682860,4.494629,-0.455679,0.076468,0.005847,0.462051,-0.185800,-0.601220,0.415420,1.158360,1.324526,0.059139,53.372697,-30.736545,113.575875,6.536901,6.390720,50.767944,18.876116,9.350861,6.401198,0.589591,4.273657,9.852198,0.073521,0.005405,9.852473,10.156366,9.647360,0.509006,0.384724,1.436833,0.054377,24267.804167,-24.082677,2453.267377,8.544847,5.948069,37.531899,30.110563,22.302476,12.349656,0.654897,4.469106,-0.134386,1.065057,1.134346,1.073501,3.167800,-3.335300,6.503100,0.120250,1.473854,0.755490,288.101356,2.119547,189.346432,5.419316,5.265275,706.972895,263.649035,108.281456,51.055365,0.439145,4.092180,1.011931,2.584978,6.682111,2.775989,10.648000,-7.231100,17.879100,1.118075,2.721115,1.822176,1926.528631,1.227860,447.513445,5.867583,6.002557,1752.289642,601.701013,318.486608,174.646563,0.531654,4.193786,-0.324656,2.160008,4.665633,2.184270,10.690000,-7.191600,17.881600,1.364990,7.557765,1.290383,1192.758707,1.094918,344.344689,4.155930,4.565671,1559.810950,345.668417,118.835201,52.947397,0.328167,3.875036,2.765869,2.445307,5.979526,3.691823,12.416288,0.204959,12.211330,1.659922,2.472525,1.814060,3407.388694,1.550198,685.936407,6.250944,6.349510,1569.351531,541.487098,233.767099,179.192614,0.560164,4.189260,-0.357998,0.047862,0.002291,0.361183,0.165630,-0.881990,1.047620,-0.014539,111.777111,0.012066,32.613240,-14.534456,89.466250,12.596602,7.219504,16.472898,16.602074,17.354784,17.782243,0.853269,4.703298,-0.574294,0.019402,0.000376,0.574621,-0.545630,-0.648810,0.103180,-0.841594,0.858809,0.015767,82.547454,-260.896213,143.005990,12.777076,7.028782,5.695511,6.582153,6.658904,7.105958,0.820119,4.650039,-0.470413,0.008313,0.000069,0.470486,-0.445180,-0.493420,0.048240,-0.157804,0.492913,0.006429,55.339307,-711.901701,117.144845,11.410642,7.624324,3.602336,2.110849,2.718527,2.481201,0.814532,4.615762,0.825401,0.026701,0.000713,0.825833,1.141356,0.793691,0.347666,6.829794,76.181202,0.015293,170.500001,-73.944403,205.534791,12.718402,6.914663,8.143587,9.479900,10.907997,10.717422,0.894273,4.724003,1.000000
-2.341570,0.048330,0.002336,2.342069,-2.209100,-2.462900,0.253800,0.060407,-0.207291,0.038546,1371.321467,-62.764612,583.026000,8.154725,6.364713,28.224432,11.773371,16.050896,5.760726,0.645797,4.412023,-9.556426,0.043791,0.001918,9.556526,-9.434200,-9.703400,0.269200,0.038984,0.266396,0.034089,22831.796971,-65.064362,2379.548300,10.868951,6.238358,13.635026,17.229422,20.844925,10.699270,0.766891,4.582679,-0.489565,0.033640,0.001132,0.490719,-0.389620,-0.581410,0.191790,0.319871,0.273614,0.026412,60.201266,-105.641773,121.888225,8.317910,6.488883,18.566140,11.986241,6.920823,5.017384,0.644105,4.418904,9.851467,0.043412,0.001885,9.851562,9.972997,9.724124,0.248873,-0.229265,0.187560,0.033052,24263.319704,-69.916713,2453.006839,10.725396,6.381166,14.635996,16.418871,20.011449,10.782964,0.750411,4.575530,-0.055734,0.429651,0.184600,0.433251,1.123200,-1.754900,2.878100,-0.490169,1.128455,0.329550,46.926603,1.941777,82.248068,7.535647,6.009618,248.941110,160.679366,91.081060,46.751742,0.616390,4.370605,0.470725,1.088741,1.185357,1.186145,3.569800,-2.044200,5.614000,0.225677,-0.031635,0.858129,351.734733,2.629824,230.801392,6.682870,5.966102,576.579047,252.898988,238.869486,81.776537,0.535914,4.196144,-0.405128,0.419286,0.175801,0.583035,0.869440,-1.507800,2.377240,0.089394,-0.089455,0.335913,84.982355,2.229805,119.820291,7.193352,6.344008,275.448594,127.653086,86.892527,43.371466,0.634185,4.393520,1.228664,0.651889,0.424959,1.390890,3.721607,0.204959,3.516648,1.148976,1.519966,0.501499,483.643690,2.431899,305.483565,7.414724,6.361339,408.333996,189.471844,166.878945,66.445490,0.635917,4.398524,-0.352987,0.034056,0.001160,0.354627,0.165630,-0.393370,0.559000,14.103456,212.130424,0.009301,31.439998,-49.967076,88.230300,12.665009,7.136703,12.099240,12.949466,12.990021,14.034533,0.977464,4.799364,-0.573675,0.018786,0.000353,0.573983,-0.545630,-0.644840,0.099210,-0.869646,0.735198,0.015215,82.363999,-272.413840,142.855275,12.129610,6.875942,5.628934,7.768948,6.199916,6.503520,0.832788,4.654994,-0.473746,0.006830,0.000047,0.473795,-0.453950,-0.493420,0.039470,-0.394650,0.152839,0.005388,56.120460,-917.222967,117.960605,11.698648,7.207065,2.708620,2.399563,2.363864,2.239226,0.815678,4.657316,0.824266,0.016855,0.000284,0.824438,0.883607,0.794475,0.089131,0.894572,0.941535,0.013231,169.924457,-308.898485,205.250924,12.136481,6.828779,5.166786,7.037858,5.484791,6.397749,0.836903,4.669376,1.000000
-2.353358,0.045463,0.002067,2.353797,-2.234000,-2.450600,0.216600,0.069468,-0.562209,0.037247,1385.090663,-79.063093,585.985200,8.162421,6.452626,27.174764,10.486429,15.388132,5.382224,0.668959,4.422958,-9.553484,0.041489,0.001721,9.553574,-9.435000,-9.692100,0.257100,-0.208458,0.373443,0.032444,22817.696372,-67.804026,2378.831500,10.745309,6.267830,12.858465,18.827996,18.667126,9.308973,0.766770,4.594587,-0.492499,0.029262,0.000856,0.493367,-0.416490,-0.569250,0.152760,0.068683,-0.246628,0.023833,60.852797,-141.316219,122.627060,8.326757,6.634129,16.553840,10.213433,6.342712,4.902613,0.683743,4.459371,9.851543,0.040637,0.001651,9.851627,9.984020,9.734678,0.249342,0.137965,0.279365,0.031605,24263.639832,-72.965829,2453.047037,10.803667,6.328795,13.542277,17.529197,18.648076,9.484932,0.778902,4.611354,-0.072443,0.367937,0.135378,0.375001,1.123200,-0.982350,2.105550,0.131887,0.103150,0.292301,35.156480,1.958341,74.252145,7.957592,6.226062,202.284209,147.972618,91.994493,42.067882,0.660925,4.441194,0.349230,1.019068,1.038500,1.077247,2.898600,-2.074800,4.973400,-0.067816,-0.268853,0.806693,290.115231,2.851064,214.897652,6.319167,5.863783,577.216598,208.377744,261.345700,45.365823,0.485459,4.146915,-0.336944,0.400567,0.160454,0.523436,0.781350,-1.309100,2.090450,0.273893,-0.486579,0.329656,68.496376,2.206473,110.269503,7.380217,6.506900,259.446672,105.871802,91.389477,40.183733,0.612560,4.375143,1.129819,0.546426,0.298581,1.255019,3.000959,0.224880,2.776079,0.863477,0.606608,0.429463,393.768087,2.573243,281.148072,8.383975,6.634612,308.862912,174.792665,163.115641,62.167805,0.698489,4.470105,-0.354503,0.009326,0.000087,0.354626,-0.335400,-0.393370,0.057970,-0.642515,0.576234,0.007442,31.439839,-570.522327,88.274815,12.483503,7.226323,2.929280,3.339291,2.831561,3.480922,0.843586,4.660470,-0.572548,0.018641,0.000347,0.572851,-0.543650,-0.634920,0.091270,-0.741836,0.288027,0.015443,82.039655,-296.229528,142.586385,12.722065,6.881943,4.774601,6.345183,5.827166,7.121575,0.821785,4.618063,-0.474833,0.006194,0.000038,0.474874,-0.460530,-0.497810,0.037280,-0.263987,0.223471,0.004898,56.376300,-990.324322,118.235785,11.483670,7.362746,2.683141,2.053260,1.822401,2.193673,0.843065,4.657706,0.824106,0.016503,0.000272,0.824271,0.880742,0.794643,0.086099,0.764159,0.498108,0.013396,169.855793,-320.485585,205.220512,12.461748,6.866277,4.589195,6.084672,5.110890,6.323353,0.831121,4.637315,1.000000
-2.364882,0.037789,0.001428,2.365183,-2.269500,-2.475300,0.205800,-0.149212,-0.170680,0.029756,1398.523245,-93.609184,588.847650,8.624934,6.497419,20.826326,9.659357,15.859572,3.846896,0.644254,4.452447,-9.548679,0.040718,0.001658,9.548766,-9.435000,-9.705800,0.270800,-0.577444,1.238345,0.030976,22794.731202,-67.581777,2377.672000,10.598237,6.089581,12.788896,18.789177,17.614688,9.635404,0.736368,4.570195,-0.507478,0.033415,0.001117,0.508577,-0.426230,-0.618010,0.191780,-0.380334,0.267193,0.026126,64.662537,-105.656956,126.341400,8.407343,6.762765,18.908184,10.344750,7.203874,5.136119,0.689338,4.456178,9.850380,0.041029,0.001683,9.850465,10.024407,9.734678,0.289729,0.624587,1.337538,0.031305,24257.916984,-62.141154,2452.790810,10.643245,6.128150,12.959251,18.289749,18.971878,9.506063,0.746945,4.580836,-0.148937,0.357877,0.128076,0.387631,0.927240,-0.942690,1.869930,0.323937,0.072250,0.281035,37.564496,1.980430,78.007436,8.036262,6.200466,199.141562,165.037167,78.774905,37.631602,0.668277,4.457933,0.230053,0.845787,0.715355,0.876516,2.532400,-2.074800,4.607200,-0.115430,0.345794,0.645839,192.069878,2.625386,170.251863,6.838944,6.007850,449.803575,184.745750,245.036699,45.601998,0.511120,4.191018,-0.358708,0.413316,0.170830,0.547267,0.781350,-1.610500,2.391850,0.286266,0.155346,0.323154,74.875412,2.143360,116.263145,7.171920,6.428674,275.223204,99.203383,87.278111,41.421669,0.624494,4.361215,1.003187,0.460060,0.211655,1.103648,2.578530,0.212723,2.365808,0.966284,0.924942,0.346425,304.509786,2.143536,250.163936,8.702217,6.978038,277.180969,121.568309,149.071414,73.007764,0.726058,4.510750,-0.355182,0.009035,0.000082,0.355297,-0.335400,-0.380950,0.045550,-0.416123,-0.437560,0.007482,31.558999,-732.536430,88.443570,12.557310,7.317939,2.663217,3.082835,2.387053,3.125328,0.799879,4.607279,-0.571111,0.018497,0.000342,0.571411,-0.539680,-0.640870,0.101190,-0.759510,0.749243,0.015264,81.627526,-266.170383,142.204380,12.583539,6.830403,4.893685,6.279656,5.951761,6.949792,0.794462,4.599802,-0.475588,0.006471,0.000042,0.475632,-0.460530,-0.497810,0.037280,-0.260470,0.113265,0.005118,56.556397,-983.697010,118.418870,11.386863,7.172198,2.347420,2.397946,1.928867,2.037124,0.769434,4.600370,0.823832,0.016500,0.000272,0.823997,0.887782,0.792861,0.094921,0.768711,1.097885,0.013364,169.742922,-290.094048,205.132575,12.334511,6.861007,4.684491,6.160387,5.210344,6.368391,0.809194,4.627868,1.000000
-2.340074,0.047479,0.002254,2.340556,-2.209400,-2.475300,0.265900,0.223813,0.065248,0.037717,1369.550614,-63.008583,582.640200,8.049025,6.847831,27.072295,9.941568,13.870737,5.859595,0.691315,4.416648,-9.554058,0.044464,0.001977,9.554162,-9.422000,-9.705800,0.283800,-0.254948,0.592743,0.034464,22820.502235,-60.923911,2378.968800,11.147196,6.342411,14.191124,16.453845,20.125404,13.096923,0.771263,4.596307,-0.518186,0.034865,0.001216,0.519358,-0.428780,-0.630170,0.201390,-0.174053,0.229691,0.027310,67.433190,-96.419564,129.055865,8.583785,6.718023,19.429055,11.449639,8.030796,5.113610,0.683692,4.454786,9.850278,0.044379,0.001970,9.850378,10.024407,9.712299,0.312108,0.179083,0.908286,0.033745,24257.486039,-54.208476,2452.719419,11.255371,6.265887,13.709809,16.418021,20.610238,13.303138,0.785079,4.603563,-0.125091,0.447167,0.199958,0.464334,1.336300,-1.251600,2.587900,0.616567,0.753708,0.342577,53.901530,2.208769,90.293220,7.533696,6.293648,263.257503,159.797229,99.955802,45.051064,0.628405,4.403367,0.342700,0.990077,0.980253,1.047710,5.095300,-1.556100,6.651400,1.517040,4.549331,0.704958,274.423993,1.916692,182.723179,6.125319,5.814005,616.123342,218.445246,202.282821,63.502674,0.523896,4.204956,-0.471687,0.398204,0.158567,0.617297,0.756820,-1.610500,2.367320,0.280622,-0.008623,0.322876,95.263918,2.059680,131.396554,7.051430,6.284487,269.896830,104.678561,75.862794,46.193305,0.601882,4.365043,1.123993,0.656505,0.430999,1.301675,5.122130,0.212723,4.909407,2.912227,12.535462,0.415306,423.589440,1.352761,279.641579,6.916879,6.698175,459.833371,145.313534,119.222331,67.678370,0.620006,4.342930,-0.355985,0.009145,0.000084,0.356103,-0.339540,-0.387160,0.047620,-0.436761,-0.266677,0.007582,31.702293,-703.153432,88.644360,12.771636,6.935534,2.396270,3.150769,2.890906,3.115663,0.793900,4.605876,-0.572865,0.019755,0.000390,0.573206,-0.539680,-0.644840,0.105160,-0.815989,0.985817,0.015942,82.141158,-249.814655,142.661700,12.680275,6.959163,5.480220,6.720730,7.215609,7.027963,0.821344,4.648895,-0.475193,0.006757,0.000046,0.475241,-0.460530,-0.493420,0.032890,-0.267512,-0.254202,0.005492,56.463502,-1135.186881,118.323460,11.971924,7.334517,2.367505,2.441331,2.118364,2.285607,0.833198,4.654265,0.825173,0.017832,0.000318,0.825365,0.889865,0.792861,0.097004,0.956597,1.510048,0.014015,170.306953,-283.599117,205.482684,12.671978,6.979473,5.023919,6.251997,6.530221,6.389046,0.845418,4.660179,1.000000
-2.301414,0.039978,0.001598,2.301762,-2.209400,-2.414800,0.205400,-0.294421,-0.346029,0.032333,1324.526623,-92.489546,573.082500,8.120709,6.912425,23.766680,9.786174,10.810629,5.548581,0.667081,4.431337,-9.561404,0.044315,0.001964,9.561506,-9.422000,-9.691800,0.269800,0.125359,0.381496,0.034500,22855.600660,-65.367084,2380.828350,11.398502,6.246896,11.660566,16.585528,20.653951,13.536975,0.769151,4.584692,-0.526718,0.032896,0.001082,0.527744,-0.428780,-0.630170,0.201390,0.153426,0.502885,0.025669,69.628367,-101.526034,131.076515,8.738155,6.683947,17.282651,11.709293,6.926996,5.594688,0.688663,4.449584,9.848712,0.043453,0.001888,9.848808,9.961026,9.712299,0.248728,-0.249984,0.377324,0.033669,24249.755649,-69.894983,2452.369868,11.457955,6.212490,11.313567,16.487988,19.763390,13.718310,0.781032,4.586355,-0.105882,0.416626,0.173577,0.429870,1.336300,-1.251600,2.587900,0.567836,1.273012,0.311736,46.197070,2.016404,81.952272,7.741119,6.482703,234.448821,140.764407,93.775687,44.188061,0.668441,4.411094,0.238047,0.975649,0.951891,1.004270,5.095300,-1.556100,6.651400,1.746616,5.556756,0.693865,252.139351,1.831615,173.814013,5.927167,5.845510,633.692621,197.844724,183.625243,57.712942,0.523333,4.192670,-0.474527,0.352749,0.124432,0.591277,0.443580,-1.601000,2.044580,-0.022624,-0.322967,0.292959,87.402093,1.745409,124.972854,7.297285,6.419530,244.053485,99.301351,67.942210,42.078787,0.654474,4.413664,1.055334,0.655151,0.429223,1.242157,5.122130,0.113206,5.008923,3.105021,13.866514,0.408850,385.738514,1.397896,262.868199,6.564985,6.447174,448.674528,142.770002,116.604995,53.871532,0.566511,4.291365,-0.354511,0.009577,0.000092,0.354640,-0.337470,-0.387160,0.049690,-0.559204,0.029663,0.007834,31.442429,-667.218734,88.278865,12.084143,7.015770,3.165855,3.466480,3.145380,3.338112,0.817796,4.638303,-0.573683,0.019483,0.000380,0.574013,-0.543650,-0.644840,0.101190,-0.616254,0.186944,0.016288,82.372865,-263.233082,142.852230,12.710779,6.897642,5.658753,5.960822,7.265293,7.363503,0.811707,4.644036,-0.475614,0.006372,0.000041,0.475657,-0.462720,-0.493420,0.030700,-0.240838,-0.139980,0.005088,56.562348,-1227.356554,118.422170,12.781863,7.388862,2.131726,1.859576,1.783325,2.535109,0.815365,4.643097,0.825346,0.017742,0.000315,0.825537,0.889865,0.797987,0.091878,0.817644,0.648123,0.014504,170.377642,-300.723942,205.513818,12.755858,6.900423,5.079535,5.364736,6.621216,6.784830,0.782166,4.629837,1.000000
-2.306656,0.059471,0.003537,2.307423,-2.041600,-2.776800,0.735200,-2.106330,15.929262,0.039676,1331.049683,-20.995616,574.351650,11.538694,8.112712,31.147242,11.355410,15.874351,18.662228,0.848480,4.656133,-9.560111,0.042563,0.001812,9.560206,-9.424700,-9.692800,0.268100,-0.137938,0.429261,0.033048,22849.382533,-67.350933,2380.476050,10.890570,6.317330,14.223215,16.587891,21.524034,10.064705,0.800561,4.623873,-0.544899,0.035047,0.001228,0.546025,-0.436440,-0.632960,0.196520,-0.028473,0.159211,0.027264,74.535885,-99.619291,135.714140,7.708909,6.554828,23.510771,11.289152,7.263760,4.607560,0.683613,4.465622,9.849782,0.040829,0.001667,9.849867,9.969503,9.720121,0.249382,-0.068720,0.396926,0.032079,24254.968102,-72.490040,2452.604581,11.620218,6.377770,11.635936,15.729475,21.211501,10.106995,0.812728,4.637345,-0.054322,0.645182,0.416259,0.647464,3.639700,-2.547200,6.186900,1.020510,7.880104,0.410341,104.802530,1.321773,102.575041,6.698744,6.189210,433.638451,170.551956,109.485081,57.363056,0.593918,4.313199,0.292843,0.954054,0.910219,0.997986,3.615600,-2.578200,6.193800,0.237204,1.131493,0.704084,248.994161,2.153734,186.697250,7.148257,6.765794,592.426224,181.499904,202.183682,105.440197,0.630647,4.318371,-0.375323,0.721294,0.520265,0.813100,5.530200,-2.604000,8.134200,2.363055,18.956278,0.447909,165.282971,1.145382,143.028471,8.508491,7.438758,460.420851,169.463246,129.692463,152.653145,0.746735,4.492144,1.179811,0.827263,0.684364,1.440944,6.095002,0.113206,5.981796,2.083924,6.456684,0.602558,519.079662,1.645063,293.038285,7.980486,7.198367,562.019616,203.137924,154.460516,143.682532,0.717603,4.477138,-0.353675,0.009170,0.000084,0.353793,-0.337470,-0.383020,0.045550,-0.538697,-0.099738,0.007509,31.292452,-735.498438,88.064610,12.221367,7.041765,3.082263,3.226971,2.936021,3.464102,0.834297,4.655596,-0.572167,0.018904,0.000357,0.572479,-0.543650,-0.640870,0.097220,-0.562572,-0.197198,0.015955,81.933135,-278.594045,142.458440,12.264642,7.071592,5.577530,6.940591,6.738610,6.478138,0.831657,4.647169,-0.477447,0.005990,0.000036,0.477485,-0.460530,-0.495610,0.035080,-0.362964,0.269020,0.004746,56.997955,-1086.253549,118.881565,12.500149,7.113665,1.944099,1.721142,2.112542,2.509925,0.810716,4.646427,0.824989,0.016964,0.000288,0.825163,0.893493,0.798907,0.094585,0.752908,0.516477,0.013999,170.223542,-295.004512,205.412688,12.271315,7.012236,5.050815,6.354759,6.087790,6.121415,0.804762,4.649076,1.000000
-2.327940,0.067725,0.004587,2.328925,-2.041600,-2.776800,0.735200,-0.798088,7.547324,0.049993,1355.972370,-17.919847,579.665450,10.863348,8.114327,39.203705,10.937392,17.213554,19.056682,0.807409,4.607927,-9.556786,0.046069,0.002122,9.556897,-9.423400,-9.715100,0.291700,-0.429752,0.998179,0.034715,22833.568338,-58.574792,2379.587700,10.577749,6.302429,14.811750,17.914930,21.124740,10.118084,0.721922,4.539745,-0.538737,0.045026,0.002027,0.540615,-0.380490,-0.632960,0.252470,0.628005,0.645331,0.035435,73.066200,-69.246961,134.066470,7.318099,6.424900,28.497014,13.272904,7.335479,4.416500,0.589527,4.339919,9.851317,0.044491,0.001979,9.851418,9.977995,9.717304,0.260690,0.171898,0.439040,0.034869,24262.606908,-66.278238,2452.925109,11.111349,6.300812,12.501150,17.398686,21.071934,10.388182,0.737039,4.560389,-0.059039,0.719618,0.517850,0.722036,3.639700,-2.547200,6.186900,0.570367,4.642287,0.496138,130.333880,1.589121,124.037289,6.625355,6.096512,471.187774,199.344963,120.012846,64.954022,0.555052,4.289417,0.510937,1.176140,1.383306,1.282327,3.615600,-2.578200,6.193800,0.140576,-0.081731,0.911122,411.090654,2.488567,250.564727,6.681749,6.470012,752.766894,214.657205,239.158572,107.961343,0.588439,4.260077,-0.228340,0.765583,0.586117,0.798910,5.530200,-2.604000,8.134200,1.564060,13.113273,0.507635,159.564156,1.309530,131.915357,8.347311,7.393788,480.661361,190.670469,134.851908,152.829411,0.729662,4.476807,1.430244,0.870837,0.758357,1.674501,6.095002,0.216872,5.878129,1.408659,3.399866,0.678331,700.988689,1.885760,356.457103,8.391898,7.201489,543.333740,192.477382,182.933056,168.170432,0.732703,4.473395,-0.355720,0.008795,0.000077,0.355829,-0.339540,-0.380950,0.041410,-0.324658,-0.398576,0.007216,31.653575,-811.027409,88.570865,11.880910,7.071634,2.893312,3.446210,2.684826,2.627633,0.818257,4.630092,-0.571294,0.017873,0.000319,0.571573,-0.541670,-0.640870,0.099200,-0.634224,0.205160,0.014866,81.674012,-273.269436,142.249045,12.174183,6.906266,4.818599,7.385712,6.096490,5.224230,0.806291,4.621306,-0.477491,0.006653,0.000044,0.477538,-0.460530,-0.495610,0.035080,-0.126938,-0.123031,0.005333,57.010554,-1045.932084,118.895855,11.795314,7.293622,2.381750,2.388856,2.067506,2.307476,0.851692,4.662556,0.825289,0.015842,0.000251,0.825441,0.893493,0.798743,0.094749,0.753526,0.762227,0.012980,170.338141,-296.528896,205.493616,12.076981,6.887832,4.363513,6.966314,5.455134,4.870676,0.827559,4.648170,1.000000
-2.386158,0.077324,0.005979,2.387411,-2.161700,-2.571700,0.410000,0.434969,-0.266994,0.063681,1424.932724,-30.590120,594.185050,6.437209,6.535109,45.235008,12.032777,10.901540,5.398199,0.557324,4.177816,-9.540539,0.047509,0.002257,9.540657,-9.413800,-9.715100,0.301300,-0.426976,1.053636,0.036559,22756.034431,-54.723793,2375.588650,10.334567,6.247574,14.892926,19.964847,19.577993,11.768109,0.732311,4.532130,-0.538761,0.039708,0.001577,0.540222,-0.380490,-0.624830,0.244340,0.960264,1.863568,0.030218,72.960082,-75.708796,134.174735,7.945314,6.448193,22.167706,14.862987,7.950077,4.940046,0.684705,4.444302,9.849557,0.044064,0.001942,9.849655,9.977995,9.717304,0.260690,0.071308,0.376673,0.034547,24253.927237,-66.232832,2452.542969,10.947250,5.969138,10.234705,20.486941,19.285874,11.586017,0.723383,4.533573,-0.106237,0.424311,0.180040,0.437408,1.015400,-1.835300,2.850700,-0.756080,2.170264,0.306874,47.831537,1.591730,77.577300,8.186905,6.386300,242.682736,179.811740,100.297236,60.414067,0.669410,4.484465,0.407995,0.952764,0.907759,1.036445,3.493500,-1.754400,5.247900,0.598860,0.419847,0.746176,268.554715,2.542500,197.078821,6.483124,6.179688,627.681112,206.100499,181.213926,75.245177,0.545008,4.251287,-0.181645,0.565775,0.320101,0.594219,1.623000,-2.662500,4.285500,-0.764863,3.449044,0.408804,88.274028,1.868062,105.658537,6.283263,6.188305,395.361975,134.162179,75.559217,42.854705,0.539347,4.242765,1.095382,0.647132,0.418780,1.272258,3.515775,0.124823,3.390953,1.232706,1.418231,0.500533,404.660279,2.420229,272.436642,7.668157,6.769854,405.378470,153.088133,139.076304,95.004559,0.666923,4.409956,-0.360515,0.009903,0.000098,0.360651,-0.339540,-0.387160,0.047620,-0.412599,-0.359226,0.008086,32.517256,-691.004523,89.763285,11.784253,7.200061,3.313122,3.060235,3.204624,2.948877,0.783151,4.576163,-0.569103,0.017453,0.000305,0.569371,-0.539680,-0.626980,0.087300,-0.465228,-0.276400,0.014754,81.045743,-315.508803,141.706335,12.498461,6.901985,4.548492,6.113006,5.750229,5.980520,0.801018,4.609825,-0.477290,0.006822,0.000047,0.477338,-0.460530,-0.493420,0.032890,-0.052680,-0.497199,0.005552,56.963005,-1110.238003,118.843265,11.730456,7.345277,2.525482,2.355159,1.794626,2.186464,0.804201,4.612263,0.825740,0.016027,0.000257,0.825896,0.881134,0.796373,0.084761,0.565206,-0.141313,0.013489,170.526004,-330.533738,205.605915,12.336443,6.870180,4.256305,5.848866,5.209153,5.645196,0.820338,4.615040,1.000000
-2.457314,0.042672,0.001821,2.457684,-2.306600,-2.571700,0.265100,0.675846,0.754941,0.033001,1510.053258,-67.799914,611.876850,7.740246,6.517154,26.270280,13.003836,10.048113,4.324204,0.666867,4.423062,-9.522456,0.037526,0.001408,9.522530,-9.413800,-9.622600,0.208800,-0.106484,0.221204,0.029160,22669.642205,-91.653896,2371.059400,11.355009,5.933478,8.200671,15.844275,18.772399,9.083353,0.743290,4.551411,-0.550241,0.025900,0.000671,0.550850,-0.483280,-0.624830,0.141550,-0.105390,-0.021999,0.020676,75.858994,-162.639675,136.975490,9.383630,6.274083,10.493641,13.590373,7.649440,4.229542,0.752341,4.547351,9.849914,0.037571,0.001412,9.849986,9.955698,9.740199,0.215499,-0.048529,0.119115,0.029649,24255.554458,-87.335061,2452.596911,11.503800,5.847470,7.476378,15.889965,19.656707,8.976522,0.739655,4.552584,-0.039070,0.236907,0.056125,0.240107,0.615770,-0.834790,1.450560,-0.107037,0.379419,0.183899,14.412838,-0.295708,46.678518,9.484931,6.418589,104.709394,113.765599,76.249743,41.419802,0.732924,4.560573,0.292236,0.623199,0.388377,0.688316,2.303600,-1.327200,3.630800,0.099789,-0.056849,0.506027,118.444811,2.602411,139.817140,6.720682,6.050150,392.268429,147.387540,149.003297,50.644450,0.561323,4.283384,-0.284219,0.531596,0.282594,0.602806,1.623000,-2.662500,4.285500,-0.521911,4.077627,0.388035,90.843751,1.649932,113.264669,6.177785,6.265735,377.549438,108.446101,59.220261,46.507865,0.549298,4.224160,0.837114,0.440507,0.194047,0.945942,2.913723,0.077876,2.835847,1.461609,3.830347,0.326308,223.701401,1.586762,208.514356,7.869757,6.584673,280.569281,142.123359,91.810534,63.865120,0.661427,4.454662,-0.365433,0.009472,0.000090,0.365556,-0.345760,-0.401660,0.055900,-0.360268,-0.046627,0.007816,33.407808,-590.036607,91.000150,12.141637,6.929033,2.979892,3.184451,3.782872,3.143115,0.829120,4.648243,-0.566571,0.019122,0.000366,0.566894,-0.537700,-0.626980,0.089280,-0.577040,-0.168004,0.016175,80.342208,-302.164357,141.088300,12.724517,6.999207,5.268512,6.174893,6.679071,6.922217,0.815812,4.631802,-0.477307,0.006702,0.000045,0.477354,-0.462720,-0.497810,0.035090,-0.380049,-0.212206,0.005428,56.966713,-1047.961407,118.845380,12.142159,7.504537,2.707861,1.911276,1.828641,2.458019,0.843523,4.655563,0.826169,0.017663,0.000312,0.826358,0.881287,0.796373,0.084914,0.682691,0.046419,0.014697,170.716728,-320.032504,205.725157,12.576457,7.010893,5.324847,5.623613,6.158188,6.656018,0.838631,4.650699,1.000000
-2.089959,0.690903,0.479061,2.203177,-0.741460,-3.888589,3.147130,-0.151238,-0.620720,0.577222,1218.890908,3.157509,519.806607,5.465070,5.720102,398.837951,121.412802,56.533341,36.664727,0.483138,4.005331,-9.792028,1.372516,1.897895,9.888339,-7.153677,-13.787343,6.633666,-0.500857,-0.273482,1.132611,24446.640579,2.507387,2436.684953,6.161112,5.215343,808.835251,315.073328,149.763663,73.281650,0.475362,4.067498,0.058134,0.613770,0.377952,0.630838,1.297449,-1.578851,2.876300,-0.234737,-0.354324,0.508777,99.577006,2.977176,130.989076,4.936869,5.072720,400.322682,145.056008,45.145574,22.589395,0.405969,3.989295,10.053480,1.402868,1.986970,10.151742,14.208104,7.614222,6.593883,0.511174,-0.250504,1.156725,25765.108493,2.550150,2501.709852,6.079931,5.262400,832.323123,312.397168,151.355179,73.127659,0.480358,4.066588,1.674798,24.523289,601.452711,24.695421,65.954260,-67.978327,133.932588,-0.056663,-0.190581,20.339160,152513.650029,0.354681,5116.562268,3.998839,4.712373,14772.035076,2820.968646,1122.768376,560.703382,0.327208,3.666879,18.550210,41.130407,1704.509429,45.985486,103.505417,-77.150506,180.655923,-0.112554,-0.608269,33.966313,528687.510890,0.280733,9544.171801,3.009285,4.220152,24422.738951,2858.347737,844.742596,588.024499,0.238634,3.417273,-1.985389,55.279515,3061.844395,55.321115,92.941883,-120.710085,213.651969,-0.279527,-1.018046,47.563907,766578.988137,0.248604,11802.620645,4.205944,5.425084,29459.917327,3848.094334,1977.979866,1520.284766,0.386828,3.575820,69.306622,31.358310,983.889792,76.070815,146.643935,7.379215,139.264720,0.210247,-0.604289,25.707632,1447780.149056,0.344738,17250.176840,4.905990,5.452560,21680.493177,4021.493671,1926.616317,1375.410141,0.431689,3.897131,-0.698183,0.213128,0.068239,0.754232,-0.168953,-1.009528,0.840575,0.455650,-0.082063,0.177223,143.897509,-15.459197,179.915060,5.103906,6.581084,107.928391,18.984030,11.883765,9.706691,0.488524,3.852358,-0.559301,0.096246,0.009302,0.567588,-0.282076,-0.740164,0.458088,0.595751,0.019597,0.076601,80.585909,-21.933169,139.207450,5.609844,7.212339,50.044023,5.861942,5.771594,6.732496,0.434197,3.726742,-0.112528,0.241730,0.059309,0.317138,0.356520,-0.579444,0.935964,-0.182915,-0.229560,0.194616,27.877056,-3.073404,64.660399,4.734482,6.397786,119.638953,18.773033,12.480451,10.007627,0.490295,3.756862,1.003792,0.036635,0.001478,1.004536,1.087283,0.922113,0.165171,-0.090644,-0.675432,0.030704,252.360474,-130.337955,249.954099,8.318251,7.754044,17.944028,5.695796,4.576177,5.730908,0.663885,4.293715,4.000000
-2.106657,0.502989,0.253046,2.165944,-0.974298,-3.409174,2.434875,-0.137662,-0.638058,0.421825,1173.307566,2.801100,524.842160,5.355134,5.671402,277.883692,92.132887,41.279300,18.864209,0.454623,3.958357,-9.710691,1.333501,1.789432,9.802423,-7.226498,-13.535908,6.309410,-0.781859,0.185688,1.073452,24021.908980,2.546324,2418.874745,5.592681,4.518164,817.904240,383.617706,142.055540,45.847377,0.386992,4.020817,-0.107801,0.701654,0.493037,0.714149,1.739447,-1.455736,3.195183,0.159135,-0.658730,0.593951,127.535475,3.044665,151.051685,4.972169,5.145719,405.740711,149.453404,49.192338,23.557748,0.403620,3.932523,9.974886,1.334092,1.792414,10.064343,13.777690,7.563301,6.214390,0.755179,0.158874,1.071075,25322.752021,2.590579,2484.687044,5.555618,4.572124,823.437393,375.918979,143.840728,46.617100,0.392168,4.026046,-3.676714,20.470302,419.597733,20.808809,39.933791,-63.826826,103.760617,-0.547995,0.217418,16.343717,108352.159694,0.420376,4059.203367,3.680233,4.501169,12748.023897,2334.402653,691.242380,391.846151,0.298065,3.655771,-21.282726,45.564550,2077.426087,50.327538,67.339586,-128.359745,195.699331,-0.328711,-0.591505,37.675562,634438.452836,0.263111,9826.696778,2.742337,3.983197,24757.677636,2251.420149,740.683477,468.439054,0.194526,3.214487,1.236892,35.398779,1254.838209,35.420976,60.534013,-94.906432,155.440445,-0.426411,-0.533556,29.635828,314098.063677,0.313274,7404.577629,3.149010,4.103115,19926.975619,1757.112010,605.269533,443.781812,0.221710,3.285212,58.286080,28.796223,830.066039,65.014335,131.231992,5.925656,125.306337,0.400999,-0.475745,23.838061,1056888.676206,0.373481,14537.044853,3.573406,4.230572,17189.263743,2795.074789,697.792973,492.344897,0.256542,3.500871,-0.683512,0.297157,0.088542,0.745746,0.135880,-0.940205,1.076086,1.500272,0.998533,0.235048,139.120678,-5.602598,173.351688,5.074705,6.544233,157.103123,28.149450,17.622284,15.206737,0.527682,3.891327,-0.508052,0.104715,0.011000,0.518769,-0.228458,-0.692826,0.464368,0.433552,-0.447820,0.086660,67.280983,-20.073755,126.405420,5.911081,7.370351,51.920429,8.838590,6.223232,7.307652,0.476160,3.807091,0.366973,0.258713,0.067942,0.450074,0.757707,-0.050842,0.808548,0.158336,-1.354021,0.228712,50.674866,-5.647827,94.311735,4.349781,6.276711,123.509140,16.843612,11.324636,9.010813,0.440410,3.582510,1.013428,0.034821,0.001212,1.014025,1.095694,0.931028,0.164666,-0.065163,-0.616906,0.028777,257.076527,-119.884663,252.355559,8.309113,7.942739,18.637278,5.156421,4.779803,5.135665,0.661519,4.297907,4.000000
-2.047166,0.507442,0.257497,2.109120,-0.856844,-3.239200,2.382356,-0.154001,-0.542083,0.411914,1112.119985,2.937511,509.157982,4.537036,5.225764,299.735695,85.161488,26.984641,16.083830,0.394109,3.854132,-9.707538,1.244719,1.549337,9.787014,-7.382800,-13.453000,6.070200,-0.693200,-0.077308,1.005044,23946.420675,2.531537,2417.300832,6.271944,5.560454,791.046635,326.223526,113.441240,78.660769,0.512242,4.145306,0.010071,0.750207,0.562927,0.750393,2.078450,-2.139213,4.217663,-0.444370,0.856559,0.562670,140.797222,2.498289,140.014164,4.590660,5.160614,505.466575,149.825307,47.768339,19.832816,0.371256,3.925140,9.962598,1.242573,1.543989,10.039788,13.734905,7.971977,5.762928,0.690188,-0.103548,1.009070,25199.337883,2.648624,2480.620065,6.148699,5.541750,792.246648,310.064877,111.324877,74.981266,0.499702,4.124749,-4.389987,25.654377,658.147284,26.027282,52.578163,-64.750128,117.328292,-0.035306,-0.517746,20.733036,169354.890906,0.390079,5275.744484,3.875333,4.731253,16233.112567,2816.965721,1090.027570,501.917983,0.328231,3.707384,-20.302470,42.324351,1791.358823,46.950969,62.868000,-138.370258,201.238258,-0.543969,0.365472,33.056038,551154.108828,0.252545,8930.033234,2.435767,3.643842,23328.124646,2756.064864,599.959960,322.178455,0.174579,3.203929,0.695111,40.875375,1670.926579,40.881293,77.714000,-89.523398,167.237398,-0.263710,-0.729143,33.177301,417852.530456,0.299049,8239.061990,3.138987,4.164926,24744.655643,1803.861551,991.141126,570.184437,0.239256,3.378506,60.387071,30.113776,906.840018,67.479168,139.633913,3.694251,135.939662,0.380331,-0.385473,24.715045,1138361.530190,0.349132,15028.746885,3.952335,4.555796,20635.885734,4442.544842,1081.192386,852.096036,0.314895,3.779084,-0.261140,0.320123,0.102582,0.415332,0.584260,-0.704027,1.288287,0.989890,0.116745,0.246027,43.599626,-0.490185,95.697152,4.733486,6.286088,172.477531,29.675127,18.075190,13.330610,0.490069,3.807712,-0.716072,0.089068,0.007945,0.721592,-0.573511,-0.929248,0.355737,-0.549501,-0.757078,0.076921,130.251198,-33.803424,178.295216,7.041857,7.771477,33.723897,7.040928,7.357398,7.621194,0.527793,3.868759,-0.610756,0.130941,0.018840,0.627024,-0.303766,-0.815790,0.512024,0.642792,-0.539139,0.112062,98.342035,-16.831996,152.831476,4.785598,6.405831,71.431262,11.610879,7.445425,5.929629,0.485470,3.821361,1.042804,0.036298,0.001318,1.043436,1.119891,0.937743,0.182147,-0.768605,0.337615,0.028296,272.192860,-109.990427,259.656588,8.852000,7.849691,15.956757,5.951301,5.711783,6.295113,0.666492,4.276593,4.000000
