-8.401692,-3.412721,0.152372,2.456273,1.966422,1.631271,-0.070846,-0.839028
-9.304824,-2.734124,-0.019751,2.635663,2.521797,1.171595,-0.190102,-0.288080
-12.011263,-1.411200,-0.904165,3.186530,2.283180,-0.967297,-0.084271,0.948971
-11.408424,-2.088889,-0.263694,2.852494,2.305282,-0.975090,0.168893,0.789310
-8.555395,-3.578112,0.695140,2.493700,2.320923,1.477363,-0.825431,-0.093055
-7.810271,-4.139827,1.583515,1.878377,1.995129,1.201569,-0.774380,-0.394851
-9.865365,-3.041524,0.366015,2.486841,2.308044,0.078705,-0.468502,0.637510
-11.351988,-1.529001,-0.703931,3.264623,2.348217,-1.479331,-0.034481,1.244482
-10.016035,-1.807274,-0.461248,2.727116,2.413943,-0.160948,-0.587840,0.553466
-9.854999,-2.106611,0.313159,2.436203,2.473802,0.308498,-0.763955,0.277438
-12.380525,-1.678003,0.411422,2.887192,1.426731,-2.194236,-0.116563,1.416426
-12.389335,-1.745526,0.598643,2.800439,1.283922,-2.356216,-0.197237,1.245817
-12.361054,-1.680378,0.596698,2.804300,1.286493,-2.320222,-0.128238,1.477582
-12.209621,-1.710727,0.666738,2.772628,1.429015,-1.714798,-0.304792,1.362708
-4.005722,-0.359819,-2.406465,2.998088,8.171749,10.658072,-6.395728,-1.289918
-4.012992,-0.503633,-2.344773,2.815936,7.961809,10.031948,-5.989471,-1.554010
-11.958997,-1.003837,-0.414860,2.967758,2.375642,-0.165805,-0.459735,0.679213
-12.058040,-1.858136,0.588636,2.789295,1.444739,-1.634847,0.364585,1.313719
-11.614156,-2.128139,0.645509,2.644213,1.777207,-0.918686,0.028538,0.959351
-1.550057,7.791105,-2.022035,-1.894316,3.080455,6.752484,-0.631385,7.280818
-16.693388,6.040516,0.078615,-2.553149,-3.587422,-2.161314,-3.542737,0.947133
-15.393933,4.532309,-0.125390,-1.751960,-1.457561,1.867816,-4.286224,0.940410
-15.248697,4.397838,0.111874,-1.769832,-1.527507,1.753711,-4.226364,0.900573
-16.384883,6.263896,0.499619,-3.165471,-4.286358,-2.097268,-4.265150,0.430986
-16.693850,7.167087,0.580154,-3.881260,-5.276382,-3.143803,-4.667500,0.084594
-16.729897,7.130853,0.597092,-3.791020,-5.256540,-3.210482,-4.501334,0.304713
-16.625541,7.086263,0.646752,-3.850106,-5.278423,-3.121396,-4.753359,0.032358
-16.386740,5.663961,-1.796834,-0.871917,-0.459306,1.940065,-4.943752,1.338094
-16.355249,5.341119,-1.583188,-0.906007,-0.794018,1.105472,-4.344672,1.573342
-16.684110,5.864307,-0.260039,-2.218704,-3.028271,-1.612659,-3.847754,1.053657
-16.808464,6.641294,-0.241920,-2.818863,-3.730175,-1.940852,-4.407823,0.662598
-16.233181,5.519098,0.094427,-2.470239,-3.144956,-1.344462,-3.898613,0.960432
-16.334728,6.071940,0.148426,-2.767112,-3.482449,-1.240879,-4.507867,0.554354
-16.242585,5.940511,0.140317,-2.780249,-3.439833,-1.281726,-4.401581,0.620894
-16.095815,5.598752,0.341908,-2.725242,-3.481833,-1.368461,-4.237785,0.697098
-16.197314,5.746336,-1.193284,-1.243917,-0.999940,1.896406,-5.202642,1.256720
-16.105840,5.665530,-1.158359,-1.086564,-1.005185,1.706820,-4.875902,1.471375
-16.307295,6.711034,-2.429215,-0.646691,0.651882,4.696317,-7.036948,1.316926
-16.369226,6.303107,-1.719781,-1.041954,-0.476824,2.819488,-6.221511,1.083668
-16.233281,6.279550,-0.318314,-2.462637,-2.857747,-0.394507,-5.124396,0.810016
-15.233409,6.536076,-4.175696,0.731124,3.299730,9.038578,-8.748257,1.109453
-14.286210,5.275667,-2.758480,-0.011171,1.755940,6.226543,-6.959281,0.909791
-15.616407,4.643902,-0.531712,-1.021717,-1.398929,0.297494,-4.422539,1.839762
-16.284814,6.017870,0.345734,-2.505493,-3.773403,-2.144191,-4.644307,1.182697
-15.960876,5.127502,-0.444153,-1.385084,-1.932495,-0.068828,-4.612524,1.818455
-16.008744,5.181195,-0.520931,-1.361760,-1.829453,0.210385,-4.805310,1.797750
-16.662212,6.600328,0.544259,-3.204295,-4.983359,-3.345238,-4.939322,0.823558
-16.500262,6.445410,0.535650,-3.059067,-4.820490,-3.127072,-5.002839,0.747634
-16.644286,6.862566,0.561154,-3.369397,-5.122587,-3.401068,-5.118037,0.646338
-16.764180,7.188897,0.582967,-3.649958,-5.397639,-3.665261,-5.170200,0.515251
-16.694810,7.317996,0.703821,-3.827746,-5.775574,-3.879122,-5.374574,0.423567
-16.219104,5.622650,-1.238753,-1.199922,-0.930233,1.329855,-5.389930,1.729142
-15.530132,4.580874,-0.379547,-1.291345,-1.460559,0.423330,-4.501124,1.816975
-15.133417,4.544388,-0.554928,-0.867352,-0.681194,2.013478,-5.124153,1.446273
-16.251632,5.895698,-2.459493,-0.173732,0.991244,4.438688,-6.915548,1.985645
-16.666088,6.648504,-3.352376,0.142162,2.270687,6.975403,-8.567553,2.349337
-16.572911,6.693284,0.609060,-3.285297,-4.892060,-3.010049,-4.981287,0.701366
-16.827022,6.941232,0.667731,-3.501918,-5.387398,-3.610004,-5.161033,0.471362
-15.989998,5.563383,-0.299993,-2.009653,-2.336225,-0.114930,-5.218184,1.576778
-16.614650,10.484877,-9.420231,5.013069,12.385356,23.717817,-18.378638,-0.294136
-16.904989,11.621445,-11.134085,6.101448,14.951308,28.393178,-20.933293,-0.555731
-16.468433,5.874767,0.360037,-2.642674,-3.800751,-2.385404,-4.502628,1.275030
-16.771724,6.130146,0.364215,-2.789300,-4.200397,-2.930583,-4.690658,0.999969
-16.700163,6.933218,0.574443,-3.603176,-5.150010,-3.309970,-5.351101,0.376186
-4.743977,-2.147091,0.373191,1.403210,2.861789,1.876649,-0.843981,0.319979
-11.955406,-2.461392,0.762010,2.732338,1.248750,-2.020329,0.147901,1.389247
-11.408560,-2.844103,0.964887,2.584220,1.489861,-1.424372,-0.004038,1.301259
-11.259094,-2.959214,1.148841,2.425953,1.459168,-1.332674,-0.049918,1.175393
-11.699541,-2.538428,0.880639,2.596594,1.365682,-1.680942,-0.082507,1.161245
-12.208460,-2.009801,0.224013,3.011745,1.372372,-2.128985,0.012568,1.426493
-12.635249,-1.723686,0.047578,2.950345,1.366831,-2.569596,-0.143932,1.208746
-12.008795,-2.371363,0.544129,2.864224,1.515613,-1.812420,-0.189994,1.051099
5.413201,12.320123,-4.188184,-1.107887,3.480998,6.197979,1.841456,13.827683
-14.402736,5.483584,-2.567600,-0.244289,0.918162,3.898287,-6.127619,1.881957
-14.361509,5.401243,-2.410985,-0.014269,1.199212,4.330892,-6.451196,1.962059
-15.385512,3.959367,-0.135633,-1.207464,-1.932472,-0.974545,-3.608243,2.050189
-15.234051,4.077119,-0.244064,-1.075151,-1.755336,-0.538923,-3.819109,2.012222
-14.990265,3.862250,-0.359827,-1.098555,-1.454199,-0.031775,-3.925585,1.886364
-15.387321,4.039738,-0.626244,-1.215521,-1.496168,0.080010,-4.295094,1.571571
-15.660535,4.395000,-0.194248,-1.458491,-2.177099,-1.066714,-3.894784,1.746053
-15.639267,4.496706,-0.210750,-1.443702,-2.183323,-0.982537,-3.873689,2.107552
-15.776304,4.547257,-0.028498,-1.407761,-2.299732,-1.284410,-3.684658,2.185260
-15.536538,4.474836,-1.268171,-0.893838,-0.396374,1.922343,-5.161692,1.658626
-15.465862,4.393994,-1.009040,-0.787634,-0.698957,1.318734,-5.000844,1.482692
-15.567658,4.450768,-0.107068,-1.367151,-1.964353,-0.524021,-4.227282,2.068286
-15.687352,4.540363,-0.598522,-1.050080,-1.423020,-0.289882,-3.874651,2.155424
-15.379602,4.285149,-0.437341,-1.193316,-1.361197,0.000449,-3.940117,1.998102
-15.347007,4.314370,0.376634,-1.832328,-2.552682,-0.843646,-4.071055,1.768884
-15.372655,4.159701,0.086222,-1.300615,-2.114320,-0.689274,-3.876417,1.917874
-15.298374,4.211338,-0.009161,-1.298585,-1.964919,-0.277522,-4.034392,1.808811
-15.508919,4.574765,0.130412,-1.712408,-2.464390,-0.631459,-4.169557,1.734781
-15.317002,4.465799,-0.093279,-1.516823,-1.908187,0.419694,-4.572208,1.602409
-14.653257,4.029139,-0.614018,-1.050448,-0.845864,1.101755,-4.747861,1.575970
-14.268487,3.950307,-0.782660,-0.737728,-1.348572,0.576871,-4.046293,1.880513
-14.548434,4.068068,-0.973091,-0.562989,-1.136330,1.136981,-4.308689,2.099935
-15.348629,4.694618,-1.087023,-0.707642,-0.869092,0.539987,-4.463772,2.180959
-15.233965,4.561458,-0.968826,-0.973543,-0.880406,0.758856,-4.435860,2.323286
-15.603896,4.677906,-0.919244,-0.993334,-1.060507,0.761002,-4.580230,2.393123
-15.598718,4.827609,-1.151265,-0.577431,-0.852008,0.808369,-4.700991,2.337984
-15.475534,4.621220,-0.893970,-0.710421,-0.831424,1.166963,-4.888786,1.942155
-15.537169,4.299707,0.365319,-1.677598,-2.571815,-0.910710,-4.036152,1.732038
-15.700222,5.296439,-0.969104,-0.985042,-1.213951,0.476033,-4.503606,1.890070
-15.001805,5.172047,-1.894103,-0.575272,0.273600,2.907870,-5.724454,2.534971
-14.950355,5.247285,-2.029421,-0.439135,0.677346,4.059445,-6.410792,2.511321
-15.013785,3.828490,0.179666,-1.294592,-2.023209,-0.425952,-3.863045,2.345999
-15.141454,3.741988,0.106732,-1.261735,-1.748400,-0.305960,-4.052089,2.005063
-14.920023,3.663688,0.099508,-1.271255,-1.609847,-0.015369,-4.160796,1.622088
-14.976724,3.732742,-0.015262,-1.319301,-1.450822,0.226279,-4.249844,1.483906
-15.434658,4.383229,-0.589575,-1.150079,-1.005631,0.855808,-4.693613,1.790833
-15.368014,4.186012,-0.513134,-1.099783,-1.328206,0.112925,-4.425024,1.925243
-15.073130,3.696282,0.095338,-1.327802,-1.788794,-0.359091,-3.843919,2.021746
-15.380307,3.914468,0.061035,-1.424411,-2.045326,-0.738610,-3.767047,2.107542
-15.518116,4.040723,-0.020419,-1.260509,-2.157242,-1.007169,-3.886242,1.958371
-15.622183,5.023214,-2.008791,-0.420303,0.265114,3.121257,-6.297947,2.145629
-15.302228,5.796289,-3.495263,0.024804,1.831267,4.872987,-7.264172,2.407474
-15.019035,5.312670,-3.028147,-0.079930,1.585011,4.656340,-7.096965,2.259695
-14.907905,3.945936,-0.279010,-1.104424,-1.372199,0.533984,-4.285341,1.948616
-15.126118,4.336828,-0.845670,-0.949356,-1.089616,0.208095,-4.086430,2.328127
-2.772550,-1.947407,-0.250430,0.730116,4.158976,2.061123,-0.088126,-0.530531
-11.441908,-2.955930,0.107923,2.651513,1.296088,-1.807378,0.671668,1.157808
-11.586399,-2.842778,0.037972,2.680281,1.299684,-1.964182,0.727430,1.186874
-11.841641,-2.415837,-0.699104,2.934555,1.539096,-2.152854,0.886658,1.595016
-11.917553,-2.267545,-0.996865,2.865775,1.592041,-2.193475,0.968936,1.588146
-12.127463,-2.487483,-0.805612,2.722168,1.426948,-2.384334,0.677729,0.829541
-9.937576,-3.980794,0.186403,2.673391,2.199568,0.642445,-0.056207,0.312315
-10.284188,-2.984340,-0.593231,2.674316,2.447129,0.699496,0.081711,0.726518
-0.670607,-1.779849,-0.170581,0.969377,3.006137,1.887313,-1.436945,-2.200190
3.386019,-3.190171,-2.118304,-0.489873,1.915401,-1.739046,-1.807602,-0.601639
7.971670,-1.662636,-1.781627,0.777330,-0.040074,1.117916,0.860631,0.798651
8.209560,-0.601989,-0.710217,0.230026,-0.048200,2.511430,1.988416,1.471722
2.928987,0.560884,-0.543250,-0.948935,2.774170,-0.412953,0.490326,-0.332816
6.863793,-0.054430,1.067432,0.184604,-0.108277,1.967558,0.960524,1.801699
5.728453,-1.678374,-0.204366,0.440032,-0.617153,0.277445,-0.278806,0.983223
4.123699,-4.754904,-0.134783,-1.273979,1.337313,-1.051348,-1.911010,-0.881919
8.945763,0.305730,-1.032086,-0.158516,0.045532,0.411587,2.184368,1.507919
7.862318,1.739942,-0.671338,-0.829908,1.268390,0.575063,2.936902,2.474859
3.610255,-0.651276,1.265249,-2.515800,2.518221,0.104892,0.635232,0.652089
9.291621,0.737460,1.143182,-1.547414,0.444209,1.068741,1.364456,1.104700
8.415870,-0.141324,-0.781940,-0.676410,1.304104,-1.390254,-0.112990,-0.267872
6.734149,-2.082984,-0.935662,0.240489,0.974031,-1.368770,-2.456047,-0.177329
9.687113,1.751287,0.350297,-1.597157,0.318301,0.577773,0.581490,4.438687
7.159423,0.469986,1.909724,-2.849385,1.453798,0.409853,0.908454,1.624016
4.581083,-1.467354,1.145803,-2.817016,1.454924,0.836185,1.673475,2.888046
6.949753,-2.093597,-0.108155,-2.561072,-0.921303,1.211970,1.016171,2.928207
6.776958,-3.383756,-1.139442,-1.514383,0.692959,-1.162241,-0.801008,-0.270877
6.983590,-1.941108,0.205756,-0.416916,0.717639,-1.839487,-1.844240,-0.521717
8.039055,0.173838,1.927899,-1.674503,0.180286,1.018057,0.384249,3.033847
5.170610,-0.421712,2.240021,-2.078294,1.250263,0.743315,0.711755,0.044536
3.319410,-1.939415,1.466873,-2.353139,1.249877,1.020429,1.149319,1.576395
7.088738,-1.771256,0.770330,-2.591896,-0.591000,1.342904,1.857741,2.112533
6.919185,-4.256425,0.398133,-2.579079,0.289281,-0.159802,-0.340333,-0.180323
4.797547,-3.120558,-0.077250,-0.679829,0.810055,-1.873884,-2.522596,-0.029471
7.721529,-0.752408,3.341748,-1.893368,0.091928,0.756986,-0.640489,2.202108
7.114436,0.439197,3.268009,-3.209049,0.940001,1.166285,0.776759,2.623561
3.968234,-2.606420,3.180830,-3.596438,2.051535,1.078899,1.259260,1.260542
6.065101,-1.767770,1.130124,-2.235192,-0.210056,0.882365,1.275113,1.727313
7.168142,-2.272141,-0.696147,-2.967561,-0.276308,0.233382,0.302494,2.532259
6.074438,-3.873616,0.507801,-1.096194,0.325264,-1.658461,-1.929495,0.090507
7.608499,-0.806667,1.965594,-1.515834,0.059487,-0.147977,-1.390416,1.546939
6.545371,-0.676955,3.255477,-2.820284,0.459746,1.492617,-0.074722,1.950534
3.303927,-0.896811,0.894779,-1.970858,1.612306,-0.522134,0.873674,0.127600
6.357499,-2.429748,0.857705,-2.232070,-1.070747,1.585138,1.265109,1.960058
5.574112,-3.166049,-1.016394,-1.458139,0.406170,-0.614391,-0.612753,0.521965
5.590057,-1.841281,0.679526,0.678501,-0.514918,-0.417746,-2.141037,0.986693
6.112940,-0.164059,2.415322,-1.910494,-0.262496,1.378915,0.126750,3.043646
3.978982,-2.254420,3.732425,-2.282160,0.668262,1.427584,0.588170,0.171608
5.492140,-1.366661,0.936059,-2.204549,0.621112,0.140388,1.000012,0.897705
7.497436,-1.491061,-0.351249,-2.878206,-0.455548,0.237344,1.007317,2.970081
5.565088,-4.375191,-0.195180,-1.436359,0.196975,-0.496275,-1.553389,-0.311828
4.384173,-2.901568,-0.002258,0.862149,0.024563,-1.266287,-2.994896,-0.863373
6.974768,-1.749497,3.892182,-1.010605,-1.134000,2.523130,-0.318078,3.144595
4.841771,-0.637989,2.538175,-1.556888,0.689922,0.859408,-0.617859,-0.850529
0.375658,-2.913787,1.079250,-1.710466,2.468018,1.543562,-0.238767,-0.860875
-4.075650,-1.931754,-1.271328,0.738056,3.323597,2.276261,-1.844573,-1.782490
-11.085515,-3.099728,-0.389290,1.966015,1.511710,-0.512614,0.072903,0.733944
-11.497645,-2.859261,-0.532832,2.010883,1.603575,-0.573057,0.186178,1.024648
-12.406527,-2.151125,-0.849643,2.042031,1.069464,-1.813234,0.315470,1.550437
-11.433320,-2.980592,-0.084686,1.915182,1.135520,-0.803437,0.134490,1.797624
-11.135845,-3.449955,0.094092,1.813944,1.238435,-0.911446,0.303109,1.339914
-11.741229,-2.992682,-0.355969,1.949291,1.321678,-1.413250,0.258539,1.024777
-11.957485,-2.518016,-0.416880,2.187644,1.101907,-1.748323,0.475297,1.872194
4.765873,-4.834376,-1.255134,-2.135736,0.083474,-0.224877,-0.720373,-0.308062
3.301942,-4.830779,-0.287849,1.085303,-1.167046,-0.639707,-2.449715,-1.052320
5.656688,-2.467162,2.745799,-0.106955,-1.113190,1.682424,-0.787236,1.752957
4.979090,-1.779052,3.484394,-1.922653,0.409616,1.711493,-0.371488,0.595648
1.256906,-1.180336,0.177403,-1.803356,2.423717,-0.660777,0.359126,-0.670838
6.735074,-1.888576,0.983960,-2.224433,-0.952177,1.118954,0.906622,1.661814
6.694212,-3.314998,-0.465778,-1.366113,-0.183102,0.108150,0.096125,2.376712
3.053722,-4.428883,-0.942589,-0.078027,0.560810,-0.623151,-1.359325,1.785901
6.246369,-0.957286,1.410144,0.364347,-1.249538,1.174780,0.186035,3.351144
7.052934,-1.405806,4.114827,-1.917340,-0.957947,2.616481,0.537472,2.813929
3.047726,-1.044908,1.511325,-2.620644,2.505798,0.076102,0.171596,-0.509206
4.564423,-1.800891,1.350885,-1.381686,0.418996,1.516528,1.255389,2.380045
7.373232,-2.048329,0.267053,-2.144939,-1.080545,1.469348,1.362557,2.895166
5.600770,-3.470079,-1.903131,-0.967916,0.890038,-1.449068,-1.174745,-0.837329
8.296296,-0.771505,-1.337823,0.596155,1.273116,-1.386625,-2.277563,-1.432695
10.468075,1.790476,0.897652,-1.167173,0.720095,0.209837,-0.642656,1.365111
8.817330,3.130681,-0.578360,-2.380529,3.682321,-0.833665,-1.085733,0.383297
6.967776,1.410224,-0.461054,-2.236455,3.408019,0.364982,-0.759808,0.007390
6.583225,-1.283372,0.086306,-0.802925,-1.335973,0.976458,0.943476,1.272531
6.398954,-2.999943,-2.029796,-2.086852,0.195484,-0.713357,-0.811963,-0.158639
4.121477,-4.547915,-0.625721,-0.715085,0.795893,-1.131770,-2.291494,-0.530303
6.786684,-0.145158,-0.127322,0.461172,-0.246149,-0.339889,-2.095280,1.844554
7.090072,1.077717,1.266362,-1.443375,1.123068,0.517611,-1.122280,2.001408
4.250703,1.349178,-0.507141,-2.168764,3.326616,-0.689365,-0.325617,0.375462
5.202252,-0.523400,0.524829,-1.621549,1.559603,-0.358749,0.320043,0.367487
8.463116,-2.759925,0.963697,-1.753748,-0.744211,1.769758,0.787985,3.004331
6.085703,-3.093185,-1.829175,-0.949784,0.942587,-1.283315,-1.041744,1.279875
4.703223,-3.469275,-0.336902,-0.087957,0.147825,-1.695242,-2.375456,-0.075283
7.840341,-0.009793,1.804100,-1.094070,0.012043,0.049330,-1.157538,2.127419
7.104429,2.116571,0.735153,-2.002195,2.257622,-0.576940,-0.573613,1.521954
3.171990,0.281507,-0.713588,-1.961435,4.086667,0.002100,-0.033179,0.043661
5.457444,-0.934038,-0.423186,-0.444688,-0.946837,0.954779,0.893173,1.187459
6.597284,-3.520310,-0.064519,-1.939262,-1.418063,1.239630,0.349483,1.640493
4.289832,-4.737220,-0.777792,-0.964982,0.667996,-0.942372,-2.022302,-1.276078
5.258451,-0.549529,-0.944310,2.046284,-0.712022,-0.846905,-1.529131,1.123663
6.044835,-0.735533,2.291737,-0.657301,-0.618481,2.044627,-0.244353,2.230414
1.742361,-1.155352,1.135312,-1.336805,1.779719,0.063927,0.138044,-0.491233
4.144202,-0.888543,0.078753,-0.535152,0.094972,1.088717,0.934762,1.715198
6.875862,-1.509410,-1.042604,-1.295446,-1.212880,1.166636,0.911648,2.530800
5.078656,-4.567472,-0.795399,-0.744709,0.350641,-1.021043,-1.621979,-0.405561
5.860511,-2.360040,0.691780,0.661844,-0.402306,-1.186518,-2.446871,0.393209
7.236873,0.533476,1.651564,-1.450318,1.256322,0.055626,-0.491858,2.143969
5.098556,0.924697,0.817435,-2.587635,3.216081,-0.156367,-0.195341,-0.748984
5.562257,-0.392606,1.831306,-0.225009,0.483001,0.285860,-0.335908,-0.824690
3.965612,-1.594462,1.668954,-0.401603,2.242148,-0.816140,-2.483316,-1.629002
2.334587,-2.417150,1.806933,-0.975230,2.169658,-1.120806,-2.654683,-1.157627
3.352752,-1.670812,1.145578,-1.454262,2.112746,-0.503891,-2.683526,-1.511014
1.212367,-3.784208,1.559577,-0.633780,1.943007,2.313255,-2.410713,-1.670796
-8.478309,-4.045613,-0.816321,2.030071,2.863184,1.586370,-1.098651,0.554701
-10.129901,-4.407194,-0.384714,2.077276,2.206553,0.730498,-0.791274,1.162980
-9.745545,-4.807238,-0.031715,1.944856,1.836761,0.383051,-0.482177,0.914359
-10.878335,-4.117330,-0.353398,2.140023,1.159349,-1.469751,0.352330,1.366660
-11.270003,-3.552671,-0.784432,2.323955,1.253005,-1.732833,0.195763,1.260263
-11.453147,-3.444770,-0.761278,2.251802,1.268817,-1.833575,0.174261,1.255984
-10.772045,-4.026297,-0.523621,2.221338,1.612816,-0.970271,-0.268761,1.122787
-7.434305,-1.277229,-3.118911,3.305631,6.183847,6.707887,-4.510538,-1.155415
12.567357,2.382106,-0.861584,5.929089,-3.954893,0.521349,2.181654,-2.219743
11.886133,3.044522,0.570646,4.649022,-2.244808,0.330181,1.784403,-2.321788
10.486475,-0.075262,-2.017010,5.010907,-4.034886,0.526314,1.172454,-3.059317
10.247714,1.479685,-1.874082,5.742320,-3.209624,0.209208,0.866022,-2.759530
8.577197,-0.445185,0.719998,3.722399,-1.530887,0.591458,-1.021189,-4.314393
8.547110,-0.649199,-2.790528,4.385929,-3.571178,0.208340,0.704575,-2.696546
10.756861,1.291915,-0.483746,6.163161,-3.964404,0.872760,1.643045,-2.405277
29.850200,32.910464,-36.871006,8.179585,23.342087,-8.193694,-3.543973,-3.465521
28.845741,30.129136,-39.676354,7.350794,22.084000,-7.710025,-2.730053,-2.770090
10.268274,0.657662,-0.008588,6.153662,-4.726539,1.266170,1.434876,-2.225172
7.838562,0.495503,1.545380,4.511356,-2.053557,0.700202,-0.473610,-3.185679
7.821693,-1.320903,-0.402406,5.138630,-4.637105,1.444249,0.065960,-2.599536
9.279431,-1.555254,-0.249765,5.046729,-4.507763,1.593612,1.713461,-1.987147
16.066827,20.427273,-21.543564,10.271708,11.587176,-4.102204,-0.700378,-2.477880
15.954457,19.425430,-22.952378,12.432147,10.156649,-3.425226,-1.317554,-1.514735
10.772389,0.317825,-2.575715,3.599497,-2.446447,1.039355,2.052037,-2.375146
11.919599,2.687999,-0.636728,6.476940,-3.407323,1.523367,1.509783,-2.001863
9.573626,1.118821,-1.184040,7.522845,-3.520210,1.041894,-0.058564,-2.503652
9.158086,-0.096658,-2.455253,3.934088,-2.804404,0.220142,1.151408,-3.335091
9.875922,1.023700,0.510895,6.027794,-3.608167,1.553742,0.810481,-1.992697
8.739225,0.690587,-0.891034,7.952275,-4.237188,1.454680,0.212744,-2.187687
8.979569,0.061806,-2.388459,2.613995,-2.433007,1.478283,2.982531,-1.682446
9.533962,1.548229,1.104213,5.752042,-4.129785,2.688102,2.494927,-0.069169
8.297100,0.677985,0.695115,6.597753,-3.770779,2.148681,1.488248,-0.063387
8.554633,-2.058310,-1.789708,3.079530,-3.075285,1.245180,1.929442,-3.029776
8.028341,-0.089736,0.366519,6.759798,-5.035149,2.036263,2.001452,-2.428878
7.318665,0.508638,0.928836,5.467088,-2.324766,1.369641,1.221208,-3.981165
9.417145,0.755126,-3.519093,4.374366,-2.577123,0.640002,1.612061,-1.544413
10.836397,-0.015249,-0.504677,4.945852,-4.097216,1.230120,0.191374,0.275263
9.950727,0.958008,2.036051,0.720548,-0.711743,1.416388,0.334724,2.262235
10.184000,1.652528,-1.801744,2.519448,-2.633669,0.477110,1.625411,1.072385
11.203591,1.037878,0.546343,3.898283,-3.501689,0.873910,0.950393,0.170591
9.692963,1.587333,-0.426804,2.558255,-0.510338,-0.303850,0.480762,-1.066179
11.823395,0.856442,-2.388458,0.331832,-0.613082,-0.187395,2.516237,-0.318392
11.459804,1.136644,1.299270,2.955993,-3.106552,0.832805,1.887765,0.734752
9.477079,-0.285263,3.076129,1.180520,-1.902027,3.011551,1.443842,2.925049
11.494777,0.714284,-0.438677,-0.278192,-1.724126,1.590553,2.420736,2.239842
13.891782,2.064393,1.294476,1.848686,-2.700412,0.515979,1.442903,-0.034117
9.948368,2.374920,1.337240,0.595933,-0.274143,0.358957,1.053926,-0.074324
10.106449,1.432597,-1.341480,0.906282,-1.639394,1.165292,2.500387,2.896161
10.824809,1.420246,-0.581051,4.192183,-3.122026,-0.124302,0.297226,0.533719
8.680015,-0.530401,3.059851,0.923101,-1.541576,2.879335,0.244965,2.519522
9.696285,0.341597,0.024265,0.893658,-2.764983,2.024862,2.472751,1.899248
11.501284,-0.194970,2.603890,2.594930,-3.944156,2.163732,1.586041,1.251235
9.268884,1.250037,3.027414,0.199422,-0.279844,1.746144,1.073188,2.541594
12.075468,1.549571,0.573384,0.152912,-2.264943,1.130545,2.708816,1.711185
12.157954,0.372999,-0.640700,-2.955719,1.425177,-0.546432,2.690098,-0.372283
9.841750,-0.005158,-1.464065,-2.041610,2.726502,-0.823247,1.972554,-2.226610
7.742230,-2.034670,1.013627,-0.624414,-0.409323,0.896034,2.413815,-3.478936
7.926783,0.517251,-0.371198,0.181538,0.525605,0.868395,2.097307,-3.183344
6.229725,-2.670371,0.118500,1.211143,-1.109715,1.238445,1.657958,-2.366998
6.580658,-0.863861,-0.665746,1.009123,-1.311128,1.089988,2.756386,-1.657927
6.907481,1.467361,-1.526646,1.401778,0.634452,-0.314104,3.109252,-1.892022
5.039815,-0.691716,-2.853605,2.391820,0.473203,-1.046592,1.589989,-3.034152
6.674356,-1.444501,-0.577173,0.020137,-0.347452,0.738038,2.432072,-2.344887
6.933918,-0.851305,0.795964,0.119703,-0.058017,1.274397,2.122640,-2.953634
6.306284,-2.931548,0.312138,1.691506,-1.474365,1.115321,1.107501,-3.822701
5.464851,-2.110058,-0.284161,1.015248,-1.722238,1.888277,2.589878,-1.479510
5.174113,-2.028010,1.186204,0.746913,-0.908399,1.876176,2.431430,-2.887432
5.415808,-1.716313,-0.537096,1.047285,-0.917909,0.799519,1.913916,-2.274159
5.596957,-1.737609,-1.356186,0.953395,-0.776414,0.707426,2.402579,-1.583284
6.800065,0.458483,-1.840721,0.378713,1.055908,-0.372768,1.811862,-2.967117
6.020684,-2.519845,-0.557174,1.001818,-0.143979,0.301361,1.071899,-3.983149
4.199442,-2.071714,-1.797286,0.680551,-0.361586,0.538104,1.859541,-2.536362
3.395679,-2.773494,0.690012,2.608657,-1.406939,2.016103,1.633555,-3.245178
3.327479,-2.048126,-0.562978,2.717735,-1.129082,0.813438,1.544740,-4.163622
2.940895,-3.868013,-0.897879,0.726838,-1.084634,1.574499,1.911567,-2.378389
-1.298936,-3.206430,-0.892769,2.864615,0.268899,2.016796,0.312230,-2.852469
-5.644499,-3.479737,-0.302641,1.295346,4.750011,4.697798,-2.478290,-1.302291
-4.954862,-4.216558,-0.106338,1.020037,4.102577,3.886346,-1.734360,-1.055560
-8.347909,-5.297017,1.010542,1.730733,2.030100,0.547189,0.115410,-0.090326
-12.407315,0.192348,-4.555532,3.457025,4.171150,1.538449,-2.214314,0.945025
-12.485227,0.501218,-4.273812,3.409667,3.745187,1.200216,-1.750886,1.493831
-12.316187,-0.888110,-2.345833,2.487215,2.005393,-1.533326,-0.121104,1.075671
-11.301495,-1.201937,-2.013358,2.845151,3.024609,0.490460,-1.402666,0.839160
10.763394,-1.453783,-1.034082,0.844649,-1.242290,0.237111,0.625570,-3.321274
10.076277,0.177769,1.995381,6.021611,-4.826006,2.141322,0.638789,-1.194318
8.532662,0.311336,1.349993,6.528903,-3.517818,0.876484,-0.132917,-1.913241
8.671980,0.600296,-3.761392,4.027539,-2.680008,-0.083511,1.934314,-3.628788
10.844893,1.272196,1.134760,6.621667,-4.677809,1.672639,1.991977,-2.799434
8.405753,1.701555,1.247476,4.773530,-1.904395,0.424296,0.162727,-2.991991
9.505637,-0.710600,-1.303087,4.391591,-4.056143,2.581191,2.608195,-0.145329
11.530610,3.006522,-0.944552,6.711315,-4.533616,2.151956,4.242671,0.056070
9.649882,2.383701,2.143784,4.727631,-2.407829,2.165949,2.296381,-1.033275
9.616603,-0.030949,-1.389141,6.782827,-5.013617,1.693990,0.626308,-2.580400
11.524691,1.472825,-2.555693,5.560903,-2.995789,0.056135,1.617773,-2.268088
10.922219,1.726787,0.618974,6.350136,-3.239399,0.925583,0.505931,-1.585167
9.391794,-1.062833,1.140983,6.256525,-4.600777,2.066191,0.362707,-1.983635
7.994464,-1.348067,-1.207718,4.364692,-3.523633,0.834129,1.353152,-3.584589
10.231952,0.420224,1.595178,5.843678,-4.128298,2.094650,0.712459,-1.598423
10.090924,1.302367,-0.802650,7.289592,-3.209778,0.926877,-0.437808,-1.958681
10.181044,0.670748,-3.655251,2.040109,-1.393125,0.841663,1.934466,-3.808059
9.791134,4.215213,-2.192837,5.407416,-2.792177,0.082945,2.764958,-2.815565
9.569755,2.227726,-0.248067,5.104011,-2.585975,0.762346,2.375758,-3.057592
9.188902,0.067898,-4.171607,3.596018,-1.755395,-0.183118,1.454667,-2.047103
9.736549,1.042922,0.622095,-3.108302,1.024749,-0.844633,0.773447,0.123731
10.147131,-0.674769,0.231929,-4.205045,1.551862,-0.093111,0.190179,0.571587
8.332115,-0.808540,1.294271,-2.750953,1.389476,0.915352,-0.259180,0.336751
6.339452,0.582145,-0.395004,-2.257081,1.360137,-0.445606,1.173985,-0.006849
7.251293,-2.720044,0.645939,-3.532127,0.818035,1.213747,0.850043,0.044642
6.735945,-0.159610,-0.063694,-2.256537,1.326343,-0.566430,-0.001087,-0.038164
7.372051,-1.654601,2.572980,-3.559966,1.026412,0.676826,0.255725,-0.186655
8.099350,-0.587849,-0.084245,-4.309200,1.803961,-0.659715,0.981354,0.595509
9.148180,-0.082741,0.906075,-3.619611,1.453416,-0.600312,0.573440,1.509000
8.158355,-0.623717,1.776820,-3.994544,1.385351,0.267100,0.794340,1.002331
6.766516,-1.661854,0.390784,-4.606567,1.652792,-0.297837,1.102709,0.979551
8.780784,3.454457,-3.629885,-2.059124,4.909246,-0.664810,-0.414186,-0.042704
7.124172,3.833168,-3.762087,-2.128490,5.402367,0.296949,-0.177746,0.183465
6.339222,-2.237700,0.604639,-3.919732,0.926808,0.658037,0.808921,0.741820
7.030370,-1.828857,1.503117,-1.951458,-0.245028,0.863300,0.372446,1.022168
4.974618,-0.660594,1.136857,-2.678662,0.835175,1.073406,1.129460,1.846460
5.798682,-1.013375,0.202443,-3.253425,0.981488,0.538754,1.693899,1.717414
6.642063,-2.410609,0.743224,-3.060529,0.604831,-0.052721,0.158589,0.206478
6.504334,-0.611902,1.244857,-3.637574,1.462566,0.304429,0.794851,1.525372
6.398788,3.715998,-4.405771,-1.203192,3.763940,-1.415982,1.721486,1.096354
5.959945,2.649460,-5.746688,-0.218929,3.408222,-1.682191,0.500886,0.034828
5.911894,-1.552392,0.875456,-2.682685,0.906937,0.795854,-0.180629,0.372643
6.073432,-1.618466,1.067146,-1.901063,0.062680,0.805997,1.062182,-0.037397
2.750477,-4.807190,-0.382991,-2.754318,2.105533,1.770417,0.822283,-0.914496
-11.648803,-4.515976,-3.469580,1.926486,0.444468,-3.021618,1.476513,1.664838
-10.409450,-4.848044,-3.524297,2.007855,2.011143,0.535051,0.103206,0.716578
-9.520999,-5.516335,-2.656909,1.720952,1.421486,0.067396,0.618862,0.764571
-9.480996,-6.217941,-2.032650,1.415012,0.775303,-1.122820,1.134898,0.733112
-10.267800,-5.457112,-2.611421,1.565923,0.728848,-1.881439,1.494450,1.111618
-11.043284,-4.493053,-3.553027,1.764722,0.887275,-2.284144,1.340078,1.228569
-11.598868,-3.999142,-3.927483,1.819559,0.928602,-2.434828,1.086661,1.202613
-10.961443,-4.131178,-4.169943,1.831124,2.060149,-0.351698,0.089357,0.700636
-10.721880,-4.378617,-3.820560,1.753112,1.930142,-0.241506,0.187589,0.654158
-10.783493,-5.426351,-2.674532,1.609209,0.636880,-2.555424,1.809083,1.179586
-10.617120,-5.628555,-2.675347,1.492431,0.712704,-2.138694,1.629172,0.773567
-9.911683,-5.706978,-2.422037,1.591234,0.969360,-0.889082,1.405591,0.476305
-9.865182,-5.717733,-2.585698,1.403280,0.934292,-1.208236,1.425308,0.540352
-10.712670,-4.967221,-3.122450,1.612613,0.710002,-2.188490,1.406905,1.026272
-10.727707,-5.024068,-3.006780,1.706522,0.842785,-2.286871,1.563933,1.309916
-10.968017,-4.906009,-3.136149,1.669988,0.892605,-2.382620,1.482303,1.352726
-11.187707,-4.857854,-3.038663,1.789108,0.612882,-2.512715,1.652741,1.514360
-10.710399,-4.913929,-2.919917,1.712420,0.576741,-2.253459,1.762469,1.338773
-1.255092,0.031642,-7.062023,1.372516,-2.211556,6.537338,4.846940,13.121722
7.004998,3.336008,-6.697899,1.697396,-7.866392,7.951568,10.339045,22.652681
-10.919694,-6.824350,-8.058471,-1.094239,-4.414056,-1.327513,-1.863321,2.479365
-11.411657,-6.750347,-8.029240,-0.983943,-4.920743,-2.220644,-1.582646,2.883172
-11.360278,-6.893708,-7.891895,-1.102860,-4.946279,-2.246365,-1.614832,2.701268
-10.665306,-7.311768,-7.724679,-0.973774,-4.583063,-1.323219,-1.721408,2.484830
-10.679300,-7.240351,-7.792669,-0.958564,-4.662114,-1.576927,-1.704956,2.593019
-11.101156,-6.870374,-8.093953,-0.999628,-4.744161,-1.933813,-1.797947,2.842681
-9.800579,-7.934842,-7.667245,-1.205374,-3.803482,0.258716,-2.343403,1.859334
-9.534209,-8.074765,-7.601742,-1.137906,-4.015135,0.119627,-2.223385,2.205142
-8.518758,-8.515060,-7.235509,-1.456917,-3.743362,0.967130,-2.551627,1.834940
-8.900579,-8.235171,-7.487473,-1.397218,-3.501194,1.156811,-2.689031,1.759558
-11.179676,-6.679310,-8.121044,-1.112448,-4.865175,-1.782065,-1.801667,2.895928
-11.387943,-6.457557,-8.169825,-1.142450,-5.201999,-2.114320,-1.813497,2.999017
-11.403145,-6.661449,-8.058932,-1.127284,-5.084520,-2.292855,-1.625078,2.848794
-11.426407,-6.733238,-7.996349,-1.230730,-4.996751,-2.107526,-1.780230,2.785472
-11.202775,-6.920565,-7.810325,-1.155223,-5.005226,-2.025058,-1.661877,3.006979
13.110225,10.468930,-11.275368,-2.051444,-1.898072,4.783949,8.108507,15.237126
-0.288152,3.734113,-6.714677,-2.877985,0.408488,4.493869,-2.456214,3.866227
-12.923287,-0.261112,-3.461893,-1.345668,-2.262141,0.261322,-2.692053,2.132977
-13.390641,0.219898,-4.070913,-0.908703,-1.741511,1.297518,-3.298401,2.266155
-13.081520,0.704684,-4.829380,0.401473,-3.997011,4.961143,-2.633305,8.143783
-13.461702,1.114333,-4.968521,0.623885,-3.750230,5.222963,-2.884665,7.915892
-14.977620,2.168125,-4.203026,-1.848013,-3.487417,-0.572643,-3.539788,1.642772
-14.538528,1.287236,-3.896864,-1.668385,-3.227494,-0.740695,-3.277058,1.735837
-14.153544,0.452321,-3.365191,-1.649200,-3.270577,-1.171931,-2.613987,1.859629
-10.416778,-1.654038,-2.733977,-1.765550,-0.145137,5.914624,-4.747648,0.609000
-10.568798,-1.552880,-2.647349,-2.191554,0.093548,6.085288,-3.527487,3.691131
-13.143919,-0.220336,-3.283044,-1.815215,-2.079927,0.825088,-1.409332,4.808204
-14.127716,0.284150,-3.624703,-1.321123,-2.813963,-0.973105,-2.142769,2.421561
-14.056187,0.321337,-3.634014,-1.570638,-2.728451,-0.379196,-2.701104,2.104207
-14.660864,1.375694,-3.694495,-1.884026,-3.669819,-1.619512,-2.795267,1.693083
-14.416789,1.038615,-3.519277,-1.728481,-3.581149,-1.638540,-2.378016,2.065908
-14.440688,0.861671,-3.310499,-1.890269,-3.739768,-1.763149,-2.467221,2.146079
-14.900792,1.641928,-3.489830,-2.294285,-4.447551,-2.382636,-2.793828,2.125137
-14.988913,2.144627,-3.193502,-2.887683,-5.220502,-2.843404,-3.174122,1.439570
-15.100473,2.005469,-3.275513,-2.693622,-4.962066,-2.880952,-3.063134,1.341520
-14.743786,1.521167,-3.398871,-2.408625,-4.154795,-2.019524,-2.956990,1.683011
-13.801848,0.381189,-3.302357,-1.837531,-3.250493,-0.474265,-2.904505,1.989252
-13.250613,-0.161551,-2.931730,-1.655707,-2.854833,0.258464,-2.564605,1.944486
-13.828015,0.414683,-3.758207,-1.213572,-2.397828,0.311010,-2.794575,2.250795
-13.889133,1.487627,-5.209216,0.360618,-3.788718,3.652164,-2.682705,7.642988
-13.360517,2.245415,-6.565594,0.940308,-1.251027,6.920135,-4.038977,7.018324
-12.960058,1.174720,-5.027555,-0.799610,-1.116296,1.131538,-3.358937,1.787633
-12.795016,1.148525,-5.178280,-0.894395,-0.926495,1.386301,-3.641134,1.907537
-13.241476,1.319875,-5.818937,-0.744321,0.299301,4.222523,-5.222300,2.034675
-15.103610,2.394334,-5.399918,-1.176454,-1.952680,1.980100,-4.993578,1.797750
-15.116035,2.382945,-5.448222,-1.262143,-1.936004,1.932276,-5.092803,1.618882
-14.871849,2.142292,-3.636033,-2.426452,-4.679968,-2.402564,-2.990689,1.396695
-13.546030,-0.090341,-2.970276,-1.836383,-3.247496,-0.386864,-2.410624,2.186672
-13.567449,-0.294918,-2.884099,-2.011551,-3.226005,-0.318785,-2.587460,1.957133
-14.754739,1.960768,-3.642209,-2.520182,-4.461080,-2.013986,-3.170490,1.404330
-14.250543,0.910481,-3.563859,-1.728279,-3.565598,-1.626190,-2.383987,2.034626
-14.308348,0.781000,-3.499284,-1.703925,-3.556228,-1.657850,-2.323256,2.125432
-14.590659,1.220709,-3.746535,-1.911637,-3.694081,-1.596415,-2.688311,1.831232
-13.808593,1.473891,-4.648554,-0.105578,-5.287635,1.874514,-1.791519,7.337781
-14.034505,2.305987,-4.560454,-0.699073,-6.038620,1.334694,-2.367082,6.716811
-14.984455,2.754706,-3.559490,-3.085529,-5.322246,-2.488969,-3.640636,1.045168
-14.988168,3.106868,-3.273673,-3.554908,-6.017686,-3.231730,-3.708877,0.680657
-15.038546,2.753938,-3.315217,-3.271029,-5.757845,-3.244571,-3.297030,1.120398
-15.079189,2.661529,-3.522410,-3.071595,-5.436629,-2.952657,-3.244440,1.241517
-14.711270,2.054278,-4.240621,-2.000834,-2.769532,0.326537,-3.976628,1.627866
-2.711155,-4.168402,-8.040482,-3.069084,-0.811642,1.494232,-2.007777,0.376564
-9.210566,-7.706022,-5.219620,-1.610075,-3.705636,0.165348,-1.529367,1.756313
-9.225466,-8.112648,-5.272245,-1.568076,-3.637591,0.319765,-1.688418,1.871275
-9.608760,-7.610595,-5.919927,-1.233118,-3.584454,0.347845,-1.832945,2.159154
-11.183468,-5.952987,-6.935906,-0.799449,-3.979946,-0.629478,-1.742439,3.040223
-11.136506,-6.267740,-6.598974,-1.049078,-4.295890,-1.477253,-1.431530,2.486760
-11.247938,-6.384265,-6.788605,-0.959372,-4.270014,-1.517393,-1.543848,2.405372
-10.991502,-6.549862,-6.810873,-0.976923,-3.711516,-0.365232,-1.949215,2.512549
11.804027,14.378366,-16.360519,0.460846,3.885278,7.055465,3.405213,14.597903
-5.162579,3.123984,-5.816814,-2.860701,0.026215,3.371379,-1.975848,2.666439
-13.509291,0.340207,-3.029041,-1.446141,-2.893046,-0.242213,-2.738182,2.046731
-13.611524,0.470787,-3.175442,-1.453552,-2.820246,-0.195836,-2.754398,1.966271
-14.899222,3.343321,-7.205265,0.466251,1.172701,4.923951,-6.084845,2.069518
-14.407060,2.799684,-6.402794,-0.002052,0.216363,3.220944,-5.279330,2.359032
-13.390298,0.373060,-3.449204,-1.240053,-2.257611,-0.051721,-2.884212,2.158160
-12.792934,-0.595212,-2.615778,-1.498040,-2.387556,0.400123,-2.902594,1.613437
-12.570386,-1.053167,-2.186712,-1.790146,-2.365286,0.562664,-2.918325,1.614462
-12.368990,-1.314594,-1.976773,-1.862683,-2.566630,0.348513,-2.591285,1.800115
-12.445653,-1.269477,-1.867608,-1.770623,-2.916166,-0.223377,-2.313167,1.993867
-12.688697,-0.910376,-1.938382,-1.813184,-3.023297,-0.674549,-2.197283,1.943980
-12.578833,-1.210581,-1.999268,-1.810602,-2.856038,-0.694921,-2.120217,1.874139
-12.645453,-1.092000,-2.067754,-1.818422,-2.755456,-0.680064,-2.086952,1.797676
-12.278602,-1.467354,-1.755898,-1.923931,-2.644496,-0.072801,-2.440873,1.465774
-13.556565,0.268705,-3.211403,-1.268039,-2.033754,0.959455,-3.353293,1.304616
-14.042140,0.742833,-3.155726,-1.749947,-3.334916,-1.201180,-2.985382,1.778339
-14.490763,1.506401,-3.068919,-2.122819,-4.255849,-2.404043,-2.746091,1.811178
-14.452667,1.245891,-3.439479,-1.867433,-3.538409,-1.689552,-2.846988,1.971779
-14.389452,1.101985,-3.376228,-1.897451,-3.521148,-1.515285,-2.894638,1.910935
-14.416757,1.487014,-3.885980,-1.297974,-2.283067,1.437109,-4.100446,1.514787
-14.604514,3.329802,-7.273564,0.439345,1.097905,5.086007,-6.598300,2.082672
-13.892156,2.290165,-5.981899,-0.216662,-0.691333,1.737321,-4.207029,1.984068
-13.602147,1.275564,-4.985379,-0.702931,-1.012105,1.031914,-3.629078,1.675705
-12.037107,-1.694336,-1.762361,-1.827186,-2.699516,-0.374151,-1.833572,1.901981
-11.861488,-1.590793,-1.815664,-1.899954,-2.761584,-0.301310,-1.846298,2.000733
-12.067025,-1.076857,-2.242627,-1.783884,-2.576056,-0.255710,-1.923620,1.808338
-11.709879,-1.445548,-1.855084,-1.835679,-2.407180,0.004881,-2.067885,1.527190
-11.707645,-1.964810,-1.450269,-1.926058,-2.666961,-0.160992,-2.032042,1.413820
-12.000359,-1.288571,-1.878954,-1.894673,-2.635853,-0.215422,-2.022862,1.668000
-11.556562,-1.634681,-1.548874,-2.019809,-2.586932,0.187271,-2.166838,1.523654
-11.809881,-1.257867,-2.027423,-1.640822,-1.706854,1.588658,-2.827638,1.219989
-13.949292,1.293933,-4.014233,-1.069614,-1.697926,1.557927,-3.751759,1.678949
-14.247769,1.282649,-3.189823,-1.997380,-3.766574,-1.362275,-2.926842,1.889150
-15.819594,5.922193,-11.252014,2.044925,7.125054,15.811477,-12.111347,1.267237
-15.280935,4.121306,-8.228883,0.400608,2.309072,6.455994,-7.150450,1.802997
-14.650108,1.732706,-4.910976,-1.036967,-1.830016,0.077837,-3.419953,2.124304
-13.618961,0.294606,-3.135576,-1.654871,-2.813853,0.198931,-3.229626,1.529213
-14.381417,1.354460,-2.905215,-2.224369,-4.119583,-2.139957,-2.838219,1.414306
-13.298583,-0.065487,-2.798256,-1.685112,-2.527635,0.463654,-2.876897,1.466660
-12.997629,-0.482362,-2.600344,-1.623938,-2.653395,0.338775,-2.769290,1.436344
-14.204071,0.665815,-3.184122,-1.670663,-3.503063,-1.584769,-2.733202,1.893051
-13.583894,1.401520,-5.239591,-0.587304,0.321586,5.011443,-6.228904,2.148406
-12.533895,0.105959,-4.139274,-0.811184,0.025370,4.997971,-5.542014,1.929474
-11.327129,-2.103471,-1.255130,-1.943573,-2.400014,1.101551,-2.677797,1.298538
2.756005,0.576426,-11.131823,-2.112555,-0.501305,1.415258,-0.683482,3.979641
-6.881350,-7.614234,-6.471082,-1.679916,-2.631700,2.648962,-3.332003,0.341828
-8.373935,-6.160395,-8.410040,-0.614503,-1.490491,3.713415,-4.151448,1.085388
-10.852172,-6.307184,-7.625486,-0.832717,-3.673460,-0.547175,-2.102589,2.589039
-10.851631,-6.330913,-7.426500,-0.914113,-3.858946,-0.144018,-2.139022,2.319799
-11.462246,-6.217716,-7.333300,-1.067647,-4.479802,-1.875344,-1.477039,2.849703
-11.788659,-5.511095,-7.858896,-1.155500,-4.232405,-1.046857,-2.228036,2.379149
-11.687131,-5.631913,-7.851098,-1.112463,-4.330993,-1.154469,-2.208289,2.409670
7.312441,-4.538915,-5.471073,-5.042414,-5.410340,2.422138,-0.424039,1.221035
4.635093,-6.174072,-5.804092,-5.793062,-4.656583,2.715175,0.146171,-0.420167
2.922484,-7.537904,-6.475677,-6.718080,-2.589641,1.257566,-0.005487,-1.532904
4.758195,-5.765618,-6.079600,-4.783676,-4.501516,2.129931,-0.094799,-1.970499
8.297804,-5.163505,-4.268314,-6.418246,-4.481201,2.456830,-0.333529,-1.330421
5.861401,-5.733436,-5.139959,-6.527022,-3.399517,1.502130,-1.474085,0.198959
4.289436,-5.668885,-6.743631,-6.042776,-2.990047,0.249939,-1.923202,-0.441514
6.883744,-5.518528,-5.905631,-5.654815,-4.761088,1.214234,-1.009608,-0.317045
7.151706,-4.312772,-7.603015,-7.411623,-3.237284,0.333622,0.051293,-1.112200
5.080730,-5.778795,-6.342169,-6.090662,-3.828007,1.283912,0.379159,-1.809889
5.739289,-4.509607,-6.686986,-5.919138,-3.537641,1.256091,-0.533183,-1.997681
5.472149,-5.017986,-5.685518,-6.345695,-3.482382,2.281499,-0.642520,-0.997090
4.720813,-6.073811,-5.395918,-4.570984,-5.824206,3.177717,-0.348330,-0.383560
3.707462,-6.827394,-5.673821,-6.196283,-3.891845,1.844682,-0.886725,-0.092875
4.643054,-7.032397,-5.029343,-5.342750,-5.036441,2.110538,-2.125482,-0.704240
3.301382,-5.845939,-6.452704,-4.673551,-4.093743,1.203526,-1.918988,0.818653
4.664448,-6.779387,-4.487669,-5.535113,-4.819048,2.771359,-1.368894,-0.158905
4.409189,-6.510160,-4.823796,-5.427859,-5.362440,3.776410,0.019154,0.396642
2.445212,-6.557731,-6.842728,-5.791205,-3.336365,1.814007,0.039072,-1.392261
3.376421,-6.499620,-6.764072,-6.139217,-2.800167,1.205230,-0.118372,-1.384968
6.275926,-4.607118,-6.048837,-5.867977,-3.793834,1.001109,-0.492693,-1.537760
5.943083,-5.690718,-4.609021,-6.085336,-4.258670,1.553835,-0.975875,-0.671296
3.565459,-6.438236,-6.197316,-5.611213,-3.692306,1.021895,-1.807521,0.215900
6.527704,-6.020856,-5.701239,-6.013748,-4.920315,1.475301,-0.799610,-1.387397
6.294433,-3.591495,-8.236830,-6.230298,-2.981530,0.851472,0.589369,-0.850790
3.253600,-4.601331,-8.520837,-6.275925,-0.769281,0.715795,0.742015,-0.639153
5.761066,-5.189251,-6.176168,-5.984629,-3.953430,1.073091,-0.231539,-1.935563
7.493451,-4.975636,-4.836880,-5.884775,-5.072878,1.755165,-0.264231,-1.356235
6.957803,-4.967060,-6.193723,-6.499851,-3.761296,0.714232,-1.864399,-1.623841
4.986827,-6.506380,-5.645824,-5.332178,-4.922672,2.002432,-1.820744,0.183237
4.389851,-7.064273,-4.473526,-5.152682,-5.408288,3.082890,-1.423581,-0.243750
4.250635,-6.796631,-4.628247,-6.149159,-4.838836,3.583424,-0.152014,-0.127070
1.630571,-7.336464,-6.266189,-5.081585,-4.033072,2.256521,0.167093,-0.876635
1.725415,-6.645301,-7.051842,-4.803443,-3.651179,1.743981,0.011194,-2.077516
5.355274,-4.763157,-6.356402,-5.001402,-4.982122,1.668232,-0.466927,-1.531934
4.405754,-5.366282,-6.042960,-4.993077,-4.576480,1.264103,-0.998036,-0.462587
2.932274,-5.974055,-7.267991,-4.097513,-5.129145,1.398395,-1.249622,-0.963679
4.754328,-7.699332,-5.393701,-5.432326,-5.779057,3.153941,-0.116512,-1.844203
2.220067,-7.781376,-6.091398,-5.700426,-4.076003,2.222316,0.376078,-1.316384
2.947278,-7.138006,-6.543147,-4.971144,-4.063605,2.477413,-0.225354,-0.792805
6.304987,-5.973740,-5.654326,-5.354789,-5.601684,3.063781,-0.061616,0.759198
5.534433,-6.644072,-5.560417,-5.242585,-5.269750,2.370672,-1.823688,0.245749
3.170868,-6.636984,-6.340543,-5.773138,-3.180979,0.810802,-2.040763,-0.354847
4.950336,-5.386735,-7.518388,-4.833079,-4.430879,1.530358,-1.142904,-0.908667
6.296049,-7.039641,-5.726100,-6.010081,-5.554051,3.258314,0.031837,-1.416293
1.668586,-6.580531,-7.682499,-5.442233,-3.268450,1.518907,0.103942,-1.318592
1.171815,-7.166453,-7.513199,-5.474188,-2.888968,1.915849,-0.088324,-0.766635
5.239259,-5.679988,-6.938056,-4.718046,-5.471500,3.074532,-0.189619,0.371133
1.380466,-6.691028,-7.458634,-4.681018,-3.277525,3.807572,-1.788853,0.819289
-10.530231,-8.013684,-7.532896,-1.900269,-4.253738,-0.863874,-0.805537,2.083313
-10.548209,-7.840279,-7.717297,-1.712683,-4.273751,-0.806813,-0.778268,2.318410
-11.453808,-6.759458,-8.364083,-1.648541,-4.474574,-1.365032,-0.803569,2.445051
-9.921680,-7.956182,-7.781368,-1.897955,-3.695396,0.622013,-1.332402,1.702798
-8.843652,-8.561263,-7.239886,-2.355362,-3.807948,0.642873,-1.204295,1.519695
-6.900024,-7.253588,-8.557774,-2.173005,-1.410217,3.758767,-3.033059,0.830902
-7.095574,-7.154898,-8.671369,-2.087590,-1.298059,3.866276,-3.073770,0.828873
3.327777,-5.270553,-8.135955,-5.496910,-2.935779,-0.001618,-2.103713,-0.134002
8.051149,-3.804901,-7.143434,-6.394844,-3.844858,1.060044,0.454769,-0.926074
8.370255,-3.920537,-7.068531,-7.318496,-3.575297,1.478860,0.833857,-0.149111
3.005370,-4.955241,-8.435470,-5.674670,-2.328809,0.721113,-0.111902,-0.889373
4.797641,-5.055036,-6.445993,-4.724945,-4.120090,2.213606,0.622429,-1.339296
7.900611,-4.214382,-5.666546,-6.000483,-4.564655,2.078047,-0.056678,-1.045005
5.552353,-4.638769,-6.727000,-5.812504,-3.150121,0.470339,-1.558854,-0.609702
5.127143,-5.064777,-7.732529,-5.158270,-3.988076,1.191642,-1.144353,-0.219074
6.666753,-5.636711,-6.131866,-6.124727,-4.763900,2.524189,-0.212899,-1.035149
5.277717,-5.189970,-7.034742,-5.269947,-4.630233,1.330509,-0.017728,-1.981464
5.367458,-6.103272,-5.208150,-6.738966,-3.456815,1.874630,-0.168264,-2.312326
4.605928,-4.837857,-6.468960,-5.471128,-4.316789,2.133886,-0.064207,-0.318489
7.006327,-5.563048,-4.937193,-6.037983,-5.536318,3.358048,-0.016204,1.228743
5.658619,-5.284177,-6.073569,-5.423557,-5.282016,2.667272,-0.816937,2.366726
2.485237,-6.633230,-6.844543,-5.986637,-2.858426,0.663947,-2.306707,-0.338076
7.740130,-5.701393,-5.401204,-6.106216,-4.994233,2.437596,-0.167966,-1.047162
8.912269,-4.771307,-5.813851,-7.374426,-4.146388,2.010868,0.755621,-0.509625
4.937719,-5.424854,-7.725607,-7.464886,-1.530775,0.476676,-0.300342,-1.574554
8.918128,-1.633731,-9.354629,-5.910130,-2.261374,-0.353604,-0.344742,-2.256597
10.204711,-0.978033,-8.900360,-6.218096,-2.473513,-0.784995,-0.332643,-1.756005
5.433251,-4.206875,-7.890899,-6.000442,-2.450188,-0.293642,-1.615771,0.328300
7.646634,-4.057859,-7.600817,-6.450581,-3.279821,0.506983,-1.537934,-0.756145
9.014415,-3.980548,-7.182020,-6.937142,-3.916113,0.954597,-0.174418,-1.316109
5.932015,-5.590256,-6.628525,-5.426852,-4.705461,2.157452,0.653814,-0.622259
4.412488,-6.098665,-6.435528,-7.221348,-2.222344,1.221968,0.054230,-1.284829
9.026265,-4.157048,-5.630913,-7.371791,-4.142108,1.564540,0.246974,1.067110
8.171199,-4.782138,-5.849735,-6.979573,-4.416591,1.849438,-0.436517,2.262199
3.923365,-7.165109,-5.383866,-6.422378,-3.194321,1.315012,-2.106998,-0.077664
7.710415,-5.459823,-5.575097,-6.073197,-4.537095,1.716911,-0.860696,-0.378493
9.085640,-4.163918,-6.335690,-6.714429,-4.327611,1.560215,0.834312,0.195701
4.927017,-6.079955,-6.861679,-6.683533,-2.808716,1.219302,0.122905,-1.051809
3.892454,-6.331646,-6.795586,-5.327035,-3.411809,1.707761,0.119601,-2.162972
7.095596,-4.588954,-6.325550,-6.211433,-4.190254,1.802808,-0.690575,-1.416094
6.083496,-4.562999,-5.477222,-7.215406,-2.554886,1.002760,-1.699913,-1.183756
4.459777,-5.327893,-5.252411,-6.718033,-2.653217,1.619271,-1.233538,-1.414269
3.591984,-5.372298,-6.240171,-7.145832,-1.513883,0.883637,-0.892215,-1.405349
4.965442,-5.426894,-5.750374,-6.283816,-2.778823,1.477102,-0.872378,-1.527964
5.097978,-5.432753,-6.510446,-5.310166,-4.837887,2.119615,-0.046384,-0.464598
5.075343,-6.340398,-7.549250,-6.370156,-3.587031,1.542466,-1.040816,-3.037756
5.917814,-7.100246,-5.209231,-6.498895,-4.189274,2.788841,-0.702110,-2.317276
4.939258,-7.230686,-5.739171,-6.660915,-3.733679,2.447445,-0.546947,-1.880147
5.730484,-7.748834,-6.263620,-7.506873,-4.395298,2.866991,-0.245732,-0.589004
5.972431,-7.632663,-6.142368,-7.111373,-4.321863,2.345824,-0.583203,-0.743744
5.796821,-6.970665,-6.649301,-6.329972,-4.138367,2.309582,-0.440259,-2.150878
5.309872,-7.888959,-6.057723,-6.809237,-3.882155,3.293378,0.284587,-1.694746
6.338858,-5.618114,-6.737038,-5.395233,-4.525971,2.028483,-0.306704,-2.706712
6.597554,-5.384509,-6.500486,-6.331733,-3.437942,1.091593,-0.855131,-1.809799
6.360432,-6.320468,-5.769367,-6.835141,-4.003000,1.975714,-0.572042,-0.619318
5.982733,-6.026588,-6.415145,-7.037827,-3.146303,1.261234,-0.309711,-2.168219
2.781223,-6.004703,-7.540465,-5.430943,-3.092442,2.052969,-0.629042,-2.624812
-6.028897,-9.628487,-5.040904,-3.562276,-3.430308,2.994410,-0.320790,-0.381084
-6.539391,-9.488816,-4.918592,-3.607753,-3.181339,2.337368,-0.251683,-0.190307
-9.071064,-8.275382,-6.345927,-2.963489,-3.008985,1.418367,-0.354318,0.844087
-10.049372,-8.020590,-6.575292,-2.310492,-3.244452,0.865977,-0.049374,1.334027
-11.438748,-6.980876,-7.112172,-2.347530,-3.847904,-0.687116,0.207861,1.866555
-10.126775,-7.721038,-6.950048,-2.323079,-3.211042,1.040039,-0.376186,1.408738
9.179022,-2.859231,-5.311418,-4.799438,-5.256067,3.133276,-0.847655,0.284890
8.452326,-2.760695,-7.827436,-2.818578,-6.437643,3.670032,-0.931994,-1.114996
7.855775,-2.142979,-6.861599,-1.673138,-7.663674,2.578662,-0.541641,-0.232633
9.081641,-2.490541,-5.238485,-4.127965,-5.658054,3.028391,-0.519638,-0.364444
9.054271,-2.926402,-6.917026,-2.910215,-6.850846,3.539289,-0.447313,-1.186824
8.943713,-3.267593,-6.840568,-3.338182,-6.900033,2.698897,-0.971975,0.191731
8.687268,0.258578,-8.858912,-2.644681,-5.550429,1.143107,-1.222225,0.247423
8.558061,-0.332391,-9.106122,-2.694241,-6.002481,2.691628,-0.027747,0.580611
10.778583,-0.236734,-10.255967,-3.063801,-5.207148,1.188527,-1.355074,-1.033221
11.129976,0.031789,-8.577766,-2.446804,-6.055108,1.837055,-1.456165,-0.226439
8.314772,-2.432016,-6.710203,-2.747688,-7.135415,3.226596,0.125673,0.136530
8.706440,-3.224211,-7.461634,-3.328408,-6.787874,2.376722,-1.295496,-0.548283
8.669108,-2.345030,-6.492286,-2.726544,-7.149006,2.204543,-1.330269,0.045149
8.846400,-2.613311,-6.117082,-3.735605,-6.521705,3.133741,-0.249315,-0.434252
9.989156,0.493981,-10.975766,-2.581092,-5.036337,0.420261,-0.487013,-0.258267
9.368643,1.176948,-9.867120,-0.593723,-6.664249,1.296210,-0.342601,1.288704
7.729771,-1.751346,-6.706411,-2.282730,-7.094262,3.297399,0.609350,1.539188
7.036826,-1.832754,-9.188505,-2.394214,-6.456557,1.614466,-0.647629,-0.869122
7.806319,-2.650307,-6.645985,-1.824852,-7.481273,2.886153,-1.556576,-0.669215
7.700160,-3.259551,-6.032322,-4.431612,-5.214966,2.560632,-0.950610,-0.757937
8.137728,0.321731,-10.719624,-2.340504,-5.190773,1.814018,-0.908293,-0.030174
8.170177,1.695821,-10.528260,-1.063064,-6.208398,1.789808,-1.428097,1.566037
8.267406,-1.810306,-6.587046,-3.130767,-6.621050,2.695836,-0.676923,0.452083
8.820022,-2.881525,-6.381634,-2.584769,-7.998503,3.811639,-0.242369,-0.009703
10.058632,-1.996034,-7.295829,-3.864941,-6.410211,2.588775,-0.811583,0.862609
10.114610,-1.547776,-6.537423,-3.494323,-6.764725,2.686888,-0.926352,1.042954
8.954317,-1.151447,-7.786701,-3.791294,-6.016043,2.269324,0.005442,1.053535
8.900896,-3.026589,-7.345578,-3.773582,-6.655405,2.117195,-1.098272,-0.465698
10.168561,-2.093287,-5.614462,-2.868388,-7.617295,3.004629,-0.952157,1.061845
9.977283,-2.634066,-5.185199,-4.708936,-6.180136,3.188374,-0.482232,0.802085
8.965732,-3.473305,-6.878201,-3.689370,-7.087393,3.478777,-0.749156,-0.626753
11.888361,0.579940,-8.594989,-2.796729,-5.782734,2.750096,-0.683675,0.909193
13.459836,1.100238,-7.764263,-6.073435,-2.805242,0.903083,-1.091998,0.146266
14.181592,5.397670,-13.795038,-3.237267,-2.637878,-1.577287,-0.681943,-0.576025
13.639716,5.849404,-14.058084,-3.029925,-2.613673,-1.659406,-1.242076,0.789210
11.113329,-0.516743,-7.009728,-4.744084,-5.085633,0.907368,-0.766832,0.837631
9.686758,-2.563629,-6.546071,-4.363580,-6.533695,3.374028,-0.319019,0.685849
9.043198,-2.058213,-7.853460,-3.405751,-6.710328,2.188844,-0.910722,1.055648
9.196199,-3.201610,-5.807808,-3.308890,-7.565295,3.385879,-0.532110,0.451807
6.917906,-1.704774,-8.378622,-3.582564,-5.708926,2.416132,0.742439,0.876717
7.005389,-2.499617,-8.820352,-2.621968,-6.646980,1.774931,-0.848208,-0.542832
9.742959,-0.580659,-7.396914,-1.752266,-7.412678,2.418751,-0.154266,1.372489
10.000259,-2.050378,-5.875055,-4.418500,-5.608190,3.288972,-0.258157,0.717130
8.277011,-1.906298,-8.939607,-2.697413,-6.245913,3.022336,-1.167675,-0.452399
7.333032,-1.721350,-7.918830,-2.422537,-6.845518,1.804980,-0.998913,0.866715
7.453614,-2.674869,-7.091993,-4.117819,-5.838516,2.232932,-0.699488,-0.009225
8.176981,-2.650322,-7.581968,-2.777161,-7.515577,3.276151,-0.200632,0.093630
7.878965,-3.035206,-8.776898,-4.720152,-4.344910,1.740598,-0.682905,-1.980860
7.647729,-3.909576,-7.355242,-5.860886,-4.440330,0.754834,-0.599743,-0.195422
6.470425,-5.809499,-7.068037,-6.319334,-4.507652,1.816482,-0.437690,-1.346588
6.063560,-5.435326,-8.128934,-6.502163,-4.163609,1.870701,-0.252729,-0.021565
6.920874,-4.108283,-9.483465,-6.991407,-2.938327,0.022027,-1.299548,-0.963285
9.007501,-5.655997,-6.226938,-7.446890,-4.224461,1.718565,-0.214134,-0.993314
9.922828,-3.547402,-8.307537,-8.170773,-2.524744,-0.145096,-0.488511,-2.730674
9.156152,-5.109799,-6.722826,-7.731312,-3.600653,1.080508,-0.645797,-2.084608
7.716937,-4.470546,-7.020193,-7.180151,-3.392066,0.628515,-0.659267,-0.643299
7.365863,-5.431729,-6.959856,-7.493128,-3.590761,1.499419,-0.530558,-1.271318
6.678905,-5.936605,-7.702413,-7.447946,-3.358657,1.757871,-0.578746,-1.063027
6.080449,-6.326732,-7.359317,-6.595438,-3.724038,2.328260,-1.140305,-1.229667
5.378576,-6.752475,-7.118214,-6.139706,-4.262150,1.886261,-0.808492,-2.646080
6.316025,-6.346461,-6.734794,-6.483896,-3.942203,1.614932,-0.388910,-3.274919
7.199092,-6.692413,-5.833310,-6.487579,-4.802315,3.088637,-0.000545,-0.359685
7.267409,-5.091495,-7.476854,-6.030237,-3.843628,1.340043,-0.517028,-1.251204
7.208535,-5.572605,-7.018150,-7.289334,-3.689056,1.247468,0.032594,-1.539755
7.743658,-6.053020,-6.948561,-8.224825,-2.658210,2.505003,-1.221821,-1.446387
6.814580,-5.543850,-7.337895,-6.677441,-3.196645,2.629938,-1.647897,-0.595090
5.966585,-6.203731,-6.655090,-6.721357,-4.104260,1.977021,-0.717179,-1.187609
5.702053,-4.882517,-8.405988,-6.999065,-3.301489,0.612431,-0.472231,-1.417863
6.473030,-6.668297,-6.444020,-7.406879,-3.718676,1.546159,-0.744699,-0.980017
4.283657,-5.577042,-8.457050,-6.554250,-2.725204,0.325577,-1.807749,-2.174324
-10.178743,-8.392021,-8.295180,-2.699053,-3.974180,0.375187,0.450687,1.624581
-10.446531,-8.112879,-8.792219,-2.288424,-3.897949,0.156313,0.310672,2.184787
-9.984358,-8.407555,-8.571922,-2.582315,-3.720387,0.486318,0.346837,1.675780
-9.940879,-8.385358,-8.375415,-2.744603,-3.756653,0.726959,0.269496,1.345402
-10.779938,-8.255389,-8.468275,-2.596112,-4.371566,-0.869296,0.662611,1.823908
-11.043841,-8.100080,-8.510543,-2.593285,-4.612609,-1.302083,0.779307,1.924508
-11.484391,-7.534517,-8.715401,-2.649531,-4.758105,-1.650143,0.795162,2.195079
9.011658,-2.018620,-6.586752,-3.480830,-6.262397,2.413404,-0.456957,-0.872650
8.344453,-2.605897,-8.270771,-3.557984,-6.079227,1.983589,-1.188921,-1.073163
7.966046,-1.613688,-7.100608,-1.581454,-7.280991,2.093246,-1.304812,-0.182968
8.770296,-1.917181,-6.550490,-3.257142,-5.413566,3.005752,0.298175,-0.026109
11.015359,-0.068161,-9.366547,-3.103088,-5.114470,2.156670,0.617743,-0.543157
11.049191,1.568731,-9.962972,-1.285035,-5.433824,2.744101,-0.522478,0.292300
9.444641,-1.685017,-7.187236,-4.551237,-4.303892,2.362622,-0.783754,-0.808923
8.931039,-2.892753,-7.248964,-3.626630,-6.040484,3.292200,-0.225424,-0.947325
7.477707,-1.333057,-8.368124,-1.842097,-6.588756,2.303172,-0.768929,0.157229
8.357861,-2.125384,-7.035486,-5.107935,-4.299548,1.708647,-1.301621,-0.860500
10.126977,-1.943869,-7.100707,-4.095319,-6.130533,3.258420,0.041838,0.605225
10.094908,-0.299596,-9.060667,-3.062680,-5.454713,1.839830,-0.863919,0.615667
9.303771,-0.882691,-7.744365,-3.780207,-4.895738,1.551342,-0.746225,0.612065
9.851224,-1.484097,-6.574490,-4.404170,-5.475421,2.656975,0.479387,1.355351
9.913102,-3.262564,-6.490239,-4.154708,-6.181101,3.037871,-0.655779,0.307914
8.864447,-1.270549,-6.942314,-2.251866,-6.735466,2.932325,-0.318946,2.145825
8.569071,-3.489056,-4.444496,-5.784020,-5.059518,2.746477,-0.432476,-0.253585
7.877110,-4.293686,-5.450240,-3.754284,-6.874264,3.628615,0.129103,-0.677792
7.121589,-3.775088,-7.207147,-3.704644,-6.046535,2.392815,-1.517041,0.065168
10.966932,-2.191731,-5.705225,-3.784946,-6.893368,2.930801,-0.808505,1.152218
11.082749,-1.868008,-5.445443,-5.846597,-5.146930,2.218301,-0.415185,1.053676
9.665021,-2.510836,-6.547677,-4.217954,-6.738467,2.896218,-0.649008,0.195181
9.799827,-2.839811,-8.045934,-7.789083,-2.652726,0.506742,-0.150827,-0.335890
8.243403,-3.441096,-7.116936,-5.906409,-4.511233,0.881912,-0.492172,0.141456
7.471575,-3.956795,-7.359078,-6.686336,-3.740820,0.627605,-0.581963,-0.454486
6.416023,-5.296415,-7.279206,-6.965478,-3.678410,1.121964,-0.235174,-0.387917
6.690233,-7.475735,-5.884520,-8.030766,-3.992487,2.302362,-0.536446,-0.900971
7.272323,-5.873711,-6.944962,-7.764856,-3.490015,0.894669,-0.874404,-1.392986
8.405591,-5.806689,-6.195052,-8.056710,-3.467533,1.337690,-0.161694,-1.585918
8.876130,-5.621713,-6.105620,-8.390482,-3.061372,0.834760,-0.258224,-2.974609
8.576874,-5.362338,-6.185775,-8.298083,-3.106129,0.832114,-0.261873,-1.554313
6.739280,-6.358373,-6.007121,-7.324293,-3.135989,0.872832,-1.314737,-1.204032
8.049970,-6.382716,-5.824139,-7.637743,-3.860626,1.604291,-0.287164,-1.486003
7.201829,-5.122550,-7.663435,-8.359470,-1.913521,-0.075605,-0.379780,-1.330059
8.510185,-5.794897,-5.970207,-7.134970,-4.458381,1.588933,-0.346579,0.183341
6.645145,-5.100769,-7.119030,-5.623112,-4.438444,0.924135,-0.565433,0.448608
7.497550,-5.332870,-6.573208,-7.329233,-3.801765,1.676793,-0.368555,0.023391
6.523915,-6.669856,-6.214499,-7.687110,-3.432407,1.883938,-0.096358,-0.687489
6.523644,-7.091821,-6.242669,-7.492499,-4.135463,2.618787,-0.167572,-0.090517
5.171772,-6.788196,-6.863875,-6.827749,-3.705569,1.764983,-1.199962,-1.053673
6.806494,-5.710527,-6.977472,-6.759792,-3.843713,1.217479,-0.544306,-1.599517
7.846483,-5.803659,-7.278622,-7.716211,-3.000350,1.384922,-0.397053,-2.114042
7.357428,-5.229197,-8.044953,-7.681525,-2.941918,1.058788,-0.679463,-1.280304
6.620832,-6.054925,-6.609711,-6.914232,-3.796351,1.698366,-0.688729,-0.625103
3.682830,-8.697256,-5.511540,-6.221716,-4.117057,2.799889,-1.340838,-2.109149
-0.324199,-7.294403,-8.352781,-4.449328,-3.078799,2.132641,-1.200452,-2.165817
-9.647655,-8.684684,-8.867247,-2.050306,-5.635217,1.745043,1.059829,3.264629
-10.419520,-8.735893,-8.255471,-2.712222,-4.228693,-0.460696,0.521420,1.689004
-10.910814,-8.135284,-8.613909,-2.441652,-4.538323,-0.928035,0.691179,2.200909
-11.080217,-7.321928,-9.253782,-2.137994,-3.928050,0.628561,0.033647,2.060711
-9.740035,-8.860111,-8.099604,-2.558650,-3.861535,1.362719,0.091862,1.549690
-10.685340,-7.770058,-9.024845,-2.348647,-3.563297,1.200266,-0.216950,1.366560
-10.884977,-8.071889,-8.726000,-2.575618,-4.360345,-0.680767,0.527520,1.740246
-11.034345,-7.906306,-8.763161,-2.510944,-4.678702,-1.206915,0.714928,2.162221
-11.189743,-7.563744,-9.094364,-2.447563,-4.391919,-0.888497,0.427834,2.102190
-10.679535,-8.099276,-8.699752,-2.522012,-4.336174,-0.567995,0.540923,1.974426
-10.346964,-8.567783,-8.298606,-2.632483,-4.420696,-0.286021,0.609556,1.943167
-10.427628,-8.599518,-8.369542,-2.723546,-4.381841,-0.416274,0.515395,1.697953
-8.039156,-9.920875,-7.935454,-3.045166,-3.035162,3.464657,-1.102405,0.403874
-7.148210,-10.079176,-7.744418,-2.451764,-5.141759,3.949139,-0.045019,1.978182
-8.326548,-8.739424,-8.647142,-1.784419,-5.146828,3.356382,-0.294665,2.705666
-10.644643,-7.586597,-8.945352,-2.331512,-5.078499,-0.259810,0.421068,2.324926
-11.508970,-7.381992,-8.991841,-2.651706,-4.779295,-1.539996,0.606375,2.068896
-11.508647,-7.198944,-9.177304,-2.644426,-4.713398,-1.282863,0.475360,2.016526
-11.402335,-7.107266,-9.453154,-2.285439,-4.137437,0.076710,0.144998,2.043699
-11.329633,-7.224143,-9.205496,-2.343054,-4.392828,-0.283493,0.230289,2.091986
-11.980659,-6.054832,-10.772990,-1.880429,-3.114262,0.672980,-0.831032,1.978081
-11.726856,-6.372622,-10.179246,-2.173221,-3.526255,-0.049581,-0.315206,1.774198
-10.989795,-7.765129,-8.801849,-2.699670,-4.444720,-0.649750,0.249122,1.679823
0.724645,-0.532751,-9.220399,5.748494,-7.960139,9.149611,3.755648,12.836287
9.439433,9.356524,-7.945798,9.803408,-11.100734,10.241212,9.450839,21.713342
-9.505145,1.234270,-4.507538,3.888867,4.492664,-0.894030,-2.647523,1.005065
-10.106331,-0.599128,-2.517856,3.890691,4.289326,1.746474,-3.529851,0.888404
-10.927178,-2.980864,0.303185,3.130840,3.367867,1.384847,-1.794020,1.058131
-11.059897,-2.913353,0.174251,3.127603,3.142741,1.029952,-1.827985,0.870624
-11.766083,-3.218628,0.720167,2.931283,1.364717,-2.390455,-0.420017,1.081472
-10.653073,-3.431662,0.654708,2.915161,2.720009,0.582818,-1.726681,1.055318
-10.528782,-3.439586,0.742486,2.965563,2.553535,0.497272,-1.362739,1.433884
-11.307462,-3.201247,0.922444,3.153894,1.365991,-1.866104,-0.203828,1.733216
-11.422439,-2.936313,0.560987,3.313324,1.824479,-1.182616,-0.556092,1.350813
-11.361893,-3.157144,0.592714,3.123853,1.985527,-1.062475,-0.599473,0.919592
-11.568781,-3.159249,0.827051,3.122765,1.417186,-2.138835,-0.005077,1.823380
-11.273544,-3.059075,0.959051,3.200623,1.334657,-1.774141,0.109257,2.035647
-10.914622,-3.254201,0.919567,3.072819,1.961379,-0.510767,-0.612171,1.494714
-11.541266,-2.699164,0.364576,3.169604,2.140336,-0.477914,-0.899756,1.700134
-11.117331,-3.490421,0.747071,3.068589,1.864670,-1.127556,-0.639376,1.104196
-11.189559,-3.397105,0.769682,3.109662,1.811850,-1.547598,-0.364527,1.439251
-11.725866,-2.683632,0.447314,3.191191,1.366101,-2.148778,-0.332667,1.833807
-1.252238,5.184330,0.704336,-0.454880,2.427959,4.185484,2.290569,0.602503
-8.565582,2.543391,0.158467,-0.140442,1.354749,4.214453,0.941278,-1.707311
-13.296310,1.444915,0.933286,-0.132806,1.204018,2.412729,2.704138,-1.213499
-14.169440,2.681256,0.312561,0.090121,0.709385,1.359785,3.075604,-0.990079
-14.056244,2.639478,0.120948,0.183614,0.877381,1.441005,2.758301,-1.071092
-13.705789,2.345551,-0.013518,0.522256,1.957713,4.095551,1.840966,-1.649157
-13.418149,1.801121,0.698143,0.128040,1.531691,4.474575,1.775453,-1.789696
-13.615636,1.597463,1.306887,-0.459614,-0.007834,0.938194,3.203848,-1.086050
-13.796463,1.780143,0.966477,-0.263163,0.285014,1.349759,2.839062,-1.345953
-11.511036,0.451019,1.246043,0.118746,2.351956,6.872020,1.234991,-2.338820
-11.933099,0.859103,1.345858,0.003457,2.453326,6.644399,1.171619,-2.241383
-13.612921,1.865007,1.546687,-0.502690,-0.124023,0.912602,3.123717,-0.968878
-13.784346,2.168221,1.350580,-0.486473,-0.255399,0.896518,2.895009,-1.310936
-14.081132,2.106865,1.309160,-0.473340,-0.357485,0.334973,3.139583,-0.963699
-14.348234,2.524972,1.087291,-0.474180,-0.419920,0.053629,2.911581,-1.113244
-14.083597,2.433844,0.729807,-0.167915,0.965445,2.519188,1.841642,-1.184965
-13.890153,2.069788,0.939951,-0.250334,0.884009,2.385142,2.042622,-1.403846
-14.288854,2.568538,0.808522,-0.229209,-0.183904,0.549984,2.856619,-1.089010
-14.520552,3.032550,0.394441,-0.236670,0.247109,0.874457,2.684519,-1.213952
-13.552332,3.068553,0.572159,0.526808,-0.203968,3.771614,3.542291,3.017950
-13.737918,3.005849,0.959325,0.310735,-1.175595,2.428389,4.039752,3.185126
-14.095597,2.837164,0.924331,-0.945454,-0.290646,1.316108,4.297673,2.297727
-13.973333,2.727316,0.924884,-1.075103,-0.280114,1.592866,4.205684,2.189045
-14.361046,2.799118,0.553686,-0.422499,0.111394,1.028689,2.730723,-1.399119
-13.023084,2.389412,0.195126,0.701731,1.420409,6.452789,2.350682,2.727259
-12.994688,2.311549,0.360937,0.625085,1.202390,6.159711,2.457901,2.688341
-13.822837,2.141332,0.853165,-0.127715,0.309857,1.466463,2.995459,-1.228175
-13.677235,1.943057,1.070471,-0.325152,0.210230,1.145808,3.321443,-0.993666
-13.649028,1.764035,1.214420,-0.470009,0.183631,1.002371,3.398171,-1.017972
-14.258698,2.523010,0.847675,-0.456898,-0.123467,0.603750,3.051529,-1.334507
-14.097659,2.168409,0.888327,-0.341310,-0.070732,0.701573,3.232696,-1.070673
-14.070531,1.938403,1.010366,-0.333952,-0.095071,0.515004,3.454324,-0.901523
-13.823300,1.687903,1.247756,-0.339078,0.003815,0.878747,3.263108,-1.140254
-14.043603,2.089069,1.156971,-0.449314,-0.142430,0.563990,3.189222,-1.121309
-14.247334,2.596741,1.010861,-0.632762,-0.408846,0.360517,3.126810,-1.112107
-13.590680,1.953219,0.728181,-0.159025,1.230295,3.090288,2.308355,-1.266149
-13.550665,1.718702,0.833470,-0.250312,1.319985,3.287091,2.224303,-1.311698
-14.265516,2.582623,0.987422,-0.535760,-0.588742,0.165706,3.127592,-1.345310
-14.341738,2.857231,1.114558,-0.860000,-0.801326,0.015866,3.088386,-1.349100
-14.300257,2.412384,0.826330,-0.400859,-0.191248,0.418768,3.424254,-0.751916
-14.889451,2.999332,0.065342,0.041167,0.182615,0.202694,3.338869,-0.839440
-15.087365,3.875124,-0.801280,0.704945,1.653559,3.328716,1.963512,-0.997480
-14.536090,3.382791,-0.136790,0.457340,1.409132,3.952929,1.646862,-1.319640
-14.817073,3.416703,0.053290,-0.062499,0.140180,0.788973,2.725334,-0.844743
-14.702749,3.306285,-0.416352,0.063079,1.023200,2.145496,1.857498,-0.992435
-3.020368,-2.766843,0.316850,2.225070,3.515340,2.667086,-3.582853,-1.486364
-11.317957,-2.861277,0.493444,3.432390,1.602675,-2.165629,-1.682266,2.171853
-11.662460,-2.443346,0.141252,3.526450,1.578537,-2.546014,-1.640953,2.055729
-11.760836,-2.486896,0.206911,3.566484,1.458889,-2.724149,-1.453823,2.267611
-10.317463,-3.328517,0.488453,3.617934,2.605020,0.784891,-2.720054,1.528133
-10.457478,-2.965683,0.320797,3.613204,2.701310,0.561913,-2.539148,1.630135
-11.020270,-3.082733,0.573674,3.455123,1.962057,-1.874023,-1.466382,1.571776
-10.066532,-3.916608,0.959377,3.331429,2.209700,0.029848,-2.010493,1.172694
4.457894,4.786403,1.240936,-0.246107,1.486778,5.536733,4.505687,4.612772
-6.870956,1.945238,-1.099030,-0.054306,2.769134,4.012430,1.667923,-3.543325
-13.392055,1.654801,-1.114831,1.097303,2.216584,3.177096,2.388670,-1.339849
-13.255890,1.635640,-0.886044,0.930467,1.943522,2.262897,3.073793,-1.238437
-13.299192,1.417010,-0.524500,0.711847,1.570068,1.450876,3.333877,-1.507392
-12.357406,0.127415,0.925284,0.191283,0.970462,1.734129,3.690180,-1.421916
-12.352194,0.192595,0.968167,0.184059,0.988746,1.726822,3.952124,-0.910862
-12.564233,0.476835,0.721133,0.338376,1.079590,1.388041,3.825400,-1.169030
-12.896180,0.775639,0.408076,0.399929,0.996856,1.131356,3.558527,-1.187017
-13.221949,1.322487,-0.280559,0.512298,1.445571,1.659095,3.292447,-1.075123
-13.544214,1.575902,-0.452729,0.602868,1.194753,0.922203,3.415989,-1.024709
-13.147588,0.935190,0.178921,0.488999,0.934640,1.177867,3.474857,-1.391531
-12.959514,0.947765,0.249398,0.612185,1.181651,1.328248,3.579565,-1.311405
-12.473652,0.564343,0.541295,0.421623,1.264587,1.940855,3.358702,-1.599267
-12.909003,0.755805,0.529425,0.377980,0.937720,1.147808,3.465835,-1.329750
-13.197142,0.994047,0.173659,0.498269,0.998676,0.578300,3.756031,-0.997692
-13.227909,1.087572,-0.027975,0.556311,1.334152,1.208066,3.484518,-1.132137
-14.236133,2.697142,-1.363735,1.233773,1.818723,0.797088,3.083899,-0.723808
-13.869220,2.825906,-1.817222,1.144554,3.317282,3.426602,1.529703,-0.688815
-13.038646,1.809644,-0.587066,0.680915,2.285155,2.574376,2.319441,-1.248901
-12.760470,1.540982,-0.317503,0.844979,1.575350,1.444634,3.005926,-1.488859
-12.479101,0.950427,0.020873,0.678771,1.665000,2.407195,2.783371,-1.925294
-11.901952,0.467882,0.384317,0.611142,1.515576,2.388941,2.797881,-1.685422
-12.126500,0.695228,0.486329,0.477723,1.631825,2.173566,2.843485,-1.445378
-13.151521,1.125918,0.463332,0.596387,0.990042,0.963279,3.198284,-1.026813
-13.285072,0.969080,0.689439,0.510957,0.693559,0.547816,3.397679,-0.961061
-12.540967,0.992640,0.522817,0.590636,1.493108,2.324335,2.932433,-1.690990
-12.206734,0.574695,0.835789,0.258680,1.323804,2.268795,3.047576,-1.777699
-12.160523,0.668851,0.638567,0.272567,1.585277,2.626426,2.654076,-1.429543
-12.475144,0.947900,0.355107,0.549684,1.506682,2.026415,3.133539,-1.188712
-12.756734,0.977805,0.333832,0.638102,1.548515,2.043730,3.219274,-1.373146
-12.485511,0.576192,0.705338,0.453091,1.499698,2.173154,3.026567,-1.749242
-12.138783,0.136008,1.011005,0.279203,1.492554,2.492472,2.923128,-1.978104
-12.912906,0.257561,1.067489,0.348436,0.864396,0.783123,3.297607,-1.365861
-12.658000,0.694981,0.575384,0.625334,1.829822,3.045368,2.490704,-1.683643
-12.611983,0.869236,0.460460,0.608891,1.601328,2.532116,2.828720,-1.432166
-12.393918,0.447384,0.921397,0.397786,1.308441,1.864288,3.258953,-1.221019
-12.334610,0.187366,1.125042,0.212317,1.309826,1.912622,3.009070,-1.459245
-12.295063,0.413532,0.778591,0.212702,1.345275,1.695901,3.212756,-1.484589
-11.904454,0.148401,1.115729,0.217154,1.206255,1.579331,3.374378,-1.371393
-12.748889,0.924557,0.635242,0.502828,1.195875,1.285153,3.170149,-1.122075
-13.037470,1.346473,0.227165,0.512226,1.284371,1.868109,2.921005,-0.951253
-12.001286,-0.067091,1.298835,0.177187,1.293047,2.367904,3.022162,-1.534682
-12.956715,0.775119,0.607119,0.526989,1.290362,1.351051,2.851365,-1.644450
-12.730095,0.691227,0.485576,0.615524,1.456287,1.546540,3.125363,-1.635222
1.500490,-0.394965,0.293926,0.575333,3.245689,4.180188,2.163101,3.928179
-9.863334,-3.623806,-1.568727,3.557609,3.452028,1.324203,-2.394677,1.431027
-10.300440,-4.011331,-0.566749,3.317274,1.641179,-1.729593,-0.668397,1.283546
-10.161934,-4.244059,-0.249877,3.342538,1.862146,-1.114414,-0.891681,1.279772
-10.272175,-4.052981,-0.544715,3.249407,2.128092,-1.061227,-0.999159,1.182073
-10.538347,-4.054522,-0.596435,3.234050,2.293395,-1.066632,-1.204176,1.133525
-9.398041,-4.475158,-0.422538,3.111717,2.556679,0.604290,-2.099806,0.984259
-9.704333,-4.001593,-0.546941,3.161681,2.404651,-0.426328,-1.542234,0.941496
-10.880969,-3.122374,-1.264021,3.485931,2.734324,-0.222148,-1.791692,1.635856
4.626081,-3.789468,1.417647,1.329168,-1.296976,2.262620,-2.104380,-1.533560
5.017986,-3.597231,0.019003,1.648074,-1.124586,0.348090,-2.370883,0.218177
3.237568,-4.892460,-1.302238,-0.091522,1.222454,-1.102651,-2.853974,-0.223076
7.174801,-4.505847,1.084101,-0.546323,-1.513006,1.112056,1.073716,0.230509
6.849970,-3.758282,2.448321,-0.669937,-1.128318,2.592870,2.219959,0.767746
3.825459,-2.840277,2.710967,-3.038951,1.758331,1.815609,1.324561,-1.231278
4.559423,-2.133122,2.465946,-3.452893,1.969454,1.119956,1.461469,-1.359923
6.685850,-1.852256,2.978916,-1.042717,-0.348689,2.316710,1.480520,1.116955
5.229439,-2.613598,1.178100,1.212689,-1.172318,0.755782,-0.247594,-0.497877
4.300275,-6.763165,1.119783,-1.961859,1.158420,0.239755,-2.617535,-1.845072
4.047098,-5.970704,0.610755,-1.876453,1.529164,-0.490907,-2.858224,-1.780817
5.713995,-4.653720,0.425794,0.212792,-1.678049,1.545593,-0.032658,-0.714328
4.569775,-3.017741,0.977003,0.426475,-1.761897,1.791337,1.563423,-0.609388
2.281295,-3.809461,2.996530,-2.589664,1.986746,2.374586,0.925192,-0.707748
2.573434,-3.330492,3.220376,-2.025974,0.633939,2.661538,0.996386,-0.878129
4.421657,-1.735597,2.497647,-0.304317,-0.206116,1.963269,0.986222,0.767684
4.912519,-3.064632,1.667068,0.899220,-0.989218,0.562865,-0.662447,0.118220
2.193913,-6.374092,0.398322,-0.479338,0.692057,-0.361264,-2.344423,-1.602073
2.134615,-7.085766,1.109759,-0.414779,0.370294,0.304946,-2.003651,-1.826204
3.771614,-6.360022,0.666719,-0.346576,-0.926232,1.520492,-0.206260,-1.624562
4.325308,-4.209233,1.302189,0.790738,-2.117146,2.871798,1.389138,0.564176
2.129367,-3.530910,1.673675,-1.517374,1.274429,1.494746,0.523408,-1.017355
2.601140,-3.100731,2.031604,-1.109218,0.553349,1.946866,-0.167317,-2.220624
1.933920,-2.371297,1.386884,0.627802,-0.419798,1.595848,-0.764446,-1.269135
2.830588,-4.073574,2.561446,0.822439,-1.020528,1.600709,-1.196768,0.536168
2.928723,-5.627209,1.189200,-0.207520,0.174059,0.483279,-1.744703,-1.147572
2.048852,-7.327347,1.175852,-1.054668,1.199056,0.655813,-2.306340,-1.628020
4.779182,-5.864589,0.397543,-0.330506,-0.499505,1.358070,0.284662,-0.718481
4.260271,-4.350967,-0.690047,-0.263269,-0.827763,1.822104,1.821471,-0.944687
2.996301,-3.296326,0.696269,0.412355,-0.350565,2.303476,1.732382,0.261548
2.712670,-3.159302,2.078592,-2.164998,1.408999,2.040310,0.780234,-1.036754
2.226850,-1.876968,1.586585,-1.525398,1.511186,1.597203,0.448434,-0.816177
3.440999,-2.499329,3.085393,-0.642436,-0.065801,2.518840,-0.453157,-0.858063
3.526509,-2.782862,2.159358,1.642560,-1.253927,1.576991,-0.633909,0.779288
2.811742,-5.648480,0.554561,0.018698,0.040417,0.528456,-2.233800,-1.041703
1.558119,-6.633597,0.275184,-0.457116,1.007144,0.417841,-2.475541,-1.658448
4.172613,-5.607924,0.495204,-0.154672,-1.015277,1.683021,0.247275,-0.137941
5.051496,-5.217257,1.876614,-0.573645,-1.793243,3.092793,1.763014,0.051569
2.087237,-2.676744,0.725034,-0.874157,0.675935,0.725712,0.756029,-0.952947
2.299689,-3.798310,3.156284,-1.672644,0.777674,2.154256,0.097391,-1.455087
3.537107,-2.203022,2.492513,-0.703466,-0.536284,1.992357,-0.503339,-0.695811
4.940851,-3.143042,2.026164,0.321228,-0.539340,1.911897,-0.782575,2.171134
3.925094,-5.105263,1.279358,-0.099243,0.477651,1.153452,-1.635870,0.848335
4.351580,-5.767471,1.724131,-1.685682,1.270565,0.214902,-1.558352,-2.073191
7.217222,-4.386511,0.281082,-1.680839,0.307276,0.275607,-0.655803,-2.702060
5.493331,-3.963902,0.834921,0.132393,-1.003214,2.551884,0.659161,0.662901
2.408180,-3.955600,2.123025,-0.115612,0.686213,1.879001,-0.231231,-1.183711
-1.287768,-3.975207,0.889671,-0.457975,3.231032,3.064218,-2.188097,-1.876228
-10.468216,-4.578373,0.177016,1.988360,1.398603,-0.515565,-0.482274,1.162073
-10.483818,-4.544477,0.076567,2.027539,1.531977,-0.327736,-0.583331,1.187156
-11.595381,-3.544346,-0.550456,2.339252,1.039923,-2.091458,0.112928,1.715765
-10.809663,-3.876802,-0.724531,2.436010,2.645464,0.909577,-0.970685,1.635441
-10.277573,-4.371456,-0.349939,2.274282,2.535895,1.164238,-1.020140,1.292465
-10.345470,-4.512665,-0.339821,2.225179,2.763105,1.726348,-1.169313,1.283551
-10.929968,-4.069684,-0.743773,2.384188,2.783507,1.523253,-1.138728,1.553004
3.420621,-1.446463,2.029364,0.052658,-0.429343,1.985253,0.513920,0.531450
4.848019,-3.279743,2.276202,0.444329,-0.934463,2.089947,-0.448933,0.776938
2.645105,-4.918561,-0.107530,-0.567127,1.034897,-0.221397,-2.239480,-1.282960
2.261429,-5.098221,-0.267460,-1.118862,1.915041,-0.866636,-2.480286,-1.654848
3.912810,-5.424591,-0.020624,0.238611,-0.189604,0.180596,-0.976417,-2.144010
3.422809,-3.230167,-1.375012,0.524093,-0.624566,0.877150,1.413786,0.402907
4.071878,-4.187989,1.978760,-0.476689,-0.187281,1.853182,1.031201,-1.252747
3.100463,-3.210018,2.428094,-2.133916,1.785981,1.388758,0.334003,-1.238691
3.161767,-3.176279,3.497088,-1.492407,0.277763,2.466079,0.227387,-0.382545
4.258796,-1.486286,2.334882,-0.954046,0.775781,2.143646,-0.804407,-0.181983
4.253291,-2.321962,1.474207,0.864708,-0.262000,1.530628,-1.828824,1.249419
3.267308,-4.867513,0.505077,1.653245,-0.769141,0.911624,-1.733843,1.249553
3.103846,-5.596804,-0.367338,-0.229035,0.586303,0.658919,-1.275623,1.185122
4.932137,-5.782497,0.086542,-1.150651,0.662000,0.238045,-1.815600,-2.313048
6.822708,-4.887984,-0.025624,-1.522276,-0.349910,1.102100,0.500500,-1.093756
5.284031,-3.260227,0.482306,-0.039034,-1.254169,1.729992,1.295083,-0.444819
2.806531,-3.256227,1.669132,-1.438688,1.328259,1.788711,1.777775,1.037745
4.639650,-2.383380,1.827600,-2.602498,1.543958,1.706728,1.227987,0.491841
5.534319,-1.073533,2.116376,-1.695881,1.140783,0.931214,-0.165451,-1.213940
5.068957,-2.462151,2.673139,-0.803850,0.127998,1.403588,-1.122588,0.053975
5.632110,-3.479657,1.279775,1.011866,-0.955439,0.585544,-1.620917,0.353985
3.862727,-5.024411,-0.912963,0.037666,0.326086,-0.159084,-2.277946,-0.190533
0.540882,-5.401532,-2.194477,0.115237,0.959778,-0.947331,-1.651138,-0.288083
1.513403,-7.008102,-0.206220,-0.270968,0.758829,0.219844,-1.508986,-1.505412
4.394844,-4.616670,-1.381781,-0.481264,0.137284,0.302293,0.498009,-0.664161
5.610000,-3.389936,-0.300389,-0.198319,-0.492200,1.973286,1.788498,0.241329
3.805544,-2.515440,0.827843,-0.124069,0.688406,1.932475,0.991980,-0.049566
2.046111,-1.643773,0.540351,-1.693207,2.127188,1.202949,0.522487,0.243625
3.952717,-2.906714,2.787670,-1.830381,0.533428,2.283020,-0.057215,-0.585737
4.694619,-1.295892,2.536393,-1.197454,0.516895,1.331390,0.306475,0.060709
6.065225,-3.109715,3.390135,-0.553761,-0.737456,1.688544,0.007663,0.448820
3.743950,-5.513215,0.722990,-0.500115,0.409659,0.294374,-1.514143,-0.873372
3.520694,-4.888968,-1.272467,-0.376428,1.161309,-0.818588,-2.244992,-1.282228
5.303083,-5.140573,-0.691567,-1.248261,-0.041935,0.187802,-0.351916,-1.459444
5.990457,-5.642466,-0.100081,-2.014771,-0.878172,1.441355,0.987400,-1.142875
4.387947,-2.849981,0.123405,0.586942,-1.190597,1.510313,1.550003,-0.078896
1.339776,-3.664611,2.900143,-0.781826,0.584642,2.812307,1.348234,0.410338
3.043844,-3.358398,3.725315,-2.784441,1.816632,3.402707,0.807916,-0.231303
3.292707,-1.697271,2.050925,-2.549690,2.083958,2.316907,-0.266789,-0.741943
5.053632,-3.432009,4.101247,-0.966581,-0.479574,3.928006,0.397296,1.118329
4.088188,-3.732498,1.573786,0.713097,-1.005772,1.295560,-1.353976,0.416730
3.795739,-5.249730,0.220526,-1.566536,0.508061,-0.182506,-1.411862,-0.869741
6.323027,-4.018080,3.327191,-0.727271,-1.217018,2.435021,0.121579,0.582444
4.707211,-1.304259,3.365054,-1.178678,1.101924,1.558426,-0.181708,0.739933
3.149089,-3.050371,3.912058,-0.792247,1.606230,1.700856,-1.297799,-1.822098
2.357625,-3.005077,2.170289,-1.325220,1.908922,0.540169,-1.827728,-1.591740
5.409004,-0.860548,1.505378,-2.676415,3.656018,-0.953960,-2.216670,-1.552805
7.233568,0.441961,1.831410,-3.394314,4.082319,-0.518776,-1.076915,-1.021076
2.869711,-1.312571,0.755602,-0.814795,3.949528,1.336327,-2.098897,-1.957826
-9.463037,-5.145714,1.178915,3.102835,1.235023,-1.484068,-2.203433,1.479851
-10.022955,-4.718947,0.705396,3.277229,1.344422,-1.541149,-2.389371,1.656937
-10.922267,-4.434121,0.590600,3.265786,0.638024,-3.248205,-1.774592,2.459887
-10.397051,-4.560014,0.772805,3.246553,0.968289,-2.341272,-2.052850,2.443922
-9.738575,-5.117654,1.137873,3.159102,0.883375,-2.071853,-2.049494,2.362121
-9.913194,-4.919100,0.861406,3.112438,1.219267,-1.917687,-2.222787,2.014790
-10.798275,-4.325228,0.467537,3.248729,0.969681,-2.447243,-2.397358,2.670684
11.613266,0.566651,0.190954,3.643121,-2.821912,1.220560,0.100170,0.147652
9.324655,-1.492045,-3.206858,-1.487394,1.590772,-1.110881,-0.521023,-1.050840
14.529300,2.523062,0.882561,3.961966,-3.244413,0.196759,-1.012142,1.195584
12.152765,3.978247,1.447818,1.233981,1.440198,-1.226728,-2.185657,1.575401
11.084034,-0.513534,1.339516,3.983778,-3.943593,1.485077,-0.843927,0.019310
8.615579,-0.349636,-4.857427,0.253811,0.976726,-1.554790,-0.754883,0.122899
11.511144,-0.025748,0.740383,2.884804,-2.836624,1.411407,-0.341619,1.997336
9.992427,2.137708,1.435443,0.800412,0.752395,0.304802,-1.431749,1.966693
9.848538,-0.967897,1.023185,4.377031,-4.406489,2.358139,-0.073347,0.434274
5.376275,-2.915375,-3.958005,0.794607,0.255309,-1.278287,-1.004212,-0.611684
11.532418,-0.347309,0.816995,3.842332,-3.532860,2.072697,-1.790653,1.691414
10.564918,2.980726,0.525004,1.471035,0.912302,0.205928,-2.675168,2.099593
10.403196,-1.330211,1.902092,4.210810,-4.901388,2.562899,-0.446658,-0.242383
6.670328,-2.152341,-4.216787,0.729081,-0.010116,-1.020735,-0.481622,0.106964
11.495327,-0.084921,0.134794,3.923916,-4.023351,0.667924,-1.839766,1.254926
10.215214,0.479976,2.446604,0.647801,0.516491,-0.056761,-2.969674,0.933117
11.555014,-0.886616,1.622373,2.892274,-4.008091,1.623334,-0.571511,-0.586046
8.144322,-2.006091,-3.195119,0.257577,0.188171,-0.947281,-0.077256,-0.596266
10.734965,0.320804,0.646500,3.761476,-3.266382,0.665158,-0.452769,1.422758
9.069271,1.845365,2.384546,1.054358,0.402213,0.597764,-0.744683,0.526864
10.627766,0.794018,1.207626,3.483538,-3.368726,1.888350,1.691034,-0.233464
8.187389,-2.120877,-2.889280,-0.492097,0.916922,-1.409074,-0.596968,-1.747984
13.110626,0.797507,1.410186,2.241636,-2.571028,0.495868,-0.549991,2.363780
12.984519,2.790867,3.054414,-0.579032,1.091912,0.147323,-0.795924,1.787360
13.460148,0.578032,2.132840,2.853533,-3.716572,2.074366,0.758393,-0.606338
10.253293,-2.127967,-2.048307,-0.231141,-0.884871,0.448833,0.292466,0.174574
12.864082,1.903138,-0.184973,3.425218,-2.433094,0.742277,0.536613,1.611580
12.544592,2.607394,2.565922,0.658403,0.053763,0.678864,-0.625944,3.017147
12.792263,1.566202,0.262179,4.469249,-3.089164,0.249511,-1.167849,-0.111591
12.207509,-2.425948,0.261982,0.100314,-2.679935,1.560097,0.752958,-0.318661
12.658423,-1.774286,0.918669,2.363689,-3.941980,1.482255,-0.171072,0.536893
12.308844,0.168217,3.326162,2.297044,-2.304222,1.854678,-2.123842,2.616832
11.264763,0.734646,1.831056,3.914024,-2.624899,0.740461,-1.626089,-1.205145
11.085467,-0.999996,-0.341519,2.180325,-3.082717,0.775388,0.276242,0.014063
11.026628,-1.281757,0.339869,2.450757,-3.045494,0.932706,-0.136142,0.901400
12.385071,3.403968,1.318727,0.228752,0.723356,-0.165059,0.531948,-0.109909
12.414400,1.198634,1.569001,3.492361,-2.942535,2.061834,1.620486,-1.014460
6.348832,-2.014384,-4.520236,0.092120,1.927237,-1.648645,-0.345119,-1.479369
11.051099,-0.772964,1.574836,3.414449,-3.414112,0.795719,-0.656170,1.228481
11.734706,1.903078,4.186217,0.027798,-0.175279,1.645385,0.191542,3.884242
13.761522,1.244999,2.150479,1.960339,-2.734872,2.076220,0.456348,0.160466
10.706865,-2.032983,-1.056692,-0.001192,-1.098405,1.272263,0.211384,0.377352
9.239247,-1.109660,1.027578,3.853971,-3.801122,0.638076,-1.789700,0.458704
10.050045,1.447616,3.656381,0.436511,0.302975,0.414016,-1.845776,1.177233
11.856337,0.337639,2.070425,3.986764,-3.541218,1.917026,0.147584,-2.197998
8.257283,-3.277366,-1.665578,1.299015,-1.888696,1.380587,-0.040976,-1.240927
7.541248,-2.983099,0.614308,-0.821520,-0.127687,0.334799,-0.519405,-3.312949
8.300317,-3.254774,1.692611,-2.045555,0.022147,0.980772,-0.931461,-1.647520
7.043567,-4.398441,-0.453365,-1.802688,0.064919,-0.243529,-1.280037,-2.578662
7.553637,-3.201524,-1.293649,-2.870242,1.108488,-0.066660,1.354979,-2.649705
8.076468,-2.616069,1.471422,-0.559772,-0.438376,1.294179,1.002305,-3.011717
6.731336,-3.504047,1.816099,-0.275345,-0.702751,1.125585,-0.397051,-1.389971
6.684217,-4.461134,0.209335,0.957672,-1.344467,0.653630,-0.494579,-0.337737
6.771472,-4.450260,0.934922,-1.611931,-0.711017,0.826801,0.656554,-1.351586
6.839289,-2.729088,0.509246,-3.490392,1.911436,-0.805861,-0.349385,-2.643355
7.258714,-3.590583,1.566124,-3.470860,0.338392,1.318485,0.435230,-0.018974
5.853701,-4.375533,-0.613589,-3.176108,1.413634,-0.888270,-0.243781,-3.019482
5.245858,-4.328478,-0.347294,-1.633511,-0.149068,0.752450,0.111475,-2.457737
3.216324,-4.021738,1.022453,0.343406,-0.898598,1.510686,-0.525235,-2.536588
5.070349,-4.672236,1.896631,-0.506907,-0.779733,1.605580,-0.716187,-2.623599
5.125896,-5.761177,0.174813,-0.124090,-0.926966,-0.464510,-2.091441,-2.416285
6.893857,-5.434759,1.283826,-2.474886,-0.535209,0.913947,0.194063,-0.745648
6.776386,-3.306536,0.990817,-1.034695,-0.212819,0.203700,0.003360,-2.055730
6.673606,-2.709966,1.189429,-0.808481,-0.380464,0.809273,-0.281601,-0.460968
6.663883,-4.606054,0.248894,0.599408,-1.244370,0.023471,-2.051220,-2.689051
8.281564,-3.366517,-0.379986,-2.366634,0.383949,-0.219440,0.214067,-0.239076
7.769438,-2.266664,1.260478,-2.470797,0.274952,0.241385,1.095152,-1.173791
4.718950,-2.802584,2.516245,-3.028148,2.298222,1.280727,0.621798,-0.237497
-11.306193,-3.481251,0.142420,2.612599,1.160160,-2.261423,-0.856760,1.884378
-11.606841,-3.440605,0.022518,2.604622,1.039885,-2.961999,-0.528256,1.868420
-10.812476,-4.152446,0.354068,2.459808,1.845173,-0.658619,-1.552094,1.504439
-11.010358,-3.740195,0.037335,2.599050,1.737846,-1.327378,-1.302031,1.551685
-9.975501,-4.108222,-0.287645,2.594719,4.211247,3.471400,-3.123702,1.454997
-9.612078,-4.649439,-0.047217,2.414845,3.967030,3.505467,-3.100981,1.239353
-10.659363,-4.506908,0.446985,2.238140,1.124348,-1.923912,-0.769521,1.498794
-11.040820,-3.557574,-0.237733,2.454033,1.795498,-1.470959,-1.143989,1.517050
-10.061893,-3.629265,-0.128125,2.374341,2.211759,-0.407183,-1.610053,1.294546
10.878714,0.176675,0.709752,2.634449,-3.377450,2.875624,1.994263,-0.387007
15.244390,1.361056,-0.806101,0.044101,-0.349972,-0.751868,-0.091218,0.991399
16.825264,4.722073,2.214532,-0.389138,0.000101,-0.374749,0.323164,2.977914
13.164512,2.145611,3.098707,2.803351,-3.003498,1.643285,1.365999,-0.723994
10.667089,-0.751570,0.003479,1.042647,-2.259096,2.010958,2.726411,0.653881
11.549493,2.528718,-0.833006,2.056554,-1.642321,0.464074,1.605900,1.371871
12.790552,3.333323,2.643638,-0.348959,0.938933,0.995250,0.414993,3.680018
12.534172,2.687046,-0.236678,2.999163,-1.932318,0.139697,-0.039783,-0.331695
8.491386,-3.021419,-0.259841,0.787973,-2.117105,1.294464,1.235773,-0.286126
11.734179,-1.003093,1.722098,2.120276,-3.213189,1.209917,-0.596041,2.522807
11.875491,0.075877,4.422303,0.837910,-1.273069,2.129552,-1.240640,3.486781
9.838714,-0.319933,1.550815,5.403120,-3.909861,2.174317,-1.113004,-0.370590
8.937304,-2.381589,0.013426,2.360868,-2.962345,1.476202,0.073357,-1.467053
7.818531,-4.021070,1.685349,2.770505,-3.516291,2.032069,-0.588761,0.008972
9.632588,0.950538,1.765169,2.738712,-1.228208,0.913631,-1.497594,1.267042
11.655722,-0.108369,3.048396,3.064902,-2.076645,1.840936,-1.059391,-0.727871
10.587537,0.090665,-0.753969,1.689244,-2.445327,1.418757,1.477163,-1.902064
12.392194,1.779681,-2.267343,-1.774680,0.273034,-0.610574,1.688448,2.218985
15.156123,1.787532,3.948348,-0.473107,-1.680473,0.598971,-0.192592,2.457185
10.947689,2.897791,2.046664,2.280256,-0.102849,-0.345327,-0.675724,-1.222364
11.423398,-1.464755,2.461176,2.067785,-3.477529,3.247824,1.687851,0.609781
6.782769,-3.871855,-0.051819,-2.279817,1.636368,-0.763075,-0.717436,-1.842614
9.096731,-3.292045,1.330046,-3.655319,1.015797,0.102997,0.777072,-0.687127
8.157760,-2.443406,2.204838,-1.587874,-0.029754,0.410958,0.069146,-2.046528
8.090012,-2.499566,1.778233,-1.135808,-0.772107,1.239405,-0.144645,-1.050365
8.870599,-4.037062,0.754643,-1.331645,-0.215529,-0.241054,-1.678216,-2.688278
8.476613,-3.602615,0.626572,-3.016209,-0.028112,0.572402,1.012845,-1.144306
8.533813,-3.399982,2.240462,-4.316286,0.651789,1.378217,1.921688,-1.643769
9.235404,-0.402698,2.132516,-4.050373,1.307010,0.644821,1.360787,-0.650514
9.389864,-2.044350,2.337587,-2.560502,0.618222,0.386356,0.547797,-3.485359
5.296183,-4.334655,-0.304791,-1.157985,0.199759,0.069520,-0.015150,-2.794048
6.708319,-4.821478,0.898153,-3.413972,0.835109,1.271184,1.574040,-2.268710
8.983128,-2.983800,2.671150,-3.058035,-0.809377,1.865362,2.338632,-1.013653
8.045134,-2.307912,2.890848,-3.286892,0.471426,1.878616,2.066884,-2.351170
7.360120,-2.875623,1.555967,-1.296039,0.107691,1.223670,0.466578,-2.798505
7.692904,-3.629791,0.153994,-4.080954,1.632510,-0.183029,0.664771,-2.659464
10.396999,-1.236657,1.704024,-5.067636,0.552307,2.248704,4.063221,0.360118
9.176594,-0.567038,2.500369,-3.821435,0.637962,2.132719,3.081557,-0.546764
8.691251,-2.441195,2.918638,-2.707318,-0.388990,2.144006,1.630516,-0.456718
6.677233,-2.326891,-0.781114,-0.965379,0.011543,-1.009715,-0.542326,-1.182517
6.952572,-3.336004,-1.123286,-2.920961,1.667002,-1.029760,-0.384653,-2.604737
7.152139,-2.726194,-0.083034,-2.438783,-0.267075,0.878115,0.964969,-0.954106
3.851759,-3.044218,0.606130,-2.151781,1.326489,0.688140,-0.334202,-2.092648
5.496599,-2.949409,0.976572,-1.012247,0.245493,0.288273,-1.063869,-1.521983
5.778055,-4.074462,-0.060376,0.277903,-0.043744,-0.619095,-1.712439,-2.888011
4.481618,-4.725404,-1.558887,-1.292356,0.560127,0.063388,-0.723329,-2.959975
-9.686736,-7.003300,-3.108983,1.237336,0.192094,-1.997912,0.815612,1.684620
-8.984987,-7.353462,-2.918598,1.091437,1.068327,-0.447425,-0.026225,1.220796
-9.099998,-7.193672,-2.837304,0.969044,0.915632,-0.763868,0.107240,1.110058
-9.783092,-6.965567,-2.986113,1.171051,0.476136,-1.277407,0.337610,1.390126
-9.840302,-7.172410,-2.790980,1.236189,0.004820,-2.305673,0.858855,1.738500
-10.346488,-6.712970,-3.393898,1.381171,0.070774,-2.699490,0.845103,1.730928
-9.537378,-7.643330,-2.687944,1.079727,0.361765,-1.431006,0.414350,1.451888
-9.418607,-7.275027,-2.958243,1.048850,0.329692,-1.891849,0.905725,1.433016
-9.752894,-7.061682,-3.003236,1.190028,0.109669,-2.236659,1.100178,1.880544
-9.983743,-6.991927,-3.393721,1.194237,0.909556,-1.022288,0.365852,1.501693
-9.887758,-7.192229,-3.355655,1.159791,0.894531,-1.145857,0.341332,1.439689
-9.994105,-7.068603,-3.324056,1.341538,0.497503,-1.761318,0.700203,1.702840
-9.829246,-6.647204,-3.667776,1.421620,1.032256,-0.704564,0.282713,1.240804
-9.679566,-6.760195,-3.432412,1.400894,0.855394,-0.577109,0.346843,1.415517
-10.349616,-6.422934,-3.388980,1.442385,0.271877,-2.193578,0.821169,1.680925
-10.320453,-6.686395,-3.169823,1.186246,0.187296,-2.375454,0.728736,1.459753
-10.359912,-6.763135,-3.151333,1.173579,0.070622,-2.560245,0.785385,1.318752
-9.853230,-7.085518,-2.950381,1.208483,0.092540,-2.128690,0.805252,1.467713
-10.213895,-6.762558,-3.290847,1.281920,0.202686,-2.277633,0.798116,1.506681
-10.643772,-6.340763,-3.492729,1.350220,0.161901,-2.739871,1.004414,1.710523
-5.936245,-4.578251,-3.744669,5.795334,-2.549085,1.490318,0.977237,2.277930
-2.268114,-2.682997,1.305749,7.238725,-4.195282,3.632081,1.879752,0.972561
-10.464688,7.861631,-10.067882,6.890148,11.499747,9.442740,-6.437024,-0.936808
-7.788289,6.736460,-7.800416,4.976053,7.821430,2.191856,-3.444104,-0.806015
-8.048973,3.399419,-3.570200,3.842689,5.764203,1.421570,-2.548787,-0.092534
-8.651928,1.155185,-1.781547,4.295565,6.179569,5.210480,-4.140103,0.359349
-10.586516,-1.332506,1.130195,2.892589,3.412517,1.085594,-1.430731,0.650479
-9.772735,-3.237119,2.706698,2.552773,2.179499,0.221250,-0.103886,0.417283
-10.921891,-2.643416,2.351180,2.755065,2.256304,-0.204453,0.097880,0.584473
-10.363792,-3.238032,3.015224,2.512208,1.989374,-0.329255,0.549989,0.510421
-10.360041,-2.800838,2.576897,2.638976,2.188940,-0.455941,0.452830,0.525964
-10.469843,-2.643291,2.565405,2.619381,2.185301,-0.361186,0.534179,0.560658
-10.662144,-2.802884,2.962139,2.345568,1.713142,-0.785522,0.885431,0.817408
-10.912038,-2.627734,2.839264,2.528532,1.595823,-1.052394,1.027669,0.747771
-10.954969,-2.557882,2.688677,2.607423,1.651692,-1.054834,1.018269,0.830170
-10.608579,-2.864269,2.940450,2.477471,1.830408,-0.226384,0.726661,0.728167
-10.567858,-2.990564,3.038618,2.431325,1.569397,-0.697703,0.946467,0.620547
-11.044641,-2.682606,2.695686,2.588887,1.557463,-1.306730,1.000678,0.638802
-11.353019,-2.318674,2.486054,2.575567,1.456685,-1.533007,0.914428,0.674347
-10.977039,-2.505356,2.642821,2.476192,1.676247,-0.778364,0.665907,0.491219
-11.023545,-2.439582,2.602189,2.596592,1.623872,-1.040689,0.855985,0.806509
-11.349865,-2.058688,2.461911,2.774459,1.601864,-1.157690,1.013791,0.945717
-11.201727,-2.213191,2.550242,2.588732,1.469836,-0.944995,0.941212,0.965185
5.049047,8.700543,2.461871,-1.657518,0.921289,7.513898,2.574686,9.178300
-11.611830,3.995691,1.362927,-1.800058,1.284834,4.020071,-3.841733,-0.532479
-15.657594,5.632155,2.197073,-1.938297,-2.210282,-1.006402,-2.841675,0.418729
-15.659763,5.894230,2.067123,-2.232818,-2.097122,-0.694310,-3.058766,0.225623
-15.350380,5.152534,2.346743,-2.037392,-2.062989,-0.988166,-2.490449,0.469287
-15.272848,5.065729,2.500418,-1.877456,-2.116309,-1.150634,-2.324034,0.548693
-15.657601,5.888088,2.417560,-2.383828,-2.589146,-1.599798,-2.848146,0.198614
-15.815224,6.522352,2.294148,-2.672002,-2.872009,-1.704690,-3.409705,-0.319851
-16.159393,7.303623,2.192388,-2.932674,-3.451316,-2.422975,-3.365413,-0.245839
-16.056469,6.429621,1.796823,-1.972113,-2.121129,-0.843092,-3.179633,-0.119492
-15.941319,6.522655,1.528567,-1.730121,-1.909628,-0.277926,-3.295738,-0.124311
-15.842814,7.530978,2.032044,-2.963266,-3.615911,-2.099717,-3.493988,-0.364826
-16.004910,7.207506,2.165761,-2.849102,-3.666354,-2.482976,-3.232027,-0.143566
-15.783105,6.694810,2.082604,-2.806751,-3.251773,-1.956386,-3.116961,-0.103152
-16.072986,7.374418,2.238810,-3.171838,-3.738712,-2.497984,-3.145546,-0.235584
-16.134464,7.061652,1.950585,-2.909296,-3.246791,-2.229393,-3.005824,-0.158757
-16.087394,6.851667,1.938900,-2.677806,-3.090661,-2.160471,-2.979830,-0.092315
-16.036921,7.065768,2.142085,-2.994344,-3.735975,-2.524582,-3.296721,-0.421421
-16.292990,7.374539,2.027470,-3.027649,-3.828857,-2.703791,-3.276213,-0.318282
-16.386065,7.397233,1.876076,-2.941066,-3.624724,-2.659323,-3.109078,0.078165
-16.720708,7.878666,1.553471,-2.927700,-3.694331,-2.884530,-2.946324,0.365010
-16.383715,7.588997,1.839202,-2.946504,-3.750530,-2.553639,-3.096122,0.158323
-16.272098,6.827986,1.308109,-2.108128,-2.442732,-1.218598,-3.246380,0.142322
-16.163122,6.625613,1.399537,-2.032880,-2.311174,-1.136017,-3.146207,0.117435
-16.356125,7.523300,1.682199,-2.884961,-3.484106,-2.359855,-3.416439,-0.385432
-15.242727,5.025997,1.531907,-1.702373,-0.956687,0.772230,-3.001223,0.545433
-15.272388,4.966802,1.530881,-1.594286,-1.037323,0.633524,-2.970844,0.634610
-16.654291,8.062249,1.798021,-3.096526,-4.238371,-3.070337,-3.462482,-0.431092
-16.516629,7.765332,1.859570,-3.129209,-4.006368,-2.971837,-3.228626,-0.494556
-15.718854,5.937738,1.857261,-2.147037,-2.226046,-1.380401,-2.459740,0.189856
-15.800372,6.042580,1.785982,-2.099684,-2.225692,-1.449483,-2.415781,0.371891
-15.426115,5.394060,1.431515,-1.242635,-0.674202,0.449751,-2.784745,0.625127
-15.392759,5.444404,1.462966,-1.147471,-0.530287,0.697626,-2.919827,0.629874
-16.111035,7.149024,1.989961,-2.835118,-3.458393,-2.291631,-3.024410,0.030066
-15.859241,6.643834,2.082110,-2.791789,-3.120207,-1.863857,-3.112997,-0.033894
-16.106337,6.883509,1.969978,-2.860513,-3.197649,-2.027206,-3.041943,0.201405
-16.202379,7.332164,2.006278,-3.059611,-3.754163,-2.568540,-3.096225,-0.107642
-16.052838,7.281412,2.184110,-3.107892,-3.826025,-2.491257,-3.173284,0.005040
-16.337637,7.657740,2.058932,-3.338307,-4.132681,-2.966817,-3.426115,-0.356019
-16.534367,7.651735,1.717430,-3.089983,-3.845193,-2.994350,-3.396428,-0.533343
-16.176142,7.044462,1.548924,-2.513795,-2.832247,-1.880451,-3.129338,-0.076045
-16.003814,6.955213,1.792156,-2.551994,-2.946724,-1.767644,-3.042024,0.154849
-16.212729,7.445434,2.075211,-3.098702,-3.943882,-2.729077,-3.159384,0.069705
-16.081354,6.738014,2.188170,-2.814051,-3.617223,-2.423970,-2.929430,0.380514
-16.220696,6.873564,1.332895,-2.217390,-2.551645,-1.624423,-3.038140,0.462343
-16.181340,7.241749,1.448088,-2.583159,-2.812824,-1.791696,-3.433502,0.063441
-6.252240,-0.516332,-0.243723,3.319153,4.996657,5.108760,-1.895437,-1.889786
-9.317743,-4.032852,2.735628,2.118980,2.052915,0.433194,0.890011,-0.648986
-10.216291,-3.073886,1.948908,2.782238,2.462359,1.181807,-0.134802,-0.415118
-11.820345,-2.000429,1.668339,2.653376,1.269965,-1.812894,1.310931,0.678735
-11.608003,-2.030177,1.654576,2.838843,1.521211,-1.439972,1.391300,0.797585
-11.840447,-1.787770,1.480152,2.844356,1.577071,-1.760312,1.351732,0.874420
-11.328200,-2.511906,1.908818,2.525178,1.596112,-1.307119,1.344990,0.185068
5.441339,7.403738,2.761642,-1.055834,-0.103800,6.734392,3.909277,8.278506
-12.915629,2.630896,3.794989,-1.150411,-1.097925,0.483205,-3.699131,0.964665
-12.714409,2.906960,3.918809,-1.214542,-1.048619,0.746441,-3.918422,0.902178
-12.680361,3.145772,3.451618,-0.957756,-0.215947,2.037823,-4.750190,1.114088
-13.251961,3.642823,2.966508,-0.816081,-0.353694,1.342744,-4.536503,1.204965
-13.697391,3.775447,2.843607,-0.695426,-0.773713,0.744129,-4.240196,1.258139
-13.580432,3.946030,2.445264,-0.404081,-0.258483,2.224364,-5.152700,0.987068
-13.564322,4.061642,2.562212,-0.439652,-0.252240,2.015731,-5.038932,1.065528
-13.938899,3.937080,3.010772,-0.973021,-1.043295,0.254236,-4.394227,1.302459
-13.225261,3.610415,3.038967,-0.731936,-0.221944,2.014420,-4.990579,1.186159
-13.426515,3.764280,2.993391,-0.767419,-0.644014,1.044053,-4.485494,1.245740
-13.703829,3.673806,2.960009,-0.775399,-0.858246,0.527078,-4.193640,1.549506
-13.937495,3.790049,3.243041,-0.999225,-1.504281,-0.135999,-4.283991,1.178541
-13.582530,3.667369,3.086609,-0.892187,-1.181240,0.523286,-4.536924,1.129622
-13.577277,3.454660,3.222601,-0.989800,-1.041933,0.549274,-4.257910,1.363516
-13.993534,3.881510,2.963778,-0.768237,-1.020408,0.053072,-4.046938,1.529221
-14.073227,4.016346,2.910812,-0.880365,-1.115136,0.147215,-4.446762,1.083352
-14.164539,4.316616,2.826189,-1.083901,-1.097304,0.372017,-4.567816,1.118057
-13.745961,3.810409,3.081557,-0.986315,-1.218958,0.236440,-4.205035,1.424843
-13.799763,3.796244,2.991579,-0.801736,-1.174358,0.360620,-4.359201,1.322614
-14.459736,4.414478,3.002421,-1.057683,-1.854409,-1.055107,-4.087877,1.301403
-14.491408,4.526784,3.115969,-1.137410,-2.108950,-1.146022,-4.259007,1.246247
-14.370019,4.420008,3.044457,-1.196828,-1.848199,-0.502983,-4.522093,1.140530
-14.497167,4.720454,3.043433,-1.275869,-1.997178,-0.733529,-4.369423,1.399571
-14.227312,4.476544,3.202778,-1.203400,-2.010994,-0.710607,-4.424242,1.193311
-14.324106,4.251204,3.090983,-1.041828,-1.692027,-0.584488,-4.549174,1.079526
-14.010310,4.044319,3.197394,-0.989571,-1.497394,-0.369956,-4.392011,1.160597
-13.884958,3.829073,3.269733,-1.024519,-1.403882,-0.146023,-4.257721,1.329422
-13.992111,4.162744,3.129594,-0.950871,-1.538802,-0.144538,-4.251858,1.519673
-12.470072,3.591001,2.722607,-0.733783,0.758904,3.561738,-5.583234,1.090050
-11.747007,2.762954,3.411038,-1.060319,-0.120827,1.874675,-4.508345,0.381064
-12.202224,3.120019,3.243946,-1.032054,-0.011667,2.312589,-4.785433,0.490888
-13.987854,3.970283,2.991716,-0.921202,-1.112795,0.443078,-4.447091,1.150017
-13.333488,3.494421,3.658464,-1.021586,-1.213413,0.658011,-4.422326,0.888445
-13.552860,3.575730,3.625843,-0.957380,-1.421741,-0.017409,-3.969048,1.150447
-14.524362,5.473392,1.216568,0.189945,1.080423,4.236330,-6.174899,0.661631
-14.676197,5.750236,0.999548,0.219967,1.204602,4.533060,-6.370660,0.664646
-14.275216,4.459168,2.695497,-0.792257,-0.797227,0.687887,-4.627741,1.532177
-13.964052,3.812733,2.964411,-0.712532,-0.783663,0.469444,-4.104050,1.605899
-14.337839,4.030201,2.948972,-0.929661,-1.045148,-0.221039,-3.964569,1.257496
-14.574224,4.742826,2.192083,-0.500338,-0.000028,2.140344,-5.269212,0.359127
-13.891977,3.951189,3.198814,-0.838393,-0.812579,0.967104,-4.426269,0.944869
-13.647304,3.482539,3.309362,-0.887473,-0.790263,0.983521,-4.544228,1.152332
-13.621318,3.696709,3.347101,-0.998775,-1.015070,0.508390,-4.397401,1.087799
-13.231809,3.170510,3.802564,-1.060752,-1.152164,0.598462,-4.118086,1.421564
-13.470812,3.267981,3.586527,-0.884453,-1.162329,0.247410,-3.975236,1.249400
-5.410740,-0.591005,0.040008,1.169978,4.259286,3.254657,-0.813538,-1.474287
-11.517610,-1.223744,1.386246,2.922269,2.293868,-0.293958,1.329985,0.415179
-11.257283,-1.984293,2.206213,2.505976,1.807228,-0.924195,1.569333,0.369281
-11.649816,-2.065301,2.181929,2.396847,1.796856,-1.188877,1.489174,0.259481
-11.321894,-2.254675,2.466503,2.374885,1.786871,-0.829966,1.342698,0.091355
-11.570506,-2.058665,2.244165,2.487168,1.664950,-1.432128,1.639606,0.397221
-11.234158,-2.277710,2.392769,2.431507,1.724750,-1.103661,1.665385,0.352466
-11.067221,-2.164273,2.189683,2.374772,2.142084,-0.213193,1.131070,0.113428
6.312380,1.989227,1.258227,-0.836790,2.493661,0.277442,1.027024,-1.390786
9.916736,2.758425,-0.257968,2.050448,0.023694,1.003155,1.416816,-0.237640
6.770139,-0.752925,-1.680468,1.839731,1.104191,-0.799802,-1.119597,-1.833609
6.844255,-0.291951,-2.630245,0.518780,2.093215,-1.735033,-0.235408,-2.340988
8.819806,0.698811,0.650713,0.265243,0.287713,1.018612,2.361752,0.057267
3.993755,0.275453,0.209412,-0.516449,2.893533,-0.129656,1.883122,-1.124644
9.921514,5.020909,-2.313014,1.538138,2.182639,0.476654,1.547183,-0.945195
12.086331,6.082181,-3.949179,1.051521,3.358904,-2.638736,0.890462,-0.131880
9.323479,0.720711,-2.297411,-1.706594,3.931250,-4.386646,-1.228721,-1.123884
13.395616,3.013927,0.921002,-1.291958,1.488413,-1.173140,1.162112,2.514512
11.553327,3.436551,2.203072,-2.092366,1.829957,0.250032,1.689265,3.160423
6.909715,1.939198,-0.102625,-0.866717,3.741812,-0.818789,1.395977,-0.827179
11.961146,4.306607,-3.066930,-0.481605,1.362320,-0.937522,1.421052,2.474516
12.615079,2.675193,-3.825359,-1.361873,2.899063,-1.301706,-0.149237,1.579378
9.130026,2.043320,-3.286487,2.041476,2.224231,-2.088015,-2.827320,-1.141174
11.706578,3.032328,1.820309,-1.271260,1.299733,0.246553,0.760349,2.705290
9.487216,3.731565,1.242596,-2.179853,3.684345,-1.049718,1.099198,0.633331
10.638496,1.615483,1.493482,-1.019878,0.599836,0.502553,1.726572,0.778437
12.503669,1.910290,-0.026512,-1.958341,0.241645,0.231639,2.171820,3.360785
9.811269,-0.655906,-0.576875,-0.926639,2.020161,-2.446415,-1.128399,-0.441825
13.251847,2.525794,1.718654,-0.524254,0.870092,-1.025005,-0.105002,1.627232
12.369324,5.193700,-0.002759,-0.989075,2.079856,0.341463,1.278789,3.579256
6.688324,3.597215,-1.644717,-1.027897,4.565275,-0.842600,1.143399,0.231069
10.884503,6.117044,-4.434523,-0.300388,2.269409,-1.779731,2.230357,3.827601
11.290916,5.137504,-5.973338,-0.743658,3.020199,-2.377636,2.004392,5.035035
7.662555,2.386292,-5.058190,1.307132,3.870812,-4.206942,-2.026812,-1.054199
14.352399,9.253195,-5.133050,0.219201,4.772360,-3.690326,0.495864,3.192992
14.160971,11.094772,-5.316878,-0.958500,6.618009,-4.705834,1.369819,3.591790
8.579206,6.302906,-4.107576,0.269770,4.383960,-3.314221,1.657010,0.722274
9.890341,5.060928,-4.819433,-0.233582,2.214475,-1.685541,2.084403,3.290223
8.456506,3.084854,-5.493434,0.791537,3.271945,-4.261183,0.023624,1.385265
8.916878,4.875108,-4.141571,1.859079,3.436743,-4.564077,-1.602960,1.146692
11.734086,8.136661,-3.304075,0.116428,4.318762,-2.790498,0.570524,3.947020
8.995971,7.828110,-4.591461,0.312608,5.220923,-2.939649,0.793202,1.443709
9.643238,4.521586,-2.977508,-0.223144,2.049775,-1.647445,2.451772,2.266719
11.053475,3.656590,-3.141461,-1.042385,2.003212,-2.421023,2.359054,3.330527
6.478651,1.058268,-2.599056,1.072413,3.130255,-3.581129,-1.282822,-0.912936
10.106414,5.057980,-1.851298,0.804889,2.557622,-1.509230,0.467717,3.689369
9.719634,6.487834,-2.493147,0.188624,3.615147,-1.946942,0.698573,2.889334
4.014373,1.736042,-1.361114,-0.126573,3.497893,-0.628237,1.559886,0.347314
7.751236,0.728970,-0.736053,-0.852829,0.418785,0.394768,2.510268,1.644427
8.963514,1.686379,-2.829366,-1.039213,1.149825,-2.162940,1.563140,1.858792
6.528116,0.960551,-2.929117,1.447829,2.792966,-3.520673,-1.593898,-1.185520
8.566254,2.898130,0.015868,0.763340,0.885231,-0.659190,0.339496,2.526111
7.817243,3.200681,0.962889,-0.377058,2.126325,-0.652520,0.904202,2.117645
7.797308,2.158048,-0.321756,0.218490,1.570596,0.180523,2.055656,1.996115
10.467772,1.141846,-0.042913,-1.304453,0.240969,-0.038322,2.127566,2.622089
5.358807,-2.678530,-0.318148,0.307390,1.775824,-0.938252,-0.872104,-0.935231
-4.495245,-4.782238,-1.084720,2.060775,4.543718,2.933789,-3.752028,0.184179
-9.269192,-5.495903,-0.740028,2.596656,1.226120,-2.428516,0.174304,1.140215
-9.472406,-5.339358,-0.845790,2.920719,1.202035,-2.777395,0.280046,1.552265
-9.771251,-5.178857,-1.032397,2.950510,1.230721,-2.798213,0.040093,1.639731
-10.034183,-5.374273,-0.856523,2.743517,1.159651,-2.599110,-0.121725,1.226028
-9.859299,-5.584718,-0.828405,2.891998,1.330305,-2.380474,-0.050319,0.988464
-9.780850,-5.680328,-0.725894,2.875302,1.382653,-2.326102,0.056903,1.067803
-10.368481,-5.164095,-0.975985,2.863479,1.088976,-3.250723,0.562926,1.194354
-5.393404,-3.181472,-2.930060,3.265013,5.303599,4.472164,-4.547392,-0.254210
3.448620,2.541131,-1.970611,-0.973824,4.843264,-1.991690,1.809694,0.223177
7.871583,1.518065,-0.546926,-1.335627,1.719169,-0.602074,1.750088,0.396548
11.779576,1.333166,0.260521,-2.881859,0.853723,0.209216,1.331839,3.043112
8.095307,-0.986259,0.014332,-0.237000,2.057545,-1.294069,-1.407795,0.089451
7.767431,-0.258169,2.036915,0.472514,0.851907,0.177183,-0.817740,0.827849
10.238735,1.332564,3.611110,-1.428396,0.724143,1.462910,1.448928,3.079812
6.766760,0.534936,1.974511,-2.278849,3.149658,-0.165601,1.162590,-1.076014
9.176288,0.076457,1.361800,-0.622080,-0.063901,1.260885,2.197443,0.807737
10.888354,-0.067759,-0.290474,-2.381582,0.637350,-0.302733,1.423909,1.453778
8.618941,-1.222373,-0.557099,0.130091,1.484316,-1.650361,-1.308440,-0.617272
9.120855,-0.341998,2.946470,0.401453,0.619717,0.035410,-0.962878,0.867295
9.912688,0.240133,4.949320,-1.632393,0.263182,2.105594,1.363588,3.881373
5.413041,-0.032411,2.746394,-1.893591,2.803352,0.467620,0.951714,-0.792702
7.542625,2.215921,-1.015652,-0.590753,1.814748,-0.559171,1.611316,0.625728
12.275545,-0.384254,1.704960,-2.874695,-0.185206,1.056305,2.179556,2.635750
9.568593,0.524559,-2.054655,-0.202635,2.010038,-2.662474,-0.464684,-0.331188
5.416624,-1.110448,0.508269,2.199756,1.177433,-1.564325,-1.845818,-0.793579
9.535207,2.149328,2.678526,-0.436986,0.709157,1.367290,1.092367,4.144773
8.357285,1.663525,2.365982,-0.860957,1.548832,0.814191,0.543749,0.254666
3.929239,0.341703,0.291119,-1.380243,3.566835,0.064153,0.602548,-1.238104
8.657958,-0.586679,1.533416,-1.394080,-0.277132,1.824146,2.162445,1.775353
9.201904,0.509621,-1.625869,-1.643117,1.206433,-1.396133,1.417872,1.569668
5.317370,0.090618,-2.319543,0.718332,3.167368,-3.627567,-1.513638,-1.427428
8.736346,0.883030,2.911787,0.135578,0.967710,0.302211,-0.358536,2.071059
9.853089,2.289201,3.156049,-1.336403,1.735341,0.362343,0.442688,1.997226
5.515136,0.881224,0.888389,-1.142624,2.893108,0.183241,0.455215,-0.628016
5.063418,-0.069227,0.457070,-0.245755,0.956676,-0.182798,1.515823,-0.488633
9.140021,0.433150,-1.085111,-2.110814,0.648356,0.040878,1.854768,2.129174
8.038637,-1.336796,-0.953744,-0.157053,1.356800,-1.666428,-0.523180,-0.323864
6.292975,0.235228,-0.229074,1.675974,1.218722,-2.326184,-2.268142,-0.971230
10.190471,0.251800,4.999396,-1.936632,0.882592,1.399492,0.173339,2.239711
8.590717,0.182647,4.211256,-2.024568,1.616244,1.490664,0.738023,1.531309
7.005827,0.680473,1.742930,-2.161824,2.465320,-0.812649,1.109590,-0.630753
11.149610,1.146500,-0.255474,-2.617164,1.335846,1.553011,1.932484,4.330698
9.897023,1.184687,-3.780609,-0.772269,2.566069,-2.012757,-1.156356,-0.163592
7.684932,-1.186859,0.940893,0.977339,1.204431,-0.949757,-2.144538,-0.579357
11.323598,1.170545,4.670300,-2.164021,1.046253,0.972680,0.609641,2.630022
10.891924,3.402009,2.315832,-2.308163,2.596339,-0.578819,0.988729,1.047697
6.544563,0.185622,1.962104,-1.787097,2.970408,0.695273,1.867686,0.144581
12.916689,3.305683,-1.169555,-2.851736,1.932883,0.207014,1.129953,2.426437
12.346939,0.514469,-0.320355,-2.833498,2.141901,0.184088,0.481445,3.212711
9.876119,-0.709876,3.036624,-0.430755,0.195316,-0.023797,-1.338696,0.583690
10.241686,1.156702,4.955123,-2.048850,1.334991,0.395575,-0.292224,1.535735
5.928294,0.655352,4.545725,-1.639590,2.360572,0.340084,-0.533609,-1.267246
4.902011,0.037214,3.266477,-0.534209,2.730126,0.010568,-1.715189,-2.141525
6.446051,0.156040,3.307216,0.274749,1.893945,0.702706,-1.427427,0.019929
4.766805,-0.709957,3.015917,0.946037,2.143551,2.947451,-1.624902,-0.992198
-9.571235,-4.579389,2.214832,2.013089,1.731678,-0.417744,1.628906,-0.113962
-9.771978,-4.443749,2.013488,2.057645,1.801419,-0.367127,1.507369,-0.106281
-10.646276,-3.760007,1.589048,2.258878,1.313681,-1.716746,1.929106,0.480651
-10.308529,-3.982466,1.681999,2.241092,1.453531,-1.177722,1.885938,0.465335
-10.302657,-4.199931,1.608848,2.235110,1.571863,-1.010951,1.835469,0.403655
-10.828173,-3.835923,1.337393,2.332025,1.522202,-1.599993,1.980474,0.528021
-10.896968,-3.480788,1.215958,2.265697,1.464811,-1.510339,1.857255,0.511337
-3.820519,-3.103967,1.128153,2.426618,4.858444,6.648930,-2.313128,-1.838061
17.208887,4.057850,1.612375,4.439644,-3.063447,-1.021828,-0.169234,0.619193
16.594044,5.296898,2.518458,0.488717,1.289135,-3.176375,-1.438081,-0.591123
15.726623,3.895362,-1.072756,4.458919,-3.434173,-0.862300,0.562130,-2.366447
19.881721,6.054286,0.461103,3.712496,-2.678237,-2.231093,-0.129712,0.740549
17.505679,6.107792,2.287320,0.660840,1.484304,-3.331626,-1.111757,-0.662205
17.603440,5.701666,-2.587653,4.447449,-2.186202,-0.263628,0.064463,-2.686095
23.042175,8.777683,-0.781552,2.326868,-0.437694,-3.527603,0.257156,1.549219
19.320376,7.028681,3.491690,-0.803535,1.724959,-3.556035,-1.046226,1.232037
13.952955,1.556895,0.552230,4.724894,-4.563234,0.115940,0.759613,-2.654179
17.458182,4.138595,-1.319176,2.349308,-1.492157,-2.390013,0.008576,0.050545
18.552322,4.927507,4.034447,1.833520,-2.156927,-1.406974,-0.580369,2.155544
15.078979,2.769418,1.908535,4.684750,-4.368795,-0.208163,-0.005478,-1.304876
16.920789,2.793646,-0.440873,-0.839269,0.190834,-1.828710,1.049838,1.283263
19.908397,7.304611,1.182027,3.827101,-2.204058,-2.151869,-0.365354,1.963939
15.644239,6.810818,0.762746,4.554051,-1.152833,-1.168711,0.255488,1.227419
16.542976,2.082580,1.039775,1.956374,-3.349983,0.460367,1.276828,-1.436560
18.950676,3.295326,2.674289,3.505194,-3.973029,-0.032972,-0.062992,0.599586
15.714460,5.023763,2.439146,1.043939,0.781439,-1.678722,-1.473108,0.274114
15.003509,3.310942,-1.063195,5.175360,-3.523913,-0.542399,0.118497,-2.946019
17.575151,3.493682,-0.648229,0.735207,-0.379931,-2.612214,0.300307,-0.295834
16.864222,3.081712,4.889135,2.489388,-2.504882,0.527438,-0.402446,1.549095
12.550900,1.953467,1.519628,5.799055,-5.181517,0.862016,1.542316,0.171415
20.577476,4.407861,-0.052716,-2.586648,1.863397,-3.240479,0.950408,0.282690
22.899520,7.953571,3.069802,1.986671,-1.592010,-3.182793,-0.293131,2.559807
15.830861,5.411979,2.039576,5.289826,-2.776617,-1.117309,0.394878,-0.058868
12.812531,1.364040,-1.980557,3.670621,-2.807178,-0.216738,1.177597,-2.363322
16.083461,2.822637,1.989218,4.393549,-3.768201,-0.096468,-0.060832,0.272629
19.074307,15.537990,-9.831741,2.687931,8.380873,-8.663546,-0.498139,-0.617620
18.069810,13.667260,-13.328241,5.693832,4.773049,-6.774402,0.667469,-2.423627
15.456578,4.157157,-2.636072,2.341209,-0.604573,-2.604806,0.479431,-0.166566
14.503412,4.165767,2.287385,2.975431,-1.927235,-0.152896,0.054407,1.532500
12.608698,2.689330,0.537539,6.697199,-4.271109,0.282529,0.317057,-2.604603
15.619556,3.616644,-3.347669,1.573117,0.247940,-1.884165,0.528500,-0.463349
14.985608,4.662929,0.239289,5.448991,-3.097755,-0.775665,-0.708261,0.812175
10.800604,1.884357,1.077565,5.704416,-3.755653,0.260905,-0.071497,-1.203810
14.139419,2.392430,-1.827491,0.424099,-0.578148,-0.773120,0.959362,0.451854
16.574058,4.362206,2.602572,3.207192,-3.096797,-0.601192,0.225860,1.241899
14.398607,5.213559,0.976066,3.511785,-1.099138,-1.558389,0.834906,-0.710827
18.184353,6.996631,-4.498269,1.790659,0.759273,-2.987757,1.017702,0.401139
18.823758,8.096082,-1.816153,3.770171,-1.015796,-3.118649,-0.554163,1.672635
13.743092,5.815061,-0.570642,1.504498,1.676820,-3.190188,-0.276149,-0.079988
13.577408,4.558406,-3.416689,4.019617,-1.868483,-1.541260,1.274719,-0.634662
16.657882,6.326522,-1.782800,4.602541,-1.943654,-3.384552,0.061526,1.053413
19.213404,8.957887,-1.609488,1.023401,2.867055,-5.595789,-0.375099,-0.051297
19.443777,8.115862,-5.356107,2.785269,0.197176,-4.215619,1.180760,0.080461
9.370501,2.133471,-1.456735,-2.318864,2.894740,-1.378905,1.455408,-0.245915
9.014265,1.105657,-2.621422,-2.072795,2.739262,-2.207676,1.220866,-1.122632
8.768421,1.844966,-2.487099,1.753845,1.245016,-1.377930,1.211578,-2.034868
9.695478,1.251325,-0.730981,0.510560,1.249998,-0.494784,1.272500,-1.502915
8.511531,0.177828,-1.509666,0.590895,0.406882,-0.790865,1.806198,-2.341611
9.168836,1.711204,-0.628035,0.514965,1.547388,-0.082642,1.323380,-3.924598
9.705400,0.988241,0.766601,0.312148,0.641849,1.025280,1.738493,-0.307541
8.579065,-0.002536,-1.705978,-0.201655,1.604107,-0.836312,1.512625,-1.684813
9.700487,2.458472,-1.900314,1.092760,1.730015,-1.260147,1.664864,-4.145296
9.788724,0.909429,0.282332,0.072402,1.062841,0.552428,2.210837,-1.505371
10.035922,2.130159,-3.658239,0.240580,2.217752,-1.665460,1.393584,-2.185924
11.163588,4.195879,-2.474917,1.256436,2.015021,-1.640886,1.664898,-3.204982
10.719791,3.124414,-2.518538,1.732513,0.747968,-0.268963,1.707806,-0.588676
7.691475,-0.835651,-3.704937,1.055649,0.954595,-0.399196,1.244990,-1.433183
8.002613,1.069960,-1.660144,1.880502,0.636324,-1.071929,1.146852,-3.663689
9.378334,0.234372,0.438142,0.716868,-0.099869,0.393763,1.529938,-2.083221
8.395478,-0.639920,-2.405478,0.843849,0.754607,-0.834941,0.756175,-2.341853
7.329621,3.067142,-3.451033,2.111783,1.713368,-1.507611,1.440584,-1.782168
10.740222,3.568692,-1.859373,0.962783,1.551551,-1.287299,1.854690,-1.026292
10.888720,1.271817,-2.661190,0.852715,1.385103,-2.285881,1.185479,-3.671132
8.893322,0.237103,-1.915957,-0.938834,1.376526,-0.476318,2.079657,-2.294878
3.263559,-1.057810,-1.057297,-0.430653,3.346542,1.293223,0.515315,-2.534300
-8.914512,-4.346034,1.684221,1.958061,2.949299,2.094547,0.498424,-0.286969
-9.809963,-3.973568,1.715483,2.071738,1.837090,-0.734364,1.623500,-0.090150
-10.337806,-3.734311,1.668325,2.159032,1.610881,-1.236495,1.789094,0.357643
-10.072889,-4.094488,1.918941,2.063316,1.607315,-1.029836,1.858783,0.249073
-10.266484,-4.085162,2.001318,2.002661,1.730407,-1.029681,1.774488,0.020813
-10.693983,-3.524622,1.534067,2.170098,1.589810,-1.448509,1.891778,0.437481
-10.327960,-3.744027,1.620290,2.246042,1.689223,-0.887653,1.680463,0.589346
-10.348460,-3.399578,1.188671,2.355212,2.125118,-0.391002,1.405876,0.181611
-9.052923,-4.430235,1.839900,2.193668,2.519299,0.840866,1.060017,-0.415607
-8.721128,-2.880117,-0.317021,2.803759,4.580799,5.320387,-1.170147,-1.291470
15.026728,3.681628,-3.368022,2.589464,-0.873393,-1.599882,1.182407,-1.913505
21.368462,6.327990,1.399588,2.665991,-2.250622,-2.160914,0.392134,1.036228
15.983464,5.090833,4.116032,-0.257904,1.176378,-0.788401,-0.783324,3.206341
11.314484,3.132147,-0.126842,3.608178,-3.418260,0.167343,0.821180,0.436361
12.252962,1.450539,-1.600062,-1.476196,0.829240,-0.177837,2.760448,4.103731
15.179958,3.871865,1.457789,4.985197,-3.429922,-1.348645,-0.301829,0.207658
10.695852,4.229871,1.718271,1.260594,1.784989,-1.681356,-0.716455,0.077945
12.430431,3.818764,-2.257553,5.658140,-3.426222,-0.880378,0.755689,-2.112051
15.436047,3.286545,-1.086988,4.347505,-2.649983,-1.340020,0.491598,-0.215057
14.014785,4.261157,2.482233,3.790999,-1.882949,0.043022,-0.328880,1.662988
11.874714,1.160849,3.116275,5.161424,-3.715859,1.235408,0.470675,-1.563556
14.786908,4.405933,-3.660442,1.954507,-0.452040,-2.085235,1.566769,-0.209394
17.229791,5.588122,-0.424699,4.234851,-2.623669,-1.889198,0.255698,0.575820
13.932878,5.624937,1.735207,0.133158,1.141599,-1.155494,0.159003,3.319993
14.553021,3.900431,-0.920572,2.795331,-2.756920,-0.108208,0.885670,0.415212
18.749181,5.998296,-0.952318,2.469156,-1.605261,-2.580594,0.580507,1.943055
16.335106,6.652638,1.939558,1.818339,0.112020,-2.430171,-0.948297,0.936605
12.968133,3.344852,0.229510,5.308837,-3.442160,-0.637731,0.483676,-2.558268
19.896628,4.149221,0.859579,-0.772160,0.479239,-2.579032,1.026189,0.905129
20.025922,7.659925,1.354252,1.227927,0.135397,-3.063112,-0.141229,1.004642
15.608945,5.876803,-1.123639,6.412734,-3.179920,-1.246790,0.696807,-0.055387
9.577840,1.201244,-0.598758,0.246601,1.118547,-0.914829,1.693279,-3.737297
9.004259,2.665069,-1.505527,0.967326,1.556680,-1.603100,1.470497,-1.793619
9.196086,1.335895,-2.079228,-0.467356,2.083446,-1.520860,2.038898,-1.980754
10.403270,-1.394622,1.621512,-4.041080,2.092342,-0.337900,1.388393,-1.992012
8.675235,-0.561264,0.024516,-3.485293,2.493162,-0.674132,0.516096,-0.164800
7.643515,-2.310486,2.545485,-2.262675,0.903026,1.086440,0.060534,-0.263609
7.497467,-1.063770,2.356402,-2.469315,1.493605,0.270986,0.299032,-0.419832
8.016009,-0.469607,0.307649,-2.164650,1.593935,-0.176852,0.860072,0.526469
9.780674,0.039224,1.336708,-2.557845,1.708075,-0.537353,0.435562,0.778242
10.453909,1.427606,1.416625,-4.331508,2.893610,-1.481648,0.421951,0.093382
9.026118,-1.009607,1.642140,-3.347189,1.385450,0.413119,1.076394,0.972863
9.273627,-0.197097,1.210423,-2.632148,1.535652,-0.508151,-0.210933,0.049997
10.322714,0.950430,2.542702,-4.219460,3.018310,-0.547873,0.644184,0.325173
9.635594,-0.251977,1.806226,-3.363332,1.722489,0.509511,1.414074,1.103196
8.976721,-1.012444,-0.233380,-1.222656,1.157829,-0.267618,1.473314,-1.959857
10.113146,0.736133,-0.878319,-1.873405,1.807660,-0.432475,1.014079,-2.382716
10.814236,0.271931,1.184204,-3.179529,1.868372,0.226845,1.055504,1.375000
11.999953,2.789827,-0.242034,-3.497790,3.289807,-2.555730,0.291360,0.187910
11.803985,3.862591,-0.758095,-3.850995,4.021130,-3.124096,0.880267,0.680077
10.594690,2.834908,-1.567568,-3.408419,3.953806,-3.257768,0.821902,0.996615
9.421839,3.594431,-1.451837,-2.066955,3.217045,-2.276480,0.915689,3.020005
10.241764,4.176641,-1.642588,-2.937456,3.753756,-3.353838,0.769500,1.414623
11.038061,3.415279,-2.223509,-3.209402,3.657376,-3.321744,1.220392,2.622970
11.748769,4.207012,-1.248357,-3.426617,3.955908,-3.394094,0.946056,1.970619
-11.244975,-3.501875,-0.998968,1.496377,1.305611,-2.075389,2.325251,0.107526
-10.078822,-4.731454,0.138236,1.076022,1.131320,-0.914702,2.013114,-0.164373
-9.585485,-5.134628,0.552222,1.042458,1.147031,-0.547563,2.100662,-0.245211
-9.414440,-5.086935,0.281084,1.121592,1.635713,0.421786,1.975297,-0.043529
-9.458317,-5.101600,0.027630,1.050151,1.684408,0.832244,1.981270,-0.300590
-9.923049,-5.006921,-0.133416,1.109786,1.290760,-0.326844,2.439194,-0.274126
-9.383074,-5.313656,-0.067802,1.101953,1.510377,0.412502,2.201052,-0.704542
-9.483280,-5.305800,-0.081403,1.160265,1.612618,0.413581,2.133766,-0.760641
-10.143114,-4.142932,-1.487629,1.830932,3.785636,3.638994,0.519634,0.192487
-10.105575,-4.199446,-1.428084,1.828438,3.537443,3.431625,0.757278,0.205518
-9.754447,-5.529823,0.169328,1.169816,0.934432,-0.956060,3.054982,-0.101308
-9.950452,-5.284212,-0.038270,1.059270,0.983003,-1.102994,2.815726,-0.267422
-9.863983,-5.286685,0.016668,1.201766,1.064568,-0.709885,2.886021,0.054502
-9.155592,-5.190779,-0.770220,1.333133,3.875633,4.365259,0.646553,-0.443229
-9.504133,-5.006478,-1.326238,1.518813,3.952857,4.339288,0.623542,-0.352875
-9.878539,-5.153013,-0.537136,1.054997,1.283764,-0.437202,2.664113,-0.315156
-7.122501,-4.208476,-1.194255,3.450107,1.157429,2.722705,1.229967,-0.226182
-5.875914,-4.287181,0.934862,3.537768,-0.480089,0.978328,2.143280,0.073227
-11.019283,-3.779023,1.078204,2.463607,1.135802,-1.901886,0.361004,1.841497
-11.166004,-3.481884,0.976591,2.481200,1.181424,-1.886429,0.074111,1.495138
-11.829994,-2.864015,0.564765,2.457465,1.135737,-2.295497,-0.164443,1.200209
-12.051935,-2.891419,0.558380,2.538098,1.052507,-2.621943,0.109291,1.412124
-11.510077,-3.226607,0.756068,2.523121,1.114468,-2.054346,0.183260,1.603835
-11.405922,-3.174502,0.886020,2.580648,1.089674,-2.215286,0.393343,1.669360
-11.389957,-3.131644,0.723862,2.595190,1.205631,-1.881494,0.154367,1.828406
-11.228978,-3.329856,0.859510,2.588208,1.292313,-1.776052,0.068513,1.441663
6.894960,7.084461,1.831170,-2.536603,1.146623,7.665146,4.513132,12.733817
-15.080324,4.070571,-0.069569,-1.585703,-0.124440,2.236569,-1.339278,-0.283174
-16.198961,6.737818,0.558085,-3.929760,-4.346606,-2.384716,-1.649408,-1.600951
-16.241174,7.087092,0.589694,-4.094742,-4.613671,-2.431157,-1.908070,-1.568923
-16.226340,7.049619,0.303874,-3.815982,-3.890432,-1.729932,-1.922184,-1.274013
-16.137681,7.012482,0.224907,-3.825319,-3.798189,-1.632065,-1.912689,-1.320572
-16.142985,6.553837,0.250095,-3.447869,-3.585246,-1.401969,-1.841058,-1.056990
-16.300900,6.591072,0.234439,-3.360004,-3.656979,-1.792122,-1.627095,-0.840314
-16.347973,7.209155,0.636672,-4.161553,-4.820381,-2.907370,-1.760485,-1.557176
-16.260907,7.295655,0.701968,-4.328292,-4.922479,-2.700552,-1.924478,-1.571790
-15.699320,4.754993,-0.966736,-1.308735,0.914735,3.610913,-1.923260,0.170599
-15.840485,4.965593,-1.125797,-1.227894,0.967620,3.608131,-2.215730,-0.104653
-16.136639,6.459359,0.741037,-3.679562,-4.252545,-2.368419,-1.503626,-1.493571
-16.384543,6.886588,0.640189,-3.920406,-4.623830,-2.751717,-1.632345,-1.459826
-16.458709,6.772452,0.286994,-3.533705,-3.969449,-2.237754,-1.616604,-1.384722
-16.347610,6.733548,0.375724,-3.560758,-3.900394,-2.123895,-1.641100,-1.513909
-16.128499,6.753835,0.525531,-3.747734,-4.225536,-2.325210,-1.579646,-1.548388
-15.980419,6.598782,0.659163,-3.825621,-4.304112,-2.171899,-1.622342,-1.443962
-16.601245,7.332781,0.261315,-3.793954,-4.441052,-2.544783,-1.775896,-1.336295
-16.592540,7.291229,0.307013,-3.823800,-4.359523,-2.566312,-1.622962,-1.060051
-16.331910,7.283603,0.722755,-4.399848,-5.016022,-2.842228,-1.872958,-1.443934
-16.383157,7.217139,0.572965,-4.184295,-4.803793,-2.595417,-1.764841,-1.340080
-16.540513,7.069379,0.042385,-3.410033,-3.917084,-2.050840,-1.573491,-0.878558
-16.696624,7.145120,0.138305,-3.491304,-3.962522,-2.294071,-1.603611,-1.005905
-16.652396,6.713287,-0.308563,-2.705318,-2.475823,-0.536934,-1.649614,-0.711925
-16.584595,6.485188,-0.227108,-2.826974,-2.648684,-0.753620,-1.588371,-0.757419
-16.357352,6.942517,0.685479,-4.044274,-4.601001,-2.647307,-1.699925,-1.375665
-16.364114,7.679020,0.722753,-4.475229,-5.201585,-2.946649,-2.196752,-1.826160
-16.747051,7.323305,0.482074,-3.935321,-4.615208,-2.741347,-1.897523,-1.357293
-16.378452,6.630547,0.590344,-3.749845,-4.192973,-2.226715,-1.648985,-1.138952
-16.312047,7.230596,0.735921,-4.305215,-4.911946,-2.733612,-1.991872,-1.592180
-16.254996,7.565620,0.407805,-4.124575,-4.413065,-2.112784,-2.191983,-1.596459
-16.099182,7.163647,0.476680,-4.027717,-4.148262,-1.822870,-2.189041,-1.792444
-16.331721,7.763281,0.820667,-4.582585,-5.278616,-2.919361,-2.282205,-1.938071
-16.221376,8.489178,0.964514,-5.344696,-6.030335,-3.018970,-2.826796,-2.254983
-16.382355,8.010344,0.902372,-4.893405,-5.694038,-3.171573,-2.445627,-2.070722
-16.374276,7.549942,0.815106,-4.545183,-5.304014,-3.154133,-2.286914,-2.092759
-16.323571,7.838881,0.724782,-4.773919,-5.410984,-2.996293,-2.520289,-2.230730
-16.043432,7.974900,0.713266,-4.921065,-5.353643,-2.383164,-2.823160,-2.299312
-17.065398,7.105102,-1.905725,-1.265019,0.497399,5.311729,-3.792047,-0.950883
-16.712191,7.063011,-2.805975,-0.769286,1.995189,5.519614,-3.492576,-0.909407
-16.573685,7.223826,-1.749659,-1.809497,-0.313696,2.148755,-2.637339,-0.754678
-16.148850,7.175027,0.178543,-3.577350,-3.699085,-1.093848,-2.157463,-1.288924
-16.341885,7.685679,0.695596,-4.615438,-5.051228,-2.715926,-2.389669,-1.858725
-14.895954,6.961283,-6.511565,0.515947,8.476239,14.058346,-7.186222,-1.467470
-7.089639,-4.167487,1.986746,1.561988,2.852031,2.697122,-2.165877,-0.884963
-9.872009,-4.267293,1.837523,2.268342,1.768790,-0.218513,-0.831875,0.506922
-11.372887,-2.844865,0.786162,2.645156,1.678562,-1.075794,-1.047429,0.777692
-12.314966,-2.169177,0.707736,2.728890,0.754186,-2.991919,-0.325215,1.326007
-12.274852,-2.037972,0.686709,2.876238,0.778148,-2.945829,-0.177217,1.620993
-11.876984,-2.504858,0.844730,2.845240,1.045282,-2.606774,-0.100749,1.481067
-11.887816,-2.788073,0.998783,2.852598,1.256764,-2.501233,-0.032903,1.457930
-11.807633,-2.908409,1.061667,2.847271,1.265487,-2.338583,-0.065898,1.612056
-3.550826,5.013482,0.563730,-1.278924,1.393465,6.044776,-0.817006,2.953667
-15.216054,4.846204,1.039774,-2.813364,-2.877391,-0.711403,-1.687767,-0.332416
-15.135700,4.615965,1.056017,-2.735718,-2.775778,-0.755223,-1.602934,-0.498373
-15.159183,4.537769,1.122023,-2.496851,-2.724518,-0.767759,-1.434978,-0.306507
-15.483546,4.939100,0.690267,-2.320321,-2.580653,-0.926046,-1.411365,-0.016038
-15.341055,4.806764,0.806005,-2.464854,-2.503697,-0.907748,-1.401251,-0.234375
-15.032122,4.477197,1.273408,-2.779485,-2.745300,-0.736240,-1.608614,-0.512907
-15.091430,4.541213,1.139150,-2.653199,-2.607617,-0.688685,-1.584292,-0.487908
-15.242455,4.581551,1.031656,-2.578653,-2.532814,-0.759355,-1.350539,-0.094760
-15.300978,4.595385,1.077586,-2.628552,-2.667503,-0.839937,-1.318294,-0.042365
-15.111635,4.821026,1.066829,-2.518836,-2.627529,-0.746245,-1.609022,-0.523654
-15.049180,4.430036,1.081828,-2.322568,-2.358658,-0.633327,-1.375922,-0.180401
-15.044744,4.219425,1.176512,-2.405553,-2.299949,-0.426447,-1.373721,-0.043132
-15.067936,4.394346,0.376917,-1.716584,-0.999591,0.978606,-1.692823,0.089800
-15.065121,4.489758,0.355036,-1.714794,-1.054269,0.966934,-1.786630,0.011993
-15.013677,4.349420,1.258743,-2.527642,-2.583847,-0.620765,-1.456580,-0.321104
-15.005027,4.265124,1.291778,-2.407076,-2.597184,-0.780504,-1.386346,-0.335697
-15.122916,4.370734,1.090260,-2.504307,-2.401536,-0.354745,-1.671176,-0.322209
-15.027029,4.056580,1.277911,-2.568966,-2.295437,-0.364178,-1.452783,-0.076273
-14.920310,4.035292,1.347813,-2.634092,-2.404575,-0.443469,-1.540273,-0.405095
-15.259035,4.578744,1.144393,-2.744737,-2.690624,-0.693599,-1.665100,-0.499945
-14.851535,4.300446,1.315159,-2.612763,-2.474300,-0.343661,-1.418611,-0.298105
-14.900186,4.140841,1.264493,-2.471916,-2.351785,-0.441992,-1.383428,-0.388307
-15.233077,4.833416,1.088045,-2.715989,-2.665731,-0.722656,-1.632576,-0.314998
-14.987596,4.492916,1.197451,-2.601995,-2.559929,-0.512875,-1.490139,-0.073514
-14.766125,4.037358,1.062953,-2.126117,-1.817527,0.346208,-1.565537,-0.072522
-14.741990,3.907744,1.104859,-2.230163,-1.822825,0.434109,-1.664428,-0.185274
-15.059301,4.126705,1.246612,-2.486448,-2.297667,-0.309293,-1.494478,-0.380953
-15.096287,4.161346,0.556926,-1.763359,-0.820939,2.349135,-2.269423,-0.419418
-15.171800,4.477150,0.345953,-1.682159,-0.595857,2.690793,-2.543166,-0.624736
-15.040315,4.760722,1.303494,-2.934115,-2.819431,-0.626760,-1.881274,-0.650371
-15.192180,4.778403,1.233192,-2.882950,-2.878737,-0.812990,-1.899997,-0.665744
-15.193752,4.693507,1.234463,-2.907711,-2.674448,-0.635706,-1.956059,-0.816173
-15.290951,4.851443,1.203558,-3.014248,-2.699940,-0.674285,-1.865132,-0.490330
-15.237720,4.870312,1.182766,-2.880683,-2.793715,-0.932648,-1.736621,-0.413303
-15.194204,4.465356,1.042618,-2.529731,-2.298335,-0.333794,-1.752750,-0.297888
-15.039608,4.448269,1.176015,-2.526961,-2.343094,-0.189523,-1.843220,-0.525018
-15.065284,4.594108,1.287928,-2.839800,-2.814920,-0.836787,-1.677301,-0.499279
-14.985937,4.572894,1.310556,-2.641226,-2.725877,-0.740949,-1.304606,-0.062857
-15.206409,4.836670,1.082282,-2.604443,-2.650969,-0.695856,-1.430422,-0.093897
-15.223532,4.558406,1.137794,-2.565307,-2.526112,-0.565915,-1.613491,-0.299049
-14.626317,3.600986,1.388409,-2.273915,-2.049596,0.121071,-1.362078,-0.088061
-14.536157,3.681007,1.317946,-2.406288,-1.947523,0.389838,-1.239747,0.307835
-14.928653,4.210562,1.247929,-2.614268,-2.272555,-0.282991,-1.222288,-0.029687
-15.245947,4.594915,1.001102,-2.561884,-2.335623,-0.459306,-1.545210,-0.324907
-5.406585,-3.211990,1.577826,0.519244,2.875810,2.349910,-2.265620,-0.450195
-8.958056,-3.751942,1.695944,2.326709,4.783844,5.050861,-3.669280,0.601371
-10.740943,-3.272282,1.590932,2.674688,1.954103,-0.318829,-0.989319,1.043975
-12.044614,-2.212783,0.912675,2.876572,1.481397,-2.065054,-0.501589,1.615190
-11.926624,-2.166361,1.082851,2.871651,1.315734,-1.900796,-0.484278,1.607680
-11.802782,-2.532707,1.345667,2.875175,1.257778,-1.960795,-0.310708,1.663839
-12.100338,-2.385162,1.129474,2.902899,1.382099,-2.064198,-0.436899,1.850906
-12.598167,-1.762451,0.694295,3.044709,1.448708,-2.683654,-0.306651,2.043685
7.251592,-0.362017,2.242098,-2.434848,1.686494,0.606287,-1.458061,-1.305043
10.161937,-1.204569,2.218151,-0.649342,-1.529656,1.322937,-0.881252,0.371059
7.168558,-3.063409,-0.907622,-1.121955,1.244545,-1.567703,-3.402188,-0.861665
11.050823,-2.261309,0.602123,-0.759179,-0.894518,-0.344518,-1.639604,-0.840306
10.679486,-0.419453,1.435442,-1.581291,-0.590330,0.601535,-0.162645,0.132505
7.098430,-0.275643,2.488020,-3.021922,2.099457,0.095375,-1.074336,-0.636157
10.433966,-0.639101,2.597220,-1.200080,-1.100295,1.011466,-0.570384,-0.024588
10.802550,-0.780567,-0.005325,-0.807375,0.371663,-1.782148,-2.273357,0.352217
10.717425,-2.043442,-0.219688,-0.873283,0.029097,-1.744689,-2.279957,-0.573172
10.355802,0.209064,1.193330,-0.913860,-0.546651,0.089072,-0.212517,0.197810
7.528985,-0.242068,3.247047,-3.844631,3.251288,-0.035993,-1.288481,-0.019804
10.970643,-1.069973,2.961102,-2.652705,-0.803838,1.337715,-0.465809,1.898889
10.747669,-3.170601,1.715416,-2.807028,-0.891879,0.292604,-1.320720,1.503092
9.926089,-1.685280,-0.840239,-2.407399,2.041944,-3.082950,-3.130826,-0.283578
11.484202,-1.379706,2.010844,-0.721130,-1.446477,0.418707,-0.980867,-0.616066
8.469112,-0.216973,2.741338,-1.097452,0.772611,0.740624,-0.015573,0.839270
10.055388,0.363354,2.552409,-1.970248,-0.442977,-0.224581,-0.719091,1.524366
11.469646,-1.332821,1.510184,-2.520384,-1.142046,0.035464,-0.952162,2.417786
9.722290,-2.660047,0.326476,-2.857368,2.205762,-2.584649,-3.500452,0.688101
11.424675,-1.874504,2.228190,-0.846948,-1.108107,-0.284282,-1.222769,-0.333288
9.999407,-0.226574,3.080767,-1.680511,-0.353284,1.290397,0.544626,2.340225
7.387339,0.189128,2.367823,-2.106134,1.904446,-0.730796,-1.131819,0.422348
11.141425,-1.530650,2.924802,-2.737894,-1.281748,1.111152,-0.563226,3.010902
11.350994,-2.232606,1.030361,-3.886327,1.337669,-2.794791,-2.443453,1.807214
12.716352,-0.028806,3.486606,-2.964568,0.541887,-1.767927,-2.552779,3.219467
11.928308,0.761451,4.359233,-3.606680,0.860843,0.662714,-1.215920,4.122410
7.919767,1.131127,1.822500,-3.268399,3.167054,-1.584733,-0.714148,1.259630
12.467560,-0.349087,2.502856,-3.182145,-0.694422,1.077657,0.151343,4.446702
11.004803,-1.179184,-0.831712,-2.799983,0.939166,-1.762307,-1.696728,2.319277
9.047786,-2.468744,-0.787510,-1.110582,0.903703,-1.397088,-2.050354,-0.548120
10.049256,-0.165265,1.199045,0.565971,-1.851892,1.408683,0.525616,3.339257
9.151106,1.758942,2.407383,-2.722034,3.278957,-0.574109,-0.200305,3.423096
12.859730,3.154108,0.353812,-3.331948,0.916077,-1.257026,-0.087524,3.794143
13.566398,-0.553745,1.603819,-3.475856,-0.243744,-0.679516,-0.788751,3.081913
11.368997,-1.115741,-0.349355,-3.695901,3.007440,-3.488459,-3.732628,-0.074257
12.294785,-1.993628,2.981448,-0.953732,-1.563184,0.789339,-0.918846,-0.208963
10.474253,-0.322308,3.310456,-1.195850,-0.443112,1.402240,0.545554,1.280137
9.104773,-0.762984,3.594737,-2.109277,0.473339,1.005107,-0.625825,1.704916
10.707219,-2.427373,2.346955,-1.332595,-1.945414,2.317894,-0.388066,3.571053
8.912259,-3.409781,0.130935,-1.168070,0.785458,-0.937070,-2.344005,1.698259
10.734054,-2.972684,1.638141,-0.897875,-0.694422,0.078923,-1.488521,-0.601952
9.666257,-1.069895,2.479773,-0.620954,-0.933824,1.421901,0.027961,0.567173
6.559317,-0.037462,2.598757,-2.786779,2.986257,-0.465547,-1.148662,0.066103
10.776891,-0.394859,1.972786,-1.742587,-1.435078,0.502558,-0.703539,1.722637
10.359033,-1.340329,-1.186981,-2.991399,1.086704,-2.141704,-2.258000,0.854791
10.834857,-3.279473,0.636137,-1.105691,-0.058500,-0.772413,-2.302868,-1.236506
10.385925,-0.021914,0.498002,-0.763801,-0.618833,0.762652,-0.173162,1.216944
1.913425,-2.794452,2.560561,-1.524374,2.877616,2.530014,-1.880156,-0.065603
-7.118633,-3.246253,0.876830,1.514542,3.150798,2.363822,-2.353282,-0.609193
-8.326793,-6.026723,2.590667,1.560711,1.738811,0.894857,-1.077290,-0.065777
-10.997053,-3.955991,0.935195,2.401305,1.472127,-1.781757,-0.050613,1.078319
-10.219134,-4.480534,1.268205,2.310318,1.630162,-0.843216,-0.329363,0.970151
-10.396272,-4.348253,1.334556,2.330910,1.602745,-0.546650,-0.461449,1.042832
-11.567565,-3.320437,0.804046,2.360644,1.070002,-2.311275,0.141428,1.423011
-11.397597,-3.384874,0.563364,2.521924,1.523711,-1.850036,0.004926,1.439228
-11.454094,-3.421890,0.635348,2.505113,1.460234,-1.853831,0.000664,1.610736
-11.890034,-2.951488,0.473002,2.591554,1.084483,-2.398252,0.106895,1.697546
11.070960,-0.001788,-1.089433,-2.034383,-0.052169,-1.442075,-0.869992,1.824305
10.146086,-1.721826,-1.255932,-1.988946,2.286454,-3.088646,-2.619616,-0.664707
11.405070,-0.839111,1.372244,-0.249062,-1.010388,0.108299,-0.719411,-0.271056
10.018372,0.855380,2.443443,-2.122243,1.973984,-0.387369,-0.022231,0.699371
12.169481,0.753518,3.190702,-3.445382,0.553093,-0.711901,-0.465021,1.817621
13.285801,-0.479939,1.763512,-3.416952,-0.485694,-0.344620,-0.529187,2.102717
10.864746,-1.991509,-0.245046,-3.417509,2.590899,-3.219182,-3.051869,0.419619
13.473831,-0.602415,1.487207,-1.475101,-0.692680,-0.345822,-0.261142,1.454208
11.833341,0.718485,2.678125,-1.776006,-0.032772,1.514976,1.501786,3.738546
9.150889,1.957616,1.503330,-3.245005,3.231075,-1.475420,-1.013051,1.007354
12.860796,-0.175544,2.387922,-2.883664,-0.943253,1.296774,-0.000751,4.340768
11.479386,-2.240280,0.274945,-3.795558,1.066124,-1.754481,-1.915163,1.741896
11.943282,-0.129787,-1.492094,-2.702777,2.526689,-3.559446,-1.946049,-0.043564
12.124507,0.492045,1.466812,-0.897791,-0.793953,0.743956,0.536086,2.658661
7.906851,2.434571,0.475835,-3.089684,3.692162,-1.355781,-0.689015,1.176385
10.077577,-0.029357,3.567927,-2.505496,0.508912,0.735771,-0.162356,3.011978
10.560675,0.648054,-0.573450,-2.354813,-0.153849,-0.303461,-0.798640,3.528543
9.653230,-3.222282,0.629695,-2.844522,1.223048,-2.258483,-3.072158,0.413598
11.591537,-1.897978,0.684186,-2.921612,1.727613,-2.532389,-2.315991,-0.405439
12.324010,-0.257588,2.649061,-1.594735,-0.727435,1.335404,0.195632,2.680240
9.688553,3.085289,0.800949,-4.402868,4.279015,-1.905567,-0.740315,1.893788
12.699089,0.697707,4.325861,-3.235964,0.089659,0.478331,0.439109,4.164067
12.546993,-0.386989,1.486592,-3.127494,-0.162660,-0.280693,-0.705286,3.410146
9.843088,-1.589577,-1.025925,-2.257781,2.205885,-3.185456,-3.200514,1.213193
12.039258,0.968072,-1.279243,-1.222945,0.590637,-1.480347,-1.055055,1.022349
10.533527,2.024295,-0.003383,-1.237799,0.398464,-0.037474,0.382665,2.315962
7.587789,0.216249,3.376521,-4.030677,3.306746,-0.702479,-1.037893,0.449416
12.395668,-0.652606,3.505169,-2.896826,-1.338023,1.492231,0.214569,3.742103
11.331722,-2.346260,1.288598,-3.600849,0.194365,-0.228831,-0.827879,3.216787
8.833969,-3.438794,0.338082,-2.894175,2.037224,-1.963405,-3.517567,-0.106923
10.933539,-2.461047,2.740895,-0.788821,-1.279060,1.956958,-0.484487,2.003554
8.766874,-0.361097,3.089103,-1.386176,0.752202,1.657421,0.947249,3.444260
9.164654,1.564302,2.515955,-3.233998,2.915086,-1.657793,-0.512385,1.580754
12.404498,-0.917536,3.308883,-3.164485,-1.022587,1.571616,0.245426,4.616226
9.177811,-2.652143,-0.468266,-2.796764,1.435002,-1.562358,-1.724756,1.329763
9.480013,-3.691708,0.585233,-2.299273,1.132133,-1.487202,-2.414489,-0.961509
10.508961,-0.693524,1.848721,-0.916553,-0.776987,0.940858,0.103975,1.949082
7.262911,-0.300236,2.983195,-2.967965,2.426931,0.537324,-0.097300,2.400167
10.858739,0.493002,3.009309,-3.078417,0.423562,1.143716,0.371813,3.781627
11.394937,-1.919306,2.422132,-2.662059,-1.014674,2.111797,-0.020751,4.065510
8.384684,-3.424454,0.251653,-2.137599,1.392456,-1.993147,-3.410542,0.152496
12.512351,-0.938292,4.157256,-2.241589,-0.556582,0.073819,-1.988187,2.780987
10.471177,-0.832179,5.790798,-3.632980,1.474640,1.014118,-2.166761,2.197480
8.410572,0.813130,1.624128,-2.110022,2.009456,-1.224113,-3.316305,-0.307645
8.103236,-0.671134,1.967490,-2.824454,2.765255,-1.841872,-4.529184,-0.583054
4.495089,-2.218987,2.851924,-2.139930,2.737638,0.620542,-4.303774,-1.052365
-6.293559,-3.365821,1.051792,0.832340,2.820178,1.703895,-3.619529,-0.412599
-10.626402,-3.998152,1.521152,2.557102,1.216158,-1.810847,-0.832738,1.585963
-11.381972,-3.338688,0.994782,2.709088,1.180093,-2.193868,-0.941180,1.894222
-11.773245,-3.039580,0.813679,2.815818,0.965082,-2.686056,-0.756329,2.189485
-11.477268,-3.111337,0.864869,3.023092,1.201754,-2.332472,-0.719990,2.042508
-10.841206,-3.611708,1.333971,2.898818,1.195495,-1.919086,-0.767230,1.652562
-11.016056,-3.677325,1.222865,2.745851,1.156753,-1.955109,-0.797946,1.857459
-11.148419,-3.749777,1.246272,2.666784,1.105403,-2.229264,-0.676168,1.956507
14.229586,1.295045,-0.002200,1.384908,-2.402906,-0.329921,-1.707627,0.195696
14.668771,2.523705,1.902779,2.284332,-3.427321,-0.181714,-1.874015,2.743048
14.767028,2.275977,1.213166,2.443734,-3.298903,-0.035335,-2.650862,-0.589925
14.998215,1.764301,0.378302,1.362108,-1.610342,-1.207267,-2.586666,-1.053369
14.024307,-0.153700,2.850077,0.571856,-1.589512,0.622476,-2.544223,-0.220872
17.891548,2.436362,0.695331,0.576190,-2.090865,-0.506585,-0.904175,1.778968
17.609944,2.901064,1.931086,1.007862,-2.320979,-1.169181,-1.597987,3.207968
14.333852,0.496589,2.385962,-0.093183,-1.304147,-0.289930,-2.138374,-0.303171
16.649964,0.648189,1.912752,-1.182527,-1.236082,-0.947054,-1.609971,0.209978
15.200908,2.100337,2.728055,1.711137,-2.289954,-0.118387,-2.752115,2.208580
11.760002,0.440404,0.544051,4.869652,-3.945419,0.664537,-2.275083,-0.770220
14.205962,-0.274712,0.348272,0.139167,-1.325030,-0.935952,-2.370222,-0.626138
13.217175,1.767293,1.733324,2.590957,-2.261319,-0.440554,-2.803805,2.145571
12.562519,-0.005462,1.725321,4.434646,-4.376398,1.179060,-2.159198,-0.426130
14.973953,-0.317366,1.562169,0.388294,-2.251330,-0.484191,-2.522940,-1.354283
13.177111,0.364392,2.964674,0.476924,-2.306456,-0.054413,-3.054804,0.295417
12.962218,-0.047208,1.577436,3.249307,-4.594424,0.737950,-2.053255,-0.702857
13.809164,3.468361,-3.207548,3.328295,-2.116894,-2.168061,-2.364382,1.200459
12.877332,1.171001,0.800229,1.284823,-1.157337,-0.164100,-2.438201,1.117185
14.397730,2.659562,-1.511710,2.806844,-2.874735,-0.538353,-1.637497,1.449432
14.781444,1.261934,1.529828,2.711316,-3.457949,0.663504,-2.462613,2.531752
11.515037,-1.005264,2.323711,1.075378,-1.581647,1.409981,-2.907777,0.024744
12.428359,0.581465,-0.320150,1.030074,-1.991429,-0.079594,-0.936939,0.590975
12.803391,0.314693,2.969228,3.007656,-4.108897,1.093123,-2.177200,2.622405
9.905552,1.061626,0.089939,4.436366,-2.496633,-0.244103,-2.344059,-0.653934
11.601849,-1.055585,0.122402,1.112613,-2.184575,0.591074,-1.175067,0.469158
12.542291,0.509464,2.456137,2.257203,-3.194277,0.157359,-2.516381,2.003106
13.264820,-0.234417,2.145826,2.628377,-3.527076,0.722999,-2.566234,-1.028221
13.939836,0.270295,0.351754,1.157192,-2.000493,-1.108010,-2.854606,-1.494769
12.269143,1.413117,2.095865,1.678493,-1.535333,-0.472424,-3.261726,0.685871
12.131964,0.184083,0.785230,4.318286,-4.648397,0.996044,-2.227071,-0.336983
12.989823,0.822775,-0.365585,2.703784,-2.549916,-1.527179,-3.011387,-1.458354
11.377015,0.327540,1.303225,2.031993,-1.804492,-0.539176,-3.352627,-0.471212
12.236217,1.320745,-0.945937,3.556100,-3.450219,-0.354184,-1.684796,0.676607
12.746695,0.788019,1.424532,4.073850,-4.012171,0.649213,-1.992723,1.728449
11.342800,0.637176,1.065570,2.161283,-1.596130,-0.218812,-2.532215,-0.456281
12.988396,0.486522,-1.093705,1.185163,-1.486894,-0.708156,-1.308181,0.131560
13.308311,1.586697,1.235428,2.792186,-3.098712,0.531795,-2.012110,2.875687
12.321413,1.132126,-0.200587,3.638999,-2.955559,0.725337,-2.392121,-0.409168
12.352589,-0.920047,-0.204757,1.047266,-1.947752,-0.041968,-2.158058,-0.864915
11.371782,1.115739,1.543650,3.015259,-2.684935,0.110272,-2.659161,1.880910
11.535323,0.745686,0.075846,5.196340,-4.414745,0.490090,-1.880365,-0.111406
13.207837,0.096733,-0.413643,1.607581,-1.754159,-1.379995,-2.281144,-0.669521
12.552008,0.596675,1.642386,1.523665,-2.033701,-0.216273,-3.046185,0.381890
12.038767,-1.014669,0.827968,4.235634,-4.958635,1.449218,-1.638574,-0.519616
9.262707,-2.379385,1.540237,-3.027069,1.272850,0.164650,-0.620005,-2.046198
8.787618,-1.086404,-1.395787,-0.457292,0.704665,-0.474796,-0.654711,0.961019
8.422691,-3.716605,1.124288,-0.343134,-0.808424,1.697630,-0.609752,-0.070102
7.938097,-0.223614,-1.235363,-2.513586,2.085295,-1.632929,-0.716539,-0.690910
10.185379,-3.346633,0.963456,-3.563895,0.710514,-0.082576,-0.395779,0.686507
9.240726,-3.468739,2.141051,-1.722419,-0.826119,1.696494,0.106228,1.079355
7.420203,-1.803959,0.619456,-3.701900,1.189143,0.161880,-0.970552,0.102173
8.304652,-2.377774,-1.243073,-2.299529,1.008778,-0.853029,-0.903073,-0.533067
7.263075,-1.880803,-0.165042,-0.253341,-0.251265,0.291022,-0.282541,-0.525780
6.446462,-2.102044,1.241415,-2.856992,1.674581,-0.051421,-0.717596,-0.763988
8.868076,-1.855259,-0.499419,-1.921645,0.772458,-1.069318,-0.853058,-0.618197
7.178987,-2.523370,-0.442001,-0.549181,-0.048857,0.152510,-0.927343,-1.873300
6.342136,-2.018333,0.117513,-2.121917,1.713342,0.048334,-0.857459,-1.280093
8.114674,-3.048613,0.262742,-1.643224,0.154420,-0.020845,-1.188013,-1.192805
6.770788,-2.402285,-0.491992,-0.487312,-0.521477,0.205613,-0.686795,-0.682358
7.607342,-2.414655,1.608215,-3.081898,1.657953,0.113167,-0.855448,-1.291494
9.984710,-0.222895,-1.365879,-1.633608,1.299808,-1.423730,-0.844884,-0.540945
10.056819,-1.617850,0.429405,-1.951802,0.606480,-0.139065,-1.049897,-1.549739
9.453127,0.620172,-1.164203,-3.515051,2.859719,-2.016424,-0.406296,-0.787767
9.277086,-1.961422,-0.485564,-1.981924,0.591474,-0.755073,-0.072307,-0.543979
7.650307,-3.843668,1.522462,-1.095811,-0.425322,1.313073,-0.508566,-1.921363
7.047200,-2.754469,1.422798,-3.183070,1.123729,-0.122327,-1.386731,-1.503409
8.031407,-2.862485,0.692091,-1.586227,-0.233079,-0.362441,-1.202123,-0.198101
8.826505,-2.041891,-0.204261,-1.693619,0.248961,-0.312020,-0.680644,-1.641814
4.551187,-2.089950,-0.058297,0.000344,1.380331,0.755143,-0.439139,-1.670712
-10.636567,-5.008296,-0.042741,1.670343,0.807195,-1.909780,0.246350,1.320323
-10.354742,-4.835660,-0.656112,1.818269,2.480095,1.251590,-1.211290,1.254330
-10.585687,-4.225229,-1.010056,1.916638,2.557184,0.815581,-0.924972,1.313186
-11.296310,-3.790055,-1.057163,2.083403,1.147093,-2.263757,0.446920,1.671457
-10.724749,-4.910425,-0.106030,1.835395,0.956048,-1.980716,0.467834,1.542641
-10.724033,-5.077312,-0.149513,1.857797,0.778908,-2.057707,0.448399,1.570098
7.796539,1.800463,1.056958,1.537080,-0.189493,-0.524200,-3.430459,-1.526127
15.530396,2.036456,1.971349,4.169419,-4.304367,0.678212,-2.139684,-0.073935
16.163198,0.985890,1.572557,1.421346,-2.469991,-0.760565,-2.751711,-0.189343
12.428986,0.197752,2.485519,1.322405,-2.149567,0.081981,-2.502148,0.399573
13.887501,3.365438,-1.588024,3.770174,-3.134867,-0.571279,-1.495957,0.957937
14.885925,3.591756,-0.814437,3.443807,-3.089085,-0.894291,-2.373402,2.125579
12.426165,1.736224,0.461220,1.498940,-0.717353,-1.589486,-2.142004,-0.253483
14.650667,1.695653,-0.702112,2.272465,-3.296650,-0.341698,-1.110806,1.483213
14.379460,1.509471,2.004721,3.097554,-3.809638,-0.145050,-2.765248,1.777874
12.754351,0.913092,1.215177,2.170089,-1.800911,-0.321338,-2.529425,-0.388003
14.894406,2.261741,-1.587142,0.311306,-0.924931,-1.655839,-2.007501,-0.295349
14.513739,1.655472,2.595173,2.727705,-3.364280,0.585821,-3.082141,1.301390
11.388044,0.800529,0.943143,4.151902,-3.276465,0.287190,-3.193689,-0.905381
13.855850,1.373908,-1.156028,0.343757,-1.121397,-0.974441,-2.063649,0.314984
13.798110,1.590589,2.154311,2.300412,-3.486975,0.575698,-2.987951,2.219738
12.295503,1.098425,1.100930,3.253280,-3.115628,0.353199,-3.029265,-0.939676
15.088963,2.160012,-1.153063,0.661770,-0.952802,-1.452164,-1.890944,0.270959
14.000141,2.599343,1.343299,2.739606,-2.243865,-0.340761,-2.495185,1.908125
13.730753,2.199775,0.105181,3.628742,-3.437142,-0.000926,-2.458798,-0.334556
15.715984,1.201655,0.382513,0.767905,-1.857914,-1.006275,-2.281789,-0.378180
13.940075,2.495569,1.267266,1.827623,-2.169205,-0.122487,-3.344288,1.569474
12.727829,1.166484,-0.339884,5.033835,-4.454291,0.554020,-2.726392,-0.450299
12.377020,-0.197619,-1.899328,-0.362144,-0.313986,-1.037453,-2.070714,0.276745
8.359053,-3.069327,1.867361,-2.213832,-0.326695,1.348691,-0.976637,2.450694
9.199075,-3.496702,0.617378,-0.816295,-0.464109,1.216023,-0.937756,-0.281612
10.372861,-0.339122,0.832497,-3.199521,1.676076,-1.148298,-1.092779,-1.545169
9.331373,-1.785260,2.091443,-3.488926,0.845373,-0.136002,-1.431281,0.897667
7.939209,-2.359109,-0.595824,-1.575968,0.713395,-1.071781,-1.125538,-1.720199
7.417543,-2.090704,1.109285,-1.248863,-0.011980,0.583676,-0.685377,-1.379318
6.327893,-3.425928,2.374920,-2.086552,-0.162208,1.280715,-1.009005,0.235582
8.118026,-3.681889,-0.301854,-2.842176,1.214652,-0.694667,-1.276391,-2.411527
8.743829,-1.557978,0.719880,-1.085237,0.045939,-0.114483,-0.203241,-1.443251
7.174395,-1.996398,1.733399,-2.693708,1.128873,-0.524685,-1.229919,-1.034109
7.687729,-2.553234,-0.567873,-0.809026,0.304264,-0.922175,-1.293616,-1.074216
7.755720,-3.616208,1.107432,-0.648430,-1.196626,1.354549,-0.393164,-0.929305
8.573619,-2.116984,2.100732,-3.568990,1.716151,-0.222227,-1.005545,-2.004076
9.190176,-2.562215,2.178373,-2.926332,0.014655,0.558800,-0.782223,1.719454
7.848740,-3.942480,0.156793,-1.738020,-0.275001,0.021568,-1.457234,-2.133067
6.585539,-1.783256,0.087237,-0.905409,-0.060153,0.044351,-0.726246,-2.049428
6.382867,-4.030984,2.650252,-2.340283,-0.178493,1.311827,-1.247967,-0.241158
8.164789,-3.602264,-0.719011,-2.810699,1.393553,-0.931646,-1.418723,-2.654728
9.280805,-1.819417,1.185472,-1.528025,0.165955,0.035086,-0.300243,-1.130226
7.214582,-0.675320,0.395880,-2.741717,1.270499,-1.302182,-0.984689,-0.046851
7.827803,-3.057066,-0.381818,-1.358943,0.388420,-1.133513,-1.682599,-1.893071
8.568178,-2.184058,0.055663,-0.837998,-0.484893,0.525375,-0.740073,-1.052540
6.180716,-1.443844,0.285650,-2.171282,2.184700,-0.611428,-0.993336,-1.687421
1.261167,-3.704490,0.208984,-1.591459,2.097963,1.324668,-1.644634,-0.437178
-9.622503,-6.543994,-0.654219,1.448995,0.585264,-1.676752,0.630111,1.492978
-9.658261,-6.073700,-1.050126,1.343432,0.831584,-1.431454,0.510646,1.096827
-9.916688,-6.129557,-1.210843,1.384105,0.914409,-1.310565,0.332036,1.074735
-10.453649,-5.618527,-1.282136,1.690796,0.519277,-2.141693,0.533352,1.627162
-9.578832,-5.629698,-1.590296,1.608628,1.830114,0.787250,-1.022445,1.750360
-8.151487,-7.210700,-0.168941,1.019441,1.108954,0.338310,-0.150046,1.056542
-8.288672,-7.253948,0.004538,1.045454,0.648900,-0.737638,0.357175,0.954029
-9.019195,-6.823674,-0.291129,1.375445,0.839428,-1.047655,0.577175,1.184686
-9.686502,-6.554258,-0.686956,1.435702,0.697192,-1.698502,0.663994,1.347981
-10.578531,-5.678241,-1.454332,1.476378,0.693815,-2.299872,0.394819,1.033217
-10.526449,-5.527650,-1.643072,1.622835,0.915174,-1.962461,0.243832,1.157365
-10.689388,-5.279308,-1.722315,1.781090,0.960311,-1.955719,0.324535,1.424894
-10.944877,-5.214346,-1.715468,1.646453,0.695999,-2.218455,0.406817,1.342799
-11.140248,-5.060873,-1.669382,1.685871,0.325462,-2.991830,0.836660,1.614977
-9.833189,-6.200834,-0.995766,1.342101,0.723078,-1.509319,0.550603,1.143447
-10.136311,-5.959894,-1.105812,1.391556,0.774835,-1.705335,0.284719,1.224628
-10.959846,-5.446270,-1.448995,1.596654,0.474344,-2.702176,0.424235,1.494426
-10.500964,-5.954220,-1.170799,1.597079,0.616579,-2.270086,0.544287,1.387187
-10.056040,-5.997058,-1.082041,1.619519,0.950054,-1.414593,0.290673,1.288058
-10.353526,-5.469105,-1.439789,1.647775,1.099181,-1.334873,0.224617,1.243081
-11.008731,-4.570301,-2.130702,1.604713,0.987330,-1.820155,-0.063703,1.212178
-11.360440,-4.396423,-2.405956,1.812618,0.932932,-2.077545,-0.011137,1.276428
-11.657931,-4.199779,-2.238365,1.667379,0.191783,-3.105286,0.188851,1.678604
-12.065327,-3.425709,-2.517297,1.626487,-0.183970,-3.814173,0.392857,1.940482
-12.067539,-3.726369,-2.544294,1.908168,-0.047768,-3.698371,0.611067,2.141191
-11.613212,-4.430336,-2.235291,1.719464,0.253213,-2.994879,0.384197,1.733856
-11.749114,-4.498114,-2.227515,1.850956,0.415619,-3.104176,0.369101,1.933920
-12.072243,-3.911824,-2.527820,1.860350,0.329057,-3.475577,0.441863,1.946640
-7.445483,-4.294240,-1.512600,4.648265,-1.471007,0.132222,-0.236550,0.080334
-6.334593,-1.212018,-1.492472,6.921889,-0.154763,2.210228,-1.101380,-1.032626
-9.772619,1.322712,-3.974753,4.881936,7.998046,6.638821,-5.109621,0.365908
-10.620255,2.141482,-5.846265,6.037319,10.399952,11.319659,-7.772168,0.780569
-11.121190,-2.801531,1.191714,3.379999,1.885310,-1.609360,0.218351,1.376534
-10.786086,-3.070568,1.314070,3.590003,2.121339,-1.059506,0.284340,1.137135
-10.499663,-3.484970,1.697810,3.480831,1.959251,-1.068486,0.343522,1.185958
-11.014198,-2.957631,1.448132,3.497538,1.899101,-1.365733,0.216214,1.458513
-11.423564,-2.314796,1.254977,3.372153,1.806915,-1.612170,0.044514,1.323560
-10.978617,-2.641225,1.169252,3.379859,2.154990,-1.074668,-0.167013,0.912560
-10.717991,-2.886385,1.403904,3.435018,2.075192,-1.108043,0.157649,1.169159
-11.620920,-2.007748,0.842037,3.535541,1.865528,-1.653086,0.030563,1.356151
-10.637893,-1.898088,0.407899,3.687175,2.208707,-1.837010,0.045130,0.606176
-11.343102,-1.465844,0.301259,3.785905,2.257931,-2.501074,0.123196,1.193725
-12.041982,-0.057850,-1.330355,4.270779,4.051936,0.267266,-1.415348,1.002436
-11.629898,-0.939583,-0.185230,3.987319,3.368061,-1.217037,-0.206239,1.171088
-10.838275,-2.581910,1.278456,3.360297,2.284577,-1.553039,0.083473,1.044340
-10.744158,-2.838059,1.247191,3.396965,2.068160,-1.062987,-0.071944,0.972765
-11.273194,-2.374238,0.848968,3.750028,2.103924,-1.833211,0.572405,1.579879
-3.616199,7.558071,-0.811218,-0.444352,1.316142,6.506481,-3.283629,5.989550
-14.658774,3.776841,1.244990,-2.068077,-1.762771,-0.170955,-3.841355,1.452603
-14.757943,3.950804,1.224939,-2.242055,-2.121972,-0.672559,-3.738469,1.676206
-14.546815,3.734948,1.270820,-1.980855,-1.941579,-0.578589,-3.543413,1.616149
-14.673917,3.922863,1.179129,-1.987260,-2.009535,-0.727468,-3.627048,1.450232
-15.300570,4.630735,0.950903,-2.153769,-2.506192,-1.301056,-3.791955,1.528974
-13.163536,2.491836,1.991175,-2.328434,-1.183331,1.524006,-4.413948,1.178038
-13.248579,2.435535,1.923280,-2.383974,-1.141587,1.396247,-4.298696,1.158398
-14.733655,3.741762,1.255122,-2.121216,-2.083719,-0.841816,-3.690435,1.475635
-15.251865,4.899592,0.209174,-1.530756,-1.393721,0.059202,-4.411786,1.208435
-15.386916,5.143326,0.146772,-1.552659,-1.299932,0.422719,-4.531975,1.448850
-15.142288,4.527012,1.110761,-2.250457,-2.427448,-1.183589,-3.569235,1.852774
-15.200685,4.481556,0.966262,-2.145861,-2.334366,-1.121011,-3.761933,1.649780
-15.170453,4.442155,0.891391,-1.978188,-2.257452,-1.138396,-3.661696,1.772162
-15.166939,4.494845,0.946075,-2.042692,-2.369181,-1.244301,-3.589239,1.864948
-15.196407,4.623829,0.996636,-2.270654,-2.617919,-1.216287,-4.162353,1.084947
-15.079570,4.413526,1.188052,-2.329328,-2.525036,-1.241972,-3.909647,1.299870
-15.000989,4.315189,1.171399,-2.204563,-2.503576,-1.237310,-3.732670,1.555422
-14.984821,4.263767,0.851860,-2.022441,-1.937637,-0.655176,-3.824478,1.357049
-15.245406,4.418098,0.295879,-1.533081,-1.326439,-0.187935,-4.132934,1.506663
-15.219609,4.585347,0.231813,-1.736665,-1.366674,0.184050,-4.306970,1.599758
-14.985974,4.396055,1.214177,-2.452971,-2.580833,-1.099348,-3.725818,1.605754
-15.127392,4.468307,1.217980,-2.520653,-2.701629,-1.302159,-3.725160,1.668072
-15.248572,4.689207,1.182608,-2.436560,-2.755911,-1.336663,-3.992788,1.373389
-14.977520,4.316462,1.264348,-2.314512,-2.473908,-0.817599,-4.027006,1.349486
-14.860224,4.238995,1.400101,-2.342870,-2.522886,-0.964198,-3.834630,1.429643
-14.588953,4.217747,1.254323,-2.130472,-2.054938,-0.024712,-4.231078,1.101844
-14.773407,4.267218,1.063357,-2.090072,-2.023134,-0.138335,-4.024434,1.459166
-15.090817,4.414428,1.112487,-2.307773,-2.439526,-0.815663,-3.876204,1.517615
-15.043705,4.433073,1.265490,-2.388564,-2.684329,-1.109416,-3.913298,1.259602
-15.326932,4.985382,0.888462,-2.328680,-2.601574,-1.043456,-4.125678,1.607675
-15.360125,5.036011,0.813522,-2.453333,-2.538547,-1.065495,-4.191376,1.497625
-15.197175,4.580832,0.973806,-2.244449,-2.404700,-1.176570,-3.676116,1.647004
-14.383663,3.995515,1.158393,-1.965632,-1.587690,0.459360,-4.066794,1.656196
-14.361495,3.870733,1.149194,-1.940988,-1.549982,0.821938,-4.407929,1.492926
-15.025971,4.535489,0.999427,-2.088064,-2.327857,-0.310174,-4.044107,1.642396
-14.567094,3.956123,1.267788,-2.211709,-2.116903,0.071553,-3.985200,1.552229
-14.893819,4.014755,1.200592,-2.259730,-2.331274,-0.846656,-3.807060,1.493799
-15.152716,4.480972,1.034939,-2.352124,-2.458175,-0.987317,-3.936414,1.364884
-15.092119,4.635666,1.148996,-2.382498,-2.606654,-1.134722,-3.815455,1.604642
-15.354839,4.957362,1.031005,-2.389966,-2.805599,-1.424933,-3.969495,1.475742
-15.011701,4.425651,1.093126,-2.200404,-2.306513,-0.976270,-3.837877,1.412730
-14.748506,3.666256,1.279334,-2.097327,-2.143676,-0.988456,-3.529632,1.550097
-13.461601,2.967048,1.489099,-1.858124,-1.642073,0.327233,-3.829797,0.761361
-4.610252,-0.477066,-3.621495,3.282658,5.588758,5.846412,-3.855302,1.315988
-10.626830,-3.605490,0.728020,3.248110,1.822126,-1.872597,0.789419,1.071361
-10.922106,-2.541448,-0.295539,3.572695,3.353303,0.548907,-0.605097,1.445075
-10.554693,-3.279731,0.492209,3.200245,2.995990,0.495064,-0.651980,1.194620
-11.088381,-2.565209,0.380970,3.452730,2.058818,-1.656643,0.246083,1.112532
-10.578668,-3.299353,0.887854,3.402743,1.869342,-1.565305,0.562160,1.390510
-10.701882,-3.457248,0.851276,3.372599,1.895257,-1.651657,0.663564,1.400563
-10.905035,-3.045248,0.456335,3.404586,2.038039,-1.413592,0.335744,1.076868
16.488913,13.378334,-3.235387,-1.185026,4.091410,8.599730,11.180155,17.227910
-2.446619,7.222655,-7.428747,1.099670,7.272976,15.180659,-1.159913,-4.527840
-14.027697,1.995964,-1.225002,-1.284340,0.282196,2.021770,6.826229,-2.782001
-14.247575,2.193637,-1.317084,-1.423679,0.035624,1.518689,6.924275,-2.573047
-13.903059,1.889747,-0.982901,-1.422806,-0.015425,1.614548,6.943083,-2.802495
-14.104598,1.933568,-0.913688,-1.295061,-0.130056,1.391793,7.025959,-2.923928
-13.695234,1.483034,-0.759493,-1.547108,0.072176,1.700331,7.057547,-2.784992
-13.734316,1.386564,-0.775902,-1.502215,0.156098,1.700094,7.112831,-2.600464
-13.776138,1.710810,-1.469524,-1.344435,1.294471,3.669817,6.066896,-2.956233
-13.787259,1.820468,-1.468468,-1.342490,1.250463,3.834767,6.133739,-2.615097
-14.387620,2.285175,-1.251689,-1.462623,-0.259337,1.171471,7.128081,-2.686022
-13.991482,1.841362,-1.005317,-1.515044,-0.063286,1.779095,7.074758,-2.854733
-12.441327,1.926549,-2.567954,-0.979226,3.835152,8.334103,4.178044,-3.357478
-12.427373,1.958395,-2.417812,-1.084494,3.413823,7.323864,4.644164,-3.410556
-13.830274,1.784766,-1.081223,-1.413958,0.195108,1.700055,7.176951,-2.844199
-13.760020,1.619560,-1.030642,-1.357841,0.262512,2.041462,7.032137,-2.912814
-13.747691,1.405887,-0.946918,-1.392472,0.228255,1.941146,7.039025,-2.893632
-13.973909,1.699103,-0.830318,-1.545675,-0.204898,1.183785,7.423227,-2.673783
-14.135653,2.135504,-1.061818,-1.579733,-0.340273,1.391842,7.126289,-2.664021
-14.448349,2.491073,-1.330454,-1.739817,-0.457913,1.272472,6.900853,-2.991267
-13.773572,1.396114,-0.921282,-1.553997,0.182356,1.777681,7.080922,-3.174285
-13.806025,1.294503,-1.008971,-1.562148,0.151882,1.693083,7.160872,-2.976073
-14.437736,2.217956,-1.827334,-1.247483,0.466609,1.942501,6.801122,-2.633574
-14.697541,2.488949,-1.960652,-1.228226,0.365198,1.772022,6.747531,-2.584372
-13.559797,1.211181,-0.914868,-1.546085,0.131683,1.758696,7.291006,-3.158548
-13.858321,1.454320,-0.907179,-1.605894,-0.024085,1.518961,7.305925,-2.838220
-13.771756,1.570530,-0.894934,-1.516259,-0.121106,1.686729,7.218155,-2.763703
-13.741803,1.583853,-1.122129,-1.475080,0.145561,1.894084,7.255376,-2.931233
-13.804474,1.493446,-1.083920,-1.556484,0.224471,1.882229,7.345694,-2.829978
-13.585217,1.407192,-0.834224,-1.526041,0.205074,2.343348,7.089716,-3.000464
-13.663093,1.828964,-1.031970,-1.441985,0.409215,2.902289,6.774284,-3.086362
-14.492644,2.539582,-1.351594,-1.820166,-0.568860,1.059711,6.898314,-2.862809
-14.527065,2.409219,-1.517413,-1.418642,0.053320,1.411418,7.163389,-2.711116
-13.896584,1.461978,-1.066473,-1.250103,0.172475,1.509993,7.425348,-2.891795
-13.407958,1.003460,-0.539971,-1.462038,0.094463,2.022063,7.150360,-3.203825
-14.118996,2.032653,-1.161579,-1.482396,0.126473,2.034804,6.848208,-3.066607
-14.162138,2.238856,-1.830981,-1.151669,1.012550,2.618631,6.604347,-3.003572
-14.342372,2.436782,-1.952085,-1.039827,0.897528,2.026009,6.833279,-2.967649
-13.974833,1.849014,-1.180657,-1.194345,0.391134,1.799958,7.180912,-2.989419
-13.553380,1.513700,-0.749680,-1.565201,0.317327,2.675183,6.756459,-3.336004
-13.431801,1.510512,-1.210902,-1.456986,0.649433,3.023847,6.891905,-3.141384
-13.726193,1.927956,-1.679146,-1.089060,0.905754,2.845218,7.080671,-3.071396
-13.634656,2.098079,-1.851461,-1.219580,0.974615,3.301930,6.783589,-2.930440
-13.921016,2.397427,-2.262956,-1.215652,1.236783,3.726568,6.364617,-2.876338
-13.950443,1.714384,-1.511661,-1.358819,0.511231,2.030607,7.325701,-2.965527
-11.115317,2.105323,-2.270260,-0.630789,1.903279,5.597120,5.228372,-4.025127
-11.253821,-2.864332,0.658971,3.268433,1.797623,-1.829663,1.162239,1.020787
-11.165032,-2.846210,0.643176,3.141129,1.806575,-1.450953,0.852445,0.841329
-11.245240,-2.665420,0.534656,3.208975,1.812286,-1.322800,0.717178,0.893675
-10.865209,-2.985377,0.553504,3.167645,2.210986,-1.163675,0.453331,0.545425
-11.024056,-2.941525,0.610020,3.219348,2.189351,-1.576240,0.663614,0.765684
-11.140798,-3.090637,0.710008,3.281111,1.973747,-1.837551,0.816274,0.888001
-10.086889,-3.469716,0.962359,3.218341,1.853498,-1.006196,0.385257,0.470076
-10.776689,-2.685957,0.454211,3.393786,2.126288,-1.513971,0.506883,1.095426
4.933440,-0.000227,0.653877,0.390927,1.421893,-0.203713,0.948767,-1.339579
6.734083,-0.182551,0.454384,1.639887,-0.727888,0.243906,0.600208,-0.537471
3.611536,-2.050539,-1.545295,1.881363,1.098508,-1.681002,-1.790054,-1.176945
2.976474,-3.049136,-1.144664,1.362550,1.563031,-2.328795,-2.561227,-0.525167
5.571666,-2.035598,-0.868137,1.665778,1.189015,-2.417565,-2.164699,-1.461440
8.511199,-1.893823,0.335177,1.040797,-0.507596,0.195992,0.155088,0.319165
6.007541,-0.994870,-0.387207,0.143712,1.753267,-0.303559,1.442146,1.244836
4.031747,-1.069733,0.282791,-2.054687,3.509209,-1.176342,0.572635,-0.803900
7.468852,0.608785,0.426958,-1.039703,1.911994,-0.477233,0.673641,-0.752701
7.097698,-1.363279,0.728714,1.127937,-0.011545,0.480530,-0.464796,-0.576007
2.851682,-2.794307,-0.656239,1.177562,1.309164,-1.870466,-2.095364,0.297541
4.870725,-2.635987,0.338023,-0.064399,2.409235,-2.033848,-2.634619,-0.967645
10.017476,-0.270761,-0.121051,0.191325,0.604902,-1.524589,-0.142293,-0.236733
10.092920,-0.370647,0.521567,-0.931297,0.723251,0.165911,2.400265,2.920096
6.450197,0.326865,-0.227882,-3.044920,3.828741,-1.750933,1.248304,0.405593
7.015308,0.617995,0.842229,-1.962652,2.576816,-1.004783,1.199829,0.205769
7.706574,0.523363,1.405129,-0.023451,0.712154,-0.091130,0.920276,1.298325
6.271930,-1.655745,1.517242,-0.110423,1.137782,-1.019043,-1.088000,0.186069
5.198216,-1.411686,-0.230788,-1.051201,3.355575,-3.576120,-2.587701,-1.031654
9.703248,-0.892408,0.757708,-0.168872,0.850050,-1.417735,0.425607,0.247130
10.656415,-1.014553,1.788576,-0.952182,-0.301795,0.502631,2.266954,1.758876
6.403231,-0.892654,0.615711,-3.005229,3.472017,-1.280324,1.194163,-0.483433
7.119529,0.335905,1.097815,-0.912091,1.608944,-0.453900,1.746809,0.743287
8.831457,0.525836,1.485087,0.181053,0.797123,0.832567,0.862435,0.156680
6.864874,-1.041364,0.047307,1.506649,1.401087,-0.404816,-1.488134,-0.089638
5.014750,-2.057390,-0.131911,-0.026135,2.455767,-2.321046,-2.156283,1.110251
8.037527,-1.545192,0.340679,0.051091,1.833325,-1.957192,-1.539225,-1.565909
9.612121,-0.748556,1.525349,-0.216269,0.106729,-0.045264,1.259077,1.095084
7.122945,0.673923,0.192278,-1.272535,3.081004,-0.903831,1.764231,2.074880
6.787966,-0.623565,1.068791,-2.906488,3.224943,-1.093931,1.145957,0.043129
9.191291,0.076571,2.183245,-1.548358,1.076937,-0.340845,1.216605,-0.821862
8.398451,-0.913142,1.951712,-0.341508,0.976336,-0.233500,-0.582472,-1.065153
5.092887,-2.220832,0.592920,-1.098918,3.125297,-2.729431,-2.644308,-0.973908
6.587632,-1.576197,1.057309,-0.485903,2.813263,-3.042292,-2.299590,-0.275283
9.611150,-1.108809,0.876526,0.116017,-0.088904,-1.153621,0.085580,-0.871488
8.341016,-0.156988,0.114115,0.096633,0.238797,-0.678665,1.003832,-0.241269
6.211651,1.855910,-1.144594,-1.951152,4.082806,-3.047353,1.013039,0.157943
9.704125,3.162307,-0.581859,-1.753700,3.159725,-3.054950,1.240479,-0.230546
10.154147,0.909846,1.324141,-0.996728,2.095662,-0.736603,0.512123,1.123984
5.709384,-1.186501,-0.313152,-0.237311,2.376143,-2.018644,-1.552647,1.633707
5.105971,-1.842250,-0.370424,-0.700972,3.191196,-2.808857,-2.590542,-0.534748
9.286110,-0.834565,0.027634,0.479672,1.047767,-0.741771,-0.120945,-0.107974
9.059093,-0.655172,0.680661,-0.010231,0.797644,1.109438,1.826116,2.054829
4.502316,0.185961,-0.880286,-1.777141,3.616905,-2.155952,0.848152,-0.002920
6.087537,0.789237,0.366530,-1.087541,2.359689,-0.977659,1.386139,0.848562
9.184469,0.767291,1.663149,-0.458168,1.044051,-0.295770,0.694279,0.723125
7.704312,-1.034300,-0.340489,-0.254311,2.564313,-1.528042,-2.422355,-1.181596
1.791178,-3.087800,-2.177114,0.794138,4.456687,1.026935,-4.530570,-0.810794
-8.551728,-6.027535,-0.041484,2.961720,1.073182,-2.137411,-1.506068,1.698052
-6.286289,-7.102267,0.406617,2.270716,1.376659,-0.126016,-2.232415,0.399143
-6.414022,-7.243574,0.134248,2.440311,1.466162,-0.156884,-2.261572,0.510744
-9.952544,-5.323001,-1.372571,3.335706,1.113501,-2.271746,-1.911485,1.648982
-10.114330,-5.215604,-1.402297,3.371648,1.089094,-2.653133,-1.707602,1.737118
-0.061578,-4.076288,-1.556497,1.460432,1.897391,-0.991036,-2.801402,-0.826860
3.985658,-1.632634,-1.140781,0.290439,3.082575,-2.546080,-3.009476,-1.065329
7.309819,-1.724047,-0.510408,0.718868,1.508422,-1.720609,-1.821368,-2.361426
8.824749,0.037880,-0.008682,-0.560929,0.608429,0.224944,1.544197,1.051461
6.176568,0.944472,-0.429096,-2.336010,3.746382,-1.122261,1.626504,1.150173
6.411383,0.758146,-0.735420,-2.881469,4.235440,-1.371226,1.135548,0.318086
9.078325,2.898388,-0.642206,-1.502679,3.040263,-1.984303,0.951554,-0.277924
9.264149,1.847603,0.293208,-0.710278,1.562848,-1.204415,0.145293,1.232300
6.439085,-0.568159,-0.143326,-0.441007,2.666111,-3.311957,-2.574359,-0.560579
7.322230,-0.677211,0.711521,-1.967761,3.811380,-3.821930,-2.592016,-0.917542
10.818120,-0.228735,1.046156,-1.117384,1.938832,-2.878410,-1.106336,-1.846498
11.432416,1.240729,0.379812,-1.072895,1.104082,-1.758313,0.960952,0.159976
8.085765,0.826401,0.568188,-2.850115,4.036423,-1.922997,1.416147,0.840654
8.565367,0.623636,1.230996,-3.749550,3.888329,-1.826062,1.507935,0.267414
10.903555,2.829379,0.414403,-1.736026,2.116931,-1.670307,1.150904,-0.219232
9.211788,2.971999,-1.565312,0.087583,2.755507,-3.282471,-0.996175,-0.541919
7.371615,-1.227704,0.443921,-2.327540,3.951570,-3.874554,-2.735459,-0.587330
7.780628,0.414826,-0.434534,-1.907883,4.412228,-4.712792,-2.162607,-0.043954
12.098053,-0.016910,1.433870,-1.049400,1.062072,-2.649782,-0.364342,-0.969951
11.670282,0.711451,1.924172,-1.702169,0.954965,-1.081065,1.650812,1.435272
7.944102,0.285547,1.426562,-3.578987,4.081667,-1.676978,1.430511,1.183382
9.987157,0.838719,2.170881,-3.781876,3.549293,-1.802704,1.280580,-0.119616
12.264476,1.909063,2.747468,-2.580215,2.255476,-1.297271,1.203236,2.396600
9.978974,0.169273,1.310388,-1.797123,2.796621,-2.215118,-0.906882,0.797723
6.932759,-1.954732,1.094916,-2.024181,3.413413,-3.574505,-2.315308,-0.265780
10.598422,-0.881199,0.894581,-1.062728,2.182183,-2.965809,-1.193297,-1.373175
11.085945,-0.439327,1.657523,-1.130593,0.759073,-0.566127,1.143205,1.088237
9.127204,-0.108856,1.680973,-3.453069,4.108351,-0.576181,1.969580,2.602965
9.670516,1.019007,0.495013,-4.685620,4.902922,-1.977329,1.697678,0.780342
11.591147,1.753643,2.126231,-1.914149,2.225688,-0.501569,2.281777,2.773531
11.585121,0.788475,2.884296,-1.627950,1.711773,-0.173312,0.904624,3.650571
9.599359,1.094696,0.031852,-2.871403,4.622071,-4.722192,-2.215855,-0.110315
9.848381,1.232978,0.154441,-3.575217,5.528570,-5.545500,-2.231064,-0.354627
12.249468,1.523047,0.386973,-1.493942,2.481533,-2.279368,0.909353,1.792613
10.605572,1.390378,0.254162,-1.400983,1.628895,-0.499573,2.373793,3.113158
6.317297,-0.010219,1.075325,-3.269644,3.946956,-1.948233,1.380402,0.701726
8.111738,1.277569,0.601318,-3.375692,3.848979,-1.760393,1.369283,0.399583
10.478421,0.933439,2.284145,-1.820306,1.750103,-0.139758,1.730473,2.360757
9.055029,0.338753,1.056277,-1.725263,3.198666,-2.525559,-0.725759,0.076749
8.479296,-1.084786,1.723723,-2.875187,4.229395,-3.420307,-2.375962,-0.839522
11.359564,0.377799,0.675813,-1.344915,3.096405,-3.455287,-1.389301,-1.475848
13.182364,1.248787,1.589840,-2.341406,1.738009,-1.547022,1.591324,1.475819
9.901159,2.061245,0.082124,-3.661883,4.652241,-2.539695,1.722068,1.583289
9.483329,1.461704,0.986216,-4.714771,5.145868,-2.691722,1.623945,1.070298
12.220012,2.602820,2.035593,-2.801021,2.535530,-2.225556,0.839933,0.248388
10.546609,0.524822,2.391537,-1.557628,2.545610,-2.020531,-1.648498,-0.815143
8.407995,2.408542,0.621349,0.083831,2.995940,-4.503363,-3.234873,-0.413892
9.408956,1.387442,3.653181,-2.014785,3.866641,-3.330140,-2.828356,-0.537452
8.291838,2.811992,0.442165,-3.585905,6.361951,-4.970038,-2.883976,-0.707870
5.881391,-0.519869,2.725640,-1.824404,3.508505,-1.278525,-1.969058,-0.748051
-0.014708,-0.858570,0.161685,0.192772,4.048901,1.233472,-2.216969,-1.386732
-10.862102,-2.950685,0.219931,3.098492,1.948436,-1.714371,0.333162,1.116138
-10.890280,-3.325246,0.558265,3.038213,1.844262,-1.981605,0.761669,1.545003
-11.235579,-2.918125,0.332568,3.135957,1.788508,-2.490252,0.799711,1.491796
-9.612079,-3.087182,0.207575,2.788998,3.914072,1.794342,-1.448490,0.792527
-9.367666,-3.500756,0.531126,2.659852,3.801467,1.753929,-1.502165,0.405985
-11.020918,-2.957055,0.419509,2.946057,1.879772,-2.090755,0.100723,0.754524
10.685288,4.773971,-0.727082,7.516677,-1.324328,0.186398,-1.815492,-0.431652
11.911816,3.391157,-5.513826,7.666053,-3.579962,-1.291325,0.284665,-2.134021
12.684983,4.362503,-3.546684,8.656782,-3.939247,-1.762680,0.491550,-1.894787
10.994599,4.907481,-0.876048,6.618256,-0.331051,-1.418315,-1.152423,-1.644686
10.975367,3.013871,-2.106086,6.695311,-2.473181,-0.631742,-0.947880,-2.392391
10.892687,1.025459,-3.058391,2.164017,-1.015389,-1.439517,0.573836,-2.403439
12.625585,5.315898,-0.620554,7.992561,-3.854577,-0.222513,-0.045126,-1.549066
11.203993,3.369893,1.618280,7.624652,-2.591258,0.280208,-2.251758,-2.167117
11.485981,0.025129,-0.889230,4.565891,-3.614539,0.084941,-0.887280,-2.453249
11.516777,0.429484,0.979319,7.027515,-4.975531,0.347657,0.134705,-2.712070
12.175578,4.309392,1.783884,5.695146,-1.827926,-1.098505,-1.312648,-2.371899
12.239174,3.410113,-1.004056,6.425064,-3.171047,-0.925537,-0.875470,-1.013541
12.258350,0.916496,-2.212991,1.232726,-1.099160,-0.929564,0.851861,-2.862681
13.873908,4.893473,0.425480,7.076818,-3.738773,-0.258454,0.263102,-1.795171
11.699270,3.519815,2.054471,6.800604,-1.940677,0.323605,-1.696039,-1.814985
12.023145,1.051012,-1.747717,5.183225,-3.628141,0.170102,-0.658489,-1.938922
12.109329,3.113158,-0.973673,8.372003,-4.551378,-0.162671,0.375864,-2.214948
11.060867,4.776160,1.154202,6.812394,-1.940783,-0.743164,-0.823627,-1.304656
11.062288,2.652531,-1.135478,6.812826,-2.781035,0.327968,-1.418892,-1.021215
10.425234,2.426040,-6.022429,3.324160,-0.132595,-1.307210,0.251154,-1.101050
12.194515,3.628711,-0.720469,7.152707,-3.639541,-0.463864,0.258723,-1.726679
9.467870,3.788124,1.199629,4.304027,0.459902,-0.788005,-1.571707,-1.627807
10.791231,0.940797,-0.276353,5.953500,-3.897217,0.313344,-1.009922,-2.236382
9.810937,-0.442570,-1.588265,1.888813,-1.282503,-0.983595,1.136556,-2.722984
12.392879,1.445178,3.515972,6.667144,-4.861755,1.583124,0.229900,-2.027777
10.859230,3.472134,2.236399,5.370580,-0.631343,-0.773409,-1.322938,-1.545815
12.915020,0.271006,0.468503,3.434143,-3.041804,0.080740,0.233711,-2.048311
9.405996,0.046444,-2.384661,4.466945,-1.848943,-0.357777,0.929722,-1.458455
14.531512,6.314153,4.378948,12.682820,-6.380065,1.230571,0.426955,1.681512
14.010890,6.046553,5.800082,10.139350,-3.463130,0.841135,-1.113799,2.849608
12.438010,2.242386,-2.132331,6.349488,-3.941078,-0.728715,-0.522657,-1.974293
14.947758,3.667739,-1.863740,6.758523,-2.935377,0.429572,-0.337291,-3.190096
14.728246,5.452363,1.095452,5.850135,-1.281680,0.576209,-1.501082,-2.568117
12.151167,3.375891,-0.766706,6.772281,-3.425213,-0.467427,-1.388505,-1.949327
10.397983,0.162301,-4.402101,3.491106,-1.901453,-1.332401,-0.098409,-2.800520
13.316183,4.356072,-1.910377,8.301641,-3.895960,-0.877321,-0.228428,-1.488381
11.836971,3.979281,1.877251,3.394359,0.112066,-0.621845,-1.803094,-1.321137
11.275088,0.486997,0.005390,4.528427,-3.914266,0.655914,-0.243701,-1.572201
11.976166,2.298377,-2.289305,4.635468,-2.536075,-1.081332,0.500566,-1.491857
13.179589,4.154356,1.550225,5.721038,-2.438762,-0.397177,-0.813544,-1.699575
10.733174,2.625463,1.262570,5.840218,-2.196650,-0.012558,-2.530952,-2.127728
10.815157,0.428083,-1.351399,4.235952,-3.384131,0.000965,0.290687,-1.537867
15.079369,5.848334,-3.223823,7.270827,-2.168967,-0.585458,0.616153,-2.576240
15.019999,7.429119,-0.369135,6.208846,-0.377324,-1.152179,-1.024665,-2.585898
11.419902,0.886186,2.270409,5.865910,-4.061556,0.728372,-1.305927,-1.816819
11.749450,1.315901,-3.136872,1.522448,-0.847726,-1.757073,0.596245,-0.638818
8.275721,0.091522,0.061420,1.309945,0.095687,-0.234335,0.398771,-1.998785
6.970963,-0.424474,1.978728,1.124232,-0.034844,0.233149,-0.020350,-2.123363
7.251541,0.360307,-1.399966,2.384056,0.069134,-1.441845,-0.810818,-1.709250
11.646138,2.332777,-3.834036,-0.140092,2.996129,-0.307083,0.228545,-0.860936
11.992553,3.268793,-0.987413,1.993487,2.051971,1.192345,0.105148,-1.134748
9.633770,0.885009,1.551594,1.182182,0.661112,-0.163638,-0.494128,-1.223055
10.394328,-0.150555,-1.459494,0.680684,1.226964,-2.113850,-1.184769,-2.719118
11.279341,5.618783,-6.568908,3.612320,1.690612,-3.218983,1.260105,-0.162717
9.447415,5.254619,-3.998249,4.082582,1.532566,-2.563193,0.863622,-0.409864
6.805994,-0.278449,0.604865,1.041927,0.691199,-0.832296,-0.814980,-0.789857
6.840806,-2.114892,-1.203100,0.456163,0.584560,-1.372706,-0.590259,-1.916680
7.797956,0.424228,-0.131919,2.071053,-0.609010,-0.599703,0.531953,-0.830837
10.141747,0.490097,2.304598,0.048854,1.231718,0.165059,-0.116196,-1.548242
9.862398,-0.795356,0.719165,0.301269,0.970047,-0.775484,-0.344806,-1.557807
8.059008,-1.110749,0.414181,-0.053166,0.564157,-0.993852,0.148284,-2.360878
7.776976,-0.479612,1.425005,0.229420,0.938110,0.007746,-0.133541,-3.047075
7.443771,-1.361156,0.432311,1.988332,-0.517111,-0.250608,-0.476491,-2.256350
7.729425,-2.289787,-0.262953,0.226507,0.246713,-0.712568,0.437925,-1.627719
7.704915,0.346113,0.625359,2.947645,-0.626825,-0.012420,0.285724,-2.160599
6.712267,-0.073780,0.307451,2.759679,-0.600929,0.668770,-0.747299,-2.223260
7.704828,-2.591809,-0.682125,0.871805,0.332354,-0.190522,-0.157176,-2.711530
7.309412,0.221586,0.038344,3.193117,-0.730087,0.402961,0.502084,-1.625093
0.611492,-1.921996,1.684497,2.511902,1.105780,1.248382,-0.854954,-2.191509
-9.957950,-4.472361,1.322280,2.637619,1.947676,-1.306480,0.172092,0.711272
-9.845100,-4.505731,1.520271,2.620488,1.869748,-1.395033,0.298690,0.794845
-9.699051,-4.611659,1.417089,2.619757,1.818855,-1.043903,0.294482,0.832389
-10.431803,-4.159890,1.064041,2.809673,1.870844,-1.841051,0.543235,0.827238
-10.576660,-4.046115,1.014256,2.820866,1.958282,-1.727765,0.473450,0.950826
-11.378561,-3.363256,0.481268,2.766185,1.769785,-2.267232,0.261617,1.146504
-11.245783,-3.131150,0.305618,2.974845,1.904364,-2.048008,0.351960,1.353758
-10.671489,-3.610057,0.449335,3.052616,1.865461,-1.627967,0.383770,1.389742
-10.982059,-2.836086,-0.253530,2.978452,2.419800,-0.988292,-0.272576,0.622923
11.522275,1.319410,-0.308977,5.952008,-4.067674,0.430749,-0.709023,-1.656879
10.861973,-1.016766,-2.826427,0.854777,-0.923576,-0.707154,0.676788,-2.367978
12.253428,4.056544,0.173209,8.062725,-4.544933,-0.005830,0.534652,-1.864409
9.562099,3.119657,3.264115,3.796782,-0.217189,0.270099,-2.062414,-1.793869
9.316117,-0.492560,0.919433,5.157370,-4.180813,1.399932,-0.613785,-1.656712
8.174631,0.397853,-5.518482,2.220755,0.232710,-2.224686,0.071783,-2.070520
12.540764,3.607377,-0.232766,8.499791,-3.975402,0.084113,0.502005,-2.523766
10.416910,2.970465,3.452169,6.125569,-1.872729,0.729137,-0.949888,-1.488705
10.095891,1.039179,0.764103,5.923339,-3.210282,0.165471,-1.562168,-2.113452
9.182593,1.098076,-3.971785,3.962506,-1.553640,-1.263161,0.243216,-2.555504
9.866454,1.560597,-2.477391,7.259076,-3.428000,0.209089,0.730361,-1.495162
11.340843,4.359712,0.453902,5.802034,-1.561001,-0.682720,-1.163911,-2.170374
11.713179,3.128129,0.954475,8.137313,-4.060148,0.058493,-1.165738,-1.227353
11.849049,2.293699,-3.199785,2.806654,-1.347708,-1.674831,0.168809,-1.819143
12.877046,3.573712,0.227917,6.404047,-3.890566,-0.848628,0.221051,-1.508935
9.776639,3.277250,2.239469,2.814800,0.210333,-0.713725,-1.849800,-2.325249
11.867035,1.690372,-1.001800,5.634887,-4.117516,0.248316,-0.266781,-1.810783
11.578870,1.196602,-2.854711,5.707989,-3.230272,-1.147251,0.441584,-2.531248
12.962755,5.047395,-0.127469,7.918891,-3.376305,-0.928694,-0.904533,-2.316666
12.991065,3.032210,0.941931,8.858466,-4.571970,0.898520,-1.761625,-1.119706
13.577398,1.606955,-2.308133,3.284678,-2.262047,-0.571197,0.480777,-0.434687
9.424006,-0.205221,0.595179,0.879772,-0.434949,-0.373681,0.698152,-1.361476
8.055795,1.898239,0.519242,1.627790,0.600354,-0.936047,0.674982,-1.055848
7.076086,2.185284,-1.390026,0.821701,2.200818,-2.937826,-0.674507,-2.186892
8.421087,-1.975636,0.135649,0.337768,0.612654,-1.666640,-1.001488,-2.349973
10.057290,3.014861,-2.363597,0.738224,1.387741,-3.219932,0.756194,-1.213049
9.797977,1.729510,1.513020,1.220805,0.175238,-1.103549,0.483056,-0.976332
8.386419,-0.008725,1.790502,0.236629,0.512055,-0.705374,-0.588860,-1.824977
7.136318,-1.232297,-1.005206,1.500649,0.023298,-1.802189,-1.508561,-2.124277
10.730046,0.808886,-0.703581,-0.177037,0.091447,-0.112728,1.980842,1.675841
10.095112,3.178316,-0.355275,1.217026,0.863690,-0.756975,1.397683,0.489881
7.856432,-0.399224,3.161408,1.300754,-0.660824,0.739086,0.395589,0.309597
8.135413,-0.667268,0.162216,0.542223,0.198332,-1.373884,-0.616449,-1.151123
10.027207,-0.611982,0.205699,1.855924,-1.644445,0.220718,1.283179,0.214123
10.125198,3.066468,-0.015589,2.136117,0.617854,-1.162966,1.466349,-0.681534
9.326204,1.399067,1.890371,2.591175,-0.475889,0.517301,0.588214,1.081789
9.031774,0.921832,-1.446282,1.106963,1.243573,-2.692066,-1.104756,-2.505137
10.108531,-0.157679,0.176627,-0.827725,0.085227,-0.729005,1.428786,1.699271
8.708321,2.044030,0.224035,0.492498,1.074913,-1.638995,1.575185,-1.122760
9.007984,1.373335,1.400986,0.410141,0.175242,0.338392,0.976280,1.173253
8.650663,-0.069854,-0.414633,0.893845,0.971206,-2.370575,-1.238644,-2.767079
9.255598,-1.110474,-0.011214,0.397678,-0.147196,-1.450411,-0.491092,-1.504015
9.249034,0.136212,2.328429,1.415635,-0.348614,-0.033248,0.063041,-1.705171
9.180226,0.974167,1.583338,2.052827,0.198438,0.836532,-0.394366,-1.636115
5.185821,-3.014798,-0.443221,2.001038,1.947740,2.862213,-2.297919,-3.282887
-9.864014,-5.786844,-2.221494,2.280571,0.953652,-2.742861,0.797738,1.549793
-9.679830,-6.011307,-2.064212,2.279143,1.013313,-2.786561,0.675935,1.406746
-10.227353,-5.840448,-2.236157,2.357934,0.978568,-3.170063,0.630298,1.351201
-10.606123,-5.636778,-2.504979,2.419554,0.790597,-3.415240,0.769246,1.733091
-10.611200,-5.449768,-2.631464,2.415524,0.948923,-3.208515,0.555569,1.568835
-10.640195,-5.465047,-2.455922,2.322889,0.758130,-3.647741,0.669251,1.586045
-9.983468,-6.055118,-2.162196,2.228479,0.996412,-2.753904,0.748005,1.404359
-9.906821,-5.964966,-2.143021,2.355275,0.843983,-2.938898,0.966194,1.770057
-10.589553,-4.752863,-2.919285,2.592412,1.176206,-2.544555,0.354883,1.730583
-9.847361,-5.872321,-2.172235,2.206109,1.023577,-2.425223,0.397557,1.478011
-9.575361,-6.330959,-1.940347,1.926876,0.928130,-2.723450,0.567055,1.159078
-9.266249,-6.505075,-1.885880,2.091610,0.985624,-2.076665,0.435942,1.356524
-9.683344,-6.238522,-1.944182,2.082506,1.057416,-2.227861,0.479805,1.138932
-9.504695,-6.662416,-1.752628,1.866545,0.900593,-2.571230,0.590086,1.176374
-9.536583,-6.463807,-1.772707,1.919177,0.829796,-2.642417,0.682650,1.351548
-10.209406,-5.952861,-2.110276,2.031519,0.869263,-3.226353,0.664661,1.321157
-10.452802,-5.627174,-2.183381,2.063454,0.698316,-3.398454,0.608470,1.451764
-10.457934,-5.766875,-2.179398,1.999854,0.830803,-3.208926,0.456836,1.270930
-9.941918,-6.154073,-1.814288,2.089237,0.792445,-2.818813,0.637406,1.575467
-4.777962,-5.068913,-0.891000,3.931737,-2.068724,0.753161,2.432477,2.646567
-4.100172,-3.800263,0.661143,4.435357,-2.408376,2.028478,3.005204,2.862759
-10.042199,-1.028737,-2.828049,3.966820,4.223213,3.219030,-1.308495,-0.756022
-10.424057,-0.471235,-2.706256,3.869544,4.185204,2.672389,-1.243948,-0.668590
-12.673858,-0.965368,-2.055044,2.689226,2.513420,-0.157039,0.239845,0.088801
-11.433128,-2.590447,-0.156395,2.906439,2.406710,0.514625,0.701090,0.092941
-11.030759,-3.496236,1.049096,2.277558,1.503050,-0.939815,1.682208,0.314260
-10.894753,-3.652245,0.913833,2.194202,1.815975,-0.630399,1.322276,0.077713
-11.369227,-3.317418,0.758803,2.243065,1.611305,-0.887157,1.226824,0.394124
-11.886065,-2.688316,0.560378,2.461939,0.974898,-1.902094,1.756081,0.968359
-12.060174,-2.170405,-0.203997,2.836908,1.647376,-1.236790,1.267196,0.945855
-12.412057,-2.015623,-0.394340,2.796917,1.690678,-1.474590,1.219557,0.705478
-11.774887,-2.949359,0.576286,2.288776,1.347327,-1.283334,1.249332,0.314404
-11.171333,-2.508055,0.041338,2.685640,2.448843,0.961334,0.064201,-0.207428
-10.972549,-2.623251,0.128608,2.789268,2.292586,0.871413,0.386155,0.301232
-12.250304,-1.719401,-0.558725,2.894687,2.590826,0.262453,0.630048,1.084109
-12.634782,-1.407968,-1.000405,2.873253,3.213570,0.967789,-0.118627,0.588308
-12.801060,-1.823727,-0.049197,2.353934,0.661381,-2.936802,1.578667,0.879043
-12.177690,0.265216,-3.632595,4.274177,6.724064,6.415129,-3.925706,0.379984
-11.821880,3.960915,-0.378912,0.490048,4.313581,6.728056,-1.395477,-2.547780
-14.346103,3.270620,1.777971,0.112569,0.479207,0.843292,1.100519,-0.648555
-14.315059,3.154078,1.821669,-0.042161,0.525074,1.065008,1.016470,-0.795631
-14.597366,3.327898,1.965081,-0.371373,-0.095482,-0.137584,1.333010,-0.538173
-14.616906,3.593047,1.963799,-0.736910,-0.478737,-0.351080,1.238894,-0.655875
-13.539553,2.258477,2.391239,-0.105793,0.683166,1.608225,1.207965,-0.951135
-13.614611,2.374444,2.358356,-0.179798,0.595053,1.280973,1.341744,-0.987978
-14.405002,3.206855,1.999203,-0.222071,0.178174,0.165224,1.319238,-0.968792
-14.581371,3.350375,2.159618,-0.419297,-0.133074,-0.129774,1.334560,-0.798377
-15.019586,4.316683,1.579394,-0.402774,-0.465172,-0.525476,0.941488,-0.850129
-14.634607,3.520803,1.705995,-0.135869,0.249528,0.050814,1.143329,-0.857798
-14.543084,3.224694,1.883482,-0.272155,0.139638,-0.121313,1.222035,-0.866036
-14.566881,3.323354,1.294589,0.194633,0.875771,1.111236,0.722565,-0.766907
-14.150221,2.821619,1.562705,0.186036,1.175127,1.528882,0.524175,-0.837226
-14.288982,3.088512,1.484534,0.439496,1.464613,2.150813,0.021160,-0.744220
-14.527059,3.386778,1.826241,-0.296231,0.131998,0.031273,1.208122,-0.839099
-14.687769,3.604802,1.660978,-0.308192,0.180064,0.101199,1.092429,-0.810402
-14.098222,2.687466,1.958358,-0.080309,0.580718,0.492447,1.366748,-1.078341
-13.886196,2.495943,1.977604,-0.015530,0.681111,0.709731,1.594890,-0.586251
-14.637669,3.422974,1.558308,-0.125538,0.277423,0.177690,1.433458,-0.427151
-14.924832,3.798513,1.479576,-0.272185,0.149453,0.220069,1.038620,-0.834419
-14.565210,3.520228,2.044499,-0.586593,-0.505627,-0.279184,1.111611,-1.280595
-14.426964,3.316715,1.298899,0.111383,0.957793,1.324716,0.725714,-0.776588
-14.774984,3.894748,0.844135,0.150717,1.185897,1.393848,0.419065,-0.789852
-14.808298,3.695188,1.548413,-0.279138,0.172493,0.494535,1.148829,-0.800110
-13.813812,2.411986,2.017008,-0.044706,0.662289,0.998598,1.554113,-0.641958
-13.897764,2.682296,1.801704,0.085451,0.767886,0.963439,1.479815,-0.757703
-14.262069,2.880363,2.166711,-0.243044,0.059425,0.150091,1.445382,-0.657202
-14.332713,3.126445,2.402225,-0.624427,-0.286949,-0.097127,1.590799,-0.693831
-14.361043,3.605819,2.203224,-0.715424,-0.454104,-0.021129,1.347963,-0.816926
-14.925759,3.982068,1.439449,-0.320004,-0.151243,-0.324265,1.234816,-0.806092
-14.829447,4.016757,1.353719,-0.196019,0.025010,0.156063,1.155579,-0.533835
-14.556078,3.748989,1.691101,-0.383933,-0.018557,0.241516,1.068810,-0.849654
-14.493134,3.465395,1.668197,-0.151242,0.292217,0.079009,1.400146,-0.850002
-14.644487,3.937958,1.645518,-0.391539,0.110512,0.204764,1.254445,-0.775638
-14.635043,3.705573,1.977193,-0.815150,-0.476038,-0.108851,0.965515,-1.373459
-14.780198,3.885771,1.854122,-0.702029,-0.477739,-0.304696,1.137418,-1.050664
-14.795972,3.753080,1.932780,-0.728222,-0.443245,-0.346966,1.339861,-0.807604
-14.383384,3.290534,2.063938,-0.601447,-0.173907,0.120898,1.234418,-0.952485
-14.485158,3.797418,2.000035,-0.689013,-0.361786,0.073009,0.858787,-1.343219
-14.912144,4.450669,1.890590,-1.091841,-0.906758,-0.421457,0.634834,-1.478984
-15.053287,4.296636,1.736097,-0.907788,-0.654063,-0.492236,0.722029,-1.404743
-14.662942,3.604134,2.023870,-0.610159,-0.156954,-0.029475,1.150567,-1.106932
-14.394297,3.010263,2.189526,-0.479878,-0.087589,0.031220,1.428705,-0.951586
-14.756297,3.415714,1.971114,-0.537080,-0.354891,-0.427063,1.357716,-1.064684
-5.730608,-3.721607,-0.070379,0.753285,2.503586,3.310396,-0.646393,-0.717020
-11.491560,-3.039884,-0.078810,2.562221,1.348311,-1.663719,1.925337,0.666488
-11.947262,-2.709852,-0.329347,2.520553,1.300188,-2.008709,1.738392,0.592111
-12.322961,-2.172396,-0.591217,2.413733,1.024137,-2.405088,1.806508,0.455862
-12.357869,-2.221753,-0.539495,2.436730,0.802373,-2.641952,2.046460,0.847960
-12.003764,-2.530609,-0.512787,2.532675,1.333574,-1.730012,1.713271,0.541422
-11.727261,-2.860828,-0.302544,2.568903,1.275299,-1.762572,1.993583,0.677046
-11.638622,-3.077578,-0.143406,2.421131,1.371630,-1.597943,2.021037,0.713113
0.270697,3.801315,2.487430,-0.062024,0.542369,5.068219,3.025895,1.334030
-12.341482,1.545719,3.077953,-0.545547,0.846727,1.874570,0.518354,-1.272494
-12.635173,2.601986,2.118884,0.020935,1.630126,2.975792,-0.039035,-1.258256
-12.870976,2.966981,1.756840,0.120500,2.172734,4.099758,-0.667040,-1.033293
-12.109272,1.303681,3.297891,-0.480277,1.225733,3.740312,-0.651607,-1.060988
-12.506944,1.499764,2.748838,-0.571329,0.873581,2.252170,0.377382,-0.834414
-12.388651,1.768369,2.528236,-0.393306,0.908582,2.284829,0.430232,-0.868783
-12.648230,1.917075,2.748187,-0.313034,0.670818,1.515541,0.698800,-1.193959
-12.002733,0.744644,3.617172,-0.591628,0.654145,2.296247,0.693352,-1.330050
-12.463841,2.590415,1.711065,0.182565,2.559299,5.778449,-1.791590,-1.080399
-12.669804,2.935235,1.253621,0.445145,3.189895,7.204913,-2.587800,-1.112653
-13.205638,2.619990,2.391677,-0.824932,0.594042,2.744894,2.120911,2.815721
-12.993864,2.490985,2.475901,-0.831374,0.751516,3.096295,1.918194,2.652256
-14.238255,3.495774,1.225146,0.059401,1.446762,2.670547,-0.209003,-0.861035
-14.195874,3.508854,1.163212,-0.048654,1.448268,2.677557,-0.093342,-0.889098
-13.737267,2.493329,2.171475,-0.376976,0.575430,1.253307,0.883346,-0.777956
-13.186464,2.748371,1.488798,-0.034521,1.630417,2.414440,0.230543,-1.333666
-13.056442,2.413884,1.860021,-0.131709,1.378101,2.129422,0.466489,-1.338824
-13.395135,2.469596,2.157646,-0.377338,0.742912,1.966134,0.561353,-1.136024
-13.933178,2.982616,1.589809,-0.315027,0.739855,1.491223,1.016254,-0.548441
-13.090364,2.744055,1.703382,0.633270,-0.175005,3.655963,2.132048,4.108236
-12.899072,2.446575,2.204609,0.571614,-0.115484,4.100789,1.865261,3.569972
-12.175300,2.140700,2.333386,0.504155,0.623556,6.050146,0.943186,2.761667
-12.083455,2.009227,2.405482,0.445860,0.612243,6.180267,0.885824,2.820905
-14.154659,2.782877,2.166692,-0.386114,0.409566,0.782189,1.117953,-0.848617
-14.225561,3.622989,1.421534,0.012739,1.045991,1.206403,0.940325,-0.798568
-14.310077,3.879918,0.924173,0.294206,1.559424,2.699984,0.321946,-0.338592
-13.799311,2.782461,1.712224,0.023174,1.170957,2.280579,0.486317,-0.926144
-13.405223,2.337258,2.248462,-0.425392,0.711232,1.467761,0.957884,-0.747149
-13.310460,2.295501,2.338920,-0.477094,0.611137,1.490252,0.886583,-0.977022
-14.014775,3.184169,1.629032,-0.237444,0.728729,1.030226,0.753110,-0.858301
-13.889895,3.607289,0.930358,-0.295894,1.174011,1.922521,0.497887,-0.660181
-14.125436,3.679774,1.030108,-0.185323,1.219769,1.794895,0.677824,-0.940260
-13.799500,2.741042,1.755972,-0.390509,0.849625,1.457705,1.189187,-1.001829
-13.848759,3.333133,1.599270,-0.594547,0.466702,2.386835,1.900219,2.392664
-13.793395,3.106336,1.595148,-0.567159,0.640922,2.183491,2.005526,2.476630
-14.058823,2.650900,1.961820,-0.226127,0.562624,0.715954,1.163424,-0.561393
-14.145765,2.876250,1.865565,-0.277779,0.545154,1.121753,0.863402,-0.754979
-13.855849,2.975010,1.665702,-0.065804,0.984056,2.243328,0.391834,-1.076733
-13.638697,2.741322,1.837994,-0.073161,0.983298,2.032567,0.664229,-0.981727
-13.872677,2.542673,1.927329,-0.083256,0.684290,1.029449,1.034216,-0.699824
-14.046719,2.497461,1.942781,-0.099348,0.340099,0.182347,1.388791,-0.453923
-13.552249,4.482295,-0.218815,1.326160,1.628513,5.752301,0.735552,3.499169
-13.198477,4.175679,0.205724,1.173192,1.428398,5.376753,0.964650,3.324369
-13.980131,2.963376,1.740598,-0.255229,0.684611,1.104972,1.286822,-0.220479
-2.184218,-1.839082,2.115922,0.514789,1.920808,2.616773,0.207436,0.233868
-11.421109,-2.817428,0.502516,2.748370,2.117223,0.239681,0.575699,0.288221
-11.322448,-3.080295,0.722837,2.507387,1.411390,-1.584646,1.410989,0.618331
-11.907745,-2.560761,0.373481,2.620205,1.197868,-2.170399,1.614315,0.929071
-12.253182,-2.198840,0.117500,2.742992,1.072692,-2.457870,1.730248,1.218639
-12.192628,-2.253402,0.078974,2.790122,1.286285,-2.221406,1.607993,1.221447
-12.468949,-1.881105,-0.102524,2.609301,1.287493,-2.074051,1.080991,0.791174
-12.193362,-1.855076,-0.373472,2.523129,2.106331,-0.251398,0.247345,0.728311
-11.911151,-2.383792,-0.002773,2.466904,1.886905,-0.529757,0.590163,0.600341
3.650142,-1.997069,2.296921,-0.553064,0.473882,1.238351,1.138227,-1.883465
5.368234,-3.517781,3.628876,-0.597467,0.228048,2.006925,-0.043429,-1.391974
4.824941,-4.036723,1.587645,0.195613,1.027675,0.273692,-1.115084,-1.205888
6.130381,-5.976057,1.589021,-0.034508,0.068701,0.799550,-1.016831,-2.777142
7.583423,-3.414722,-0.088920,-1.816685,-0.020214,1.110321,1.821866,-0.388968
6.014927,-3.696996,1.494571,-0.636345,-0.836548,2.635027,2.770064,0.625867
6.300252,-0.509509,1.049543,-1.898361,1.957275,0.905000,1.459845,-2.104815
7.123923,-1.386528,3.105045,-1.128803,0.922453,3.354510,1.403112,0.287254
2.552023,-3.978102,2.282419,0.816652,-0.143411,1.731817,-0.228332,-0.288469
2.599195,-5.919864,1.568719,0.106226,0.380300,0.733372,-1.402139,-1.885859
4.539169,-5.806108,0.584676,0.197042,-1.032899,0.856425,0.449415,-2.466377
4.196554,-5.581229,0.607904,-0.142869,-1.542822,2.615512,2.466729,-0.422469
3.574265,-5.536952,2.397985,-0.939481,-0.252934,2.792197,2.028832,-1.641360
4.224828,-1.321695,1.028649,-1.089561,0.636503,0.825811,0.836500,-2.264377
6.069071,-2.188056,3.782490,-1.328671,0.412879,1.640618,0.509299,-1.302636
4.650470,-1.982850,1.046475,-0.209293,1.451572,0.001328,-0.900723,-0.253367
5.304778,-4.087058,0.705923,0.309576,0.661085,-0.289795,-1.100938,-1.954447
6.357944,-5.135682,0.564102,0.287630,-0.927474,0.074274,0.306069,-2.733605
6.186930,-4.983508,0.695112,-1.776024,-0.383785,1.836650,2.295161,-1.116027
5.103769,-4.552033,1.894086,-0.760641,-0.116968,3.079675,2.924610,0.235229
5.563653,-3.479757,3.455676,-0.836993,-0.385259,2.684447,1.259712,-2.447299
4.533944,-1.206664,2.161382,-0.499235,0.703068,2.047874,0.905503,0.518546
3.326682,-4.826184,3.005609,0.488967,0.391691,1.334612,-1.553254,-1.088571
4.711082,-4.100930,0.771984,0.582632,0.130760,-0.179491,-1.067938,-1.660658
6.089359,-3.539390,-1.590760,-0.951140,0.042070,-0.298641,1.383773,-0.942754
6.382627,-5.728066,1.762758,-1.601039,-1.089040,3.041959,2.522116,-0.532845
4.902085,-1.901076,0.459882,-1.048975,0.771818,0.817727,1.802314,-1.576422
6.132267,-3.438852,4.159226,-1.235978,-0.189918,2.962550,0.372605,-2.776594
5.509073,-3.640011,3.842470,-0.491887,0.263854,2.472214,-0.191634,-0.548732
6.124678,-3.126479,0.847325,0.534495,0.500937,-0.607524,-0.917846,-1.443661
7.351311,-4.631309,0.579400,-0.886015,-0.286015,0.014806,0.727322,-2.397438
6.911616,-4.534905,1.083944,-1.959909,-0.609943,2.287164,2.941964,-0.089617
4.395328,-2.916653,0.974592,-1.266789,0.688321,1.633936,2.042796,-1.878849
5.312294,-1.978861,2.193441,-0.219276,-0.222761,1.710855,1.076474,-1.806662
5.364274,-3.648176,3.427994,-0.637060,-0.083441,1.903441,-0.378967,-0.903811
6.021200,-5.283581,2.282903,-0.012951,-0.029738,0.373087,-1.395347,-2.319979
7.084490,-5.407807,1.087307,-1.080395,-0.751314,1.365570,1.497208,-1.108127
5.748279,-4.001876,0.372202,-0.866184,-1.058652,2.112362,2.580618,-0.399798
4.911284,-2.915290,2.097108,-0.422898,-0.550548,2.067529,1.623394,-2.212778
5.821155,-2.859012,3.826642,-0.871568,-0.209272,2.368951,0.712081,-1.997543
4.659548,-4.562608,3.456246,0.108721,-0.074652,2.108217,-0.946200,-0.735753
4.850179,-5.587947,1.466310,1.116736,-0.539503,0.935732,-1.274586,-2.645453
5.872935,-6.251956,0.971076,-0.652024,-1.450913,2.141880,1.406691,-1.574193
4.923199,-5.412474,1.132746,-0.427213,-1.725008,2.580332,2.695390,-0.484069
3.545677,-2.679523,1.090384,-0.438274,-0.184147,1.487523,1.274493,-2.213387
4.383211,-1.807209,2.148830,0.168287,-0.335825,1.638652,0.668020,-1.582347
3.908858,-3.799098,1.806665,1.862361,-0.909391,2.278156,-0.364948,-0.850616
-1.227796,-6.058236,-1.486077,1.613444,1.841452,1.947336,-1.926394,-1.723298
-10.392074,-6.040286,-2.429733,2.718710,0.194319,-3.468944,0.655784,1.769874
-10.113163,-6.019497,-2.195271,2.647846,0.262456,-3.010720,0.622715,1.741915
-10.554974,-5.650955,-2.374190,2.543258,0.261144,-3.384137,0.615337,1.641831
-10.569607,-5.820856,-2.201399,2.639770,0.151143,-3.770054,0.914015,1.541518
-10.864272,-5.324409,-2.427043,2.750835,0.162458,-3.775315,0.859352,1.852845
-11.157580,-4.982411,-2.527634,2.625573,0.037792,-3.910836,0.701448,1.673811
-10.931906,-5.212764,-2.522812,2.635431,0.167532,-3.562353,0.722397,1.623270
4.667831,-4.709243,-0.049107,2.082235,-1.617619,0.255971,0.205865,-2.582825
6.545062,-6.019202,0.882302,-1.759246,-0.805966,1.753194,2.647064,-1.112394
5.960657,-4.712294,1.201780,-1.083284,-1.141868,2.840383,3.120539,-0.338474
5.726739,-3.765191,3.250211,-1.420897,0.079136,2.550512,1.567374,-2.938317
6.059678,-2.274296,3.914185,-1.519787,1.049444,2.634996,1.681706,-0.377666
4.818840,-4.106106,3.371491,-0.333139,0.463690,1.817771,-0.372507,-0.783573
5.143606,-4.603506,1.201600,0.101130,0.863238,-0.210662,-1.135478,-1.898697
7.621351,-4.894641,0.633067,-1.222118,0.235147,0.036764,0.555135,-2.149991
7.253660,-5.612214,1.162028,-2.744232,0.023080,1.543659,2.330913,-1.033192
5.490371,-4.973927,1.714690,-1.294200,-0.838531,3.278412,2.987568,-0.096402
5.529136,-2.935578,2.306739,-1.213353,0.118740,1.625515,2.164506,-2.210692
5.786621,-2.247573,3.915432,0.567350,-0.443040,2.354043,1.504685,-1.006981
4.703229,-2.815350,3.255969,0.977231,-0.046351,1.800347,-0.377039,-0.097554
5.148857,-4.358637,2.225584,-0.477350,1.293730,0.202042,-1.306242,-1.878253
5.681397,-5.781392,1.335850,0.561928,-0.369900,0.880957,-0.766986,-2.460753
6.747482,-5.539749,0.805327,-0.992387,-0.802771,0.918206,1.734252,-1.731644
6.232960,-5.469911,0.677572,-1.976420,-0.394376,2.057830,3.006135,-0.966478
3.894275,-4.260583,0.456505,-1.553425,0.825726,1.398271,2.748036,-2.110257
4.422628,-4.867296,3.078003,-1.299127,-0.215849,3.023414,1.583304,-2.908679
3.793937,-3.948002,3.673780,0.420768,-0.512741,2.946783,0.922856,-2.607640
4.104014,-4.318364,3.847537,-1.116325,1.185266,1.559844,-0.407026,-1.251878
5.044304,-4.951752,2.870130,-1.262795,1.227146,0.233490,-1.034531,-1.542448
3.962759,-5.303493,1.637349,0.205068,0.324494,0.194420,-0.131294,-1.544916
4.583244,-5.540854,0.186425,0.232166,-0.555356,-0.065300,1.132300,-2.579706
5.118826,-6.626134,0.783836,-1.796693,-0.930469,2.195071,2.862590,-0.515881
3.437924,-3.028298,-1.232822,-0.126659,-0.322857,0.740655,3.112914,-0.864812
2.901008,-3.936052,1.389455,-1.330239,0.512931,1.588467,2.493632,-1.865152
4.785399,-3.440586,3.563490,-0.864535,-0.447901,2.341863,1.319408,-2.644121
3.929749,-2.129091,2.810550,-0.706406,1.174002,1.521771,0.667448,-0.312728
4.332518,-4.967721,3.383460,0.361273,0.183174,1.684894,-0.319366,-1.055470
4.637314,-5.857821,1.878512,-0.437841,1.042778,0.208965,-1.006221,-2.212602
6.281081,-6.222334,1.202438,-0.969295,0.531600,-0.231645,-0.080863,-2.813638
6.875622,-6.714502,1.281440,-2.107967,-0.852101,1.877612,2.300282,-0.839610
5.892360,-5.460040,1.771944,-1.139866,-0.958984,2.109481,2.724065,-1.365132
3.925501,-3.782656,1.108596,-3.052667,2.025490,1.301503,2.343566,-1.562063
4.809916,-3.002823,2.468358,-0.815626,-0.127409,2.093408,1.948768,-2.786564
4.563361,-3.773492,4.442110,-1.426702,0.901836,2.695447,1.493514,-0.622020
5.534693,-4.140008,3.629067,-1.591199,1.663970,0.639243,-0.575048,-1.445870
5.429896,-5.497725,2.404536,-0.575471,1.031326,-0.153913,-1.044296,-1.765430
5.242287,-6.629385,1.790904,-0.158248,-0.185577,0.663618,-0.449727,-2.220978
6.017008,-6.510408,0.684615,-0.979143,-0.052532,0.876632,1.470441,-1.685247
6.180778,-4.713866,0.967106,-0.410606,-1.283070,2.291444,2.984500,-0.940801
6.167835,-2.887869,2.427304,1.439335,-1.687708,2.169563,1.424312,-2.633662
3.765967,-2.155178,3.850205,-1.631788,2.849369,0.805892,-0.119701,-2.084522
4.011950,-3.484323,4.567734,-1.269703,2.289018,1.592273,-1.562191,-3.576003
2.289898,-4.559356,3.849947,-0.588917,1.562678,1.475509,-1.785321,-2.994540
-9.038608,-5.628315,1.060798,1.670539,1.948469,0.294840,1.205061,-0.021354
-10.952339,-4.354073,0.087887,2.270607,1.320436,-1.791200,2.139341,0.729646
-11.014879,-4.232221,-0.044606,2.484959,1.225639,-1.895540,2.344523,1.069266
-11.261292,-3.795416,-0.358164,2.550962,1.317578,-1.862049,2.337536,1.071884
-11.004475,-4.115506,-0.046509,2.361925,1.440312,-1.566972,2.183251,0.613777
-11.632579,-3.552765,-0.520886,2.461223,1.350752,-2.083556,2.203074,0.690534
-11.945864,-3.243353,-0.657141,2.358863,1.020520,-2.657897,2.313389,0.783480
-11.365153,-3.768624,-0.366570,2.232797,1.291292,-1.983389,2.327352,0.451859
-10.858788,-4.293303,0.022977,2.124904,1.422421,-1.453635,2.350645,0.538463
8.527345,-2.599295,3.576509,4.918017,-4.720941,3.441182,0.406878,-2.478310
8.231235,-2.565700,-1.083273,3.142372,-3.416216,1.824434,1.508516,-1.695660
9.419897,-2.102800,1.523889,4.183216,-4.950753,1.877885,0.324235,-0.497623
7.281838,-0.178084,2.276312,2.199872,-0.967581,0.384285,-0.373805,-0.097841
8.567227,-2.763349,1.891365,4.803679,-5.188360,2.519141,0.831640,-2.904559
8.613755,-1.921755,-3.290182,-1.131108,0.938608,-0.563556,0.567521,-1.695557
10.540662,0.833119,1.309481,4.035026,-3.711404,0.448914,0.275583,-0.091574
9.630585,-0.672153,2.543736,2.732338,-2.245644,0.359679,0.043326,-1.259839
10.013771,-2.016020,-0.387547,2.745830,-3.649582,0.783279,1.458846,-2.474805
12.550774,-0.234505,1.131463,3.174467,-4.158921,0.495381,0.821961,0.671237
11.169315,0.461805,4.509832,0.893118,-1.262436,1.266067,-0.227990,2.859756
10.076571,-1.809496,3.688771,2.210882,-4.301522,3.022305,0.831093,0.255775
8.989663,-2.399402,0.923469,-1.536913,-1.447057,2.617491,3.147350,3.367885
9.916891,-1.216810,3.057410,3.029669,-4.026327,1.879330,0.477971,0.143171
8.170722,-0.862420,5.123318,-0.385503,-0.742142,3.164992,0.738668,3.663977
8.060482,-0.876016,1.115007,2.146644,-4.033850,2.464156,1.445167,0.213971
8.164948,-3.312475,0.987833,0.337545,-2.841411,2.615359,1.892202,1.970303
9.018583,-1.417814,3.703959,3.304365,-3.840024,2.032070,-0.159835,0.763986
7.952251,-1.258967,3.353959,2.562616,-3.196409,2.737079,-0.180211,0.883087
9.205733,0.841128,-1.295767,2.446917,-2.413012,1.879745,2.101022,1.014459
10.827180,0.978054,0.596535,4.479774,-3.463164,0.580132,0.346768,-0.683750
7.952178,-1.335489,5.193378,0.491200,-0.957287,2.056358,-0.170589,2.507033
9.888050,-0.094821,0.816810,2.557980,-4.577292,1.330868,0.750341,-0.224690
10.667258,-2.351505,0.789753,-1.575191,-1.761238,1.133008,1.798782,1.432103
10.184254,0.101508,2.344571,3.615160,-3.764081,0.923021,0.139602,1.032528
9.207911,0.102265,3.063528,2.965775,-3.240358,1.976490,0.025350,0.046163
8.946058,-1.410732,0.083069,2.422623,-3.795994,3.023720,2.430318,2.545599
10.196447,-1.985896,1.779120,3.994155,-4.828253,2.057827,0.349656,1.227572
9.330616,-0.333377,2.728402,0.367852,-0.215035,-0.043094,-0.935628,-1.813887
8.944051,-1.468156,0.133585,4.683840,-5.010453,2.099342,0.879914,-2.493878
9.682647,-1.507975,-1.752633,1.955580,-2.265545,-0.182850,0.558020,-0.223192
11.531372,-1.264034,3.926713,2.078464,-3.341421,1.221556,-0.292937,0.045580
11.593363,-0.071648,1.449929,4.303273,-4.170903,0.417951,0.575845,-1.520196
10.978869,-0.351345,-2.921871,0.510147,-0.966221,-1.274684,1.422702,-0.373042
12.768196,0.250870,2.035799,2.608028,-3.811272,0.023828,-0.068030,0.606125
11.742833,1.248402,2.665028,0.024621,0.883691,-1.392626,-1.077720,-1.327133
12.859933,-0.042043,-0.665966,2.985982,-3.807694,0.099172,0.807637,-2.083214
13.892239,-0.337013,0.899240,2.428318,-3.911576,0.429760,0.452027,0.456878
10.388320,1.836910,1.732311,2.357064,-1.380493,0.201415,-0.446645,1.190082
12.091837,-0.156886,1.746661,3.764764,-3.560409,2.013217,1.113156,-0.350177
12.958990,-0.741283,-1.285816,-0.286481,-0.227907,-0.077925,0.694147,0.615287
11.105958,0.862689,1.639735,3.319772,-3.048503,1.110993,-0.501392,1.449677
11.505625,-0.515121,2.962785,3.762859,-3.489586,1.468759,0.312408,-1.625082
11.135184,-1.113709,-0.699691,1.958337,-2.409074,0.787355,1.808387,-1.061485
5.973964,-4.565700,-1.573443,-0.189339,-0.401620,0.691961,0.083653,-0.678713
5.630828,-5.044698,2.244222,-2.254966,-0.537144,2.135427,1.411206,-0.104481
5.910358,-5.222540,1.216898,-1.328197,-0.759474,1.256286,0.111546,-0.919587
5.772772,-4.696393,2.895772,-1.664692,0.012555,2.447647,-0.070268,-0.258268
4.741344,-3.740079,2.045484,-0.895693,-0.084275,1.539594,0.756733,-1.053372
5.352805,-5.337201,1.307045,-2.936528,-0.351132,1.749766,1.570929,0.082824
5.807307,-5.229237,1.427497,-0.143752,-0.942520,0.956520,-0.307816,-1.673703
5.650655,-5.006769,3.707185,-2.312971,-0.022058,2.478995,0.327106,-0.540998
4.913008,-5.422926,2.674515,-1.143356,-1.014851,2.485262,0.839896,-0.951627
4.481341,-6.332466,1.262048,-2.595176,-0.336061,2.329787,0.998231,-0.542054
4.210691,-6.257893,2.517090,0.711111,-1.865753,2.005478,-0.387041,-1.281891
4.359111,-5.472740,4.028892,-1.432558,-0.718970,3.220023,0.388078,-0.533201
2.743734,-4.633825,1.322221,-0.082360,-1.027884,2.172996,1.443940,-0.904971
3.819578,-5.688339,0.857275,-1.872366,-0.291497,2.444799,1.475842,-0.524340
3.955532,-4.907340,2.086489,0.668962,-1.132836,2.167975,0.369235,-0.691981
5.239831,-4.585664,3.585451,-2.188453,0.213723,3.013212,0.601746,-0.590979
4.756793,-5.217570,2.443658,-1.615281,-0.683469,2.816099,1.601104,-0.507908
3.656901,-5.541252,0.386247,-2.039905,0.090771,1.683642,1.543249,-0.057745
3.804091,-5.794059,2.222233,1.013977,-1.572195,2.206758,-0.562264,-1.532890
3.607548,-4.278683,3.187828,-1.428542,-0.300880,2.637395,0.792997,0.302645
4.868849,-3.563842,1.309061,-1.043422,-0.667434,1.086508,1.523923,-0.736474
5.850435,-4.752265,0.978140,-2.923736,-0.128775,1.617715,1.499412,0.689100
5.113424,-4.163505,2.297830,-0.886911,-0.357123,1.555031,0.531358,-0.599403
4.541364,-3.582232,1.757850,-1.440881,-0.096489,1.351045,0.597567,-0.757019
1.668314,-5.712773,-0.124998,-1.560345,1.191244,1.708964,1.015741,-2.313992
-10.867607,-5.944042,-3.247948,1.283456,0.324111,-2.352831,3.147695,0.759126
-10.983338,-5.810566,-3.459826,1.323035,0.444931,-2.420276,3.184266,0.752877
-10.696519,-6.210765,-3.260512,1.288867,0.503301,-2.244181,3.225966,0.376765
-10.752306,-5.911955,-3.390901,1.441155,0.470912,-2.123613,3.192068,0.709923
-11.160586,-5.439099,-3.466876,1.342844,0.013525,-2.947205,3.450713,0.938343
-11.343750,-5.204634,-3.555828,1.345101,-0.051872,-3.104067,3.548910,0.966352
-11.706188,-4.606641,-3.757366,1.277427,-0.105185,-3.382273,3.358636,0.723588
-6.928705,-7.997777,-1.671937,0.260051,1.693361,1.561292,1.639017,-0.424744
-7.587102,-7.679716,-2.308963,0.351930,1.789639,1.057714,1.511947,-0.290710
-10.449481,-6.251782,-2.925133,1.337272,0.262268,-2.082333,2.832626,0.561275
-11.411941,-5.112989,-3.837063,1.410018,0.211536,-2.203085,2.413316,0.448453
-10.827978,-5.713991,-3.446957,1.249829,0.428613,-1.906858,2.885822,0.390040
-10.515672,-6.101217,-3.082231,1.178041,0.364934,-1.949264,2.945616,0.372461
-11.173867,-5.513823,-3.410770,1.267981,0.000420,-2.819582,2.986171,0.775797
13.524529,-0.397069,2.743285,1.943226,-4.478611,2.188074,0.889226,0.427406
15.272723,2.734155,1.185649,-0.104485,-1.390833,-0.747487,1.376394,1.491066
13.751269,1.627576,2.422748,-0.440018,0.439877,-0.826647,-0.563439,-1.161416
13.037647,-0.069911,-0.129317,2.427287,-3.123183,0.009563,0.984217,-1.887709
13.551909,1.984796,-0.206173,2.661235,-3.081274,-1.247817,0.108107,-0.126000
13.609354,2.155564,2.123344,-0.835664,1.170087,-2.093905,-1.204291,-1.312953
13.207380,0.591728,-0.231933,1.841486,-2.330183,-0.807538,0.956388,-1.543717
13.960422,-1.125690,2.225707,2.325245,-3.647443,1.273283,-0.077255,0.387536
12.770726,3.403286,0.839162,0.455061,1.217146,-1.652361,-1.189570,0.315847
14.177974,0.453164,2.268312,2.650806,-3.053187,0.506398,0.919756,-1.846881
14.221900,-0.257246,-0.963087,-2.117194,0.891230,-1.773390,0.557739,-0.771282
13.609234,-0.633008,3.842077,1.953343,-3.122792,1.276599,-0.713752,0.691756
11.789926,-0.600005,3.433825,2.712541,-2.253262,0.548340,0.058727,-1.266994
11.353819,-2.297985,0.275480,1.628215,-3.015359,0.438373,1.181912,-2.496496
10.786830,-1.505923,0.796399,3.418555,-3.777059,0.452877,0.218651,-0.275495
11.603069,0.105069,4.000979,1.392356,-1.286812,0.206923,-0.716904,0.621200
12.503280,-0.262453,2.383619,3.018510,-3.617632,0.553646,0.386384,-1.788969
13.006446,-1.285579,-1.178489,-1.929832,0.189841,-0.157236,1.043368,-0.219852
13.741836,0.730200,2.164290,3.061023,-3.424772,1.157582,0.127549,0.921658
11.037068,0.652804,2.944248,1.481292,0.496159,0.215476,-0.189349,-0.843465
12.667369,-0.327163,0.181718,3.434154,-3.621054,0.688053,0.835962,-2.686750
8.836100,-1.299514,1.380821,-3.837117,2.550110,0.005109,-0.009728,-0.813303
7.507571,-4.247926,2.056550,-3.721548,0.421703,0.854387,1.181745,-0.413957
9.045156,-3.939671,1.289450,-2.372405,0.277153,0.451163,-0.073212,-1.099652
9.215470,-1.278752,1.771727,-2.749785,1.220393,1.263654,0.290382,1.395540
8.918165,-1.878251,2.486252,-2.597922,0.583116,1.035329,0.615852,0.122147
9.086074,-1.074952,-0.212130,-4.058946,1.958032,-0.164541,1.629827,1.938229
9.359186,-1.942811,1.767727,-1.797668,0.631748,0.181697,-0.391659,-0.721555
7.688943,-0.184025,0.516298,-2.741872,2.214303,-0.198135,0.474548,-0.266092
7.723476,-4.548891,2.781182,-3.098833,-0.210910,2.196826,1.592285,0.057880
7.394430,-3.471931,0.008252,-2.483365,0.848372,0.136958,0.618588,-0.724827
7.168589,-3.031777,2.322058,-2.328024,0.772145,1.636165,0.149732,-0.304508
6.355826,-3.095766,1.852244,-1.318387,-0.142154,1.559956,0.745715,-0.657852
6.044558,-4.832162,0.997952,-3.396188,0.532181,1.703799,1.609101,-0.298491
6.810599,-4.663420,1.884470,-0.301175,-1.233652,1.073645,-0.149993,-1.071417
7.100508,-3.864368,3.565476,-2.859890,0.127434,1.928458,0.467238,0.394121
6.927112,-4.404425,3.037834,-2.516025,-0.322585,1.526388,1.122912,-0.791216
10.832634,-3.994336,2.762384,-4.346449,0.600632,1.292279,0.755232,-0.444402
11.365590,-2.127239,3.180214,-3.877951,0.827720,0.522997,0.538828,0.315380
8.789804,-2.872180,3.050991,-2.748525,0.335787,1.487877,1.051934,-0.324315
7.745430,-4.547043,1.961147,-3.614804,0.393904,2.666891,2.035369,1.079892
8.024864,-3.447849,1.623710,-1.190649,-0.639029,0.411053,0.009215,-1.013518
8.404405,-3.120575,3.282141,-3.269260,1.218605,1.868497,0.498798,-0.148541
6.070404,-2.910254,0.628460,-1.575112,0.530928,1.063216,1.083528,-1.615026
2.184377,-7.532795,0.556009,-1.512062,0.607632,3.375365,0.845490,-1.612615
-10.566392,-6.509165,-3.998849,1.088257,0.180777,-2.589952,3.233212,0.816845
-10.192951,-6.958498,-3.885434,1.016269,0.436950,-2.302542,3.258402,0.642832
-10.242287,-6.793653,-4.030377,1.050004,0.526381,-2.211487,3.220861,0.527514
-10.929443,-6.123950,-4.524089,1.304800,0.474182,-2.526932,3.043067,0.655802
-10.545714,-6.367796,-4.484627,1.255950,0.458136,-2.588151,3.173727,0.764313
-10.080549,-6.865888,-3.915810,1.151434,0.330805,-2.365377,3.371412,0.904673
-10.804426,-6.152668,-4.413598,1.236813,0.242051,-2.871532,3.284747,1.213548
-11.527744,-5.424821,-4.793696,1.300219,-0.131571,-3.449239,3.136157,1.198048
-11.259011,-5.788223,-4.621996,1.203990,0.121779,-3.183923,3.111096,0.774776
-11.159879,-5.866625,-4.539007,1.314911,0.007737,-3.113710,3.322503,1.173172
-11.450995,-5.354585,-4.830168,1.297224,-0.161674,-3.340480,3.199439,1.123027
-11.574093,-4.991791,-4.908493,1.321163,-0.289469,-3.432850,3.185912,1.173169
-11.574592,-5.326308,-4.706689,1.133455,-0.282011,-3.612316,3.144022,0.937536
-11.502555,-5.721756,-4.432854,1.049258,-0.018083,-3.329494,2.961192,0.571822
-11.442308,-5.540929,-4.519520,1.146378,0.040219,-3.255160,3.047125,0.779548
-11.702700,-5.213839,-4.654735,1.127326,-0.279816,-3.762705,3.156701,0.932548
-11.513874,-5.560765,-4.568241,1.111129,-0.208904,-3.422647,3.112526,0.980789
-11.012635,-6.111355,-4.163044,1.137185,-0.030931,-3.031614,3.221540,0.951770
-11.064454,-5.907045,-4.187631,0.995897,-0.036439,-3.060919,3.066441,0.729342
-6.033330,-5.069317,-3.022205,5.735710,-2.585002,1.609784,1.914845,-0.028118
-5.052982,-3.938025,-0.348310,6.968271,-3.848449,1.051992,2.106546,0.103277
-12.344439,-2.778259,-0.070061,3.198308,0.934187,-2.831816,0.101340,1.837875
-12.258260,-2.816094,0.095956,3.031827,0.790779,-2.918721,0.054340,1.626521
-12.599698,-2.293569,0.002755,2.977608,0.571821,-3.201803,-0.120528,1.751360
-12.668949,-2.294594,0.100023,2.857825,0.342048,-3.698399,-0.042741,1.871880
-13.052900,-1.691801,-0.156401,2.780380,-0.095153,-4.556409,0.017578,1.715318
-12.662998,-2.293459,-0.117246,2.985911,0.368641,-3.713407,0.033622,1.608549
-12.558518,-2.528377,-0.130984,3.050949,0.541195,-3.426706,0.111452,1.678789
-12.546068,-2.545518,0.001414,2.745424,0.463781,-3.572224,0.009604,1.473854
-12.905176,0.887815,-5.191209,5.077227,6.126526,4.721750,-4.198517,0.839119
-9.934393,-0.744657,-3.050016,4.117226,3.878545,-0.690571,-1.410171,0.997909
-10.165925,-1.069555,-2.856348,4.211258,4.396140,0.561209,-2.005958,1.384219
-12.407548,-2.564666,-0.134544,3.174451,0.625556,-3.500075,0.410719,2.008671
-12.319132,-2.802968,0.048766,3.044528,0.583943,-3.294095,0.109993,1.625568
-6.723753,6.660228,-3.271015,0.294639,7.645489,11.597356,-4.926346,-1.176469
-15.185267,3.834630,1.377253,-0.275609,0.221179,1.159806,-0.627813,-0.361221
-15.263827,3.847769,1.299479,-0.155132,0.230562,1.102007,-0.780600,-0.581756
-16.093691,5.772040,1.385428,-1.213658,-2.005830,-2.632126,-0.337350,-0.805106
-15.905553,5.930177,1.310104,-1.429414,-1.996165,-2.215365,-0.431611,-0.718555
-16.177154,5.537185,-0.098641,0.390172,1.051655,1.617617,-0.939303,-0.467737
-15.428663,4.082780,0.864638,0.457481,0.878566,0.876316,0.185377,-0.076531
-15.314664,3.844812,1.568002,-0.141076,-0.377366,-1.438956,0.984327,0.115373
-15.814239,4.814240,1.084291,-0.481489,-0.692003,-1.530922,0.317143,-0.090795
-15.890138,4.923143,1.289549,-0.774425,-1.122054,-1.929375,0.331520,-0.215020
-15.855750,4.634135,1.358781,-0.616175,-0.924071,-1.636991,0.459597,-0.345079
-13.690915,2.426915,2.043328,-0.029711,1.621075,2.335835,0.088397,-0.217778
-13.846762,2.513739,1.901222,0.137681,1.454481,1.900961,0.308998,0.086132
-15.305841,3.759728,1.234898,-0.085515,-0.028279,-0.298360,0.463950,0.005649
-15.925876,5.722057,1.304003,-1.196913,-1.691443,-1.769174,-0.255987,-0.631170
-16.143578,6.681982,1.457017,-1.954906,-2.759286,-3.006947,-0.502332,-1.307049
-15.684454,4.710395,1.462988,-0.775347,-1.380173,-1.851785,0.258237,-0.426613
-15.675239,4.823394,1.305205,-0.603603,-1.137352,-1.673680,0.246923,-0.306754
-16.017006,6.050760,1.333385,-1.483174,-2.210116,-2.564922,-0.478223,-1.028631
-15.929964,5.830954,1.358424,-1.423780,-2.073660,-2.475235,-0.461132,-1.150698
-16.165757,6.436644,1.315508,-1.833480,-2.479935,-2.816567,-0.823681,-1.497314
-16.191392,6.858434,1.493763,-2.169711,-3.016063,-3.174978,-0.856692,-1.441185
-15.890163,5.549285,1.231805,-1.099425,-1.356973,-1.815110,-0.381909,-0.718437
-15.868163,5.566066,1.201068,-1.061406,-1.362615,-1.768174,-0.415599,-0.767932
-16.022124,5.797526,1.437734,-1.276367,-2.207042,-2.657784,-0.210479,-0.933145
-15.937529,5.436768,1.307156,-0.993598,-1.654350,-2.249387,-0.213311,-0.851074
-16.076630,5.735946,1.280334,-1.308083,-1.731010,-2.351580,-0.355957,-0.971484
-16.204101,6.163720,1.303311,-1.497008,-2.077017,-2.731369,-0.506917,-1.206810
-15.809688,5.907698,1.117713,-1.107299,-1.365728,-1.591872,-0.608650,-0.656369
-16.725006,6.284579,-0.929182,0.958628,2.199708,3.711018,-1.841790,-0.210711
-16.757809,6.294530,-0.935776,0.841267,2.262727,3.890899,-2.034355,-0.541786
-16.012147,6.095943,1.525004,-1.751274,-2.414160,-2.712794,-0.499267,-1.189043
-16.281103,5.851246,1.310395,-1.187565,-2.016029,-2.771564,-0.099496,-0.756952
-16.153820,5.307454,1.351313,-1.002015,-1.571363,-2.506964,-0.050779,-0.837979
-15.879528,5.296914,1.407864,-1.095029,-1.553483,-2.212245,-0.087264,-0.830261
-16.056710,5.682137,1.038363,-0.828198,-1.287631,-1.866011,-0.172217,-0.493192
-16.159433,5.902251,1.049663,-0.988910,-1.519743,-2.052730,-0.331058,-0.768555
-16.262844,6.130835,1.460505,-1.507519,-2.445970,-2.983830,-0.253691,-0.999686
-15.963973,5.507777,1.428420,-1.119499,-1.844083,-2.311898,-0.154901,-0.889932
-16.012692,5.603266,1.300537,-1.148268,-1.785060,-2.295016,-0.198958,-0.915393
-16.247100,6.209469,1.304915,-1.568195,-2.274323,-2.886297,-0.478241,-1.263861
-16.138072,5.444992,1.348214,-1.049838,-1.811109,-2.698742,-0.005503,-0.810090
-16.097668,5.246339,1.065728,-0.736379,-0.851550,-1.620957,-0.101951,-0.574957
-16.352891,5.793428,0.664342,-0.586433,-0.264691,-0.679704,-0.711586,-0.536277
-16.160577,6.087374,1.329936,-1.434294,-2.238557,-2.915408,-0.377593,-1.157488
-3.086570,-4.903561,2.291280,0.229310,2.349122,2.206043,-1.557272,-1.468393
-10.909360,-3.769129,1.112110,2.944658,1.465779,-1.220936,0.407779,1.150519
-10.984437,-3.796826,0.978272,3.023742,1.563502,-1.476685,0.586402,1.294216
-12.261061,-2.426671,0.378224,3.158106,1.023209,-2.813665,0.863775,1.850912
-12.187988,-2.582720,0.578281,2.934851,0.861605,-3.112025,0.949646,1.783596
-11.816543,-2.933440,0.674752,3.039293,1.169935,-2.288334,0.651679,1.571342
-12.453614,-1.798052,0.046479,3.202369,1.100345,-2.390202,0.332585,1.789627
-13.134265,-1.165002,-0.053308,2.980846,0.508811,-3.722481,0.472554,1.837517
3.675454,4.812097,2.348924,-1.350338,2.275036,4.661871,2.667372,1.871288
-14.538370,2.535263,1.654342,0.567646,0.094667,-1.554886,1.269643,0.114720
-15.094829,3.230953,0.877705,0.880609,0.363508,-1.714098,1.099371,0.169783
-14.036217,2.218219,1.027298,1.198596,1.512648,0.289682,1.158624,0.065022
-13.510454,1.894858,1.336183,0.926714,0.711336,0.908416,1.802666,0.309052
-14.343375,3.323411,-0.088840,1.264850,1.704302,1.958437,0.820400,0.284509
-14.496501,3.331143,-0.061287,1.511657,2.364306,1.450650,0.068157,0.002123
-14.653459,3.256248,0.527684,0.907563,0.464202,0.634742,1.594701,0.112013
-13.021000,1.830828,1.303583,1.403417,-0.217543,1.231277,1.768588,0.745118
-13.637215,2.141365,0.966744,1.696763,-0.081604,0.852845,1.367672,0.941691
-15.139085,3.001949,0.927057,1.033658,0.422834,-1.495509,1.344572,0.047932
-14.126166,2.002002,1.526019,1.180635,0.920134,-0.734146,1.838729,0.392251
-13.502742,1.472485,1.652309,1.136050,1.269559,0.295557,1.503140,0.119856
-13.191328,1.865411,1.269390,1.004939,1.465884,1.001250,0.665079,-0.531909
-14.280373,2.943183,0.720278,1.320036,1.478511,0.804599,0.272146,-0.048613
-13.998515,3.062328,-0.020247,1.861175,3.178396,4.034342,-0.807396,-0.280238
-13.269627,2.454798,0.519222,1.304493,2.107713,1.535922,0.035136,-0.292789
-10.762657,1.146412,1.612400,0.879254,2.080113,3.544050,-0.580335,-0.706704
-11.425253,0.999810,1.913897,0.743752,2.527856,3.901966,-1.426080,-1.004417
-13.376595,1.839586,1.765636,1.058783,1.711450,1.284274,-0.733514,0.025821
-13.276031,2.624866,0.716768,1.428719,3.979148,4.897602,-1.869773,-0.101848
-13.348543,2.604757,0.566257,1.409324,3.524803,3.854201,-1.341025,-0.135707
-14.720457,3.384096,0.459567,1.293835,2.381933,1.805975,-0.625158,0.135915
-14.557398,2.941426,1.165995,1.250378,1.234639,0.171511,0.105053,-0.332537
-14.489794,2.852898,1.170640,1.306139,1.201062,-0.081721,0.452797,-0.091561
-14.419363,3.038940,0.995648,1.211609,1.332770,0.508376,0.460969,0.166634
-14.565041,3.013422,1.286935,1.025425,0.984101,-0.014865,0.676098,0.119478
-15.331550,2.982978,1.424967,0.557454,-0.178714,-2.371371,0.801503,0.216783
-14.405251,2.112880,1.763907,0.604608,0.311765,-1.224702,0.967226,0.313637
-13.514467,1.477343,2.098734,0.836902,0.931562,-0.217171,1.160250,0.096730
-13.987576,1.916687,1.569398,0.907284,1.057248,-0.336199,1.149376,0.360457
-14.575361,2.973227,0.756917,1.128217,1.388431,0.240041,0.326004,0.088536
-14.172025,3.159496,0.520706,1.512596,2.092739,1.559455,-0.094312,-0.361923
-12.993889,1.763205,1.689508,1.078610,1.633561,0.887485,0.793055,-0.354099
-13.059955,1.787755,1.584682,1.017236,1.735127,1.275062,0.761028,-0.266508
-13.700260,2.375867,0.910508,1.188685,1.697057,0.633770,0.750995,0.055274
-13.836358,2.547432,0.823864,1.065861,1.587945,0.546681,0.563720,-0.091336
-13.920064,3.229470,-0.104731,1.485506,3.603069,3.942023,-0.810262,-0.303948
-13.561957,2.710188,0.206186,1.447925,3.356661,3.795396,-0.581468,-0.526477
-14.659278,2.973524,0.938557,0.990273,0.998233,-0.093402,0.976932,-0.231489
-15.090061,4.140973,-0.450677,1.663307,2.836435,3.134782,-0.699027,0.271290
-13.974345,2.497712,0.853908,1.201350,1.988584,1.502571,0.664474,-0.042921
-12.376490,1.744352,0.832521,1.141217,1.942855,2.367629,0.264205,-0.915884
-12.919308,2.151115,0.823346,1.174424,2.033652,1.880535,-0.118062,-0.994416
-14.019513,2.196305,1.456382,1.013500,2.014541,1.394590,-0.111159,-0.294576
6.274224,3.646721,-1.850991,-0.144322,4.126355,2.819920,4.279095,4.956622
-3.358713,-6.144981,1.671018,1.110498,4.202791,5.599588,-3.354404,-0.914617
-3.845848,-6.167535,1.204116,1.285864,4.109751,5.834602,-3.016846,-0.258344
-11.182352,-4.204482,0.271736,3.327868,1.169459,-2.133292,0.506132,1.587031
-11.801267,-3.663945,-0.076827,3.221743,0.923899,-3.288697,0.419518,1.343616
-12.453586,-2.841338,-0.466865,3.151814,0.442040,-3.873157,0.370894,1.620561
-11.220412,-3.725060,-0.226622,3.366006,1.878490,-0.833447,-0.385400,1.440454
-11.278647,-3.788792,-0.236627,3.277328,1.940556,-0.685084,-0.544580,1.273293
-11.967833,-3.727349,0.054883,2.920307,0.672558,-3.527955,0.664963,1.546088
-3.618212,-3.232997,-0.141356,2.275707,5.711828,5.109488,-3.217946,-2.353113
0.807301,-3.849118,1.179759,0.736913,2.347928,1.710262,-0.852497,-2.092384
1.026785,-1.664910,-1.294131,0.477380,2.475642,-0.326867,-0.423506,-1.975191
18.296871,8.583066,-5.945651,-2.302144,2.972526,-0.731744,4.994587,6.164158
22.862891,12.708501,-5.383953,-2.997765,3.699081,-0.148808,8.436478,9.111426
15.431390,6.948232,-3.561468,-2.110215,4.221989,-0.970139,5.391767,1.962424
13.628040,0.507605,1.262178,-4.770141,0.952274,0.374105,2.577782,3.392276
12.691718,-1.916576,0.424323,-4.675177,0.848237,-0.183814,1.286577,2.241317
10.840625,-0.931516,-2.618310,-2.451208,3.068729,-3.211996,-1.758964,-0.561279
12.742708,0.863427,-0.112233,-1.429244,0.451259,-0.389297,-0.692581,0.965381
9.497182,1.859208,0.494774,-2.413839,2.574868,-1.262718,0.898474,1.126472
10.837486,0.610857,0.155167,-3.899813,2.932814,-0.585451,0.913430,0.782382
12.812517,-0.143248,-0.421535,-4.237527,1.129660,-0.480501,0.963849,1.550350
9.853268,-2.905675,-0.295709,-4.035360,2.593958,-3.414633,-0.630310,-0.982599
13.659381,1.402306,-0.051318,-2.337342,0.761014,-1.991646,-0.036887,2.117392
12.572679,1.954124,0.778893,-2.206442,0.625618,0.191955,1.737365,5.334530
10.381632,0.739844,0.685257,-3.579307,2.506358,-1.117373,0.771487,-0.342240
11.938887,-0.135323,0.230295,-1.019450,-0.738386,1.192257,0.953830,1.721521
8.705324,-2.216891,-1.914963,-0.796508,1.435503,-1.967110,-1.937096,-0.678121
11.685843,-1.953159,-1.576925,-1.535169,1.113653,-1.328232,-1.094358,-1.887431
11.499153,-0.099536,-1.082807,-1.415776,0.840218,0.284841,0.639115,0.169015
5.782877,-2.106822,1.301573,-2.449075,3.022688,-0.219089,1.338056,0.108268
9.488978,-1.492132,0.536596,0.083251,-1.494988,1.213514,0.910952,-0.830216
9.373436,-3.561877,0.248641,-0.069708,-1.522210,0.841192,0.088227,-0.245778
7.783974,-3.541866,-1.044285,0.437174,0.130000,-1.347323,-1.859797,-0.527119
8.941421,-2.207038,1.592718,-0.158254,-1.019563,1.311123,-0.661134,1.198738
6.772149,-1.072029,1.525577,-1.271992,1.502757,0.796571,0.148739,0.900554
9.370977,-0.443318,0.199295,-2.235017,1.318462,1.426405,0.687153,1.343579
12.201350,-0.300244,-1.404998,-2.648182,0.624415,0.639113,0.515153,2.684374
8.150188,-2.975851,-1.822613,-2.378298,2.472769,-3.468171,-1.709980,-0.442485
12.343533,0.564355,-0.071879,-1.669144,0.859957,-1.747758,-1.429368,1.582968
11.973096,0.731864,1.945830,-2.891869,0.758947,0.092763,-0.171267,2.155327
6.027345,-1.864949,1.621419,-3.018024,2.523378,-0.070711,0.572856,0.087614
9.969540,-1.554424,0.557011,-1.889812,-0.025634,1.150315,1.329904,3.639378
10.369612,-3.528582,0.329970,-1.967100,-0.345237,0.803380,0.568373,3.071779
5.548979,-3.893395,-1.678467,-1.537075,1.995819,-2.356186,-2.125543,-1.122291
9.398522,-3.660604,-0.177826,-0.971155,0.004213,-0.512054,-0.360669,-1.493141
9.488866,-1.465030,-0.213033,-0.697932,-0.409696,0.288566,0.903171,-0.355425
5.091882,-0.645062,-0.219875,-2.552631,3.947217,-0.946450,0.482793,-0.324686
10.468167,-2.711387,0.966569,-1.851487,-1.302211,1.591462,0.722088,0.421281
9.755492,-2.495248,-2.091340,-2.018604,0.895054,-1.527994,-0.310202,0.215137
10.745887,-2.848824,-0.583345,-1.829995,0.756618,-1.826574,-0.191017,-1.830694
11.371852,-1.413407,0.398157,-0.880878,-0.628092,-0.075618,0.560297,-1.719715
5.869680,-1.485466,0.505405,-1.936017,2.432818,-0.436000,0.167417,-0.266736
8.267001,-1.496877,0.654991,-1.173523,0.126133,0.676075,1.042335,1.062436
10.943685,-0.575158,-1.936199,-2.531640,0.238514,-1.565219,0.134516,1.036410
6.858772,-4.907676,-1.871781,-2.350390,2.409342,-1.678102,-2.133811,-1.115467
0.897613,-4.665414,-5.536919,0.644119,3.722311,1.429899,-4.254935,-2.064937
-8.885738,-8.291257,-2.900982,1.854591,0.091061,-2.407035,-0.518462,1.643217
-10.333666,-7.338155,-3.422747,2.235761,-0.332865,-4.072438,-0.087044,2.241223
-10.159635,-7.405123,-3.358539,2.138736,-0.407512,-3.822357,-0.116544,2.350761
-10.451623,-7.076832,-3.462624,2.099997,-0.573749,-4.211726,-0.030958,2.413746
-9.176028,-8.246558,-2.815004,2.080124,-0.154159,-2.747427,-0.352198,2.053793
-8.407933,-7.980694,-3.615742,3.916598,-1.924646,0.075611,0.250833,6.906891
-9.985682,-6.548670,-4.478909,4.033341,-2.567822,-1.307766,0.308960,7.590818
14.776578,1.500160,0.958842,-3.340393,1.561556,-0.960128,-0.107975,1.503199
7.534920,0.482419,-0.160852,-2.502182,3.556148,-1.083083,1.122322,0.049055
10.006837,-0.448411,0.791892,-2.603721,0.847031,-0.179281,1.232531,1.183798
12.379183,-1.617418,0.760283,-3.206578,-0.196259,0.089497,0.938938,2.682608
9.408121,-2.827862,-1.016979,-3.372190,2.854859,-3.359231,-1.721769,-0.813062
12.149823,-2.345526,2.019065,-1.704328,0.052132,-0.312913,-1.426279,0.669964
11.785305,-0.811195,2.623226,-2.540311,0.334960,0.818077,0.926245,1.710679
9.290923,-0.966057,2.291613,-4.661487,3.542280,-0.721472,1.803585,-0.471368
11.691442,-0.953365,2.003471,-3.629090,0.844916,-0.425280,1.392617,0.484099
27.268264,7.988425,-1.225571,-7.158429,0.857907,-0.320937,7.310330,5.892046
26.943035,6.808869,-1.869139,-7.462365,2.042411,-0.727979,6.815908,5.576272
11.533605,-1.028799,0.484917,-0.746638,-0.511466,-0.082597,-0.348469,0.962129
10.389210,-0.156527,1.491770,-1.634940,0.176678,0.215688,0.300650,0.803960
6.903918,-1.940522,2.196341,-4.097199,2.981378,-0.158992,1.187719,0.037529
11.367600,0.504825,-0.412762,-2.892307,1.119604,0.102032,1.092483,0.863668
12.553849,-1.407026,-0.970772,-2.238725,-0.156629,-0.114131,0.199118,0.405085
8.248761,-2.624796,-3.121367,-2.210719,2.722931,-3.446751,-1.955862,-1.448621
10.212980,-1.100548,-0.538150,-0.628722,0.316336,-0.422125,-0.414435,1.445852
9.368583,-1.175651,1.353027,-0.978343,-0.215262,1.971838,1.081796,3.096899
6.461096,-1.149993,0.856632,-3.173850,3.479416,-0.599528,1.336362,0.741531
10.013347,-0.999989,1.867965,-2.445625,0.586645,0.936676,1.410725,1.981169
11.407852,-1.278297,0.057152,-2.302527,-0.664339,1.119403,0.859514,2.804211
9.334698,-3.908509,-0.795645,-2.539126,1.783936,-2.343895,-1.871884,-0.685560
12.705431,-0.668365,0.604383,-1.977396,0.482390,-1.556920,-1.604983,1.078157
12.109951,1.128261,0.218197,-1.585354,0.634306,-1.030115,-0.858613,1.017128
8.551427,-0.711149,1.486831,-3.890684,3.385161,-1.015597,0.885255,0.556822
12.550301,0.660391,0.221005,-3.517722,0.935808,-0.897852,1.242335,1.718463
12.086515,-1.639713,-0.849205,-2.407054,0.637827,-0.663255,0.271196,0.148936
8.310584,-2.785433,-2.397259,-1.633051,2.916448,-1.995199,-2.474722,-1.950180
9.575241,-2.393923,1.110604,-0.559759,-0.203029,0.166416,-1.786499,0.046232
8.509862,-0.876948,0.892928,-0.965693,0.383464,0.895905,-0.669469,1.165246
5.212902,-0.760970,-0.349768,-2.685880,3.272125,-0.876809,0.495690,-0.097870
13.598110,-0.248287,0.161809,-1.812473,-0.623238,1.093626,0.728149,0.613187
14.387865,-0.784980,-1.215053,-2.541835,0.316217,-0.308020,0.229116,1.933512
8.412940,-4.116419,-0.159014,-3.232005,2.215881,-2.460437,-1.644990,-0.384783
10.688405,-1.214479,-0.006845,-0.112570,-0.865416,0.192846,-1.621430,1.610249
10.487730,1.037415,-0.272012,-1.303789,0.240544,-0.029704,-0.047579,1.651044
7.398986,-0.758704,1.621956,-3.830016,3.072935,-0.593479,1.653309,0.872101
11.736397,0.480718,0.267529,-3.608181,1.075380,-0.802030,0.829500,1.156878
10.895625,-2.820406,-0.447554,-2.461712,0.316211,-0.253858,-0.657486,0.579818
6.806624,-3.414402,-1.928605,0.775872,0.574206,-1.473718,-2.666750,-0.705969
7.473030,-3.985742,-0.947913,1.058371,-0.456347,-0.206974,-1.532876,-1.200445
6.671292,-4.438580,-1.890681,2.554778,-2.377286,0.125232,0.530215,-1.744511
8.660482,-1.822534,-1.363345,0.379093,-0.662043,1.659137,3.403368,1.465465
11.189153,0.750077,0.315660,0.120979,0.323825,1.247808,4.317837,2.077389
11.039648,0.332173,2.998490,-3.047417,2.717841,-1.088438,1.317114,-1.416740
9.688342,0.905771,1.251884,-1.656172,2.957067,-2.069905,-2.215864,-0.785165
9.769519,0.705646,0.017011,-1.982557,3.815285,-2.653648,-3.463209,-1.779842
5.049233,-2.212392,-0.010986,-1.770789,4.021861,-0.611404,-3.496220,-1.731652
-2.780685,-5.190185,-0.451360,0.776062,2.687513,1.285943,-3.348768,-1.758614
-7.337345,-6.658804,-0.054065,2.508485,1.111584,-0.660046,-2.377794,0.828959
-10.108465,-6.095517,-0.631214,3.039597,0.678894,-2.557763,-1.335108,1.748636
-11.733038,-3.885534,-2.317551,3.656070,0.959867,-3.799753,-1.121898,2.749570
-11.515342,-3.998156,-2.187319,3.605886,0.979779,-3.725802,-1.100325,2.645318
-10.252700,-5.721282,-0.754130,3.132930,0.776394,-2.992838,-0.850128,1.999234
-10.267673,-5.648474,-0.827277,3.205049,0.650058,-2.862574,-0.857412,2.048342
9.873556,-0.596530,-0.410882,5.993045,-3.582895,1.193380,-1.124881,-2.078702
13.199513,0.173771,-1.739101,0.109303,0.327735,0.207875,1.501829,-1.162401
20.122129,10.591776,-7.778217,1.075646,4.880450,-2.275260,3.371646,2.064391
20.306107,10.836869,-7.654697,1.015071,5.251922,-2.054204,4.545349,0.150048
14.826772,2.665795,-2.351947,0.507051,0.941380,0.116966,3.165868,-1.104873
10.503091,1.531168,-0.146569,4.205563,-2.564695,0.468278,-0.947902,1.070843
12.463019,0.255196,1.383507,2.770368,-2.818608,2.571679,0.230952,0.261933
12.731317,-0.561085,-1.238437,-0.318299,-1.307904,1.618134,2.041084,2.921484
13.103939,1.502139,-1.079723,3.303829,-1.649138,-1.590069,-1.095263,-0.685462
12.762019,1.265160,1.308970,0.846314,-0.309330,-0.213577,-0.339620,1.153882
11.757474,0.507173,-2.582708,2.637687,-2.573102,-0.138293,-0.378423,-0.429354
13.994367,-0.389593,-0.182460,3.995786,-3.426351,0.546747,-1.687741,0.150688
12.809059,0.722990,2.812656,1.424753,-0.379561,0.415688,-1.313501,2.634031
11.286898,-1.858822,0.759220,4.088964,-4.036702,1.444108,-1.076317,-2.422428
10.152455,-1.608671,-3.301081,1.687475,-1.486121,0.337125,0.052860,-0.366159
12.650084,-0.343353,0.922541,4.557363,-3.705015,0.032467,-1.363869,0.667832
9.993258,0.065636,2.201856,2.268559,-0.368467,0.709360,-1.441914,2.596575
10.184103,-0.929064,-1.673957,4.840229,-3.896213,1.332762,-0.925241,-1.013619
12.087876,-1.321302,-3.158396,0.469180,-0.402884,-0.826520,-0.853202,-0.781048
11.699946,1.385581,-1.198865,4.917901,-2.770066,-0.765689,-2.109240,0.724237
10.357031,-0.240957,0.268520,5.688810,-3.126644,0.735748,-1.679439,-0.854124
10.139366,-2.164829,-1.821733,4.509553,-4.603017,1.777042,-0.464787,-1.490587
12.056823,-1.419433,0.031574,5.892495,-4.801771,1.078599,-0.870289,0.530642
11.917526,1.049748,3.674217,2.687090,-2.198295,2.454973,1.619835,3.727082
11.211998,-0.185238,1.541818,2.408346,-3.183289,1.925093,2.183939,0.880071
12.795078,-0.955172,-0.855299,0.083304,-1.659904,1.002977,2.114801,3.904954
11.333366,2.213791,-0.449350,4.866564,-1.871227,-1.529514,-1.198165,-0.029146
10.270756,0.656525,1.854594,4.223373,-2.825567,1.120169,0.379985,1.630106
9.926044,-1.730260,-0.795888,2.123088,-3.217044,1.903501,0.980033,0.880960
11.947667,0.134269,-0.156425,5.233841,-3.609000,0.766369,-0.873906,-0.096543
11.419824,0.809726,3.107025,1.247926,-0.656111,1.931348,0.544327,3.968860
11.809480,-1.156617,1.645223,2.921248,-3.992218,2.340569,1.676860,0.837573
11.495436,0.370809,-1.222468,2.819816,-2.931480,0.481079,1.598174,3.035848
10.411611,0.246444,1.024485,4.281395,-2.086537,-0.101974,-1.589506,0.649211
10.957499,-0.384496,-0.008350,4.593227,-3.586053,0.727583,-0.717920,-0.274746
11.068155,-1.794486,-1.112147,-0.279331,-0.999851,0.615590,0.452690,1.918498
12.288430,0.792882,1.420646,4.225593,-2.431497,-0.080414,-1.418259,-0.102383
11.049980,0.772586,1.927837,4.290883,-3.136910,0.810812,-0.274177,1.128282
9.887448,-0.770882,-1.940006,2.354097,-2.931547,0.738652,0.207198,0.789571
11.065332,-0.662266,0.050343,5.824849,-4.304705,0.158322,-1.663815,-0.792736
10.473429,0.243508,1.149515,2.513674,-1.303938,0.523416,-1.437262,0.542171
10.797840,0.039221,-2.518294,3.047650,-2.844958,0.298937,0.031264,0.635760
17.501259,3.408433,-0.737299,1.126867,-1.218299,-0.927539,0.795672,1.158504
16.679132,4.144522,0.481168,-1.675297,0.972415,-1.315732,1.007502,0.786192
12.437377,0.408012,-0.230009,0.198506,-1.498802,1.551216,1.790616,1.835664
10.134760,-1.805317,-1.594086,-0.630347,0.737677,-0.294541,-0.084625,-0.968326
9.306501,-0.690102,-4.111866,0.461185,1.146743,-1.476505,0.483257,-1.141532
12.085201,3.446808,-7.933202,0.121994,4.123329,-0.810970,1.834725,-1.090826
22.453837,6.966801,-3.880796,-7.642768,5.893739,-2.509458,8.327657,2.452803
28.075024,13.016951,-10.118254,-5.656871,6.188408,-4.431227,9.453258,5.972787
18.261198,7.400406,-6.108104,0.879807,1.439518,-1.380594,3.551431,2.948995
9.176973,0.770287,-0.230394,-0.571030,2.641517,-2.180601,-1.408683,-2.350419
6.779076,-1.162541,-3.089284,3.463546,-0.619167,-1.447372,-0.771106,-2.929572
7.705875,-3.969495,-1.502898,-0.802762,0.111859,0.611310,0.891889,-2.830957
7.804455,-2.073854,-1.533963,-0.174561,0.625472,0.117206,0.578400,-3.559416
6.416359,-4.720233,-1.245653,1.290749,-0.900528,0.791178,-0.484088,-4.648342
6.756435,-4.699430,-2.165121,-1.948887,0.824283,-0.211874,0.775238,-2.710092
9.682341,-3.623511,-3.382902,-2.068159,0.941865,0.584242,0.148163,-2.968020
10.770351,-2.099805,-0.439446,2.780119,-3.025043,2.260668,0.275567,-2.864514
5.357915,-1.657477,0.994697,0.181112,1.387514,0.464651,-0.631587,-1.970453
7.515902,-2.983665,-0.385734,3.573061,-2.238909,0.495510,-0.396087,-3.538996
8.155071,-4.001254,-1.586209,0.056890,-0.669624,0.476402,0.911036,-4.008495
7.565821,-3.465170,-0.216576,3.044846,-2.789229,1.473869,-0.438401,-3.201167
6.286030,-2.430947,-0.656589,3.190204,-0.875653,0.133840,-1.124207,-2.733555
9.190884,-3.727945,-0.762629,1.352105,-2.162247,0.955233,-0.179145,-2.640499
10.722766,-2.649573,0.195871,1.335922,-1.926642,1.066410,-0.238923,-3.772652
7.785357,-2.301773,0.818117,1.492093,0.169707,0.437836,-1.027321,-2.950051
8.391022,-2.164745,-1.071074,0.361396,0.932160,-1.152012,-1.941379,-2.582783
7.606639,-5.007590,0.811402,-0.074408,0.846730,0.811499,-2.417543,-2.889989
-2.354046,-4.111307,-1.419130,1.656453,3.496187,0.466757,-3.301778,-1.516986
-7.093198,-6.842854,0.147104,2.513124,1.232455,-0.483454,-2.016634,0.837273
-9.981261,-6.191771,-0.170006,3.225327,0.909581,-2.494115,-1.252486,1.929716
-10.065767,-6.097856,-0.274690,3.167997,0.943667,-2.720871,-1.154495,1.941404
-9.760294,-6.209937,-0.002237,3.161178,0.892123,-2.551314,-1.011238,2.163209
-10.799283,-5.152566,-0.656874,3.225263,0.862263,-3.122201,-1.198205,2.347101
-10.192649,-5.890909,-0.450277,3.310908,0.859805,-2.734554,-1.050552,1.938343
21.570656,9.882821,1.216376,-3.572898,-0.686665,3.557089,8.593394,10.183446
22.981294,10.509088,-3.076703,-3.881089,-0.935412,3.945232,10.309217,16.673893
12.265143,2.512983,-2.021036,4.766726,-2.336967,-1.451895,-2.362451,0.279810
19.513146,8.696612,-0.546908,-1.434477,-0.091620,2.123159,6.273161,9.128757
19.520317,8.372145,-4.849357,-2.901214,0.502433,1.857608,7.610110,9.543211
13.162532,0.064130,-0.168048,4.710220,-3.468108,-0.217268,-1.563789,-0.407216
12.501548,2.343749,1.556797,0.043823,0.448789,0.254011,-0.109335,4.199410
14.502287,1.256070,-0.242226,1.503894,-3.116238,1.413382,1.745855,1.912882
14.966573,2.271499,-2.643701,3.100344,-2.518616,-0.172485,0.997170,2.387846
18.100560,8.399560,0.930728,-0.136360,-1.700583,3.509421,5.777015,11.964597
17.551998,6.384102,1.689755,-2.496816,-1.852466,3.304154,5.190491,6.572758
15.747318,2.507589,-2.077632,-2.815006,0.374545,1.955272,4.215520,8.237765
17.537388,6.545705,-4.311861,3.464207,1.461477,-3.017572,0.419832,-1.296128
25.662653,12.912268,-7.332712,3.838375,-0.617905,2.389258,9.046459,12.688897
31.892786,14.060754,-6.393338,-5.688687,2.520996,-1.010012,6.832897,11.097916
27.670818,9.379343,-1.138559,-1.794018,-0.054539,0.733069,3.430480,12.783841
18.965807,8.381377,0.040567,-1.317032,0.334635,3.261331,5.650687,15.128840
20.574393,7.809806,-0.145243,-3.017579,-1.137346,2.576935,7.287113,10.634341
22.069140,6.739655,-2.753607,-2.332805,-0.631543,1.258991,5.942543,10.664845
22.261683,8.003689,1.076909,-1.374877,-1.360281,3.660755,5.539037,11.861092
20.068159,8.908184,-1.585944,-1.002120,-1.737222,2.191044,6.619872,8.897340
15.432994,3.550991,-1.328210,-4.583057,1.069504,4.347129,7.649143,10.513632
7.663458,-4.063189,-2.095070,-1.426022,1.025117,0.865959,0.746596,-3.071706
8.251106,-2.438690,-3.652647,0.762598,-0.046147,-0.077498,1.161958,-2.836477
8.996644,-3.339880,0.503673,2.511030,-2.697141,1.241557,-0.891000,-2.762810
5.165862,-3.152617,1.428690,-0.198073,1.622236,-0.385978,-1.879001,-1.642492
4.647156,-3.763746,-0.609822,2.841058,-1.240728,-0.328965,-1.151900,-2.540490
5.410188,-4.455122,-2.400021,-0.203626,-0.210509,0.420827,0.336669,-2.696222
6.451781,-4.838113,-2.780022,-1.461870,0.651969,0.384159,0.302487,-3.043428
5.668145,-4.714124,-3.927620,-1.389030,1.186375,-0.611049,0.144740,-2.839100
8.023032,-4.363124,0.028117,3.749417,-3.951202,1.859800,-0.142118,-2.788084
6.416134,-3.119290,1.588252,0.433061,0.849860,0.236186,-1.284594,-2.789455
6.608449,-4.121536,2.271747,-0.530692,1.393940,0.264622,-2.318237,-2.814919
8.345441,-2.357362,-1.112020,-0.224170,0.660980,-0.101658,-0.663069,-3.706125
7.568103,-4.555112,-1.638743,-1.914112,0.458971,0.873914,-0.675342,-3.402357
4.026809,-6.538632,-1.061067,-1.144296,0.026652,1.803184,-0.132742,-0.889849
5.697558,-3.516471,-2.579617,2.015791,-2.109117,0.308529,0.298676,-2.893369
6.299871,-3.332195,0.445473,3.079922,-2.596737,1.073947,-0.747430,-3.406557
2.795127,-2.803249,-0.206682,-0.122629,2.758954,-0.946006,-2.922934,-1.249292
6.741721,-2.602459,-0.589884,1.614268,0.182286,-0.366472,-1.401557,-2.850638
7.321985,-3.980195,-1.207381,1.262056,-1.547280,1.279425,0.274061,-2.913314
4.338872,-6.247340,-1.707446,-2.445276,1.111304,0.298981,0.269226,-1.649027
7.648065,-3.648812,0.250085,1.706287,-2.659933,1.284986,0.740669,-1.604204
7.799791,-3.489821,2.006328,0.840728,-0.934592,0.644855,-0.953349,-2.688314
5.013901,-4.422820,1.793296,-0.698390,1.018024,0.552889,-2.046916,-0.691453
0.237900,-4.987374,0.904680,-0.220817,1.475223,2.039398,-1.655180,-0.687974
-10.597486,-5.394476,-0.673298,1.834897,1.053690,-1.694341,0.960929,0.797383
-11.241816,-4.696460,-1.053050,2.030542,0.904251,-2.328871,1.101198,1.321639
-11.869424,-4.089985,-1.283850,1.993318,0.609511,-3.005225,1.178590,1.474621
-11.903798,-4.123220,-1.344867,2.014391,0.612064,-2.959103,1.015279,1.343108
-11.727971,-4.210417,-1.290784,1.808108,0.461620,-2.951468,0.944401,1.190005
-11.445119,-4.463286,-1.083538,1.889102,0.481623,-2.686171,1.109650,1.476069
-11.003539,-4.618314,-0.967482,1.799972,1.051804,-1.599381,0.694794,0.996172
-11.230564,-4.483837,-1.124044,1.862739,1.080639,-1.522844,0.701206,1.201205
-11.647156,-4.483147,-1.213375,1.781097,0.606152,-2.769786,1.080534,1.139255
-11.823929,-4.193990,-1.323996,1.878090,0.488759,-2.978150,1.199351,1.276734
-11.335013,-4.405359,-1.257066,2.075534,0.837828,-1.991567,1.040860,1.138023
-10.824955,-4.917741,-0.909902,2.044561,0.953288,-1.475790,1.119821,1.089628
-11.183365,-4.788827,-0.985276,1.904394,0.675278,-2.012594,1.253774,1.355613
-11.442865,-4.134208,-1.723594,2.129619,1.391776,-1.299700,0.650762,1.478879
-11.331034,-4.411208,-1.509525,2.010484,1.354407,-1.799153,0.878481,1.338297
-10.625352,-5.624839,-0.544266,1.807363,0.973778,-1.856129,1.112342,1.238600
-11.075724,-4.881887,-1.209397,1.982341,1.221616,-1.712099,0.803395,0.815949
-11.753034,-3.904289,-1.650612,2.102560,1.135265,-1.940233,0.902106,0.995295
-11.630547,-4.335194,-1.080891,1.897103,0.346545,-2.905154,1.417340,1.526629
-8.231240,-4.586321,-0.491291,2.985100,-0.656740,-0.495356,1.121240,-0.137405
-7.624631,2.248262,-7.792001,6.303522,5.881652,6.713512,-5.229110,-1.343893
-9.771563,2.054719,-7.284427,5.003956,6.662988,3.639482,-4.150397,-0.699134
-12.008532,3.438451,-8.426071,8.226350,11.344767,13.503096,-9.959811,0.271108
-11.932270,-3.099955,-0.128388,2.964849,1.398786,-2.506228,1.105547,1.128570
-11.568279,-3.488900,0.287148,2.678429,1.450349,-1.752840,0.682120,0.746430
-11.656201,-3.575265,0.294087,2.615041,1.515870,-1.807725,0.625355,0.560974
-11.779719,-3.517309,0.051824,2.630092,1.775924,-1.393110,0.374186,0.634667
-11.884439,-3.345584,-0.147807,2.617491,1.833109,-1.101004,0.240075,0.796456
-12.997765,-2.192496,-0.446498,2.566385,0.773959,-3.190463,0.689241,1.238174
-11.544402,-3.495575,0.373113,2.662406,1.300843,-1.688267,0.798862,1.170210
-11.533824,-3.744256,0.346565,2.586378,1.438032,-1.595968,0.663016,0.764585
-12.339232,-3.090375,0.056701,2.547571,0.896518,-2.926885,0.875991,0.897441
2.972537,8.496517,-3.534483,-0.470616,4.223753,7.590416,7.020818,5.154022
-14.434398,4.568622,-3.191173,1.189917,6.367914,12.395049,-0.592865,-2.788555
-15.183621,3.174747,0.285704,-1.044514,-0.814596,0.041120,4.057585,-2.315868
-15.577350,3.467375,0.196380,-1.371448,-1.251890,-0.805026,4.076943,-2.200936
-15.507286,3.385824,0.253771,-1.284643,-1.115155,-0.663278,4.196882,-1.801435
-15.047057,3.003139,0.416434,-1.407510,-0.951254,0.077659,4.058452,-2.094521
-15.619246,3.232929,0.215258,-1.348940,-1.114284,-0.645132,4.117468,-2.218775
-15.601394,3.400932,-0.040658,-1.208621,-0.770138,-0.338805,4.037758,-2.106477
-15.512998,3.672293,-0.064835,-1.304365,-0.987507,-0.326360,3.872950,-2.226029
-15.535537,3.384073,0.187462,-1.402988,-1.246463,-0.668709,4.083065,-2.055128
-15.908465,3.924322,0.124196,-1.596364,-1.482827,-1.142628,4.052938,-2.091423
-15.705359,3.951306,-0.294324,-1.415274,-0.851741,0.095886,3.543798,-2.137183
-15.001232,3.099763,0.028922,-1.182460,-0.306189,1.369770,3.493539,-2.286701
-15.201345,3.016520,0.126204,-1.174243,-0.571698,0.349638,3.905911,-2.199087
-15.373820,3.134906,0.318556,-1.447773,-1.139189,-0.362245,4.234612,-2.041708
-15.842784,3.826035,0.141871,-1.656787,-1.678320,-1.010191,4.033220,-2.093743
-15.800912,3.693972,0.169193,-1.467753,-1.434078,-0.997285,4.334723,-1.917003
-15.453979,3.088209,0.383608,-1.588271,-1.193505,-0.795984,4.438327,-2.082383
-15.790297,3.621439,0.156485,-1.734742,-1.484643,-1.019782,3.983204,-2.562318
-15.749351,3.897287,0.135209,-1.835702,-1.668141,-1.082145,4.038692,-2.352285
-15.522628,3.544716,0.197920,-1.474247,-1.248702,-0.546022,4.255451,-2.129523
-15.382051,3.214320,0.256495,-1.286972,-1.080386,-0.386474,4.226415,-2.272438
-14.789698,2.739649,0.363424,-1.321057,-0.399882,0.971266,4.051081,-2.079236
-14.899584,2.971125,0.277462,-1.329598,-0.438567,1.010659,3.925621,-2.030433
-15.840214,3.840976,0.201354,-1.653120,-1.665102,-1.225107,4.221759,-2.252993
-15.426812,3.714331,0.184984,-1.655888,-1.156512,-0.136714,4.156137,-1.920408
-15.506948,3.966372,0.164319,-1.881614,-1.349919,-0.167608,4.052921,-2.109038
-15.860926,4.351948,0.210004,-2.035667,-2.031449,-1.160632,3.901981,-2.447166
-15.475378,3.539675,-0.031340,-1.373189,-0.991893,-0.063929,4.021302,-2.045579
-15.318756,3.193063,0.069184,-1.377728,-0.755420,0.093704,4.031501,-2.238575
-15.758000,4.062428,0.221425,-1.802253,-1.805058,-1.234054,4.234271,-2.148994
-15.588416,3.889244,0.129290,-1.800400,-1.513153,-0.792007,4.464129,-1.902590
-14.793194,2.678241,0.277684,-1.325656,-0.401837,0.859181,4.410362,-1.657919
-14.273900,1.744555,0.647939,-1.300766,-0.202254,0.955256,4.790787,-1.921267
-14.746762,2.160238,0.308913,-1.202245,-0.295388,0.419709,4.804356,-2.015822
-15.143027,2.915832,0.301858,-1.488283,-0.875656,-0.109585,4.498827,-2.097238
3.785390,2.437863,-0.948565,-0.540708,3.882687,7.062863,5.030637,4.559554
-11.497065,-3.840506,0.558894,2.540329,1.309799,-1.966753,1.286661,0.869954
-10.508967,-4.589314,1.097341,2.260058,1.743889,-0.799578,0.864093,0.258763
-10.107257,-4.991752,1.488483,2.128748,1.618157,-0.655882,0.861954,0.153801
-10.175395,-4.811534,1.123314,2.322941,1.862100,-0.469359,0.789057,0.051384
-10.493460,-4.662014,1.205158,2.397475,1.650655,-1.125096,1.140275,0.167639
-10.988425,-4.100460,0.989172,2.492183,1.371533,-1.533530,1.375841,0.495853
-9.340781,1.064645,-1.169192,-0.115731,2.105243,7.282627,2.550021,-3.120361
-13.674402,0.761829,-0.561161,-1.559437,-0.300957,1.669949,5.560212,-2.309579
-12.305214,0.169994,-0.378517,-1.210181,1.050902,4.326567,4.675340,-3.194009
-11.955061,0.282565,-0.958374,-1.098840,1.400001,4.395675,4.978459,-3.282563
-12.784124,1.264955,-1.935535,-0.722800,1.977895,5.260621,4.422456,-2.907609
-14.210582,1.140651,-1.115296,-1.558444,-0.425157,1.235793,5.830188,-2.402623
-13.427288,1.649904,-2.493459,-1.050972,1.592341,5.161504,4.127991,-3.098858
-13.169773,1.281617,-1.956583,-1.258728,1.197247,4.403143,4.683011,-3.012792
-13.152816,0.653957,-0.989010,-1.481717,0.410072,3.052292,5.489353,-2.719997
-12.873620,0.468619,-0.912613,-1.447478,0.543336,3.531861,5.296325,-2.745595
-12.259932,0.455673,-1.272790,-1.527317,1.006935,4.213782,4.991696,-3.029188
-12.207827,0.250523,-1.111515,-1.596201,1.060540,4.231885,5.067118,-2.950087
-12.741442,-0.053462,-0.375668,-1.840776,0.290378,3.140740,5.492474,-2.930952
-12.573163,0.494091,-1.006574,-1.498746,1.093938,4.259581,4.784312,-3.053640
-11.828947,-0.321987,-0.240383,-1.763398,0.462422,3.423189,5.625350,-2.791686
-11.500233,-1.009127,0.138344,-1.927606,0.240009,3.213418,5.985268,-3.280169
-11.456271,-1.154778,0.138680,-1.978621,0.245445,3.091243,5.946947,-3.667285
-11.458719,-1.272116,0.234003,-1.949963,0.173368,3.076090,6.029931,-3.191190
-10.727337,-0.937705,-0.051837,-2.001608,0.540474,4.176691,5.243104,-3.880662
-11.117344,-0.665586,0.133703,-2.087854,0.437048,3.846541,5.360093,-3.702386
-12.080468,0.083778,-0.691826,-1.540337,0.767553,4.036538,5.235074,-3.105066
-11.900185,0.142721,-1.057779,-1.280938,1.133974,4.530970,5.239373,-3.296422
-12.516527,-0.282087,-0.808940,-1.569192,0.503887,2.532978,6.248326,-3.229481
-10.697427,-1.857483,0.307454,-2.169343,0.217449,3.564042,6.394831,-3.716518
-10.020982,-1.436101,-0.423502,-2.045815,1.427042,6.349694,5.185432,-4.038496
-10.322747,-1.111062,-0.723019,-2.004370,1.503495,6.188378,5.223319,-3.934564
-11.722305,-0.956283,-0.353755,-1.987049,0.226956,3.468551,6.406209,-3.131239
-13.297797,0.674767,-1.846692,-1.396022,0.747950,3.605080,5.451036,-2.961951
-13.387572,0.760555,-1.834623,-1.385864,0.781599,3.720442,5.416931,-2.917066
-14.135241,1.069651,-1.952350,-1.334778,0.122831,1.926548,6.328110,-2.735955
-14.218775,1.001195,-1.830703,-1.377877,-0.161087,1.306170,6.600618,-2.684414
-13.512270,0.223255,-1.540322,-1.482459,0.385059,2.630514,6.187608,-2.947991
-13.907825,0.914012,-1.968309,-1.416984,0.354603,2.447118,6.104961,-2.597978
-11.954586,0.199512,-1.517456,-1.663216,1.362889,4.960132,5.624894,-3.506722
-12.163485,0.441223,-1.893339,-1.509330,1.463896,5.018096,5.390557,-3.650089
-13.114491,0.435885,-1.424183,-1.491991,0.874007,3.876646,5.641838,-3.108087
-12.811100,0.121185,-1.541701,-1.504988,0.660857,3.027642,6.209283,-3.246037
-3.482647,1.458574,-4.893722,2.755019,7.866684,5.071296,-2.242719,-1.874964
-11.179866,-2.822729,-0.799587,2.692759,2.276602,-0.092531,0.325237,0.686996
-10.827167,-4.185088,0.492385,2.503699,1.380232,-1.207021,1.421560,1.018579
-11.975346,-3.207732,-0.113693,2.504360,0.984159,-2.582111,1.474177,1.301291
-11.915721,-2.479203,-1.678492,3.226082,4.703522,3.544944,-1.253705,1.119159
-11.865934,-2.688480,-1.514501,3.130980,4.671926,3.410307,-1.149247,1.084715
-10.434962,-3.693492,-0.576887,2.329828,3.768014,2.670780,-0.903378,-0.088539
7.640089,-0.030039,-0.126138,0.726857,-0.557125,-0.140227,-0.029465,0.435424
7.291244,-1.971456,-1.447822,-1.727346,2.880545,-2.602604,-2.567890,-0.912099
11.777901,1.701940,-1.184063,1.407013,0.434631,-2.187615,0.083029,0.977235
10.845099,1.511078,1.225282,2.504381,-1.377034,0.890994,1.259442,1.163332
6.319010,1.003972,0.756784,-0.622952,2.554613,-0.220983,0.513887,-0.199560
7.552885,1.195748,1.145010,-3.402699,3.271321,-1.160421,0.439062,-0.300952
10.432672,1.115583,1.029141,-2.271376,1.015200,-0.570706,-0.061357,0.352304
8.992919,-1.105489,-0.029973,-1.351942,1.270632,-1.847120,-1.865856,-0.328142
8.915436,-2.230493,0.542862,-2.249342,2.162017,-2.810875,-2.317250,-0.369587
10.869390,-0.489861,1.072076,-1.215679,-0.496528,-0.434382,0.334806,0.270048
9.168903,0.362062,1.157523,-2.177514,0.919503,-0.118680,1.718355,1.264322
8.165998,0.954671,1.503100,-4.309805,3.515618,-1.591615,1.273446,0.770488
10.477745,0.442601,1.356836,-2.417751,0.833835,-0.473752,0.489932,-0.225220
10.754457,-0.787849,0.535674,-2.056708,1.206268,-2.244807,-1.186509,-0.418119
10.571710,-0.659040,-0.262668,-3.084288,3.080497,-4.485949,-2.512557,-0.502502
12.219831,0.684736,2.489516,-2.132507,0.258801,-0.543787,0.002938,2.945430
9.588153,0.191672,2.497378,-1.656300,-0.099634,0.401327,0.739189,2.063738
6.628125,-0.570663,0.950827,-3.658914,3.175282,-1.008101,1.124881,0.545661
10.159687,0.528452,-0.566109,-2.545873,0.410191,0.041596,1.829483,2.918879
11.033074,-0.402254,-0.760122,-2.107207,-0.703899,0.463299,1.353432,4.192995
7.283666,-1.872863,-1.678746,-1.092112,1.933530,-3.027084,-2.557847,-0.784476
7.975335,-1.852366,0.101196,-0.480568,1.273497,-2.158069,-2.674324,-0.418773
10.869711,2.041757,0.147251,-1.180110,0.827953,-1.462321,-0.219599,1.446275
10.230854,0.982852,1.920615,-2.495369,1.008115,-0.676634,0.676887,0.776560
6.917228,2.046584,-1.952293,-3.265370,4.064771,-2.887602,1.364751,0.908547
8.528767,-0.813252,0.490029,-3.089790,0.495564,-0.001501,1.873893,1.382381
8.372955,-0.707844,-1.492874,-1.716581,-0.377110,-0.649911,0.508410,1.202437
6.889716,-2.465187,-0.761448,-1.526086,2.099504,-2.844736,-2.304590,-0.488012
8.417544,-1.589803,0.516964,-0.945734,1.374215,-2.576385,-2.840390,-0.489446
10.740251,-0.034368,3.460335,-2.411476,0.160773,-0.413313,-0.376957,1.648065
9.187619,-0.020424,3.255650,-2.552524,0.855722,-0.414226,0.162667,0.489177
6.168850,-0.744993,1.369095,-4.041961,3.304205,-1.475662,0.907278,0.015516
10.533702,-0.196103,0.562593,-3.765295,0.727944,-0.401224,1.744221,1.247197
10.379553,-0.506849,-1.116751,-2.458694,0.645957,-1.507737,0.008619,0.553654
6.610706,-2.311461,-0.354751,-2.227641,3.031366,-3.035274,-2.750202,-0.860512
8.043191,0.446151,0.037205,1.039749,0.441883,-2.256971,-2.161070,0.886348
8.565740,0.590247,2.929469,-0.032665,-0.094958,0.460955,-0.597638,1.513638
10.295730,0.938161,1.628343,1.655015,-1.557811,-0.063583,0.235007,0.861562
7.739414,-2.745043,-0.431098,-1.693325,1.213891,0.546504,0.565019,-0.390868
0.079551,-3.473181,-2.906358,0.821761,1.761221,2.899474,-0.080488,-0.191008
-9.805210,-5.906803,-1.576632,1.741686,1.208752,-0.360601,1.040447,0.554101
-10.697474,-5.831445,-1.649264,2.119332,0.567754,-2.247140,2.192349,1.311358
-11.469978,-4.546261,-2.925623,2.372775,1.378062,-1.209781,1.192860,1.371670
-9.938888,-6.505168,-1.358802,1.778748,0.929104,-1.329045,1.812924,1.127517
-10.582965,-5.790425,-1.915718,1.991090,0.880040,-1.988778,1.954708,1.018805
8.851302,0.622228,1.502702,-1.283874,0.410419,-0.067936,0.377650,-1.176605
9.836090,-0.318766,1.664586,-1.116084,-0.377671,-0.493673,-0.307915,-0.119935
10.325248,-1.439451,-0.868373,-3.365658,3.685558,-3.235973,-2.729727,-1.530359
11.589027,0.784048,0.310686,-1.050154,1.712896,-2.394815,-2.115078,0.723071
10.648736,0.326889,2.506524,-1.884937,-0.091494,-0.062013,0.137950,1.415297
8.149719,1.479378,0.472189,-2.976743,2.934578,-1.745670,0.750638,0.142080
8.198085,0.272026,0.775723,-4.313071,3.914229,-1.628103,0.671262,-0.032949
13.719951,1.864565,-0.592182,-4.595030,1.919272,-2.062769,0.863245,1.523149
13.452735,0.757443,-0.929653,-4.077489,2.421569,-3.226071,-0.092177,1.459854
8.848632,-1.892826,-0.488592,-3.693284,3.373467,-3.724327,-2.582667,-1.087331
10.324082,-0.759287,2.290464,-0.933882,0.732833,-1.569899,-1.734438,1.379517
10.961771,1.820243,2.526328,-1.958601,1.262400,-0.912574,-0.482393,1.518192
8.826730,1.657169,0.951393,-1.390280,1.660458,-0.970922,0.553335,0.833561
6.744245,-0.009432,0.601214,-3.610284,3.053868,-1.498406,0.998099,0.081601
10.267105,0.842717,-0.045168,-3.020010,1.607251,-1.309561,1.814690,0.690278
12.618540,-0.148715,0.469095,-3.689662,0.704248,-1.724348,0.869154,1.092475
8.896626,-2.385841,0.810853,-3.414381,2.694046,-3.459167,-1.952977,-0.252884
9.837428,-1.105100,0.781621,-1.794560,2.164689,-3.052100,-2.655077,-0.044607
11.992775,3.125389,0.703420,-1.092051,1.173789,-1.902626,-0.784179,2.127988
10.979023,1.302300,2.866797,-1.605421,0.874977,-0.453891,-0.350573,0.199351
8.442420,2.922952,-2.075307,-3.153725,4.789134,-3.166206,0.781812,0.287734
9.168546,0.172403,1.087009,-3.627531,2.730052,-0.913419,1.630512,0.828937
14.459033,2.294628,-0.793063,-4.094194,1.079978,-1.354454,1.465269,2.234124
14.818997,2.498845,-1.944943,-3.168360,2.206028,-3.518325,-0.137642,0.830108
8.911962,0.382442,-1.673052,-2.642235,4.339866,-4.374989,-2.295365,-0.124298
11.985548,0.018914,2.038690,-1.860289,1.148055,-3.135016,-2.370339,0.425835
13.464908,3.143488,2.603718,-2.902129,1.671248,-2.491480,-0.806081,1.580490
11.635072,2.626975,2.701892,-3.147993,2.147455,-1.763082,0.304970,1.232997
9.541038,1.419975,0.950522,-4.993333,3.865892,-1.711051,1.982369,2.068587
10.988680,1.613592,-0.957391,-3.391413,2.163444,-2.169462,2.171621,1.342158
14.829985,3.040724,-1.423006,-4.551094,1.728902,-2.886176,1.161154,2.815523
13.166252,0.415107,-0.290121,-3.170961,2.136238,-2.735476,-0.060003,2.990850
9.384713,-1.304986,-0.121594,-2.533977,2.653962,-2.347578,-1.762087,1.358810
11.720475,1.771835,2.255821,-1.733363,1.175141,-1.622204,-0.865375,2.192272
10.849034,1.720762,2.872656,-2.164263,1.063139,-0.553431,-0.031264,1.281809
8.685899,0.943623,1.346862,-2.946288,2.620927,-0.807102,0.394216,-0.478363
9.749789,1.274415,2.724205,-2.062973,1.772537,-1.402190,-0.945390,-1.169538
8.219091,1.718931,1.695777,-2.225646,3.658540,-3.258385,-2.330191,-0.489789
8.519897,0.157100,2.573332,-4.123583,4.840914,-3.379933,-2.819176,-1.095744
4.986468,0.365718,-0.010617,-2.149907,5.816595,-2.036960,-3.760589,-1.983468
-7.329040,-2.514802,-0.698650,3.487091,4.907979,3.577874,-5.134850,-0.119109
-11.119825,-3.334249,-0.127854,3.063858,2.022957,-0.836201,-1.894267,0.962801
-11.424984,-3.051810,-0.360950,3.214200,2.050526,-0.747369,-1.950045,1.271959
-11.370250,-3.924808,0.505641,3.006989,1.082152,-2.758791,-0.665274,1.684710
-11.178405,-4.289359,0.645916,2.999795,1.164858,-2.564576,-0.680491,1.502985
12.153684,2.018861,-1.799656,3.980176,-3.148721,-0.720691,-0.119311,-2.378046
14.999149,5.348244,1.811677,10.382339,-6.962840,0.889838,0.119024,1.752287
14.426340,4.479904,2.975427,9.831002,-5.784165,0.537464,-0.586384,1.589830
10.180480,0.330819,-2.866978,3.522075,-2.867070,-0.655049,-0.347886,-2.125157
14.572747,4.665931,1.862440,10.588562,-7.004973,1.354680,0.608915,-0.465458
11.992126,4.165973,4.928452,6.485824,-3.063468,1.320486,-0.145474,1.563353
11.527591,0.496425,-0.153236,4.399376,-3.906404,0.989322,-0.666057,-0.558917
15.567480,4.002672,-1.027449,6.764075,-4.062342,0.738289,2.289294,1.052719
13.369488,4.978024,1.694385,9.473405,-5.068553,1.135624,0.553354,-0.385289
9.541442,2.728706,-0.268519,7.100819,-3.165639,0.376343,-1.117785,1.999540
11.030192,1.256225,-3.719292,4.410203,-3.225439,0.318205,-0.501941,-0.506752
16.215734,5.838835,1.127778,11.267480,-6.720150,0.713792,0.331891,-1.432691
14.930173,5.867276,4.587285,7.959650,-3.584865,0.384946,-0.123314,0.234707
10.460948,0.437428,0.355012,4.387483,-3.322528,0.231718,-0.805431,-1.594885
9.643010,-0.217595,-3.909038,2.938295,-2.146708,-0.794671,0.429142,-1.663979
18.153000,12.115467,-4.565273,14.501654,-4.597834,-1.213151,1.879184,2.767647
16.900409,12.382210,-1.647963,10.290991,-0.438790,-2.214364,0.646170,3.480546
11.075067,-0.452973,1.584240,3.167554,-3.271654,-0.152180,-1.010981,-1.576105
10.774866,-0.792101,-2.432584,1.442687,-2.034374,-0.856673,0.541785,-1.355146
13.212780,3.017752,-0.632101,6.497086,-4.098534,-0.549319,0.575585,-0.997549
10.013971,2.731186,1.745704,5.935995,-2.003339,0.624823,-0.928072,-0.210510
10.478585,2.277982,-2.757510,5.490442,-1.732770,0.558768,-1.482517,-2.362212
10.138640,2.201165,-6.846570,3.045437,0.086502,-1.137715,-0.591813,-2.105595
13.614893,4.158339,0.723854,8.272007,-5.216148,-0.396599,-0.304605,-0.387852
12.946220,4.598344,3.526462,3.654466,-0.857670,-0.789046,-1.006887,0.361254
12.193150,1.506415,-1.351080,4.217597,-3.787272,-0.037166,-0.277017,-0.791917
14.373309,4.212408,-0.005013,11.502718,-7.843309,1.648500,1.624891,0.931078
14.093439,6.265036,3.035426,10.508033,-6.510545,0.486752,-0.005705,0.943974
12.327757,0.950324,2.705210,6.034335,-4.432065,1.577208,-0.201173,2.144842
9.746339,-0.846506,-1.967270,2.896964,-3.223500,0.938852,0.473482,-0.975003
12.474253,4.051474,-1.142188,9.090999,-5.623495,1.226554,1.510935,2.339681
15.030730,5.235105,3.715741,4.669040,-2.237972,0.441868,0.268953,3.471033
13.419744,2.150017,1.266047,3.498316,-2.057780,-0.696583,-1.218101,-1.596977
13.169018,0.426336,-2.096073,1.499922,-1.837118,-0.251456,0.696795,-0.223948
13.776221,1.168017,-0.656311,6.296744,-4.731507,0.187840,1.068556,-0.977408
15.746779,4.758441,5.148529,8.234478,-6.114161,0.476870,-0.930338,-0.151413
15.679415,4.302212,6.228940,7.933402,-5.164582,0.130334,-1.649606,1.202254
12.184957,0.411922,0.184925,3.660344,-3.871760,0.045481,0.020953,-0.794823
9.899204,-0.645363,-0.729838,-2.901183,1.455430,-1.357821,0.592992,-0.513519
9.452482,-1.232099,1.362422,-4.994647,2.609864,-0.581900,1.304136,0.838914
10.392710,-1.796403,0.924569,-4.249637,1.484016,-0.900225,0.335881,0.585450
10.347823,-1.899377,0.396617,-3.499693,1.704417,-1.791881,0.301314,-0.924379
10.371881,-1.090436,1.025051,-4.700240,2.436445,-1.562499,1.122351,-0.697192
11.409459,0.101000,0.214154,-5.327056,2.556448,-2.624108,0.485039,0.972776
11.243506,-1.701227,-1.176950,-3.754743,2.651870,-2.846406,-0.586492,-2.391742
11.176792,-0.426297,-0.378046,-3.208975,1.593881,-1.717061,1.188811,-2.418258
11.013698,0.985192,-0.483816,-5.469827,6.175225,-0.955650,0.407099,-0.749686
11.838972,-0.498304,-0.113188,-5.397523,4.588195,-0.057447,0.064257,-1.008475
8.749360,-2.739279,-1.534429,-3.254724,2.893617,-2.387709,-0.935343,-3.225623
9.210447,-2.249475,-0.064796,-2.556898,1.125636,-0.277574,1.001720,-2.114287
7.472521,-2.350371,1.639708,-2.130778,1.154231,0.174379,1.831534,-0.516772
9.645040,-1.571736,1.135942,-4.373055,1.819912,-0.411606,0.986348,-0.161029
10.455778,-2.771399,1.019034,-4.469130,1.296838,-0.429335,0.664973,1.402379
10.017122,-2.778283,-0.090470,-2.881910,1.295487,-1.465361,0.384987,-2.791054
9.712726,-2.027912,1.064093,-2.888281,0.983101,-0.476207,1.338234,-1.959528
13.799356,-0.809365,3.459895,-6.875405,3.816825,-1.164818,0.172101,0.052432
14.488427,-0.757977,2.115118,-6.586590,3.392175,-2.141726,-0.361745,0.247851
10.566703,-1.650444,-1.315833,-3.868130,2.488403,-2.594749,0.016680,-2.464955
9.740374,-1.103271,-0.201280,-2.966522,0.853210,-0.715392,1.810177,-0.894908
5.701319,-2.213375,-0.266228,-2.991655,2.126753,-0.593364,1.198019,-0.876359
1.871010,-4.433784,-2.073221,-1.187728,1.803185,2.037082,0.102990,-0.893428
-9.285794,-7.913580,-2.132834,1.186569,0.574547,-1.450394,2.161705,0.787003
-10.234276,-7.111463,-2.550091,1.229781,0.236156,-2.437566,2.466422,1.206485
-11.256647,-6.103032,-3.262195,1.322806,-0.084440,-3.526192,2.591446,1.479259
-11.464402,-5.919516,-3.432088,1.231807,-0.158183,-3.789044,2.436798,1.117608
11.780235,3.607962,-2.864088,5.434494,-2.426014,-1.053254,-0.300410,-1.861847
12.909813,1.950950,-4.325489,1.185498,0.546956,-1.840358,0.539194,-3.031867
14.598068,4.750613,0.056320,7.365269,-3.977919,-0.851019,-0.770058,-2.013534
10.966071,4.293455,3.528622,1.565668,1.744850,-1.224045,-1.739345,0.212733
11.567487,0.951664,0.246913,3.706900,-3.351519,0.038813,-0.138108,-1.440293
10.969743,1.122727,-4.400867,0.886786,-0.022732,-1.903901,0.731449,0.121210
12.985768,2.756921,0.308456,5.418613,-3.514490,-0.972334,-1.200946,-0.327345
8.577553,2.766604,2.572557,2.185765,0.274371,-0.330020,-1.701064,2.525511
9.492855,0.478387,1.081077,3.775948,-2.807224,0.172387,-0.550344,-1.518216
11.084557,-0.345265,-1.499325,1.321714,-2.013127,-0.502954,1.010907,-0.501701
14.214396,1.355108,0.932925,5.915867,-5.729845,-0.191759,0.091019,1.801984
11.876741,2.966769,3.481610,4.022555,-2.375735,-0.133443,-1.312614,2.837297
9.718918,1.667211,2.686049,4.088679,-1.429664,-0.197419,-1.933987,0.138562
12.901859,1.374876,-1.098242,2.706356,-2.514750,0.449515,1.083687,1.171045
10.970118,-0.678046,-3.913180,-0.995734,1.382044,-1.413070,0.736579,1.091779
12.142566,2.076452,1.891874,6.731159,-5.309220,0.423792,-1.008349,1.139396
8.010380,2.765312,3.941931,2.656719,0.106603,0.424917,-2.300129,2.923098
10.373254,-0.234676,1.038672,4.226317,-4.315117,1.913964,-0.834327,-0.899789
10.256798,0.286301,-2.019631,-2.871882,2.587262,-1.787105,0.473382,-2.535849
8.719012,-0.973002,0.425323,-4.005429,2.881528,-1.626685,1.254578,-1.519430
8.948631,-2.734264,1.289822,-4.096537,1.208764,-0.937381,0.213374,-0.179136
6.818679,-3.761745,-0.829742,-2.219362,1.172149,-1.627255,-0.533100,-2.630032
9.955169,-2.331399,1.163816,-3.828319,0.854457,-0.485448,0.688148,-1.630188
9.606057,-1.643083,1.530315,-5.182086,2.435212,-0.887418,0.683994,-0.556097
8.235880,-2.189534,-0.286406,-3.790137,1.782384,-1.342602,-0.449961,-0.785876
8.970693,-3.153295,-0.006937,-2.488221,0.812781,-0.900696,0.412167,-1.260519
11.201374,0.116699,-0.495900,-2.781563,1.253256,-0.505787,1.407664,-0.047493
12.417066,1.087707,1.512264,-5.583200,3.855325,-1.669992,0.750618,1.240052
13.906174,0.393605,1.199142,-6.127201,2.810302,-1.443067,0.527774,1.849142
11.184061,-1.621177,-1.338504,-3.267292,2.200669,-2.541837,-0.371241,-2.570085
9.880168,-0.649467,-1.577537,-1.813078,0.736874,-1.536001,0.635388,-2.134896
11.562345,1.389580,-0.870118,-5.430275,4.819375,-2.565688,0.437602,0.361194
14.533678,1.555945,0.673627,-6.806408,3.921958,-3.176742,0.177984,0.862725
11.910146,2.269697,-3.273965,-2.361281,3.101264,-4.609208,-1.549901,-1.000627
9.604824,-0.725620,0.950830,-3.526948,1.753132,-1.363204,-0.630004,-0.693002
8.854478,-0.545609,1.315746,-4.168485,2.617059,-1.578669,0.174018,0.267919
10.235472,0.309780,-0.581228,-4.856514,2.483701,-2.532310,0.334756,-0.202885
8.475644,-2.936045,0.075010,-3.801267,2.375319,-2.440626,-1.046904,-1.679682
4.301022,-2.991354,-2.656726,-2.046753,4.305211,-1.279707,-2.944232,-2.699370
-9.845531,-7.265148,-1.707400,2.000607,0.186667,-3.037062,0.437009,1.773830
-9.435630,-6.513738,-2.729644,4.006157,-1.936231,0.163337,1.053236,7.401822
-9.553506,-6.398976,-2.860130,3.960773,-1.943463,0.116822,1.037643,7.451720
-10.684295,-6.701037,-2.192448,1.991353,0.084228,-3.743869,0.287047,1.703954
-9.808638,-7.192527,-1.753542,1.944778,0.367563,-2.594111,0.281593,1.534405
-8.776978,-6.955352,-2.380965,3.970327,-1.695498,0.838099,0.855543,7.129822
-9.196791,-6.694965,-2.717167,4.119263,-1.787263,0.596018,1.018702,7.495589
-10.128686,-6.709818,-1.961499,1.999216,0.311978,-2.934837,0.338250,1.725003
-10.416715,-6.486040,-2.250751,2.221614,0.285976,-2.901287,-0.055682,1.581991
-10.614136,-6.484354,-2.331741,2.052385,0.285281,-3.070502,-0.113650,1.462944
-10.680070,-6.484223,-2.544352,2.315896,0.391142,-2.871562,1.681704,6.245308
-10.493919,-6.695296,-2.334037,2.369967,0.377548,-2.828218,1.837394,6.282619
-10.681017,-6.656468,-2.186449,1.944346,0.071537,-3.568503,0.078877,1.440275
-10.649645,-6.539070,-2.191769,2.066326,0.058572,-3.566752,0.302179,1.671944
-10.819997,-6.186304,-2.342308,2.032394,-0.094923,-3.949414,0.520314,1.798828
-6.653720,-5.732480,-1.918542,3.950583,-2.734351,-0.554273,1.258352,1.998769
-4.307937,-4.141597,-0.357818,5.060329,-2.900687,2.791428,1.019962,1.081699
-10.648727,-4.215261,-0.253270,2.965932,1.823285,-0.186604,0.641125,0.596424
-11.481669,-3.397802,-0.726393,3.139157,1.762912,-1.054772,0.721485,0.757319
-11.929029,-3.474167,-0.472045,2.804803,1.042618,-2.629819,1.256465,0.790768
-12.243855,-3.037502,-0.603183,2.676653,0.678516,-3.020521,1.051141,1.203850
-11.673679,-3.313663,-0.356502,2.668223,0.781077,-2.362264,1.004136,1.056105
-11.917972,-1.673702,-2.779932,3.567505,3.780590,2.504535,-1.006674,-0.049757
-4.644797,3.768535,0.775130,0.331680,1.235133,4.103322,1.695557,-0.973909
-12.952801,1.701408,1.636079,-0.353465,1.539407,3.451514,0.251703,-1.759122
-15.712558,4.524105,0.697759,-0.363025,-0.513461,-0.895687,0.552352,-0.409957
-14.738806,3.468250,0.688256,0.248694,0.779681,1.945407,0.034877,-0.958088
-14.517455,3.068497,0.925579,0.102793,0.778626,1.971943,0.114783,-1.180824
-10.788682,5.638545,-3.405515,1.296550,5.284083,8.062993,-3.801489,-1.970068
-10.986063,5.678238,-3.004527,1.001609,5.365011,7.477272,-3.870774,-1.780166
-12.444097,1.361184,2.378927,-0.450324,1.206268,2.649105,-0.424693,-0.731853
-11.837739,1.303830,2.616045,-0.541407,1.141109,2.887823,-0.017014,-0.735011
-13.133354,2.428808,1.304854,-0.228514,1.726625,3.525359,-0.735035,-0.291313
-16.061769,5.442400,-0.315352,-0.027515,1.331137,2.076588,-1.158824,-0.432926
-16.014847,5.641832,-0.206871,0.101286,1.192647,1.991260,-1.144538,-0.282963
-15.238105,4.518244,0.432833,0.314264,1.212131,2.894849,-1.140131,-0.406335
-15.173871,4.422766,0.366746,0.494209,1.418820,3.173268,-0.895897,-0.419565
-14.957132,3.577319,1.328686,-0.129117,-0.214767,-0.529463,0.787922,0.062596
-14.767307,3.255945,1.405334,0.009589,0.204075,0.402065,0.427721,0.158967
-15.176826,3.981876,1.061101,-0.073278,0.185579,0.267356,0.086310,0.056328
-15.574237,4.823327,1.109851,-0.465049,-0.967922,-1.564433,0.206075,0.070262
-15.141209,4.112379,1.053994,-0.049570,0.161202,0.284341,-0.202441,0.254387
-14.426499,3.132052,1.073043,-0.153591,0.899679,1.596674,-0.461841,-0.153122
-14.684124,3.552893,0.740047,-0.058148,1.074506,1.790085,-0.661271,-0.186943
-15.535275,4.460759,0.966630,-0.194818,-0.441352,-1.048863,-0.026545,-0.122930
-14.432423,4.001940,-0.413757,1.445262,0.951625,5.746565,-1.878223,1.190548
-14.425545,4.202432,-0.488392,1.312995,0.753410,5.166384,-1.707895,0.901665
-15.051278,5.304451,-1.279154,1.209132,3.023269,7.544748,-2.571436,0.398999
-15.009305,5.379855,-1.334814,1.317489,3.420993,8.523220,-3.228427,0.549898
-15.548546,4.844853,1.177421,-0.416726,-0.847537,-1.133880,-0.224780,-0.176446
-15.517586,4.683445,1.352486,-0.553689,-1.061112,-1.472967,-0.125188,-0.236979
-15.481223,4.737604,1.434672,-0.612719,-1.212478,-1.534038,-0.080287,-0.002494
-15.640160,4.917715,1.306336,-0.667910,-1.188785,-1.613971,-0.156617,-0.070091
-15.382577,4.274711,1.429933,-0.454389,-0.828047,-1.272051,-0.036167,-0.023681
-14.697283,3.668056,1.331852,-0.062726,-0.875730,0.090811,0.922825,0.460092
-14.495469,3.679208,1.453574,-0.087773,-0.860887,0.111778,1.040478,0.451115
-15.067626,4.067659,1.365880,-0.089079,-0.528665,-0.951198,0.256236,0.167639
-15.387385,4.643685,1.302987,-0.279942,-1.006556,-1.546111,-0.083645,-0.122348
-15.174512,4.306261,1.485380,-0.359253,-0.809169,-1.222773,-0.014794,-0.035404
-15.076608,3.955021,1.617475,-0.447180,-0.792079,-1.185081,-0.027229,-0.256701
-15.427682,4.322263,1.318167,-0.440971,-0.794580,-1.317991,-0.018184,-0.037714
-15.606612,4.788851,1.000880,-0.256663,-0.534687,-0.555254,-0.428610,0.014489
-15.515616,4.699229,1.184503,-0.229953,-0.573604,-0.490727,-0.606643,-0.319420
-15.210020,4.421179,1.666026,-0.624350,-1.119622,-1.443223,-0.013897,-0.046361
-15.619988,5.939270,-2.355612,1.178742,3.766422,6.440713,-3.252581,0.161185
-6.938439,-1.861509,-1.304185,1.728066,4.517694,3.461981,-1.085070,-0.749392
-2.566599,-0.573996,0.497050,-0.005614,4.257295,4.012173,-0.576915,-2.470061
-12.277702,-1.082305,0.147681,2.794870,2.586746,1.643306,-0.022188,0.345760
-12.686247,-1.422019,0.785542,2.269252,0.986795,-1.968631,1.237925,0.808442
-11.476212,-2.118335,0.903978,2.396829,2.482284,0.774623,0.291984,0.057644
-10.920627,-2.437574,1.278061,2.371773,1.998406,0.270243,0.677001,0.301197
-11.239507,-2.252919,1.054031,2.426760,1.651334,-0.790874,1.026662,0.625706
-11.218886,-2.261738,1.085388,2.344840,1.598651,-0.581203,0.832494,0.690850
-6.754569,2.769053,1.396578,-0.926434,1.659130,4.676843,-0.141357,-2.512967
-14.871987,3.593713,0.903590,-0.168189,0.341094,0.588482,2.367070,-0.835293
-14.954330,3.896276,0.982246,-0.253464,0.138995,0.537368,2.027894,-1.119725
-15.294842,3.998515,0.766579,-0.498813,-0.093024,-0.106146,2.050039,-0.670921
-15.289014,4.033217,0.234994,0.149263,0.717358,0.782480,2.070822,-0.447847
-14.893868,3.712225,0.615048,0.165666,0.547105,0.723656,2.148997,-0.603636
-14.804466,3.503355,0.644964,0.099444,0.644344,0.955214,2.008718,-0.984061
-14.847782,3.812878,0.624962,-0.021350,0.605878,1.134977,1.935481,-1.084752
-15.595721,4.552300,-0.134590,0.182350,1.694548,2.458065,0.883788,-0.932630
-15.188740,3.953863,0.347713,0.104796,1.164840,1.426649,1.518406,-1.105724
-15.236154,3.937538,0.257904,0.037124,0.715865,0.623266,1.751502,-0.896768
-14.944227,4.451745,0.121410,-0.417872,0.967463,2.186089,2.706230,2.299546
-14.528194,3.847299,1.037184,-0.706895,0.432775,1.794648,3.227460,2.149832
-15.206447,3.771962,0.962695,-0.280888,-0.031981,-0.177240,2.015911,-1.298742
-15.032871,3.483342,1.101427,-0.287157,-0.010891,0.024239,1.954687,-1.368785
-15.177041,4.054312,1.045736,-0.488852,-0.558345,-0.549485,2.119112,-0.945102
-14.846028,3.726869,0.598783,0.138194,0.738217,1.874834,1.630548,-0.926840
-14.875490,3.890318,0.613262,0.199427,0.795450,1.998122,1.548705,-0.947634
-14.614162,3.724832,1.169032,-0.129934,0.318903,1.192410,1.901034,-1.010483
-14.738168,3.495829,1.193493,-0.164518,0.276901,0.839553,2.044731,-1.121668
-14.850780,3.491577,1.200201,-0.272396,-0.042537,0.099946,2.325447,-0.946491
-15.209219,3.881665,0.760366,-0.097610,0.117955,-0.021932,2.348335,-0.674306
-13.988723,3.847219,-0.219959,1.316129,1.262779,7.026211,1.135777,3.480805
-13.554041,3.358696,0.472857,0.963760,0.620024,5.904929,1.583778,3.379119
-14.765708,3.825286,0.349558,0.215203,1.497867,2.775855,0.797759,-1.291622
-15.080377,4.183376,0.107628,0.326352,2.281406,3.592866,0.345136,-1.065181
-14.968821,3.620939,1.261399,-0.416509,0.001012,-0.071079,2.056582,-1.015640
-15.254244,3.948446,0.929233,-0.393531,-0.194840,-0.401671,2.037470,-0.638598
-15.345191,4.197615,0.900750,-0.359997,-0.242027,-0.286275,2.028468,-0.690294
-15.271468,4.205574,0.892969,-0.225627,-0.197998,-0.349612,1.999062,-0.826510
-14.884748,3.670652,1.189159,-0.153099,0.110466,0.243251,2.004177,-0.731577
-14.518321,3.181318,1.603723,-0.311639,-0.011713,0.380579,2.100439,-0.888801
-14.830945,3.681597,1.244894,-0.356979,-0.146024,0.226012,1.822563,-1.325297
-15.212593,4.311184,1.225348,-0.953412,-0.965239,-0.767528,1.539331,-1.475137
-15.147562,4.028166,0.887566,-0.263048,0.176102,0.626795,1.615731,-1.140232
-15.097835,3.936613,0.980676,-0.107246,0.186210,0.267395,2.030969,-0.607996
-15.335396,4.331200,0.947040,-0.244536,-0.304126,-0.443477,2.091425,-0.688328
-14.400845,4.590110,0.009263,0.770398,-0.085452,3.858713,2.068674,3.609365
-14.270003,4.348567,0.132018,0.791591,-0.149764,3.811139,2.124521,3.581237
-15.070213,3.912185,0.982760,-0.370455,-0.199012,-0.131547,2.186182,-1.009567
-15.264943,4.147917,0.734309,-0.344872,-0.019283,0.062849,2.019442,-1.061610
-15.213055,4.278513,0.571632,-0.468294,-0.209873,-0.244880,2.100705,-1.130728
-14.665280,3.550599,0.951557,-0.260603,0.335705,0.559497,2.340198,-1.007755
-14.131420,4.970865,-3.066091,0.844076,6.547704,11.811092,-3.586660,-1.608624
-0.442669,-2.272651,-0.786240,0.515239,3.500542,1.822934,-0.617798,-3.019783
-9.345116,-5.198570,0.357493,2.013338,1.488089,-0.437480,1.531203,0.015843
-10.474749,-3.366701,-1.209838,2.533550,2.000697,-0.491171,0.967308,0.686337
-11.319192,-2.529862,-2.183578,2.937630,2.857458,0.869295,-0.132453,0.728543
-9.750790,-5.437489,0.497773,2.315158,1.223538,-0.684270,1.715754,0.260517
-9.827134,-5.428519,0.460581,2.212570,1.263539,-0.708609,1.791378,0.312606
-10.643907,-4.673620,-0.065960,2.189208,1.134639,-0.935191,1.395072,0.034788
-11.350142,-3.704312,-0.629008,2.504395,1.218735,-1.414638,1.507142,0.525266
6.720908,1.526586,-1.725833,1.762090,0.323978,0.126263,0.651456,-2.893849
5.620997,1.516267,-1.470240,1.351126,1.814137,-0.023887,0.138993,0.258422
6.021686,0.779238,-2.914252,2.242052,2.043017,-1.707609,-1.991183,-0.997925
6.498673,-0.530305,-3.172982,1.690334,2.047002,-2.045474,-1.297390,-1.934169
9.068630,1.436332,-5.929676,2.302113,0.473186,-1.045770,1.900555,0.234163
8.918036,0.752738,-5.561036,1.172484,-0.008024,0.501645,2.791401,0.813576
8.415626,2.153566,-5.217838,-1.534527,4.105333,-0.739426,1.377043,-2.290678
8.622000,3.034058,-2.997107,0.906853,1.591018,0.625841,0.896078,-2.230086
7.199782,0.083343,0.745280,0.766731,0.213021,0.896170,0.666757,-1.238660
6.991026,1.357955,-1.842970,0.787410,2.710373,-1.530353,-1.240694,-0.556672
8.456197,1.060857,-2.627697,1.942833,1.764857,-1.427986,-1.139425,-0.817851
10.465322,-0.217823,-2.320210,2.171107,-1.041839,0.150545,1.423951,-0.275770
8.636028,-0.428764,-2.744449,0.028403,-0.080940,1.704145,3.284491,1.980232
5.681466,-0.766586,-1.242665,0.477745,0.054697,0.419925,2.026970,-1.764107
7.496827,2.104218,-0.969771,1.246518,0.237830,0.481401,1.319296,-0.741542
8.691488,1.930181,-0.721463,0.513262,1.533469,-0.311520,-0.267800,-0.315529
8.311812,0.305699,-2.275038,0.636566,2.057956,-1.390971,-1.381374,-0.552871
9.697879,-1.081950,-2.406149,1.803216,-0.621891,-0.483064,0.482509,-1.984801
8.535080,-1.012835,-2.806634,0.561869,-0.872511,0.946466,2.754331,0.547420
6.278209,-1.579865,-1.259279,-0.127979,0.320649,1.197242,2.271479,-1.159637
7.635837,1.231416,-0.754399,1.049047,0.045345,0.872882,1.135655,-2.475502
7.978301,2.051793,-0.257694,0.252353,1.761679,0.460548,0.647920,0.331497
7.552199,-0.191889,-1.035880,1.003315,1.858059,-1.117094,-0.829675,-0.892450
8.365806,-0.254381,-3.529762,2.175455,0.060970,-0.775329,0.194474,-2.032631
7.457725,-0.084754,-3.933793,0.692189,0.252879,0.824949,2.617295,0.817967
6.487163,1.260413,-2.733762,2.006263,0.038457,0.096360,2.072662,-1.871387
8.227271,2.372349,-1.027394,1.057749,1.064609,0.427746,0.209866,-1.834043
8.036365,0.813127,-0.158554,0.904729,1.434102,-0.080815,-0.845527,0.384274
8.878696,-0.401386,-1.896852,2.910485,-0.474233,-1.314004,-0.288390,-1.969414
9.777218,-0.074221,-3.128067,0.807966,-0.134003,-0.302980,2.387036,-0.238783
8.284336,0.464098,-3.412831,0.263483,0.579492,-0.255028,2.876090,-0.188349
9.455207,1.821701,-1.150012,0.751100,0.155688,-0.310797,1.233281,-2.471590
8.824133,2.423237,-1.116637,0.004898,2.020685,-0.110871,1.080711,1.111462
7.929256,0.411163,-2.349424,1.750712,1.512456,-1.799620,-0.574522,-0.448557
9.789552,0.171836,-2.897480,1.598614,-0.243086,-0.716546,1.438026,-0.755031
8.674818,0.000159,-3.099249,-0.073459,0.212302,1.010549,3.341386,1.684815
7.329631,0.586078,-1.350748,0.982054,-0.223308,0.293683,1.282409,-2.450674
7.351793,1.959825,-0.817506,0.983090,0.447944,0.803849,0.828573,0.032773
6.995434,0.433103,-1.458889,1.709361,0.790315,-0.278335,-0.443928,0.753377
10.171990,1.183313,-4.941920,2.203441,0.632813,-1.432927,0.205189,-1.990000
10.444398,1.670132,-4.740035,0.547025,0.587237,-0.259438,2.613231,0.466681
9.251787,2.449640,-3.059457,0.856211,0.349555,-0.670378,1.905973,-1.419216
11.458853,4.061897,-1.743392,-0.550034,2.075676,-1.169623,0.950890,-1.649189
10.731078,2.991850,-2.696925,1.156107,2.199316,-1.850121,0.017585,0.475106
11.504556,0.544816,-2.992849,0.632352,0.393563,-1.141665,0.482810,-2.430117
10.483255,0.369103,-2.761835,-0.596116,0.328027,0.140279,2.497002,0.036244
6.321232,0.031592,-2.022306,0.244045,2.101431,-0.388786,1.217196,-2.126450
-1.081374,-1.099207,-2.658463,1.628111,3.714308,0.986773,0.136330,-1.900091
-10.576124,-3.548270,-1.070176,2.660986,1.755458,-0.242507,1.042543,0.451268
-12.299346,-2.179935,-2.970301,3.246088,2.125175,-1.982897,1.027694,1.040324
-9.840954,-3.203265,-1.819012,2.801546,2.216142,-0.440991,0.943225,-0.049132
-9.256237,-3.606860,-1.196773,2.723899,2.285211,0.503750,0.685039,0.025917
-11.649484,-3.207325,-1.500899,3.166880,1.716266,-1.336027,1.520167,1.307575
-11.315543,-3.837568,-0.733820,2.793200,1.349899,-1.466800,1.639469,0.600195
-11.748072,-2.922479,-1.761402,3.022926,1.875631,-1.607498,1.422604,0.678488
7.472607,1.535061,0.112765,0.571483,0.886926,0.574989,0.445771,0.511621
8.107306,1.302149,-2.414343,2.033067,1.605855,-1.229474,-1.157785,-0.700651
9.570034,0.699757,-4.005948,2.461113,0.243930,-1.602773,0.235443,-1.867889
8.834756,-0.114185,-3.278153,0.537907,-0.475514,0.036164,3.035346,0.802646
8.929819,0.643376,-2.058482,-0.423572,0.959251,-0.333322,2.546105,-0.183598
10.044901,1.475761,0.406440,-0.230109,0.264211,0.034604,1.158383,-2.086304
8.856388,2.668476,-1.255518,0.513339,1.674551,-0.546028,0.202346,-0.428975
8.143026,0.524006,-2.206226,1.659310,1.479827,-1.693569,-1.303553,-1.020368
11.492829,-0.769380,-1.264267,0.192633,0.027396,-0.634937,0.817551,-1.986911
10.819443,1.232957,-3.633504,-0.699088,0.810934,-0.409557,3.095302,0.898904
8.112385,0.661619,-0.720219,0.944426,-0.438162,0.576622,2.140267,-1.359795
11.616579,2.925647,0.352496,-0.940814,1.913479,1.300428,1.834805,-1.018982
10.423277,1.601432,-0.939645,0.043582,2.600345,0.400320,-0.286459,-0.680174
9.046664,-1.428955,-1.448113,1.123825,0.222125,-1.001878,-0.368521,-1.983051
9.936381,-0.811671,-1.727336,-0.710124,-0.230597,0.300629,2.248788,-0.445908
8.114517,-0.054680,-0.883395,-0.926730,0.607780,0.468832,2.622784,-0.488834
9.526783,1.360801,0.777855,-0.139211,0.829269,0.812316,1.077735,-2.709683
9.110921,1.614028,0.355973,0.218372,1.438820,0.840816,0.948578,0.358016
8.349704,-0.832499,-1.549266,2.295422,-0.047383,-1.516782,-0.978018,-1.571550
8.752078,-1.566771,-2.531786,0.693216,-0.087643,0.010566,1.362379,-0.918178
8.129219,0.781275,-3.411261,0.756546,0.717178,0.267903,2.407258,-0.842433
8.406165,2.356985,-1.500957,0.976436,0.757792,-0.077826,1.160925,-2.491720
7.342878,-0.086140,1.638391,-0.337487,0.970364,1.222598,0.373063,-0.860519
6.649911,-1.312142,0.426066,1.734603,0.289492,0.184695,-0.629047,-0.060931
9.118131,-0.756100,-2.145144,2.413072,-0.882765,-0.414986,0.685326,-1.575630
9.068773,0.372825,-3.444305,0.297342,0.007416,1.067380,3.099904,2.126937
12.447254,3.855439,-3.441712,-0.054667,1.823738,0.205043,1.257303,-1.833928
14.283512,4.997583,-1.413452,-0.819117,2.316939,0.191923,0.651195,0.436766
9.095159,1.485270,-1.336305,0.738630,1.425607,-1.255873,-0.967354,0.507532
9.034609,-0.840567,-2.909001,1.980669,-0.326254,-1.449310,-0.189643,-2.567497
8.299684,-0.851438,-2.732968,0.327772,-0.310827,0.804624,2.437258,0.590468
11.355108,4.549963,-3.786350,0.029509,2.850911,1.623404,1.052514,-0.043404
12.179495,6.397663,-3.099165,-0.171971,3.619638,1.023685,0.386276,1.213288
8.408494,1.137268,-1.091351,1.400793,0.858785,-0.338038,-0.472841,0.186068
8.761628,-1.208639,-2.284226,1.496826,-0.440440,-1.268654,0.050619,-2.376990
8.242786,-1.260590,-2.567700,-0.220122,-0.093974,0.428976,2.579432,0.220875
9.590924,0.384927,-0.980800,0.995047,-1.078647,1.082560,2.545314,-1.828982
10.163183,2.468521,-0.628071,0.276621,0.934175,-0.098800,1.404860,-1.469666
8.455109,4.187545,-4.604022,1.855455,3.503398,-2.832853,-0.290388,0.229866
12.138794,4.626232,-6.832675,2.956317,2.228624,-3.045323,-0.338093,-1.321996
14.493792,5.384800,-6.588962,-0.113966,2.897646,-1.343555,1.844903,0.839532
12.592006,4.602924,-2.858658,1.481276,1.123635,-0.477329,0.816283,-2.082056
8.237128,4.375544,-1.565639,0.637707,3.659009,-1.031523,-0.146044,-1.525499
7.234063,0.850056,0.397860,-0.800603,3.395552,-1.717288,-2.197231,-2.910689
6.451112,-0.248441,0.744515,-1.894551,3.968542,-1.650425,-2.145809,-2.372031
-8.064191,-5.763703,1.535488,2.634468,1.842042,0.566999,-0.861868,0.111422
-9.337786,-5.017839,0.878661,3.081040,1.459973,-0.934026,-0.702206,0.386986
-10.424165,-4.843942,0.727975,3.014004,1.477108,-1.988314,-0.249293,1.049715
-10.264369,-4.779544,0.744309,3.113395,1.568564,-1.674829,-0.335993,0.991759
-10.073358,-4.946550,0.824940,3.301920,1.641894,-1.215682,-0.670234,1.296868
-10.190577,-4.679316,0.625292,3.105000,1.521161,-1.777964,-0.324376,1.238925
-9.331374,-4.115147,-0.250106,4.922403,-0.217405,2.042765,0.338067,6.937732
-9.886726,-3.359945,-0.992490,5.207535,-0.127932,1.776021,0.153108,6.820610
12.474792,0.997450,-1.502787,6.532644,-4.727068,1.099994,0.385404,-3.296643
14.385234,3.749219,-1.823165,6.143465,-3.695293,-0.325541,1.011866,-2.590969
15.512509,5.615607,-0.689948,2.842505,0.971527,-1.634163,0.080169,-2.855754
16.600981,5.971309,-3.985044,2.132937,-0.390689,-1.908961,1.193485,-2.405466
14.882240,6.161415,-0.913460,5.616026,-2.098353,-0.771669,1.454507,-1.733574
12.710574,3.890917,-1.929118,8.327759,-4.258286,-0.533740,0.594100,-2.217723
17.072139,8.076020,-7.465435,6.163514,-0.885095,-2.768947,2.205051,-2.500510
21.061376,17.878913,-16.109324,9.054749,3.479330,-6.646016,2.468398,-1.234780
17.265949,14.354407,-17.092987,9.131110,3.097066,-5.562948,1.417665,-0.530081
14.639947,5.107203,-5.323332,6.059070,-2.512498,-2.002392,0.124337,-2.894287
17.623207,6.854186,-2.032835,2.403741,1.030737,-2.301953,-0.205864,-4.332109
18.744166,7.816703,-4.254634,2.432326,0.891855,-2.194447,0.322165,-3.491518
17.645987,7.714722,-4.505990,3.532941,0.200829,-1.751666,-0.358773,-3.150513
16.570268,5.704096,-4.560630,5.664186,-1.609978,-1.038621,0.486762,-3.639993
18.302332,7.795710,-4.074654,6.298435,-1.844271,-1.471464,1.723449,-3.392497
16.296523,7.672807,-2.689609,5.528714,-0.634496,-1.836010,0.691797,-2.633068
18.235239,10.388103,-7.249246,4.022619,1.324870,-2.402718,1.706733,-2.938320
18.474454,11.423384,-5.070312,5.035098,1.391962,-2.889000,1.441815,-2.124790
14.759747,5.251096,-2.601276,5.307101,-2.041042,-1.865066,0.239027,-1.115639
17.673331,6.851940,-3.309112,4.184070,-1.183970,-2.483862,0.016522,-3.232622
15.838452,7.310333,-2.257776,4.737525,-0.364416,-2.095774,0.132585,-2.037780
16.768148,8.045593,-6.636213,6.228694,-0.947314,-3.416630,0.990108,-3.639322
19.346274,10.193770,-6.369017,6.434699,-0.482421,-3.967396,0.460905,-3.215588
17.056432,5.783624,-2.970498,5.597328,-2.375517,-0.935105,0.318294,-1.165134
19.192144,9.242747,-5.844940,4.905333,-0.035437,-2.874898,1.045778,-2.963620
16.195035,7.010538,-2.202316,4.729374,-0.425320,-0.894825,1.031907,-2.687316
15.683226,5.514586,-3.407156,3.909749,-1.461722,-1.193515,2.069051,-1.973451
16.326891,7.060518,-2.570234,5.590026,-1.814816,-1.703933,1.307866,-2.123674
14.918345,5.045664,-3.426015,7.308978,-3.397092,-1.583699,-0.086247,-1.997629
18.376853,6.350557,-3.032131,2.654143,-0.362164,-2.601206,0.969813,-3.149766
18.808891,8.980405,-5.867501,3.636075,1.887750,-3.691152,0.772669,-3.286149
21.178250,10.748588,-4.865553,7.132068,-1.138066,-3.161896,1.634228,-2.021418
19.265118,9.964758,-2.187185,6.732313,-1.427553,-2.598120,0.917159,-2.034841
18.168432,5.224140,-3.337816,4.560608,-2.204421,-1.863437,0.918629,-0.846640
20.572499,7.928456,-2.389486,3.106559,-0.819328,-2.715555,0.923954,-2.108842
15.815075,5.868704,0.037906,2.756207,0.300775,-0.734697,0.186598,-1.810560
13.207368,4.264059,-4.120636,3.223123,-1.942885,-0.848097,2.040631,-1.089439
17.330123,7.846153,-0.619722,5.537147,-3.323774,-0.073166,2.711119,-0.640794
14.177850,5.593468,0.727136,4.542664,-0.655056,-0.831284,0.825617,-1.853040
17.422961,5.737779,-5.138273,1.997345,-0.122904,-2.995155,-0.035896,-1.702702
20.447051,8.454982,-3.756542,3.558170,-0.502210,-3.579396,1.023850,-1.587747
15.299797,5.803076,-3.241037,3.070351,0.967130,-3.077070,0.707865,-4.379545
17.587713,4.248291,-3.569291,2.266176,-0.503433,-2.285607,1.078299,-3.205779
17.529714,5.277103,-1.649400,3.023978,-0.647292,-2.774130,0.029799,-3.791623
11.171830,0.069794,-0.214802,6.576688,-4.326475,0.745592,-0.211696,-2.840943
10.042718,2.743588,-3.559452,3.073862,0.151076,-1.021563,1.427381,-3.912718
8.017478,1.337523,-4.577557,2.715023,0.295880,-1.377630,0.764641,-3.469210
10.552994,2.006441,-3.430192,1.718877,0.803004,-2.075234,0.552560,-5.185792
11.759465,3.543303,-4.024874,0.262388,2.348859,-3.261712,-0.370900,-2.926120
12.537460,3.661223,-6.539866,-2.311874,3.753664,-4.469069,-0.356474,-0.757714
14.387071,3.656627,-4.214755,-3.094403,3.729528,-3.624601,0.516688,-0.750900
15.676767,3.838802,-3.363127,-3.862935,3.947637,-3.051550,0.522189,-0.795527
17.761577,4.423886,-4.684449,-3.725821,3.701411,-4.161199,0.236508,-0.864774
19.351947,8.279649,-7.228718,0.307959,4.043752,-4.848921,1.395851,-1.644049
18.025866,9.413103,-8.755488,0.887663,5.346419,-5.350644,1.403094,-3.036228
14.806210,4.236140,-4.792204,-0.493531,2.549464,-2.856815,0.319055,-1.225783
13.551861,3.583993,-5.297305,-1.919715,2.514710,-3.913434,0.503948,-0.641154
14.435037,4.801224,-7.315450,-0.430328,3.362144,-4.936847,0.841329,-2.630855
11.810702,3.582346,-6.756563,1.799359,2.767021,-2.133700,1.881585,-2.869981
9.696750,0.443190,-5.011982,1.766937,1.011903,-0.391239,1.626593,-3.008412
8.641498,2.645660,-5.362610,2.149830,1.633552,-1.030898,1.121566,-4.196203
8.528226,3.561936,-5.397807,2.026170,1.996884,-1.594309,1.696951,-2.058036
9.210638,1.650289,-4.182125,2.314450,0.602233,-1.813279,1.772659,-3.594918
11.146950,2.203547,-4.159989,1.184983,1.165470,-2.084974,1.252286,-3.751986
13.847172,8.450504,-9.840813,2.858550,3.730457,-4.764225,0.769045,-4.014108
16.197017,10.192579,-10.635244,2.501757,5.041864,-5.387208,0.749311,-4.695086
20.298542,10.029448,-10.794773,1.435274,4.566361,-4.708094,0.140665,-2.081707
17.792438,7.944766,-10.296138,0.081378,4.901140,-4.090148,0.051384,-1.787686
12.179652,3.441328,-7.566751,0.862373,2.955202,-2.085899,0.357219,-2.827808
6.311410,2.637733,-7.355206,2.613058,4.688164,-0.035244,-0.525016,-3.437455
-9.942551,-3.799049,-1.788176,2.367511,2.280553,-0.983634,1.093565,0.535860
-9.813730,-4.142040,-1.564865,2.411575,2.266318,-0.282029,1.041131,0.627987
-10.768729,-4.222268,-1.876853,2.336148,2.206021,-0.131552,0.608860,0.625068
-10.646142,-5.046669,-0.746964,2.340077,1.265113,-1.665862,1.507788,0.759082
-10.198731,-4.991373,-1.026683,2.565536,1.829040,-0.479478,0.992795,0.665593
-10.366407,-4.899147,-1.023360,2.466516,1.768334,-0.705209,1.040816,0.643432
-11.312392,-3.582437,-2.737533,2.767962,2.764997,0.724324,0.080598,0.066402
13.945333,3.776962,-3.228620,3.974344,-1.753608,-1.352701,1.675161,-3.267238
14.012421,6.023243,-4.079776,5.585107,-1.422352,-2.012902,1.601087,-3.205753
14.130168,2.760571,-2.087374,4.868606,-2.685731,-0.488932,0.563864,-3.397591
14.847498,5.837656,-6.430194,4.937428,-0.792382,-2.863398,0.572680,-3.952936
13.488693,4.697336,-3.946125,4.782785,-0.810621,-1.767146,0.108329,-3.329190
15.297422,6.389251,-7.203910,5.544390,-0.094592,-2.525452,1.451188,-4.061538
15.135130,6.987177,-5.753881,5.422299,0.294361,-2.887273,1.146072,-4.428953
14.436975,3.804932,-3.560730,5.790294,-3.065210,-1.514056,1.299509,-2.885383
14.101591,3.884407,-2.570929,5.634449,-2.981409,-0.930364,1.251765,-2.599436
12.011121,2.254760,-2.500859,5.418099,-3.208213,-0.116879,1.095064,-1.984257
12.904740,2.488812,-2.845625,5.146559,-3.025403,0.413430,2.521463,-2.671199
12.371308,2.220203,0.693112,4.311672,-2.310227,0.276405,1.288265,-2.820567
11.476038,1.067440,-2.676238,5.489607,-3.755615,-0.494170,0.545008,-2.189072
10.896079,0.950361,-1.170212,5.711854,-3.820386,0.210797,0.664558,-3.281771
10.172514,0.317056,0.058376,3.969920,-2.290017,-0.039044,0.093100,-4.102123
14.488448,2.481765,-1.846289,7.336987,-4.814991,0.897379,2.508416,-1.465734
14.044908,4.181225,0.558482,8.319088,-5.027445,1.039509,1.995257,-1.451759
14.944475,2.519866,0.193111,9.801842,-6.737885,2.230454,1.726192,1.714384
14.307117,2.428344,-2.000224,4.596328,-2.704469,-0.283435,1.287803,-2.588263
12.059851,3.598221,-1.306555,5.761082,-1.937715,-0.680965,0.874711,-1.263821
12.999791,1.993850,-2.860719,6.189047,-3.653657,-0.514127,0.035735,-2.441952
13.617791,1.710595,-5.450137,0.386231,0.562059,-3.166368,-0.436574,-1.608931
8.422837,1.199790,-5.308792,2.337471,0.883849,-2.248745,0.487333,-3.744956
9.865659,2.265529,-4.359722,1.844565,1.232429,-1.215629,0.450902,-4.920820
9.485473,2.429830,-5.038236,1.874880,1.535743,-1.222102,0.084035,-3.325264
8.967573,0.935028,-5.473929,1.223949,1.066338,-1.862449,0.991462,-2.660751
11.210144,1.919013,-4.154866,0.960892,1.993652,-1.122666,1.084525,-1.911519
10.440556,3.233532,-7.005215,1.721095,2.682507,-2.067847,0.393000,-2.836464
8.216828,-0.552254,-3.494949,1.507984,0.286257,-0.952727,0.743729,-4.907397
8.179009,-0.436715,-3.354889,1.374348,0.119927,-1.269965,0.323187,-4.073264
9.133111,-0.148100,-4.809919,1.319695,0.320513,-1.169255,0.648506,-3.050079
9.685988,-0.211581,-3.685295,0.911085,1.389985,-0.397053,-0.082116,-3.951034
8.586279,-0.042009,-4.284235,1.939783,0.731282,-0.628600,0.346729,-3.934758
8.630555,0.237459,-3.172892,1.526023,0.647633,-0.826363,0.745304,-4.534842
8.518460,0.379772,-3.719730,1.115727,0.991406,-1.589725,0.413209,-4.860966
7.572774,-0.865917,-2.631689,1.364597,-0.000860,-1.202769,0.671999,-4.510360
9.490350,0.012544,-3.502123,1.776530,0.572113,-0.781614,0.556843,-3.802354
9.686896,-0.250570,-3.295728,1.971735,0.168673,-0.188567,0.516116,-4.160822
7.259521,-0.568132,-2.635214,1.528655,0.059413,-0.473221,0.167873,-3.825304
24.664637,27.483772,-39.216739,7.648652,25.694935,-3.264404,-5.099751,-7.190552
24.413253,28.162281,-38.548432,7.821976,25.682664,-2.850963,-4.863243,-7.625024
9.442748,0.453528,-3.134487,1.286404,0.548027,-0.869017,0.749860,-4.671793
10.725734,2.010849,-4.969703,1.285148,1.453202,-1.914556,0.673106,-4.723919
8.337245,1.359265,-6.237458,3.464144,0.523113,-1.268395,0.730613,-3.363076
-9.575488,-6.883696,-4.531425,0.885440,0.928930,-0.880069,1.790077,0.690114
-9.277802,-6.464634,-5.145553,0.923185,1.107655,-1.117266,1.739260,0.229310
-9.819572,-6.090818,-5.555320,1.124747,1.178330,-1.036327,1.630589,0.297144
-11.129644,-6.190188,-5.146670,1.183175,-0.100717,-3.236961,2.626663,1.320786
-10.928308,-6.385106,-4.997635,1.146309,0.124151,-2.840151,2.524815,1.257528
-9.046413,-7.469437,-4.759853,0.722634,1.384577,0.922995,0.861696,0.441307
-8.986750,-6.662866,-4.924090,0.687433,0.973333,-0.438436,1.361046,0.209048
-9.677518,-5.906118,-5.730159,1.170083,1.570511,0.394757,0.718219,0.423074
-9.056090,-6.430603,-5.107980,0.811778,1.648227,0.722782,0.832903,-0.051594
-9.005390,-6.279141,-5.207830,0.944639,1.865835,1.283154,0.664143,0.106618
-10.712913,-6.627269,-4.605157,1.055559,0.062783,-2.858163,2.750003,1.086000
-10.251081,-6.412545,-5.177764,1.883955,-0.676262,-1.733356,2.568249,2.030004
-10.222572,-6.922062,-5.049073,1.895623,-0.868185,-1.746651,2.358927,1.803152
-11.170867,-6.548033,-4.969955,1.001145,0.167268,-2.775166,2.113687,0.952902
-11.037914,-6.380273,-4.996831,1.180926,0.188946,-2.512653,2.290242,1.409234
-9.480392,-7.356149,-4.153533,0.823234,0.609866,-0.655684,1.735482,0.950750
-9.750436,-7.185622,-4.422208,1.015133,0.865479,-0.426043,1.443448,0.940190
-10.887180,-6.895676,-4.284689,0.916466,-0.470896,-3.242436,2.685696,1.226453
-10.804219,-6.708464,-4.613891,1.049239,0.059174,-2.507564,2.315209,1.352536
-3.490127,-4.951882,-1.776121,4.186982,-3.817111,2.039820,3.754646,1.231873
-3.845220,-2.162037,-2.120989,5.098766,-0.685005,5.478959,1.174669,0.765806
-9.949357,-2.177747,-2.854764,2.371347,3.325131,3.311501,0.554856,0.420720
-11.818796,-3.256201,-0.833479,2.040535,0.740222,-1.775571,2.505468,0.578098
-11.156323,-3.860757,-0.665028,2.021229,0.266823,-0.730939,3.334639,1.210124
-10.895719,-4.070038,-0.684718,1.968157,0.709909,0.236796,2.313617,1.120514
-11.060388,-3.947169,-0.597245,1.976259,1.071855,-0.841099,1.952239,0.309321
-12.246258,-2.554945,-1.287482,2.222203,0.796555,-2.000818,2.369040,0.741507
-12.686715,-2.006464,-1.237864,1.975901,0.132266,-2.965761,2.494658,0.986782
-11.935798,-2.193795,-2.047843,3.311531,-1.310164,-1.022260,2.423947,2.732446
-11.528010,-2.565180,-1.938038,3.373035,-1.012526,-0.369025,2.257334,2.463229
-11.990594,-2.945569,-1.037669,2.125612,0.622997,-1.929147,2.612395,0.938089
-12.095674,-2.794725,-0.995320,2.042107,0.503090,-2.204364,2.450015,0.986538
-11.808889,-3.197435,-0.655105,1.912826,0.477089,-1.954712,2.309569,0.765413
-12.195286,-2.942197,-0.998567,2.130333,0.686738,-2.126261,2.543987,0.681584
-11.923914,-3.086074,-0.843814,2.056643,0.646698,-1.919627,2.402496,0.446364
-12.060430,-3.002431,-0.839474,2.082501,0.577255,-2.216794,2.644378,0.711225
-12.484999,-2.136917,-1.632015,2.382271,1.113768,-1.615411,2.272953,0.563837
-12.663947,-1.785526,-1.851902,2.349839,0.980771,-1.491062,1.922829,0.607212
-12.851244,-1.770116,-1.454967,2.081302,0.281491,-2.622282,2.004198,0.705841
10.407330,7.802653,-2.934331,-2.521935,1.794115,5.678310,10.953338,15.393760
2.951119,8.458924,-3.311977,-1.960537,2.716860,7.379312,6.936857,9.048961
-15.859063,4.547946,-0.495171,-2.859557,-3.504861,-0.223147,2.358644,-0.175812
-15.612590,4.279118,-0.251908,-2.890934,-3.430834,-0.190695,2.327626,-0.562840
-16.002022,5.052227,-0.362486,-3.063139,-3.727053,-0.361697,1.935454,-0.726097
-16.137858,4.758006,-0.167481,-2.916880,-3.004534,-1.112748,1.331581,-1.107720
-16.187624,4.774853,-0.265079,-2.985345,-3.018897,-1.096956,1.200207,-1.182582
-16.028880,4.927356,-0.486383,-2.761633,-2.459659,-0.022876,0.877767,-1.366768
-16.021934,4.868342,-0.447055,-2.773946,-2.353426,0.002309,0.975991,-1.331390
-16.421675,5.256538,-0.077141,-3.383292,-3.605086,-1.748850,1.119715,-1.199003
-16.154146,4.901213,-0.235982,-3.047329,-2.949928,-0.988149,1.053293,-1.307940
-15.911170,4.512157,-0.362354,-2.847802,-2.419970,-0.282258,1.042677,-1.273834
-16.055083,4.629764,-0.374162,-2.728966,-2.417144,-0.410620,1.253396,-0.903727
-15.812814,4.633613,-0.406489,-2.705306,-3.199574,0.026022,2.290758,-0.077634
-15.831481,4.435261,-0.230123,-2.870488,-3.441134,-0.319713,2.354026,-0.307800
-16.006018,4.284336,-0.147481,-2.689892,-2.621960,-1.060888,1.789626,-0.692122
-16.120141,4.885279,-0.413690,-2.552990,-2.421665,-0.584086,1.406884,-0.466255
-16.158450,5.053467,-0.409346,-2.821760,-2.659339,-0.701867,1.117733,-1.003269
-15.653524,5.085543,-2.109219,-1.270365,-2.800862,2.713859,0.837866,1.510329
-15.667416,4.908638,-2.227263,-1.096877,-2.697913,2.699008,0.932186,1.310690
-15.982128,4.763596,-0.341049,-2.759752,-2.694329,-0.665135,1.411544,-0.955043
-16.069827,4.927515,-0.064685,-2.954304,-3.088908,-1.185578,1.291540,-1.036706
-16.554790,5.378742,-0.106496,-3.226930,-3.583502,-1.785710,0.911169,-1.226292
-16.511402,5.644366,0.005742,-3.538708,-3.970484,-2.084178,0.777783,-1.479223
-16.297638,5.312426,0.010511,-3.360456,-3.663465,-1.648769,0.966878,-1.264356
-16.386618,5.409829,0.001315,-3.403400,-3.733514,-1.692484,0.873869,-1.452862
-16.511410,5.542640,-0.047261,-3.479958,-3.865612,-1.901660,0.901718,-1.308346
-16.555960,5.605387,-0.034360,-3.445876,-3.890085,-1.935065,0.880193,-1.257460
-16.424636,5.479629,0.035833,-3.406981,-3.802423,-1.746550,0.967401,-1.114931
-16.250897,5.142091,-0.024404,-3.235036,-3.433357,-1.445049,1.008678,-1.239476
-16.279936,5.127378,-0.164522,-2.978237,-3.287422,-1.400911,0.892925,-1.431598
-16.198584,5.113959,-0.035571,-3.062450,-3.400964,-1.370025,0.976227,-1.190708
-16.042251,4.833645,0.182063,-3.123468,-3.389852,-1.373247,1.081009,-1.150346
-16.154663,5.030633,-0.004643,-3.062184,-3.365212,-1.518000,1.106095,-1.064803
-16.064477,4.929504,0.036228,-3.062307,-3.252455,-1.427254,1.226068,-1.017376
-16.336889,5.158396,0.021573,-3.116038,-3.429361,-1.679663,1.242781,-0.891561
-16.073262,4.859080,0.006970,-3.117380,-3.117119,-1.112972,1.059508,-1.018449
-15.254519,4.234085,-0.102405,-2.880916,-2.823807,1.137180,1.358616,-0.603595
-15.039255,3.798688,0.137724,-2.793431,-2.824899,1.046600,1.635664,-0.645985
-15.892920,4.655744,0.233283,-3.021107,-3.242500,-1.269984,1.065069,-1.196138
-16.197881,5.191294,0.137471,-3.327356,-3.636620,-1.695130,0.930923,-1.243111
-16.454017,5.279383,-0.043246,-3.220295,-3.552112,-1.883539,0.850302,-1.442087
-16.527323,5.424340,-0.029026,-3.224595,-3.731411,-2.025865,0.723125,-1.421204
-16.437553,5.279825,0.025972,-3.210570,-3.608668,-1.860179,0.840294,-1.415757
-16.485902,5.392677,-0.067430,-3.084223,-3.552037,-1.945102,1.001771,-1.231126
-14.525456,5.883050,-4.707134,0.205516,7.085972,13.690040,-5.878123,-0.627828
-9.006288,-3.900873,-0.734343,1.472767,2.406958,1.666145,0.940019,-1.111514
-11.426474,-3.815892,-0.361316,2.060756,0.724103,-1.998451,2.470987,0.581389
-10.974873,-4.290991,-0.121220,1.904788,0.837275,-1.445848,2.224917,0.435648
-11.096668,-4.229293,-0.140566,1.841478,0.743956,-1.589759,2.214736,0.403994
-11.131753,-4.269987,-0.141006,1.887290,0.874846,-1.411988,2.138783,0.416447
-11.747340,-3.278315,-0.684969,2.071932,0.727056,-1.586880,1.713210,0.491462
-11.596177,-3.454702,-0.425781,2.020721,0.518952,-1.783421,1.919909,0.590519
-12.046284,-2.732034,-0.747206,2.063204,0.367979,-2.122763,1.827961,0.787751
8.661137,8.960372,-2.012223,-2.003372,1.153729,8.852883,11.362322,17.353272
-7.484940,1.248169,0.697711,-2.006135,1.395813,8.149135,-0.501195,-3.411733
-13.987147,2.157692,0.248695,-2.284674,-0.684275,2.776867,1.499404,-1.041066
-13.776754,1.976620,0.498582,-2.421895,-0.846380,2.481864,1.822843,-1.157092
-14.300991,2.434848,0.194514,-2.312797,-2.033889,1.900192,2.561788,-0.810228
-14.729842,2.799009,0.138735,-2.314965,-2.462027,0.963860,2.742460,-0.818256
-14.195489,2.486104,-0.801541,-1.165162,-2.766434,2.647249,1.799344,0.567578
-13.389868,2.097644,-0.813089,-1.123041,-0.933952,5.662261,0.806541,0.472133
-10.731534,6.943550,-6.427092,0.630368,7.450123,17.308353,-6.815801,-3.260118
-11.092503,7.284330,-6.391907,0.931266,7.987109,17.508699,-7.514011,-3.061694
-13.834648,2.294083,0.098862,-2.059632,-0.360621,3.081844,0.595300,-0.981143
-12.774973,1.108072,1.043018,-2.631242,-0.536902,3.853079,0.821128,-1.217721
-13.408355,2.711541,-0.894108,-1.778622,1.259887,5.509644,-0.578955,-1.619366
-9.469565,0.955993,1.252700,-2.493406,1.097143,5.387248,0.310731,-3.144964
-9.808851,1.414951,0.688079,-2.367369,1.076352,5.489663,0.723463,-2.827712
-11.156217,0.834324,0.971725,-2.523205,1.229287,6.723445,0.410259,-2.409348
-11.512544,1.291900,0.635379,-2.268243,2.030279,7.694636,-0.644232,-2.564668
-11.140412,-3.490516,-0.650124,2.018408,1.507383,0.129123,1.560295,0.224242
-11.304160,-3.277148,-0.728267,2.211731,1.592378,0.280101,1.415384,0.013667
-11.834239,-3.254173,-0.609374,2.051263,0.634160,-2.090149,2.414263,0.606440
-12.182016,-2.909886,-0.766578,1.951730,0.599463,-2.383840,2.312261,0.562147
-12.591259,-2.384368,-0.927944,1.850318,0.063900,-3.118042,2.332605,0.771911
-12.748050,-2.324563,-1.039892,1.856073,0.169275,-3.183688,2.426470,0.649482
-13.005692,-2.079567,-1.407715,2.097457,0.354768,-3.254848,2.300154,0.827186
-12.221380,-2.773823,-0.965518,2.185133,0.476607,-2.475194,2.413306,0.738400
-3.518286,-4.878021,1.004299,0.209003,2.645569,4.162910,0.271572,-1.371777
1.692193,-3.462836,1.080358,-1.527940,1.555749,1.416161,1.582630,-2.206709
3.908472,-2.353407,0.728694,-3.670665,2.175716,0.668147,2.016966,-1.273656
8.968920,-2.364895,1.594843,-0.711460,0.217491,0.697572,-0.002142,-0.721172
10.227281,-0.266513,1.570351,-1.272868,-0.160747,0.962924,2.155524,-0.257832
5.779336,-2.044199,1.645357,-3.489296,1.700340,1.250077,2.342308,-0.570202
7.175645,-0.369589,1.489259,-3.658741,1.502391,0.691518,1.820520,-2.204368
9.348967,-0.354738,2.604836,-1.906756,-0.084998,1.579638,2.162511,-0.823991
8.693869,-1.393122,1.828776,-2.118872,1.544901,-0.611452,-0.571292,-0.852271
8.044782,-2.105164,1.932387,-2.189110,1.883421,-1.356125,-1.887172,-1.458491
12.822582,1.432409,2.809117,-4.010297,1.645116,0.612315,0.880585,2.307067
12.466028,1.757122,1.542134,-4.749945,1.937712,0.634755,1.972265,1.852218
6.575959,-0.994194,0.870083,-4.368799,2.465946,0.095035,2.255037,-1.275108
11.573499,1.522823,-0.415163,-4.333165,2.138074,0.737005,1.711850,1.980304
13.203534,0.415485,1.298214,-3.857295,0.874432,1.319793,1.034472,2.911604
8.407671,-1.445411,1.253496,-3.140024,2.843148,-1.904751,-1.866446,-2.530134
8.183097,-2.289951,2.612388,-2.425499,1.878637,-0.983759,-1.689763,-1.767747
13.433318,1.379842,1.393259,-2.198411,0.609286,-0.014593,2.944267,-0.533611
11.589282,0.462337,1.492252,-3.792938,1.547551,1.054532,4.459684,0.944776
5.046466,-0.509242,-0.217626,-3.624633,2.813163,-0.029066,1.807607,-1.703128
10.952564,1.977177,-0.567702,-4.321621,2.382438,-0.244927,2.096943,1.537513
15.846672,0.703264,2.407028,-4.889179,0.767883,0.545839,1.190058,1.998183
9.354297,0.681608,-1.424671,-2.495250,3.735252,-2.889144,-2.172584,-2.011381
10.181795,-1.737706,1.422905,-1.761789,1.233320,-0.869256,-0.804987,-2.810949
11.888542,0.688007,1.475995,-2.933083,0.586187,0.762637,2.370576,-0.073730
7.647175,-0.447249,1.999766,-4.739136,3.025420,0.374890,2.037222,-1.177739
11.639947,-0.337487,2.502354,-5.371724,1.247337,1.700935,2.198195,2.234973
14.991219,1.960997,1.037385,-4.492175,1.625492,-0.406358,0.538078,1.846386
11.325204,-0.342139,1.482889,-3.599669,3.372756,-1.508602,-2.501812,-1.582117
10.345558,0.948872,2.369508,-1.269869,0.526933,0.666794,-0.412016,2.111837
14.144549,4.814131,2.952541,-3.577605,-0.341939,2.799811,4.455568,4.001767
11.468447,2.748333,2.070903,-3.746963,0.762985,2.157365,5.206880,1.966050
8.464016,-0.981765,2.137500,-5.617086,2.717714,1.014179,3.307880,-0.488887
13.267592,1.752629,0.972009,-5.910794,2.752288,0.546012,3.035073,3.471081
13.021209,-0.571432,3.260729,-4.635858,0.554779,1.342354,0.956058,3.631730
7.566916,-2.526310,1.557191,-2.323164,1.969240,-0.642107,-2.326417,-2.583278
10.621314,0.266269,3.440412,-2.387207,0.572407,1.226092,-0.617608,0.603785
11.518788,0.782530,4.173062,-3.332485,0.278278,2.281844,1.478378,2.614697
6.031643,-0.638030,0.849004,-4.339783,2.680116,-0.170695,1.777740,-0.818331
9.886305,-0.080155,1.011189,-3.746312,0.566048,2.111154,2.128034,3.251272
11.361821,-0.431641,1.377543,-3.056836,0.119078,0.713394,0.658513,1.626613
6.091861,-4.054037,2.875370,-2.131216,1.255459,-0.184232,-1.945826,-2.063231
5.282291,-1.746861,1.098070,-0.557396,1.663751,-1.172729,-1.801663,-1.553777
11.665983,0.193865,2.347672,-1.222616,-0.211835,0.482581,2.311840,-1.389319
11.793370,1.719440,2.513226,-2.524524,1.167258,1.363264,4.280385,1.474870
9.039455,0.443945,2.365922,-3.551145,2.549084,0.663347,2.505358,-0.029713
9.468053,-0.831673,3.165929,-1.731477,-0.682611,1.999385,1.458729,-1.577921
4.965084,-0.319365,1.573788,1.426865,1.086392,2.887190,-0.919699,-2.320511
-12.288153,-1.860425,1.109724,2.757863,0.142421,-3.248974,-0.586636,1.881297
-12.686247,-1.284610,0.750200,2.805282,0.062315,-3.586111,-0.754580,1.733240
-12.553089,-1.517770,0.736841,2.887319,0.266663,-3.387412,-0.794282,1.719345
-12.308146,-1.659423,0.804757,2.907308,0.355322,-2.934679,-0.967901,1.775787
-11.614041,-2.356355,1.054373,3.000509,1.029719,-1.669590,-1.076053,1.836162
-11.488490,-2.482903,1.165668,2.947676,1.030687,-1.541765,-1.201123,1.625175
-12.446824,-1.579874,0.853440,2.849648,0.158754,-3.249064,-0.793531,1.787202
-12.702711,-1.437149,0.709683,2.733508,0.202844,-3.359179,-0.882917,1.553814
9.447242,-0.416955,0.707068,-2.183120,2.078185,-1.217152,-0.326987,-1.389047
11.166203,-0.686836,1.305983,-4.106396,3.135754,-2.372297,-1.538882,-2.979050
14.919566,4.187647,1.428506,-4.223418,2.981339,-1.438447,0.778450,3.331751
19.960157,8.021545,2.854870,-6.625914,3.141991,-0.406879,5.201367,8.214675
17.872283,8.544910,-2.052777,-7.805900,6.678589,-3.699503,4.736086,3.674057
11.249104,0.803148,1.090668,-6.916550,4.070647,-0.304449,3.012175,0.787476
8.952504,1.869316,0.402949,-1.869108,0.698385,-0.431857,2.276288,-1.425714
10.850810,2.302266,1.396445,-2.567030,2.167648,-0.351986,1.400815,-0.860538
11.857713,-0.661413,3.158037,-3.587441,2.162118,-0.971998,-0.515957,-1.226857
13.517205,1.203073,2.395565,-4.406049,3.624879,-2.809284,-2.025715,-2.478299
13.824843,4.151676,0.670980,-3.353229,2.601054,-2.053614,-0.256738,0.190775
11.527736,-0.209351,3.678066,-4.008922,0.609533,1.309119,1.253167,0.256132
8.034686,1.108700,0.027529,-5.687746,4.148564,-1.417505,2.298462,-0.506449
11.467033,-0.639130,1.774037,-5.098152,0.647993,1.195640,2.288720,1.066992
12.972719,0.165598,1.552110,-3.324752,0.302686,-0.445027,0.124274,0.375796
8.369171,-1.669885,2.553129,-2.871575,2.316912,-1.165795,-2.271659,-0.992495
8.689329,-1.300048,1.717189,-1.059995,1.456454,-0.323634,-0.671653,-2.895364
13.596930,1.961871,1.985567,-0.955090,-0.922201,1.519673,3.946454,-0.259473
13.291798,3.818400,0.416182,-3.236291,2.550528,0.693072,4.898100,1.814295
9.892618,0.275883,1.804353,-5.868542,3.175548,-0.061412,2.760262,0.321424
11.320815,2.538518,2.371752,-2.663522,1.135651,0.384232,3.168286,0.392490
11.341352,0.829561,4.107893,-1.501152,-0.713245,1.997397,2.162018,1.148411
8.806113,-0.157447,1.018411,-2.544968,2.748844,-1.546140,-0.808844,-1.334287
8.155082,-2.480008,3.261467,-2.891492,2.227322,-0.877987,-1.604147,-1.866224
14.953995,2.500098,3.716328,-5.595614,4.402078,-1.062492,-1.658497,0.347620
16.917658,2.607665,4.938483,-6.641597,2.649417,0.244175,0.832818,2.470863
11.298834,1.144023,1.579011,-7.166224,4.297495,-0.967814,2.561697,-0.097497
8.772432,-0.209517,1.799315,-6.081056,3.394980,0.359171,2.349492,-0.209106
12.046742,-0.077625,1.951140,-5.015830,0.551790,0.851519,1.851442,2.309807
13.676295,-0.450846,2.754348,-4.927198,1.079408,-0.263475,0.463014,2.089152
9.477700,-1.198202,2.098155,-3.816901,3.089163,-1.908483,-1.551702,-1.999745
10.836768,0.651793,3.041304,-3.000532,2.120932,-0.656187,-0.546991,0.445395
12.188450,1.265128,3.502445,-3.488829,0.446072,0.521094,1.180203,1.427777
9.349443,0.351630,0.728858,-4.881143,2.961426,0.277562,2.083939,-0.018750
9.520878,-0.962836,2.574327,-5.815884,2.731921,1.388352,2.922011,1.471673
13.074716,0.723635,1.593726,-6.000226,0.836423,0.118270,2.309561,2.209710
13.100336,-0.682253,2.478758,-4.481317,0.463427,0.447040,1.549027,3.310917
8.062488,-2.460045,2.035284,-2.920091,1.902461,-1.091972,-1.191972,-0.971424
11.672083,0.263051,2.016410,-2.328535,2.081990,-1.330093,-1.495163,-2.167504
16.207516,1.747053,3.274651,-4.091514,0.698940,-0.074780,1.212232,-0.162410
11.981846,0.862822,2.232685,-4.362313,2.192246,1.074465,3.517681,1.853668
10.444052,1.704549,1.370431,-4.568156,2.369575,-0.982821,1.294455,-1.102177
13.470594,1.735580,4.789215,-4.929222,2.367953,-0.349356,1.077404,0.087314
13.569607,4.665515,3.215116,-5.292149,4.824909,-2.961548,-1.001876,-0.473865
11.481445,2.913842,3.845289,-4.168111,3.915379,-2.357578,-1.454101,-2.269134
7.970527,2.048094,1.635260,-3.776586,4.843721,-1.596895,-0.443733,-2.574141
-10.221931,-3.899529,2.032499,2.797494,1.469376,-0.891183,-0.738431,0.763294
-10.383403,-3.694200,1.840750,2.858444,1.530817,-0.920967,-0.834694,0.947071
-11.805560,-2.839531,1.141044,3.036604,0.859729,-2.988893,-0.539395,1.248556
-12.055675,-2.316175,0.763974,3.109449,0.814794,-3.130141,-0.430581,1.663576
-12.198402,-2.002969,0.667407,3.175542,0.794084,-3.228421,-0.387081,1.824104
-11.037117,-3.312102,1.613710,3.016468,0.989001,-2.266085,-0.123741,1.667423
-11.075665,-3.280578,1.424111,3.008865,1.149773,-1.930747,-0.258301,1.446559
-12.211208,-2.049484,0.511034,3.103686,1.015033,-2.607398,-0.697326,1.506902
-11.961443,0.245141,-2.613744,5.807786,6.352030,6.744794,-6.497135,1.075760
12.736668,0.936006,-1.343875,1.606738,-1.534082,-0.138913,1.291293,-2.701023
15.892606,3.246014,2.482584,4.050339,-3.438410,1.230950,1.174604,-1.402212
15.915101,3.658486,3.295399,1.947935,-1.489578,0.563525,0.745028,-2.984663
15.723425,2.947303,-0.295872,-0.196525,-1.324431,-0.446513,2.641029,0.686034
15.382490,3.579398,1.809610,2.202132,-2.798529,0.161620,0.902108,1.936195
14.216570,4.272351,1.298545,-0.276974,1.063595,-1.453640,-0.427486,-0.744680
15.356890,2.553265,-0.693179,1.117276,-1.844989,0.097841,2.145838,-1.590555
17.444896,4.249766,2.960702,1.762518,-2.373589,0.742991,2.659987,-2.200344
14.787767,3.062614,4.809768,-0.903603,0.014603,0.261313,2.085609,-1.828681
13.931901,1.782127,0.460731,0.387030,-1.382693,0.488760,3.262323,-2.511590
13.807373,4.183402,0.646971,4.870485,-3.830803,2.056126,2.534783,-1.850345
11.976636,4.092343,0.535895,4.069035,-1.708909,0.917834,0.887839,-1.808445
14.271435,0.366917,2.124664,1.174730,-2.740081,1.545082,1.649839,-3.913251
14.272272,4.124069,1.811578,3.093309,-2.429978,1.304665,2.913259,-2.611792
12.587642,2.473597,1.125108,4.762236,-3.473117,1.136120,2.206950,-2.510947
13.894666,1.945013,2.016976,1.936623,-2.585817,0.719693,2.120946,-3.151437
13.664004,2.495259,4.005867,1.744917,-2.325143,0.741095,1.237704,-2.245000
13.955081,0.779620,2.447594,2.833192,-3.140072,1.578958,0.474592,-1.424192
14.012963,2.436557,-0.521578,2.113364,-1.825353,-0.346410,1.326800,-3.718756
14.763065,3.341426,3.940144,1.883376,-2.187333,1.192284,1.747994,-0.721516
13.152296,1.927878,2.067107,2.280503,-2.758987,0.719576,0.879666,-1.486734
15.025028,2.477579,-0.099309,0.962040,-1.615549,0.069511,1.906007,-2.573552
15.733224,4.931728,1.623038,4.307820,-3.458407,0.581253,0.731964,-0.246060
13.756752,4.729829,0.881841,3.307873,-2.382115,-0.023514,-0.471119,1.288694
15.793944,3.427388,0.231569,-1.124656,-1.384184,0.495824,2.314020,0.907293
14.392481,4.155461,1.904755,3.741241,-3.073040,0.364494,2.256093,-2.272436
13.203292,3.703152,2.156717,1.711028,-1.617353,0.788062,0.298525,0.978958
12.617921,2.591377,-0.636480,0.127987,-1.238024,0.742679,0.640595,3.030356
15.342148,4.497237,2.237774,1.804888,-2.278494,0.191682,0.083042,2.926201
15.070932,4.674762,2.559042,-1.220342,1.214257,-1.610179,0.121659,-0.911912
16.759626,2.949651,0.553289,-1.320747,0.027876,-0.994948,1.051677,0.538745
15.761959,4.644865,1.446306,1.596170,-1.703530,-0.353867,-0.290956,2.649437
12.738445,2.002114,3.578674,-0.185092,-1.610799,1.698570,-0.352479,1.507639
16.305103,4.623425,-0.547423,-1.806368,0.306834,-0.570375,1.735831,0.395631
14.857051,5.113244,1.449036,2.256644,-1.241433,-0.110820,1.943547,-2.077355
14.447143,3.252783,1.310945,4.523427,-3.104322,2.053194,0.827366,-0.669684
16.409930,2.416934,-0.098046,-0.271138,0.219567,-1.309136,-1.032579,-1.947676
15.878389,5.528434,1.294825,1.431810,-1.554169,-0.632696,0.219584,1.155972
13.925176,2.280217,2.261398,2.357914,-3.134881,1.114713,1.403245,-1.402029
16.809857,4.141574,-0.420116,-0.579296,0.198794,-1.859506,1.117835,-0.366544
17.169038,4.115903,4.172833,-1.097075,-0.680909,-0.199666,0.611682,1.405090
16.021988,1.893212,3.736757,2.437437,-3.832465,1.726758,1.147910,-0.363199
16.217502,2.980053,0.045090,-0.172647,-0.721325,-1.724081,-0.397412,-1.128992
15.680644,4.908973,1.755633,-0.909275,0.683489,-1.380817,-0.514753,-0.121595
17.981328,6.393377,-1.520938,2.511052,-3.655344,0.829949,4.449236,2.222328
18.270042,5.025392,-2.497905,-5.022519,2.214782,-2.039977,4.353124,1.155989
8.676836,0.247187,2.238258,-1.133819,-0.420880,1.642066,2.117638,0.134827
10.739692,-0.250072,0.113689,-3.384443,1.620164,-0.886111,1.653978,-2.352259
12.270959,2.223353,-1.607019,-4.442177,2.733450,-2.326330,1.542939,-1.406830
10.517521,-0.614170,1.316059,-4.715088,1.636000,-0.410737,0.450395,0.233129
9.270101,0.455306,0.350877,-3.970817,2.097585,-1.426293,-1.066469,-0.488622
9.032464,-0.113872,2.685999,-4.789020,1.579443,0.815602,-0.040839,-0.263892
9.989296,-0.281080,2.731390,-3.302138,0.901298,0.831046,1.009373,-2.323686
16.563213,4.655327,0.617772,-4.789313,3.471983,0.581713,5.529552,2.689921
20.802889,7.898590,1.377861,-7.660753,3.850442,-1.462443,5.924939,2.093296
17.614726,6.720109,1.068805,-6.274988,3.129778,1.111466,5.431876,7.742445
11.492446,-0.786324,1.768300,-3.216281,0.876713,-0.006259,1.118125,-2.315635
10.214225,-0.368989,1.964598,-2.972553,1.056654,-0.153242,1.936866,-3.228614
9.706329,-0.172561,1.286550,-1.822720,0.947473,-1.030835,1.506459,-2.734938
8.899146,-2.469333,2.026533,-2.778071,0.062799,1.281256,2.333786,-1.799965
10.144966,0.722990,0.994356,-2.070255,1.504983,-0.530875,1.820674,-3.950920
9.639349,-0.173596,1.257833,-1.828660,1.119964,-0.445867,1.484001,-2.883039
7.133413,-2.390052,1.021455,-1.537310,-0.109869,0.813545,2.044450,-3.136979
7.691668,-0.298550,0.713307,-1.812428,1.251730,-0.861060,1.356314,-3.760577
9.917918,-1.310250,2.257290,-2.276972,0.531406,-0.037240,1.609934,-3.158617
11.295839,1.876384,-1.516486,-3.634060,2.665786,-1.503737,0.911496,-1.389849
10.763062,1.568709,-0.271344,-3.931768,2.198305,-0.420409,0.645380,2.114264
11.007508,0.851795,0.207355,-3.478468,1.844004,-0.890954,1.583223,-0.765903
8.851612,1.737202,0.515859,-0.219381,0.483709,-0.291758,1.776081,-2.774806
-6.004003,-6.780117,3.972697,1.878180,1.475743,1.546924,-1.197903,-0.668304
-7.184698,-6.280190,3.149548,2.167985,1.438539,0.648267,-1.294456,-0.169704
-7.476007,-5.883204,3.093022,2.383308,1.721576,0.939849,-0.910961,0.097754
-8.756840,-5.172114,2.780659,2.615092,1.881783,0.498906,-0.950551,0.411399
-9.778979,-4.441678,2.194220,2.871565,1.626035,-1.072501,-0.177380,0.533843
-9.204846,-4.484530,2.450420,4.902736,4.733273,5.185347,-3.272572,3.457567
-9.061666,-4.723766,2.666344,4.835445,4.740297,5.263775,-3.447205,3.417595
15.032454,4.426703,1.480477,5.635783,-4.313341,2.770231,4.242409,-0.319489
17.336737,4.411656,1.339092,1.037275,-2.480269,1.630490,5.590399,-2.300711
14.010225,3.713325,1.828856,3.538083,-3.804526,2.759178,4.343636,0.167613
11.618988,4.652510,-2.180934,4.230673,-3.244651,1.474383,4.027170,0.566442
16.649293,7.549306,-0.938902,1.545688,-1.042239,0.136592,4.460169,-0.089854
16.604201,7.172687,1.429956,0.011487,0.065147,-0.174403,1.957872,-0.059208
17.738654,3.899779,1.311792,1.071653,-2.168927,0.654316,2.088161,-1.179021
17.584649,6.492759,-2.304388,0.914624,-0.159761,-2.018921,0.928420,0.149366
13.155663,3.705736,3.013886,-0.635984,-0.246828,0.914264,1.546257,0.285598
17.863315,8.894939,-1.891251,2.099234,-4.085975,3.827778,9.380220,2.541259
21.151367,9.526696,0.610527,0.164370,-2.741380,2.237528,8.260936,1.627724
18.643166,6.915205,1.993439,-2.642911,1.304514,0.358047,0.809146,3.987139
20.123391,6.405817,-1.844354,0.261759,-1.277580,-0.476903,1.851526,2.905573
23.073874,7.851457,2.145251,2.143805,-1.743233,-1.008441,2.747351,-1.935315
18.764407,7.397157,1.451625,2.225462,0.333876,-0.784859,2.322940,-1.813192
19.076873,4.575922,-0.540204,-2.033300,1.016039,-1.755855,0.085772,-0.930331
18.580884,4.568568,3.185579,-0.029668,-1.295280,1.211079,1.011033,3.178080
14.518029,3.549303,2.026817,0.899018,-2.329061,0.013517,0.504014,1.136725
19.388231,3.863415,1.614180,-3.695195,0.974630,-0.667534,0.238193,1.498312
18.846297,6.700513,0.945334,-1.149543,1.235853,-1.436872,-0.035345,0.627984
17.893537,5.231935,0.762432,1.737444,-3.251893,1.419629,3.466932,-0.723281
20.876375,4.025497,-0.159230,-4.015601,0.629780,-0.536620,3.353365,0.684098
13.381046,2.178778,1.942044,-4.505812,1.551814,0.145865,0.438384,0.904782
13.663764,-0.546353,1.547359,-4.279189,1.793015,-1.244325,-0.837431,-3.079583
11.089065,0.283368,1.260323,-2.593852,0.999379,0.134778,2.479598,-2.335328
12.222588,0.585949,1.251141,-4.707851,1.710297,-0.581407,1.174145,0.045227
12.380551,0.857426,0.733745,-4.367227,1.851175,-1.013065,0.015743,1.141173
12.019134,0.494235,1.157645,-3.511218,1.342640,-0.594795,1.404137,-2.355349
14.195626,1.739024,1.008014,-5.748009,3.144081,-1.491607,1.469511,-0.594524
14.960757,1.670084,1.726915,-6.143345,3.329533,-1.862771,-0.058543,-0.259354
12.989980,1.862899,-1.363533,-2.583706,2.939280,-2.010355,0.349908,-2.658803
10.293507,2.258444,-0.704375,-0.913697,0.895484,-0.468912,2.018332,-2.431340
9.972449,0.289078,1.736180,-2.235747,0.664131,1.615242,2.035809,-1.993724
10.316712,-0.897188,0.408194,-0.570605,-0.486662,0.073303,1.607918,-3.479495
10.947418,-0.359443,1.552264,-1.059732,-0.723281,0.934263,2.485354,-2.748023
9.815995,-0.266496,1.920918,-1.467338,0.026796,1.338359,1.792928,-2.362023
11.021673,-0.532784,2.158510,-3.155466,1.658949,0.236367,-0.373699,0.905716
12.172865,-0.453696,3.067567,-5.435572,1.847985,0.594924,0.644782,1.887009
11.015883,-0.056147,0.953971,-5.345152,1.999856,-0.929856,0.731737,0.019602
11.559936,-0.103074,0.525926,-3.371016,2.013087,-1.813961,-1.064905,-3.275373
12.184835,1.617584,0.048092,-2.610247,1.260698,-0.913436,1.956172,-1.671141
13.173270,2.604071,-0.972268,-3.983697,2.280708,-1.315978,1.541551,-0.596998
12.883396,1.600668,0.142336,-4.218659,2.468600,-0.180020,0.048209,0.773339
12.973493,-0.530527,1.665415,-2.851369,0.253435,0.489686,1.286901,-0.772315
11.346998,-0.765693,1.636587,-3.688957,0.798727,0.035820,2.112854,-2.750999
-10.634240,-5.093249,-0.602374,1.123715,0.417888,-1.376741,2.451884,0.919307
-11.061255,-4.581081,-0.850545,1.099350,0.280001,-1.736875,2.192942,0.848726
-11.582361,-4.142449,-1.128169,1.195534,0.374316,-2.003454,2.013411,0.492232
-11.294838,-4.439640,-1.115567,1.112201,0.781174,-1.412120,1.840280,0.376546
-10.917846,-4.660926,-0.857722,1.122773,0.669792,-1.141620,1.920633,0.636966
-11.952259,-3.672976,-1.345351,1.286729,0.237932,-2.464957,2.007350,0.997853
-11.926948,-3.714169,-1.319111,1.306098,0.363704,-2.504329,1.978189,0.621562
-11.319749,-4.079871,-0.951214,1.310744,0.501610,-1.674828,1.770948,0.736575
-10.648006,-4.280057,-1.110496,1.080398,1.646162,0.959348,0.796668,-0.106855
-10.700838,-4.122745,-1.096674,1.223890,1.633035,0.761654,0.931840,-0.182645
-11.437382,-4.097573,-1.035575,1.276375,0.580635,-1.715472,2.065019,0.690013
-11.135525,-4.471599,-0.759506,1.174274,0.761580,-1.260453,1.726440,0.628321
-11.692974,-3.700948,-1.220232,1.204069,0.762353,-1.440024,1.441659,0.576692
-12.320892,-2.888555,-1.643563,1.154142,0.269317,-2.326096,1.683959,0.653583
-11.065375,-4.306954,-0.726268,1.323930,0.561160,-1.570926,2.146699,0.631052
-11.330945,-4.274663,-0.916155,1.252790,0.638978,-1.661010,2.064493,0.689133
-11.862955,-4.094498,-1.068630,1.085487,0.424145,-2.344901,1.957335,0.560953
-11.652523,-4.317924,-0.944771,1.015910,0.569630,-2.080703,1.901168,0.568080
-10.794154,-4.205597,-1.094239,1.050948,1.770311,0.972568,0.633044,0.187387
-10.626641,-4.209151,-1.088887,1.135837,1.780129,1.346355,0.412641,0.098360
-7.441442,-3.078498,-0.059791,4.653997,-1.714752,1.138776,0.886774,-0.514865
-8.141584,4.613112,-6.509791,8.473861,4.555496,7.273186,-4.512285,-0.445077
-10.730087,4.068292,-5.667895,5.419417,7.907195,4.611258,-5.413345,0.504064
-11.482566,2.035746,-3.389784,4.734176,7.566032,5.567961,-5.265905,0.894188
-10.884034,-2.935150,2.857513,2.955111,2.016070,-1.114603,-0.142139,1.132297
-11.063206,-2.722170,2.712022,2.973531,2.145723,-0.952079,-0.273301,1.237858
-11.514457,-2.161336,2.346433,3.237269,1.969452,-1.783167,0.038702,1.148631
-11.138275,-2.116774,1.867597,3.628946,2.666779,-0.916129,-0.319492,1.194476
-11.211958,-2.149643,1.625907,3.571254,2.565278,-1.012485,-0.322879,1.231617
-11.414699,-2.611757,2.038548,3.408293,1.985941,-1.906061,0.240732,1.538588
-11.011241,-2.848018,2.503356,3.284616,2.058198,-1.633697,0.486233,1.444938
-10.704548,-3.028824,2.684630,3.129079,1.838502,-1.167594,0.281581,1.387986
-11.325500,-2.463674,2.192685,3.126613,1.673596,-1.669244,0.157868,1.510277
-11.083196,-2.838703,2.537252,3.135305,1.838621,-1.430933,0.084323,1.334850
-11.181678,-2.690257,2.518718,3.163000,1.865726,-1.604623,0.270465,1.223704
-10.763656,-2.885355,2.421564,3.095896,2.399057,-0.425415,-0.488444,1.096801
-10.513979,-2.838623,2.415155,3.136165,2.513845,-0.022936,-0.607951,1.201194
-11.008632,-2.607051,2.323767,3.131825,1.799473,-1.556005,0.218355,1.319461
-10.720690,-3.195183,2.715403,2.924663,1.895782,-1.298737,0.140423,0.912739
-10.253628,-3.620016,2.900577,2.927184,2.087714,-0.877867,0.150175,0.724895
-10.756360,-2.944592,2.446065,3.129411,2.012257,-1.129155,0.282324,1.462764
-11.800938,-1.939062,1.793862,3.356384,1.817982,-1.521980,-0.072906,1.391272
-11.487165,-1.874911,1.355781,3.588152,2.894656,0.246127,-0.963476,0.914604
-10.579054,-2.871911,2.307781,3.094190,2.560873,-0.026525,-0.542760,0.682754
6.661427,11.043060,0.185810,-1.506832,3.163837,9.988316,4.792377,13.109638
-14.458137,4.067319,1.593273,-1.891895,-0.527569,1.547861,1.596486,-1.852034
-14.496123,3.950000,1.567012,-1.741644,-0.562645,1.385418,1.714691,-1.543460
-13.283877,2.425199,2.514956,-1.940230,-0.245981,2.330530,2.018818,-1.752011
-13.504997,2.911890,2.170973,-1.724537,0.116809,2.759505,1.456831,-1.716496
-14.152926,3.542836,1.650279,-1.501930,0.178784,2.800270,1.119277,-1.461436
-13.507599,2.813450,2.015160,-1.869461,0.663117,3.618471,0.723041,-1.687766
-13.224402,2.532961,2.226436,-1.874240,0.581553,3.611947,0.913212,-1.585986
-14.638984,3.910718,1.589212,-1.776438,-0.435977,1.262957,1.517489,-1.562417
-15.146343,4.710129,1.313285,-1.827071,-0.724621,0.603767,1.306276,-1.326792
-15.285217,5.036842,1.212119,-1.819443,-0.781110,0.728442,1.146526,-1.408770
-15.199137,4.859481,1.528028,-2.140711,-1.284806,0.170983,1.412512,-1.345403
-15.009802,4.600779,1.356805,-1.775154,-0.631360,0.642829,1.537041,-1.119340
-14.591398,4.321497,1.306968,-1.755331,-0.251056,1.239047,1.497993,-0.883284
-14.592505,4.374968,1.311469,-1.822001,-0.243895,1.352779,1.302511,-1.149876
-15.655291,5.333761,1.043351,-1.840766,-0.978329,-0.121574,1.387074,-0.973270
-15.714575,5.541572,-0.029300,-0.837788,0.682830,1.885186,0.338317,-0.672129
-15.574527,5.210748,0.245632,-0.806666,0.431248,1.434092,0.636631,-0.577903
-15.289328,4.758282,1.185955,-1.475279,-0.371374,0.502033,1.260353,-1.088342
-15.430712,5.125342,1.040981,-1.651731,-0.455729,0.608860,1.127653,-0.787034
-15.267876,4.803441,1.592672,-2.106002,-1.248726,-0.214801,1.459513,-0.712971
-15.609494,5.440486,1.471497,-2.207344,-1.570970,-0.638254,1.253609,-0.849214
-15.994267,6.526083,0.014080,-1.173159,0.432316,2.699709,-0.071103,-1.259261
-14.239085,4.283599,0.777439,-0.935463,1.361270,4.794261,-0.356329,-1.450455
-14.789839,4.921562,0.546058,-1.018265,1.269997,4.417288,-0.360880,-0.978455
-15.652086,5.155983,1.397212,-2.046857,-1.200686,-0.390526,0.982513,-0.951193
-15.827651,5.475569,1.243379,-2.068079,-1.345837,-0.801448,1.143948,-0.881698
-15.584345,5.115052,1.423275,-2.060833,-1.289325,-0.524966,1.119386,-0.968476
-15.769368,5.499359,1.386846,-2.144995,-1.605556,-0.582044,0.663280,-1.379043
-15.742859,5.799005,1.199721,-2.165575,-1.563579,-0.429154,0.768826,-1.149450
-15.626160,5.683857,1.429142,-2.244393,-1.612432,-0.572883,0.966764,-0.866252
-13.675835,3.828385,1.351179,-1.374396,0.956829,3.731327,-0.245232,-1.350745
-13.907722,4.629903,0.031868,-1.123279,2.136692,4.893544,-0.901234,-0.829019
-15.305721,6.740169,-2.919721,0.344341,6.144714,11.206993,-4.554111,0.039952
-13.237039,4.594604,0.542497,-1.024422,1.671211,3.688977,0.214714,-1.439708
-12.931396,4.203108,0.486375,-1.023455,1.557398,3.900652,0.345146,-1.486083
-12.149420,2.448886,1.645772,-1.936079,1.994212,6.511961,-0.565507,-1.669076
-12.149911,2.521234,1.378318,-1.830066,2.123349,6.879617,-0.703244,-1.536510
-14.166132,3.446762,1.579041,-1.630980,-0.148614,1.481772,2.177417,-0.986850
-14.021188,3.228494,1.645059,-1.655982,-0.138773,1.274638,2.408367,-1.063564
-14.413782,3.910401,1.110359,-1.672481,0.191594,1.414445,2.153007,-1.167873
-14.214329,4.099458,0.441429,-1.064349,1.665613,4.916469,0.907370,-1.613310
-14.315711,4.039613,0.559642,-1.010694,1.430337,4.725239,0.744010,-1.878622
-15.003349,4.461948,1.004210,-1.739583,-0.347530,1.135209,1.628757,-1.275939
-15.500940,4.895820,0.672783,-1.684785,-0.464419,0.636109,2.034929,-1.137411
-0.779905,7.123172,0.314484,-1.502251,3.774165,7.028012,4.747599,3.741402
-7.126741,-5.573332,5.237715,1.605265,2.062601,1.368683,-0.590326,-0.447969
-9.237347,-3.622562,3.473594,2.543079,2.296666,0.226523,-0.346068,0.233370
-9.031026,-3.950713,3.676859,2.408243,2.327395,0.441328,-0.597952,0.032849
-9.154028,-4.321019,3.952055,2.151560,2.024363,0.051435,-0.343011,0.221714
-9.411261,-3.492602,3.454775,2.550109,2.175358,-0.289197,-0.164592,0.564151
-7.923036,-4.507128,4.148189,2.043232,2.260100,0.776711,-0.627526,-0.476730
-6.933320,-4.149908,4.154105,1.602867,2.577813,1.182407,-0.878508,-0.624966
2.801591,7.529091,1.225082,-1.290215,2.677434,6.534246,5.861448,6.798706
-14.774352,3.900598,0.378224,-1.281487,0.078266,1.118212,3.934086,-2.261623
-14.857075,4.118345,0.517714,-1.368627,0.014427,1.157218,4.010523,-1.988444
-14.966314,3.863637,0.029852,-1.121527,0.362093,1.040047,4.283555,-1.703562
-14.860354,3.578247,0.236741,-1.042887,0.231182,0.668664,4.354849,-1.989882
-14.518776,3.310117,0.698387,-1.143508,-0.011180,0.596609,4.600461,-1.435008
-14.058484,2.996596,0.987248,-1.249093,0.199996,1.182015,4.436223,-1.641831
-14.319457,4.704081,-1.358757,-0.427910,2.350941,4.758011,2.149305,-2.032854
-13.919717,4.580121,-1.136654,-0.503470,2.145150,4.143933,2.080207,-2.041772
-13.463059,3.603235,-0.182830,-0.638037,2.053900,4.558278,2.122730,-2.289266
-13.941379,2.902520,1.130218,-1.230191,0.652868,1.831821,3.579081,-2.064985
-14.737483,3.873985,0.824901,-1.257592,-0.096265,0.410411,3.683945,-1.507189
-12.621853,2.862859,0.882154,-1.184877,1.036339,3.526443,2.452691,-2.097622
-12.116574,4.781665,-0.899370,-0.636525,1.785526,3.147235,1.702407,-2.163991
-12.979675,5.261523,-1.145219,-0.666953,1.827559,2.909691,1.532489,-1.835048
-14.011652,4.221796,0.464150,-1.050159,1.096264,2.485841,2.255496,-1.786508
-14.224816,3.864049,0.933324,-1.019457,0.679232,1.849113,2.631621,-1.539482
-14.637793,3.962763,1.124052,-1.064660,-0.082095,0.321598,3.226570,-1.282357
-14.677809,3.964611,1.059574,-1.051458,0.061376,0.415985,3.252932,-1.260538
-14.299584,3.780808,1.115449,-1.129786,0.333516,1.163704,2.848612,-1.748959
-14.189773,3.773494,1.153245,-1.085746,0.401847,1.221114,2.849581,-1.626578
-14.487247,3.971102,0.955464,-1.052634,0.225420,0.608176,2.934072,-1.464284
-14.500428,3.768328,1.027977,-1.183160,0.278784,0.719992,3.050653,-1.268353
-14.444304,4.088011,1.050249,-1.165701,0.522305,1.417104,2.817730,-1.121049
-14.606423,4.416184,0.843007,-0.983189,0.596849,1.657622,2.303425,-1.565670
-15.089308,4.430399,0.782540,-1.144492,-0.191270,0.123524,2.636743,-1.779340
-14.677168,4.263132,0.940747,-1.195297,0.244430,1.303802,2.587234,-1.666240
-14.780664,4.589438,1.055791,-1.177503,-0.061837,0.848322,2.859928,-1.324711
-14.968787,4.698206,0.943678,-1.032353,-0.001803,0.750007,2.734521,-1.414432
-14.802737,4.511228,0.967164,-1.020422,0.185220,1.075044,2.758519,-1.342547
-14.936290,4.450877,1.016012,-1.155296,-0.242246,0.057743,3.075173,-1.052942
-14.661204,4.640674,0.184822,-0.698091,1.882712,3.769504,1.406953,-1.724222
-14.735149,4.598491,0.333776,-0.827910,1.636505,3.328881,1.575621,-1.708228
-15.042895,4.405135,0.805123,-1.170538,0.213968,0.814523,2.704678,-1.216815
-14.465677,4.019237,0.971601,-0.975693,0.433430,1.248954,2.725191,-1.011146
-13.356335,3.466968,1.127490,-1.076921,1.039065,2.707281,2.054329,-1.770688
-8.365729,5.747445,-2.845772,-0.534695,5.746490,11.385636,-3.449524,-1.943966
-5.143364,14.620239,-10.216697,3.437530,11.170867,14.087999,-7.115733,-2.238172
-7.372354,17.223547,-13.686222,6.494950,17.579129,25.161383,-14.045062,-2.529654
-12.588895,3.169290,1.827291,-1.232526,1.023999,3.269919,1.569002,-1.711896
-13.910050,3.998598,1.164341,-1.100122,1.044243,2.939648,1.848117,-1.870624
-10.562083,3.589333,0.767647,-0.967563,1.666183,6.274327,-0.630961,-2.288711
-11.267048,3.919395,0.958272,-1.021363,2.074270,5.932699,-1.324591,-2.106343
-14.080182,4.172330,1.586240,-1.209767,0.785255,2.819039,0.144133,-1.514052
-13.880623,4.028004,2.043838,-1.394183,0.394044,2.301080,0.381955,-1.350028
-4.966934,1.209083,-1.179069,3.127807,4.247029,2.245431,-2.649574,-1.277499
-8.329580,-3.628216,3.006244,2.268924,2.360400,0.354057,-0.491488,-0.471964
12.776744,2.237578,2.190680,-2.565323,1.401399,0.331268,0.593423,2.498296
12.485878,-1.459673,2.919958,-2.748749,0.595377,0.138784,-0.589149,1.347804
6.976194,-3.791978,0.876847,-2.216417,2.374620,-1.945329,-2.546547,-1.776231
10.993235,-1.169790,4.617833,-0.697422,-0.331396,1.466653,-0.696043,1.650176
10.857390,1.765564,4.464387,-2.069919,1.192891,1.664464,0.609749,4.392234
6.611163,0.413841,3.983253,-3.791454,3.930642,-0.396865,-0.393356,-0.515783
11.700213,-0.352111,4.416890,-2.611712,-0.173746,2.053161,0.922496,2.630370
11.292772,-2.331440,2.389845,-3.515228,0.720523,0.249789,-0.394880,1.908807
9.631988,0.379929,-1.369304,-1.589158,3.249278,-4.080395,-2.649663,-0.922938
13.129057,3.069985,2.546757,-1.230263,0.784820,-1.619158,-0.087999,2.064877
10.927272,4.672723,2.600089,-3.638724,4.283611,-2.251949,-0.219162,1.091841
9.895387,2.549518,2.867033,-2.783421,3.937459,-0.965117,0.287000,0.947458
12.354814,0.976867,2.464326,-2.041281,0.441390,0.691453,0.434935,1.720102
7.932661,-3.156317,0.508468,-2.631256,2.141856,-2.071272,-2.259998,-1.654215
11.479624,-1.518915,3.622367,-0.759593,0.338128,-0.204425,-1.676313,0.769831
11.907053,1.973641,3.823363,-1.705846,0.899282,1.281268,0.464744,4.264224
6.224703,0.070228,4.278105,-2.978437,3.264453,0.493927,-0.389128,-0.198443
8.724309,-0.640053,5.063943,-2.078697,1.925431,1.731463,0.399915,1.735878
12.224467,0.204983,3.097559,-2.293457,-0.229451,0.431051,0.443946,2.790302
7.996730,-4.536099,1.784658,-2.515246,1.400794,-1.209326,-1.893810,-0.661441
11.375243,-0.989397,2.824045,-0.204427,-0.712617,-0.174134,-1.966018,0.972546
11.978447,1.612032,4.124629,-2.435497,0.843109,0.644840,-0.688222,2.324326
8.101108,-0.072317,5.434507,-4.312822,3.482783,0.120682,-0.510463,-0.888340
10.596340,-0.191142,5.370867,-3.082166,0.830304,0.899007,0.509598,1.170615
9.981665,-1.734732,2.784852,-0.770052,-1.051417,0.335477,-0.711075,0.556257
8.464830,-2.792419,0.341772,-2.422334,2.263095,-2.529448,-2.607305,-1.103647
14.210818,0.243526,2.356462,-0.747826,-0.915323,0.406087,1.137787,1.469186
12.813651,2.592693,2.754703,-1.764289,0.777086,0.193272,1.477921,1.465907
7.021668,-0.066491,4.911819,-3.739643,3.317987,0.827474,0.091103,0.539459
11.029141,0.149848,3.782046,-0.924431,-0.859319,1.504727,0.641308,1.101892
9.695559,-2.185778,1.739393,-1.088477,0.603580,-0.846733,-1.319937,-1.306600
7.782133,-2.366811,0.133955,-1.717833,2.612580,-2.283932,-1.807888,-1.430095
12.701834,-0.102991,3.546124,-1.162424,0.087531,1.259328,0.981450,1.230818
10.574766,1.771341,3.467120,-1.505892,1.877863,1.070839,1.511558,2.190448
6.391291,0.298475,3.564537,-2.925037,3.211201,-0.272226,-0.542479,-0.686430
12.576390,0.597100,3.315908,-2.553374,0.426551,0.565155,-0.366695,1.883979
12.148862,-1.446401,1.575677,-5.193062,2.849528,-1.872263,-1.040389,1.852538
9.267833,-2.755186,1.281598,-3.377644,2.836992,-2.359996,-2.570657,-1.203579
11.789935,0.346876,2.891804,-0.152302,-0.627334,0.862629,1.542913,2.264824
10.860992,3.144238,2.190696,-1.265384,1.464290,-0.010172,1.751499,2.294889
8.684008,2.001094,3.378387,-3.764108,4.168646,-0.173692,0.169156,0.858115
13.232203,2.670640,2.441063,-1.581862,0.465185,-0.414911,0.552877,1.531501
10.908398,-0.485384,1.477350,-1.775964,1.478385,-2.267556,-1.289157,-0.289673
8.009939,-1.722832,-0.481910,-0.732209,2.272807,-2.040223,-1.670381,-1.677733
11.305951,0.691625,2.897354,-0.803283,-0.248966,0.301869,0.664220,0.520650
7.254867,1.435800,3.152159,-1.449859,2.856924,0.532898,1.091368,1.808256
4.071443,-1.100973,4.338464,-2.459930,2.879586,0.688836,-0.675931,-1.032122
1.196804,-0.867857,3.175556,-1.008906,3.611456,1.140170,-1.465375,-1.153096
-6.484749,-3.606225,3.613431,1.487241,2.087641,1.800563,-0.820528,-0.807223
-5.126185,-5.192841,4.814987,0.541244,2.466843,2.523343,-1.491066,-1.972810
-6.660913,-3.963216,3.981425,0.967593,2.227163,1.784568,-0.946338,-0.988456
-8.353808,-3.444306,3.369800,1.609349,1.780530,0.590542,-0.034206,0.136512
-7.421956,-4.236650,3.934343,1.384760,2.454013,0.652009,-0.848396,-0.530137
-7.515143,-4.122482,3.929890,1.377256,2.406233,0.881187,-1.169277,-0.910552
-6.344187,-3.423382,2.977724,1.479810,4.636927,3.991683,-2.587865,-1.213490
7.994125,-2.427593,-0.463932,-2.366408,2.619251,-2.910812,-2.737152,-2.395415
12.626896,0.907844,0.680844,-0.331465,0.211992,-1.086068,-0.090412,0.454957
13.627378,3.473572,2.208976,-1.054324,0.443852,0.233193,1.413513,3.172741
9.274423,2.940979,2.973484,-4.267160,4.472277,-1.851914,-0.647260,-0.015107
10.587122,0.992707,4.513754,-2.681347,1.888773,0.496696,0.355937,2.539701
12.562195,1.135676,2.217795,-1.813873,-0.143968,0.724486,0.442915,3.938641
8.510785,-3.471048,0.819668,-2.083715,1.701393,-1.792117,-2.404121,-1.229409
10.641807,-1.477822,0.405865,-1.589977,2.048946,-2.138943,-2.034188,-1.073839
14.194560,1.298740,3.576110,-1.811574,0.185895,0.272122,0.268869,1.481253
10.343277,2.549119,3.455308,-3.039798,3.500893,-0.354925,0.388382,1.151175
8.383626,1.285440,3.707351,-3.827235,3.864867,-0.502443,-0.801539,-1.170238
12.841199,1.879416,2.314463,-1.763603,0.744637,-0.339246,0.106625,1.395439
13.054516,-0.902440,1.122116,-4.401866,2.092702,-1.459905,-1.365298,1.162367
11.065489,-2.034175,0.673225,-3.509034,2.798116,-2.659435,-3.082673,-1.674976
14.201477,0.728330,2.896013,-1.574158,-0.410784,0.078996,0.774201,2.227002
12.156876,0.786473,4.693020,-1.723510,0.036350,1.407825,0.935713,0.687262
7.725748,0.765805,4.311637,-3.987787,3.921563,0.239841,-0.491569,-0.011938
12.194534,0.357247,4.916664,-3.351732,1.012996,0.878619,0.259701,2.230259
12.159490,-1.292625,3.098051,-2.436141,0.414237,-0.084198,-0.736468,0.516646
8.959415,-4.309956,2.289023,-2.425919,1.624137,-0.916994,-2.950820,-1.657997
12.373953,-1.661605,1.773074,-2.288509,1.373563,-1.546088,-1.321432,-0.536131
13.683074,1.872157,2.756496,-2.017897,0.982407,-0.534890,0.516820,1.190282
9.154944,0.974183,4.011055,-3.511968,3.419106,0.304658,-0.215432,-0.169530
7.875912,1.735037,2.797604,-3.284601,4.164305,-0.679780,-0.438832,-0.597448
12.192608,-0.247527,4.665223,-2.474985,-0.273474,0.864334,0.164745,1.758219
11.422121,0.036799,-0.570152,-3.391628,2.608624,-3.396977,-1.523332,0.460576
10.729242,-0.823999,0.110759,-3.129704,3.201257,-3.618033,-2.155007,-0.767743
14.838361,2.166388,3.930392,-1.869599,0.026770,-1.748425,-1.012652,1.037143
11.846812,3.617296,3.725927,-3.253763,2.212678,-1.010884,-0.267343,3.288154
7.374298,0.801405,4.038485,-3.918062,3.535039,0.042240,0.175946,1.070071
9.285230,0.750447,3.954717,-3.012307,2.166218,0.335082,-0.181712,0.709022
13.458804,2.598590,1.501332,-2.221836,1.692389,0.769686,0.558359,3.766676
10.722923,-0.324204,-0.979182,-2.383761,3.661551,-2.188673,-2.474339,-1.364510
10.026042,-0.917812,-0.618371,-2.896161,3.409349,-3.420959,-3.069637,-1.273496
15.417832,0.648156,5.092517,-3.121588,0.795488,-1.534653,-1.566415,1.723118
15.183120,2.850380,6.211520,-3.898677,1.861235,0.255981,0.264245,4.455038
9.615865,1.327836,4.311696,-4.554798,4.138557,0.224020,-0.960345,-0.511477
9.479656,1.148078,4.279328,-4.516067,4.011420,0.362286,-0.878475,-0.708876
12.592868,0.826270,6.069374,-2.773232,0.574991,0.980611,0.430037,1.305462
14.315056,-0.337865,4.826507,-1.808333,-0.290957,-0.387717,-0.699817,0.314759
13.260779,-2.574872,3.125958,-4.601206,2.452142,-1.988643,-3.068837,-0.981584
12.270826,-0.291196,0.721670,-2.971369,2.987452,-3.535597,-3.061260,-0.189644
14.431742,1.759251,5.371965,-2.629483,-0.058003,0.834623,0.040240,4.559551
11.100643,3.672914,4.557635,-3.227443,3.660420,-0.932035,-1.180164,0.883263
10.322402,2.052458,4.765269,-2.972283,3.005332,-0.921710,-1.163130,0.795037
10.777949,-0.064667,5.766572,-3.946369,3.608123,-1.589162,-3.511693,-1.021167
9.740208,0.557948,3.252947,-3.171658,3.775500,-1.954104,-3.860766,-1.732108
8.151461,-0.026120,3.556358,-2.959167,3.338396,-0.356355,-3.453223,-1.190495
3.462703,-2.067964,4.958986,-2.007843,3.799983,2.570810,-3.517065,-1.777971
-6.483501,-3.314970,3.106501,1.189079,2.493949,0.210483,-1.759158,-0.918178
-4.432038,-3.884102,4.003481,0.253198,2.597019,0.703178,-1.730139,-1.601661
-2.964605,-3.967377,4.558455,-0.290729,2.525150,0.712304,-1.869626,-1.850720
-5.170829,-3.930544,4.032171,0.751203,2.796140,0.685800,-2.044509,-1.159849
-9.867098,-2.695605,2.452547,2.528727,2.267858,-0.857756,-1.260679,0.426827
-7.152638,-3.094106,2.992737,1.531124,2.634298,-0.032210,-1.841883,-0.365467
-5.584875,-5.086331,4.844129,0.897959,2.424699,0.964715,-1.423365,-0.687044
15.178055,1.325750,0.963501,0.011013,-0.634324,-1.638469,-0.886534,-2.140340
14.940492,3.600455,-0.324833,0.848081,0.869535,-2.878465,-1.369981,-2.359466
16.420641,1.104918,2.539726,-0.785413,-0.382832,-0.995692,-0.717151,-1.801909
15.109513,2.133859,2.576516,0.544082,-0.717175,-1.017721,-1.136848,-0.432626
14.197477,0.527685,1.914011,3.373931,-3.322922,0.760574,-0.587842,-0.967969
14.381853,1.517425,0.654287,1.523426,-1.458974,-1.167888,-0.945848,-1.407841
12.201923,-0.875551,3.745868,0.778440,-1.263090,0.204057,-1.342043,-2.184277
15.847211,2.607781,0.306497,-0.873422,0.386392,-2.417743,-0.610897,-1.803239
16.249265,3.639506,2.106158,-0.070386,-0.086990,-1.800770,-0.966859,0.947522
13.752569,2.648776,0.622339,2.735910,-1.856884,-1.308611,-0.738070,-1.691471
16.807923,3.307938,-1.043725,0.796281,0.154320,-1.867254,-1.488012,-1.685765
17.671586,12.217911,-12.207747,5.686326,6.301918,-2.657739,-4.647002,1.082689
19.338150,17.198218,-21.148605,8.847755,7.851538,-6.292175,-2.087460,0.058381
19.768850,16.388449,-16.929081,8.190860,7.031125,-7.135741,-2.263268,-0.016073
15.823773,4.025395,0.696404,0.750835,0.370219,-2.793559,-0.705440,-0.948737
16.903560,3.213609,-0.496690,-0.215912,-0.107459,-3.285154,-0.890018,-1.994333
14.448723,2.775452,0.696825,1.672873,-0.499017,-1.157681,-1.747240,1.122604
11.776387,0.912098,-0.367923,5.490307,-3.799064,1.025541,-0.635369,-0.280602
15.329767,3.433586,-0.357196,2.381088,-1.492694,-1.872334,-1.713212,0.109881
16.084678,2.329308,2.050836,0.612721,-0.276139,-1.763908,-1.928383,-2.000377
16.750808,3.951580,-1.494051,0.382747,0.104474,-3.649777,-1.545400,-1.497371
17.004372,4.983763,0.486785,0.604725,0.188273,-3.612550,-2.122142,0.492066
19.984929,5.634820,-0.764073,1.828190,-0.811702,-1.947641,-0.988244,-0.366069
20.545376,6.202868,-0.028998,1.172400,-0.279604,-2.819446,-1.497733,1.158079
15.491427,2.321613,2.480057,0.532462,-0.039087,-1.291688,-2.219221,-1.300947
15.734241,0.677686,1.924601,0.009520,-0.765396,-1.072716,-1.245432,-1.868862
14.149909,1.996867,1.510611,1.143591,-0.979218,-1.391835,-1.590276,-0.393057
12.847682,1.761446,-0.662059,4.403849,-2.482221,-0.369095,-1.212706,-2.082920
14.835116,2.665285,1.119211,2.581178,-1.812221,-0.629692,-1.761220,0.520007
14.537642,3.503851,0.357763,2.182508,0.161956,-1.029259,-1.304670,-0.626707
15.362412,1.940319,0.180931,1.197409,-0.618869,-1.575022,-1.447224,-1.771187
15.141066,2.996813,1.884752,1.348153,-0.580690,-1.505539,-1.544489,0.646277
14.626362,1.554114,0.970964,2.681615,-2.538263,-0.897974,-0.754289,-1.711252
16.916959,2.528953,2.134458,1.477015,-2.051577,-1.640881,-1.503101,0.509142
15.498564,0.545705,3.891803,-0.268894,-0.971941,0.000093,-1.984219,-1.502405
15.082332,1.426458,1.148945,0.849996,-1.015691,-1.131283,-1.325814,-1.565131
15.878012,4.300198,0.292532,0.562741,1.623398,-3.426464,-2.485522,-1.215144
17.853446,3.622424,-0.113666,2.688219,-1.974448,-1.575037,-1.251006,-0.704252
20.154444,6.280234,-0.605251,1.363022,-1.252221,-3.785957,-1.820615,1.222047
18.137125,5.525451,0.522602,0.123323,1.287026,-4.205912,-1.704340,-0.377096
19.590874,3.360811,1.453234,-1.088400,0.231516,-3.112196,-1.395191,-0.989247
17.948187,4.316018,1.315503,-0.678185,0.990386,-2.740301,-2.054013,-0.316673
15.445506,2.136348,1.234145,2.146013,-2.374002,-1.171645,-0.690471,-0.984229
15.352006,4.263866,-0.576556,2.291987,-1.367520,-2.900842,-1.391034,0.586970
14.976389,1.682963,2.663853,0.711348,-0.866729,-1.602594,-2.139514,-1.913762
9.748416,2.104204,0.424794,-3.456803,4.106740,-2.510279,-1.330012,0.066461
9.273776,-2.276874,3.021488,-3.197182,1.680503,0.700319,-1.042854,-0.405394
7.959080,-2.401234,0.400336,-1.404797,1.485033,-0.681887,-1.862250,-0.036265
9.486036,-0.305375,1.317965,-1.744951,1.535271,0.170254,-1.732936,0.917775
6.516359,0.494175,1.219084,-0.836971,2.135052,-0.857858,-1.555273,0.239803
8.183800,-3.335214,4.159097,-1.674086,-0.181332,1.074718,-1.706919,0.733608
9.047816,-3.274997,3.365395,-2.429077,0.983698,0.237557,-1.854558,-0.027577
8.204604,-3.239451,4.627417,-2.390918,0.921794,1.898024,-1.465204,-0.178987
8.214233,-3.288248,4.617649,-3.363424,1.598897,2.007416,-0.654429,0.537993
8.179574,-1.756253,0.806025,-2.676569,1.987417,-0.704529,-1.285640,0.287174
9.639534,-2.671383,3.400252,-3.223073,1.739281,0.824107,-1.458663,0.686497
9.941173,-0.482588,4.093638,-4.298187,3.384069,0.065306,-1.329609,0.487918
8.877710,-0.812450,2.658304,-2.538782,1.738951,0.541020,-1.204000,-0.457573
10.471900,-0.606705,0.248861,-3.484251,3.276103,-1.187677,-2.257582,-1.054737
10.328241,0.203514,1.759861,-2.829763,2.666357,-0.356696,-1.328032,0.753713
8.624948,-0.199655,2.117002,-2.377521,2.680016,0.201005,-1.046804,-0.352512
8.338851,-2.086221,0.773243,-1.579505,1.352959,0.556566,-1.115240,0.166155
9.862253,-2.844286,3.528508,-3.170840,1.330848,1.022002,-1.746709,0.154032
8.185796,0.089659,2.098503,-3.435740,3.343423,-0.174141,-1.333071,0.945729
8.714604,-0.826766,1.486455,-2.337151,1.684995,0.213152,-1.360122,-0.089642
9.958272,0.352115,-0.651059,-2.865965,2.815351,-2.285420,-1.649855,0.484944
9.436776,-1.249771,2.520385,-3.177424,1.816051,0.346456,-1.362313,0.612810
2.630264,-2.225996,1.731570,-0.273314,2.467942,0.623546,-1.556301,-2.033794
-5.851334,-1.296549,0.538561,2.137340,2.864171,0.004159,-1.800198,-0.324660
-8.389041,-3.959248,2.838523,1.770040,2.739095,0.672295,-2.018224,0.450864
-7.946956,-4.483534,3.496238,1.497981,1.976080,-0.013042,-1.607732,0.092865
-5.393911,-6.058182,4.397374,0.797735,2.158963,2.226359,-2.033780,-1.039319
-7.094247,-5.002599,3.061848,1.189895,2.314266,1.400890,-1.901657,-0.220284
-8.319875,-5.193985,3.080324,1.639576,1.826529,-0.105846,-1.006876,0.160630
-8.156946,-5.258144,3.268604,1.711867,1.848430,0.196725,-0.881207,0.248114
-9.462471,-3.323698,1.612858,2.353062,2.510366,-0.115615,-0.961945,0.486787
-9.711423,-3.194779,1.368527,2.448280,2.532837,-0.509053,-0.879952,0.509567
15.275027,1.720878,0.067471,-0.107719,-0.486021,-1.831254,-1.429643,-2.004213
15.032066,3.707899,2.141710,2.356379,-1.441497,-2.130964,-2.000560,1.397734
14.608116,2.184999,3.112697,1.769014,-2.805648,0.049880,-1.562083,1.050698
17.560438,3.580734,1.691742,-1.508272,0.147503,-2.147150,-1.112977,1.229422
16.208764,2.847583,4.320768,-1.419179,0.586425,-1.805801,-2.512420,1.033520
13.461219,0.844550,2.365454,1.818410,-2.799782,0.593940,-1.333842,0.084214
15.897254,1.473171,2.159971,1.194027,-1.933998,-1.379808,-1.945013,0.934978
14.380576,1.204985,5.187447,-1.960915,0.696570,-1.540949,-2.861910,0.289161
12.210647,0.249266,2.814568,1.654936,-3.032456,0.420819,-0.850618,1.224763
15.536386,3.207992,1.066458,1.959491,-1.443494,-2.261911,-1.570197,0.555052
15.351690,3.447997,3.662393,-2.678558,1.628770,-1.938796,-2.785616,1.574869
14.409432,3.903237,0.132627,0.234885,0.026194,-2.274468,-0.908761,1.819029
16.652953,2.562105,3.161160,0.008292,-0.759369,-2.388372,-2.237597,1.626509
15.619789,3.631153,4.047526,-3.468648,2.694257,-2.787506,-3.528293,1.812052
14.273253,2.212252,1.941288,-0.410515,-0.889967,-0.486313,-0.719877,2.767091
16.125890,3.649614,0.730562,0.566007,-0.864742,-2.655179,-2.204825,1.322194
16.908198,4.353609,2.394790,-2.499420,2.412498,-2.926388,-2.840258,2.058699
20.328612,5.285649,1.759827,-2.214398,1.036950,-2.811637,-0.978735,2.669927
20.509131,4.530721,2.335322,-0.018820,-0.843659,-2.762443,-1.711420,2.090323
16.190575,2.140107,4.185464,-1.576883,0.133602,0.118139,-1.464796,3.085940
16.711239,3.308605,1.181513,-1.847833,0.927004,-1.415404,-0.801641,2.959170
13.086616,1.967104,2.222642,-4.039159,2.982545,-1.971744,-0.947102,1.455592
15.666046,2.612889,2.040226,-5.322091,3.309615,-3.170544,-0.832637,1.184914
17.097270,1.249568,2.456975,-7.176016,4.383600,-3.585879,-2.351815,1.233691
15.770326,2.518769,2.659796,-5.920893,3.901945,-1.972242,-1.227736,2.790580
15.745574,3.975957,1.682708,-5.503111,5.292190,-3.057791,-1.498914,0.658747
16.679646,2.127911,2.339431,-5.781570,3.506825,-2.614884,-1.519447,1.586218
17.216980,0.990673,4.097564,-6.333671,3.392773,-2.487070,-1.549349,0.306272
15.208294,1.567404,4.266990,-5.349199,3.237525,-0.951944,-0.936137,2.008185
14.173361,1.968292,2.319188,-5.038628,3.720577,-2.343747,-1.258696,-0.145207
14.565135,-0.833497,3.493085,-5.276100,2.057565,-1.128688,-1.342827,1.266358
14.909085,3.593865,0.444510,-5.160576,4.667333,-3.364731,-1.339147,0.803196
13.614577,2.540710,3.075350,-5.977502,4.866531,-2.483318,-1.136633,1.823525
15.502620,1.126107,3.568635,-6.022610,3.030839,-1.710492,-1.427463,1.134967
15.456804,1.819319,0.584569,-5.943435,4.318465,-3.513926,-2.472120,0.695109
14.206180,1.008856,3.442150,-5.299911,3.042286,-1.344961,-1.665562,1.489967
13.470987,2.862440,1.924296,-5.202949,4.466541,-3.304674,-1.359101,0.193272
13.391429,-0.476623,2.602703,-4.161123,2.056630,-1.331301,-1.245240,-0.537483
15.290564,0.765940,2.497032,-4.874517,2.601812,-2.432904,-1.562073,-0.246164
13.799514,1.586821,3.547972,-5.329981,3.021253,-1.563560,-1.067381,2.087403
14.950229,1.908628,2.620389,-5.922177,3.860609,-2.138441,-1.113526,0.768684
16.617448,2.008045,1.510097,-6.276414,3.764047,-2.923729,-1.203920,2.228430
17.546913,1.845072,4.296629,-6.867184,3.569567,-2.599930,-1.531220,2.040912
12.907481,0.718115,4.413659,-6.023509,4.592073,-0.611524,-1.732049,0.817607
-4.864101,-3.865156,0.271059,0.996102,3.523522,3.141239,-2.177141,-1.269022
-6.384492,-6.456761,3.070402,0.609493,1.770359,1.291974,-0.746921,-0.648998
-6.472972,-6.081861,2.722999,0.602301,1.850537,0.929881,-0.875264,-0.868044
-6.464402,-5.835657,2.609076,0.445643,1.931154,0.932121,-1.001804,-1.101233
-6.195740,-6.557769,3.252542,0.370463,1.728270,1.078687,-0.816087,-0.738633
-7.788912,-5.116200,1.772884,1.210942,1.861175,0.596208,-0.753514,-0.025914
-9.030063,-4.973408,1.356796,1.605245,1.610258,-0.656285,-0.090044,0.702363
-8.708059,-5.127096,1.507444,1.599153,1.736383,-0.255040,-0.299257,0.488309
-8.325631,-5.537291,2.096437,1.313564,1.517919,-0.112307,-0.319293,0.137479
-8.791626,-4.726039,1.241087,1.781220,2.251493,1.274831,-0.891864,-0.039791
-9.139808,-4.754631,0.842256,2.016959,2.657724,2.206422,-1.204204,-0.040421
-9.598715,-4.390556,0.768137,1.829082,2.252382,0.142801,-0.899478,0.628354
-8.596926,-5.391932,1.459690,1.508853,2.026708,0.300605,-0.498974,0.541078
-8.764434,-5.316313,1.442696,1.453751,1.567698,-0.414502,-0.260151,0.414811
-9.178722,-4.995412,1.214733,1.594830,1.631869,-0.797960,-0.016963,0.156585
-9.328700,-4.505260,0.898720,1.702704,1.799175,-0.481031,-0.274176,0.312712
-9.127251,-4.845576,1.357266,1.661710,1.729723,-0.477198,-0.095118,0.454578
-9.894146,-4.846457,1.002487,1.778115,1.478287,-1.338640,0.213739,0.875521
-9.950500,-4.604523,0.941815,2.015774,1.516098,-1.135395,0.152927,0.784901
-10.298828,-4.304531,0.634667,2.170934,1.573536,-1.053854,-0.024371,0.934362
-11.024277,-4.077446,0.395909,2.124110,1.223133,-2.258914,0.309957,1.509521
-7.588555,-4.143444,1.582392,3.872273,-0.276211,-0.016921,-0.033375,-0.104346
-7.766527,2.230697,-3.307710,5.663444,3.245700,2.166545,-3.160960,-0.239136
-10.757414,2.672709,-3.326304,4.274554,5.753063,1.858563,-3.770960,0.644521
-11.794170,-2.076614,2.594380,3.034393,1.671475,-1.995804,0.085990,1.185342
-12.112021,-1.627331,2.482857,2.920144,1.432029,-2.432907,0.064475,1.047494
-12.438821,-1.171915,2.191730,2.953851,1.279716,-2.873213,0.072265,1.221247
-12.423308,-1.162732,2.220371,2.977542,1.185122,-2.901706,0.240471,1.429255
-12.273372,-1.468139,2.239816,2.997119,1.387917,-2.672094,0.243829,1.320192
-12.264227,-1.484649,2.232438,2.958610,1.417211,-2.518887,0.056023,1.280359
-11.827884,-1.823808,2.617590,2.951760,1.685238,-2.181889,0.288283,0.895960
-11.820955,-1.854781,2.713836,2.967759,1.673526,-2.064276,0.267668,1.020944
-12.347294,-1.269436,2.321964,2.917340,1.427743,-2.561175,-0.018752,0.974793
-12.281780,-1.405397,2.397965,3.046586,1.451672,-2.550760,0.270465,1.536607
-12.423258,-1.116043,2.313344,2.901370,1.324123,-2.674364,0.172866,1.329103
-12.203582,-1.406137,2.532420,2.811257,1.324865,-2.465409,-0.019181,0.922225
-12.473327,-1.118170,2.254569,2.917752,1.233136,-2.721746,0.104555,1.296052
-12.334371,-1.307796,2.320728,3.024928,1.366438,-2.479438,0.121536,1.233662
-12.147008,-1.322249,2.475163,3.005315,1.286829,-2.390361,0.113787,1.087429
-12.143133,-1.360310,2.435775,3.048127,1.265049,-2.426139,0.199509,1.214483
-9.696847,-1.213188,1.572060,3.129070,5.230961,3.706095,-3.284988,0.315322
-7.426953,7.878328,-2.528936,0.904588,6.271163,10.820709,-5.199581,-3.262800
-16.334754,6.777705,2.146771,-2.585406,-2.712070,-1.997128,-1.298877,-0.506283
-16.511756,7.189022,2.174807,-2.710754,-3.128913,-2.295024,-1.631642,-0.926695
-16.600040,8.099744,2.401506,-3.511261,-4.141430,-3.191774,-1.930768,-1.315710
-16.747958,8.331473,2.461198,-3.702345,-4.489546,-3.526532,-1.976373,-1.217597
-16.622679,8.468321,2.561480,-3.956241,-4.522889,-3.389155,-2.197758,-1.330014
-16.563417,8.276807,2.376829,-3.576780,-4.269314,-3.168254,-2.120850,-1.304830
-16.456798,8.250117,2.362964,-3.603488,-4.279272,-3.017733,-2.182920,-1.297189
-16.529299,8.499308,2.229161,-3.645699,-4.321672,-2.908561,-2.094195,-0.929948
-16.607581,8.247886,2.198915,-3.476083,-4.101710,-3.019633,-1.994076,-1.117537
-16.432050,7.725552,2.368044,-3.410156,-3.795344,-2.637317,-2.014734,-1.146162
-16.269678,7.721357,2.544215,-3.494613,-3.953209,-2.691022,-2.144295,-1.508870
-16.719231,8.323822,2.303792,-3.681937,-4.223891,-3.216410,-2.207584,-1.523333
-16.653036,8.248259,2.387929,-3.695771,-4.209493,-3.191446,-2.079833,-1.425784
-16.774493,8.084191,2.245387,-3.294787,-3.989205,-3.205319,-1.826543,-1.085562
-16.985741,8.000769,1.177080,-2.310450,-2.025704,-0.667002,-2.455544,-1.500177
-16.844967,8.391889,1.269024,-2.651482,-2.231824,-0.429048,-2.592300,-1.520046
-16.412085,8.018887,2.485945,-3.569582,-4.067780,-2.818829,-1.877826,-1.073277
-16.343142,7.832132,2.437411,-3.363930,-3.978815,-2.788302,-1.955534,-1.285781
-16.657244,8.370591,2.330739,-3.563909,-4.379365,-3.246447,-2.049752,-1.290346
-16.661362,8.683565,2.401961,-3.955253,-4.598648,-3.425134,-2.355481,-1.693681
-16.459698,8.069440,2.397659,-3.634036,-4.106527,-3.018115,-2.137112,-1.614047
-16.330532,7.753956,2.465127,-3.449143,-4.023686,-2.855720,-1.958388,-1.434588
-16.542434,8.207959,2.457717,-3.781372,-4.336375,-3.138149,-2.158632,-1.517404
-16.805198,8.913606,2.439711,-4.037380,-4.732284,-3.614208,-2.388890,-1.738109
-16.605728,8.037160,2.426844,-3.493059,-3.959773,-3.110086,-1.867933,-1.141031
-16.651292,7.960487,2.419874,-3.527810,-4.008731,-3.234171,-2.003730,-1.450275
-16.818537,8.387551,2.482547,-3.839615,-4.516764,-3.545764,-2.245122,-1.720709
-16.810985,8.480113,2.590133,-3.978673,-4.697535,-3.623797,-2.173364,-1.619161
-16.758903,8.354265,2.352210,-3.639207,-4.355331,-3.464247,-2.083709,-1.441991
-16.566365,8.134552,2.395720,-3.607523,-4.123585,-3.134649,-1.982474,-1.210678
-16.595379,8.027532,2.439545,-3.688989,-4.124089,-3.114777,-2.000761,-1.273900
-16.518501,8.154412,2.558786,-3.776728,-4.343599,-3.216506,-2.204840,-1.598423
-16.620544,8.196127,2.488624,-3.634284,-4.208268,-3.153189,-2.076021,-1.474889
-16.761031,8.019168,2.449269,-3.547062,-4.111131,-3.147972,-2.125171,-1.600650
-16.812798,8.236957,2.510184,-3.745613,-4.411226,-3.343504,-2.105800,-1.382247
-16.724488,8.100332,2.419363,-3.575173,-4.060979,-3.026428,-1.798234,-0.870363
-16.539746,8.067949,2.459923,-3.680886,-3.997538,-2.786770,-1.866342,-1.076534
-16.803491,8.081333,2.300833,-3.512173,-4.000677,-3.200445,-1.979000,-1.335488
-16.569026,7.735895,2.407958,-3.409146,-3.843769,-3.129237,-1.857780,-1.411988
-16.503963,7.630253,2.465956,-3.418353,-3.962584,-3.146250,-1.761012,-1.214478
-16.368496,7.746919,2.445593,-3.389475,-3.929804,-2.796561,-1.980393,-1.158425
-16.426991,7.801364,2.415459,-3.509561,-3.771681,-2.684841,-1.994226,-1.147170
-16.557008,8.297148,2.429139,-3.626051,-4.187535,-3.188946,-1.948086,-1.083337
-16.615950,9.018666,-6.276290,1.548189,9.301608,16.161604,-9.939917,0.202481
-11.904078,-1.684303,2.864309,3.019615,1.646438,-2.132428,0.000546,1.137258
-12.019121,-1.576940,2.769666,3.064536,1.679387,-2.152873,-0.186123,1.037991
-11.911817,-1.760585,2.744156,3.092596,1.593173,-2.038930,-0.297671,1.145241
-11.922763,-1.602605,2.723211,3.141321,1.590223,-2.223497,-0.219013,1.377883
-11.724134,-1.839896,2.855958,3.062111,1.727894,-1.862164,-0.226781,1.284501
-12.157102,-1.362960,2.656667,2.933713,1.525782,-2.352523,-0.249461,1.054413
-12.094206,-1.378839,2.686717,2.850724,1.472097,-2.324860,-0.204815,0.938862
8.220433,8.867703,1.853885,-2.472463,2.674425,6.684284,4.248424,10.569814
-6.852440,7.355742,-2.178644,-0.609854,5.982459,10.077267,-6.148280,-1.972805
-14.624325,6.696803,0.055525,0.395338,2.530185,4.599407,-3.293407,-0.703510
-16.128352,7.006782,2.506770,-2.397504,-2.584763,-1.935249,-1.356474,-0.681954
-15.646021,6.404455,2.352990,-1.924660,-1.525618,-0.618081,-1.556360,-0.935870
-15.590144,6.418644,2.374964,-2.030795,-1.712863,-0.648654,-1.461724,-0.630367
-15.807734,6.863234,1.747829,-1.772628,-1.473397,-0.741136,-1.137031,-0.397410
-15.031104,5.770193,1.824128,-0.958989,-0.173882,0.393462,-0.835107,-0.393691
-14.839984,5.467083,2.050224,-0.882652,-0.312023,0.082756,-0.641797,-0.509199
-15.229479,5.943860,2.391649,-1.393469,-1.152051,-0.560526,-0.714991,-0.579527
-15.762489,7.094409,2.448937,-2.281830,-2.333298,-1.529474,-1.335505,-0.874059
-15.879632,7.361412,2.597589,-2.593430,-2.828412,-1.927814,-1.533915,-0.925270
-15.960134,7.479776,2.555426,-2.655666,-2.992997,-2.046539,-1.740381,-1.295852
-16.106919,7.675107,2.508755,-2.817182,-3.224478,-2.238989,-1.965675,-1.444825
-16.198703,7.965400,2.088612,-2.677607,-2.820222,-1.841250,-2.165372,-1.316877
-16.066649,7.536078,2.174722,-2.381001,-2.519177,-1.608830,-1.781080,-0.852978
-15.960742,7.354204,2.629514,-2.607982,-3.006132,-1.934792,-1.766506,-1.153601
-16.138153,7.769762,2.526670,-3.015453,-3.326853,-2.239944,-1.998739,-1.455160
-16.254710,7.853759,2.374918,-2.846874,-3.161249,-2.309273,-1.858114,-1.262991
-15.996461,6.759428,2.105074,-1.794690,-1.711334,-1.190079,-1.047999,-0.415317
-15.958175,6.681227,2.150920,-1.801631,-1.719026,-1.035868,-1.104735,-0.451808
-16.125433,7.770809,2.401228,-2.793308,-3.017147,-2.081816,-1.839342,-1.070241
-16.479390,8.266083,2.357803,-3.189034,-3.321814,-2.453922,-2.110940,-1.467420
-16.309997,7.854804,2.555322,-3.137416,-3.187635,-2.256730,-1.843083,-1.258267
-15.938786,6.863245,2.331396,-2.255149,-2.173214,-1.362764,-1.426005,-0.735341
-16.204920,7.222316,1.912747,-1.960464,-1.850182,-1.313671,-1.525945,-0.626217
-16.094502,7.280744,1.941262,-2.084557,-1.824293,-1.131843,-1.593533,-0.677835
-15.811930,6.213546,2.047148,-1.662318,-1.062610,-0.470775,-1.147662,-0.214996
-15.454755,5.813045,2.385846,-1.682448,-1.182702,-0.453642,-1.019823,-0.210558
-15.727585,6.519953,2.573517,-2.202576,-2.285265,-1.560586,-1.273422,-0.851360
-16.012259,6.709805,2.237382,-2.065914,-1.712874,-0.872718,-1.538212,-0.550461
-16.351514,7.180643,1.981652,-2.276120,-1.874586,-0.981194,-1.754144,-0.523233
-16.270876,7.781264,2.464770,-2.964963,-3.373908,-2.528032,-1.946793,-1.214751
-16.174673,7.347258,2.113620,-2.176139,-2.479054,-1.836379,-1.657401,-0.958289
-15.820135,6.758422,2.349307,-1.991081,-2.164039,-1.404376,-1.450164,-0.777469
-16.063002,6.925234,2.286290,-2.059662,-2.233417,-1.788141,-1.295191,-0.818579
-16.219283,7.353244,2.178437,-2.249395,-2.397991,-1.953465,-1.414025,-0.884082
-16.021933,6.939103,2.443999,-2.301112,-2.386979,-1.868323,-1.411718,-0.689724
-16.060352,6.674508,2.275166,-1.939206,-1.984516,-1.663607,-1.361040,-0.696024
-16.053903,7.155470,2.342228,-2.349612,-2.551664,-1.838207,-1.635183,-0.959762
-16.019038,6.997128,2.410154,-2.207445,-2.364832,-1.786688,-1.378770,-0.592540
-15.841051,6.757649,2.435766,-2.042108,-2.119656,-1.527007,-1.264119,-0.527031
-15.985396,7.126734,2.501055,-2.443295,-2.664590,-1.860517,-1.466554,-0.673757
-16.054228,7.215636,2.521653,-2.523524,-2.730518,-1.969208,-1.529743,-0.597406
-16.125786,6.947287,2.088196,-1.991492,-1.853684,-1.383893,-1.405923,-0.438055
-16.223764,7.304219,1.983862,-2.123348,-2.034119,-1.535527,-1.632326,-0.843406
-5.210069,-0.805130,1.772307,2.262924,4.970981,2.912815,-1.560451,-1.315869
-10.802500,-2.449140,3.342735,2.890442,2.082695,-0.510446,-0.404560,0.845362
-10.882735,-2.437147,3.202217,2.780154,1.995789,-0.698812,-0.386344,0.813335
-11.653351,-1.621249,2.755686,3.065503,1.868336,-1.532070,-0.278757,1.011956
-11.729348,-1.719380,2.998758,2.974633,1.814188,-1.842046,-0.088086,1.053190
-11.843744,-1.709107,2.810172,2.896111,1.704564,-2.029190,-0.220618,0.701897
-11.543687,-1.916957,2.872450,2.907379,1.653061,-1.847110,-0.217818,0.561792
-11.947162,-1.749656,2.698584,2.960875,1.678623,-2.277872,0.071853,1.157210
13.191239,7.204459,1.228688,-3.923226,4.596211,1.433579,1.641249,2.444672
5.559605,-1.786162,3.833420,2.622270,-1.830832,2.956796,-0.467141,-0.438873
4.361285,-3.008672,-0.056445,2.653341,-0.755862,0.047877,-1.738100,-1.676314
2.248325,-4.223873,-1.374393,0.100688,1.521094,-1.211325,-2.355872,-0.598771
5.606273,-3.083611,2.467297,2.786896,-1.787006,0.063858,-2.649167,0.513309
6.644971,-1.066139,4.916071,1.035785,-0.960118,1.883226,-1.767193,1.951994
4.296406,-0.678021,3.459989,1.160730,0.240023,1.352866,-1.865697,-1.024249
0.907654,-1.758503,2.135716,-0.245769,2.040154,1.406554,-1.329961,-1.834086
0.847656,-2.250072,2.590697,0.520897,1.525140,1.340743,-1.240656,-2.084304
6.312730,-2.509213,2.865368,0.820448,-2.140819,2.857809,0.618078,1.606066
6.042808,-4.377387,0.936984,-1.201086,-0.553543,1.011672,-0.115591,1.091985
1.985304,-5.179843,0.141819,0.467572,1.009301,-0.412636,-2.595175,-1.155771
1.311877,-5.610504,0.737023,0.762102,0.667344,-0.639866,-2.910785,-0.824685
4.735263,-1.951516,1.784681,3.243645,-1.183196,-0.231280,-3.061950,0.829834
6.994051,-0.822467,4.791829,0.679623,-0.953354,1.673802,-1.586015,0.588980
6.641710,-1.936773,3.844176,2.058707,-2.279796,2.306869,-0.512502,-0.993541
2.825734,-1.650609,1.193678,2.094561,-0.369842,1.316941,0.160455,-1.087464
1.459890,-2.307239,3.473879,0.654661,1.098135,2.554373,-0.815161,-1.658465
1.798073,-2.078243,5.486793,1.617306,0.302222,3.227266,-0.902666,-0.432361
4.154121,-0.427488,4.438462,2.679044,-0.890571,3.026791,-0.774283,0.325558
4.934500,-1.688606,2.188764,4.827443,-2.131828,0.936208,-2.687490,-1.474269
4.078394,-4.170797,0.959069,0.444951,1.267914,-0.598728,-2.874339,-1.931962
6.256177,-3.846014,1.511097,1.164136,-0.509798,0.645047,-1.782247,-1.247780
6.475323,-3.076864,1.107064,1.214631,-0.921318,1.185667,-0.067833,-0.525936
5.066194,-2.106516,2.569417,2.132131,-1.383553,3.395671,1.450584,1.588993
2.875773,-0.014796,2.196882,0.957033,0.666432,1.141273,-0.563434,-0.474839
1.832144,-0.502067,3.664501,-1.200897,2.673415,0.759494,-1.177856,-0.987722
5.505239,0.201219,2.886858,0.903056,-0.608720,2.234182,-0.231064,1.423508
5.517122,-1.986477,1.181505,3.965647,-2.572471,1.242962,-0.902516,-1.079166
2.388207,-5.568639,-0.052214,-0.311823,1.184791,-0.179680,-2.559633,-1.714928
3.141264,-5.297703,0.831593,-0.235470,1.227515,-0.613131,-2.842470,-1.200826
8.087331,-0.485880,2.324787,4.728505,-3.298413,1.561799,0.540079,0.143149
7.387686,1.215444,4.183246,4.390996,-2.098423,3.130840,1.103284,1.391831
2.201944,0.485384,4.093793,0.431091,2.116692,0.509113,-2.406080,-1.190135
2.558523,0.073438,3.137458,-0.575519,2.025629,0.154121,-1.949788,-1.303601
7.278037,-0.711491,3.011568,0.419865,-1.287870,1.917119,-0.054821,1.776518
8.789195,-2.290612,1.710383,-1.465103,-0.896613,1.501647,-0.037946,2.608778
5.491625,-3.577086,-0.517041,-0.698442,1.463505,-1.056562,-3.002010,-1.443808
4.514778,-3.195099,-0.039633,1.128299,0.599136,-1.200749,-3.375232,-0.582248
7.713516,-0.601640,4.091304,1.757804,-1.551013,0.968202,-1.952436,1.840165
5.533347,0.159743,4.826514,-0.232528,0.340771,1.394991,-1.953031,1.118451
1.894617,-0.879750,2.764313,0.659963,1.093005,0.644347,-1.188960,-0.927616
1.922969,-1.613387,1.589641,-0.265140,1.239707,0.697922,-1.024146,-1.274590
2.722209,-1.134398,2.104153,0.423276,0.865019,1.055572,-0.353610,-1.836360
3.268113,-1.486144,2.175318,2.149413,-0.922243,1.782002,-0.448954,-0.509987
3.213772,-2.196830,0.319051,3.463601,-1.373738,0.068506,-1.996731,-2.116029
2.700180,-5.607985,0.453858,0.675454,0.037613,0.382615,-2.415311,-1.814824
1.306010,-6.337396,-0.639803,-0.205796,1.390917,0.542666,-2.071026,-2.328597
-3.595060,-6.024941,-2.463010,1.830700,3.160232,3.182239,-2.692672,-1.920379
-10.364852,-6.334648,-1.618174,1.777588,0.340862,-3.620366,0.495223,1.483236
-10.064599,-6.427375,-1.532199,1.859773,0.307379,-3.648830,0.692254,1.561212
-9.777898,-6.538252,-1.487757,1.914876,0.591441,-3.095020,0.571742,1.289472
-9.483410,-6.945842,-1.264378,1.769334,0.724646,-2.605084,0.353060,1.353824
-10.156643,-6.289458,-1.682363,1.712612,0.600379,-3.129906,0.153063,1.304545
-10.533578,-5.922426,-1.882415,1.929811,0.324196,-3.853339,0.525740,1.579061
-10.724966,-5.687249,-2.079913,1.963932,0.363212,-4.096619,0.571664,1.480589
5.850380,-0.600386,4.498860,2.938315,-1.385352,1.440771,-2.112647,1.673072
3.939889,-0.850547,5.764678,0.293109,0.750543,1.804325,-1.697335,0.200508
1.708566,-2.112487,4.685813,-0.509314,1.813230,1.256725,-1.136173,-0.967465
0.897706,-2.411121,3.638739,-1.039360,2.024615,1.447849,-0.957881,-1.680295
1.847598,-3.815389,4.310951,-0.606706,0.926148,2.274035,-0.903947,-1.989512
4.488362,-4.196986,3.571204,-0.290533,-1.231691,3.219803,0.521245,1.416621
4.309415,-5.212418,1.169256,-1.917058,-0.342323,1.255929,-0.578310,0.000307
3.236790,-6.887172,1.956357,-0.193666,-0.094152,0.879372,-2.309800,-1.595836
1.200401,-6.032702,1.450523,0.403301,0.955908,-0.049616,-3.164491,-1.346449
1.796315,-6.445659,1.984053,0.437199,0.487234,0.529181,-2.676363,-1.453165
5.114208,-5.522535,3.016833,1.152639,-2.011962,1.970292,-0.330953,-1.609842
5.184280,-3.484459,4.379933,2.128807,-2.785779,3.410568,0.886156,0.680946
1.596553,-3.558775,5.449656,-0.605631,1.492158,2.456202,-0.828550,-1.618594
1.506984,-2.485323,4.604190,-1.274632,1.900652,2.190695,-1.394635,-1.970909
2.923519,-0.812618,5.156463,1.189564,0.404252,2.320333,-1.069385,-0.869038
3.456000,-0.928900,3.193974,3.992957,-2.294596,1.915709,-1.200332,0.650655
2.773874,-5.079851,1.725476,2.567379,-1.152800,1.006605,-2.413503,-1.527412
0.972471,-5.827266,-0.146052,-0.078269,0.951302,-0.553172,-2.730373,-1.683038
1.821425,-5.527354,0.060090,-0.551981,1.459113,-0.600939,-2.752287,-1.551899
4.704150,-5.033027,1.007064,1.152114,-0.359831,0.549060,-1.911687,-2.916222
7.663848,-0.696660,3.132954,4.595603,-3.615701,3.591683,2.406249,1.359487
6.134639,-0.978645,6.304127,2.198118,-0.796333,3.945243,1.280327,0.057764
1.287911,-0.875994,4.659967,0.350707,2.011995,1.316544,-1.636739,-1.607131
1.351165,-1.733413,4.120085,-0.597934,1.725339,1.693750,-1.626898,-1.794142
2.730494,-1.047620,4.054558,0.852987,-0.061529,2.235869,-1.374490,-1.362457
4.708978,-4.099098,4.767622,3.527497,-3.398113,2.930630,-1.175633,-0.416932
2.573864,-5.861621,1.388805,0.972966,-0.583601,0.242219,-2.094182,-1.433909
1.163140,-6.701982,0.750690,-0.758642,1.235073,-0.327840,-2.388242,-1.686323
2.508841,-6.402227,1.640396,0.586606,0.031589,0.518247,-2.680388,-1.345584
4.386778,-2.798957,3.077582,4.152494,-2.078672,0.761306,-2.793293,0.096358
5.204823,-2.655347,6.503430,1.002550,-0.902808,3.052406,-2.247467,0.639695
3.708228,-1.147183,4.349842,1.182875,-0.116559,1.850163,-1.007348,-0.298430
1.716717,-4.075958,3.953319,-1.026999,1.765392,2.051246,-0.885166,-1.898532
0.666347,-4.601988,4.007575,-1.309386,1.799707,2.259197,-0.798915,-2.028849
3.299301,-0.908173,4.549714,1.557564,-0.384327,2.384305,0.047375,-0.576145
3.726863,-1.209807,4.053580,3.561176,-2.382812,2.692432,-0.136944,0.428918
2.430850,-4.347482,1.262472,3.216169,-1.825370,0.657024,-1.469141,-2.302457
-0.508793,-7.091308,0.078631,-0.554710,1.034919,-0.478913,-1.955595,-1.637428
0.087814,-6.282202,-0.009055,-0.045548,0.973008,-0.622240,-2.349773,-1.089482
1.365243,-6.340872,1.076909,-0.104401,1.209504,-0.418604,-2.807305,-1.367110
4.169190,-4.040435,3.271499,2.643351,-1.757166,1.438408,-2.443032,1.313671
4.292756,-1.663974,5.009175,1.566945,-1.559922,2.977960,-1.332975,2.191932
1.397858,-2.662264,5.132839,0.142305,1.081116,2.344609,-1.780803,-1.948983
0.846689,-3.074743,4.665489,0.590512,0.467297,2.356295,-1.585700,-1.557543
1.535316,-3.529370,4.751549,1.417634,0.381474,1.764159,-2.903942,-1.767159
1.296588,-4.736970,4.593217,0.798235,0.743508,1.209602,-3.526139,-1.442658
1.277108,-5.708915,4.720196,0.040629,1.167646,1.189610,-3.404580,-1.146797
0.871826,-5.146971,4.124612,0.476619,1.403082,0.922070,-3.528637,-1.465062
-0.824961,-6.540136,4.489464,0.859475,2.164301,2.365175,-4.281241,-1.881734
-6.792873,-3.318391,0.910259,3.376575,3.349884,1.821932,-4.264099,-0.700818
-6.820494,-5.681414,3.308915,2.777109,1.985391,0.382899,-3.062091,-0.043697
-6.856686,-6.015510,2.938194,3.230916,2.162245,1.421570,-3.641576,-0.406030
-11.116908,-3.538056,1.507750,3.514827,0.900742,-3.680314,-1.832101,2.265474
-8.318083,-5.750068,2.910550,2.920233,2.038447,-0.080555,-3.028340,0.748773
-8.326892,-5.665776,3.002392,2.987174,2.108948,0.084812,-2.919618,1.179450
9.368682,-0.577051,-0.284086,5.462409,-4.281293,1.385318,-0.878704,-2.018233
16.480492,6.445364,5.104395,15.207792,-10.104392,4.902964,4.945080,7.915492
14.095443,5.582838,7.852749,11.787956,-6.607591,2.578720,1.534038,3.662032
12.116178,1.160194,3.549239,6.654869,-3.896792,4.043938,1.668859,10.667833
11.887434,0.514279,0.458818,0.494192,-1.281146,1.138935,0.145045,0.282792
12.864391,0.640347,1.029097,1.853024,-1.938785,0.182636,-0.087093,1.093898
9.843188,-0.134487,3.743885,2.435485,-1.298443,1.293393,-1.646452,2.492266
7.820296,-1.487052,2.647695,4.170510,-3.097905,1.423844,-0.566735,-2.075228
9.305473,-2.625740,1.256477,2.417808,-2.775677,2.300142,0.411701,-2.894199
13.397083,2.116594,3.588308,11.757452,-8.687414,4.213116,1.752267,2.758401
13.025388,4.181812,6.200244,8.555019,-4.738328,1.907661,-0.231172,1.506516
10.290362,0.216612,5.222990,12.300872,-7.627749,3.901083,0.425747,6.555038
6.551698,-2.751145,-0.554313,3.784654,-3.339488,1.202332,-0.269670,-3.136946
7.606152,-0.514475,-3.145523,1.559341,0.105250,-0.372370,-0.672828,-1.670401
10.777705,-0.090055,1.091103,3.292310,-2.375217,1.080662,-1.928991,0.897987
7.572715,-1.768303,5.135948,2.686282,-2.145816,1.726175,-1.862726,1.386590
6.827914,-1.545696,2.387268,6.440696,-3.873858,1.241249,-1.652847,-1.975571
7.373446,-2.165420,-0.608890,3.525395,-2.998576,1.276213,-0.492296,-2.716650
10.213182,-1.482958,1.272859,3.078936,-2.623737,1.038196,-0.572176,0.746146
11.834551,-0.458907,1.270506,2.075413,-1.545630,-0.047498,-1.082073,-0.867410
13.412674,-0.773863,1.433293,1.547876,-1.949611,0.233947,-1.136105,-1.739249
13.116676,0.189281,1.689741,1.249005,-1.175564,-0.658595,-1.715595,-1.383716
11.112305,-0.207704,0.124005,4.471928,-3.139031,0.711379,-0.786303,-2.074494
13.119224,3.738736,0.116416,8.218030,-3.634960,0.550596,-0.817067,-3.108935
11.679211,2.318805,2.805366,6.083146,-1.077269,1.575202,-3.164558,-2.188636
6.077945,-1.743961,1.817448,2.687752,-0.730092,-0.506175,-3.089537,-0.498619
9.502528,-0.819617,-0.460563,3.222343,-2.031761,1.275010,-0.836010,0.090671
11.635049,2.792339,-1.409645,9.262540,-5.096012,1.300648,0.268413,-0.184851
14.544957,5.615479,0.783205,6.546274,-3.080086,-0.536660,-1.085749,-2.029218
17.132195,6.538823,-1.846542,9.134717,-4.969464,-1.441946,-0.370766,0.196425
18.739187,9.255918,-2.684571,7.124821,-1.968440,-3.287959,-0.477563,-2.313382
16.168155,6.052210,-0.911357,6.424906,-2.409215,-0.629897,-0.891601,-2.431452
11.907025,3.946318,-3.698957,6.860393,-3.247996,-0.588746,-0.472247,-2.773470
13.538849,7.585960,3.888505,12.024604,-6.238598,1.147817,-0.113217,0.337462
8.368160,1.510319,7.706353,11.928334,-6.159280,3.214069,-1.656147,1.834231
6.521661,-0.511885,-1.403035,4.859658,-2.268116,0.968919,-0.626453,-1.868411
6.413070,-0.821612,-3.145082,1.645700,-0.281090,0.622221,2.168254,-1.328506
9.885147,0.922282,4.455201,7.496824,-5.562869,3.783591,2.767976,0.483045
7.231535,-0.034115,6.161195,6.638622,-3.264093,2.580017,-0.770068,-0.055647
5.386109,-3.319554,3.462446,4.763347,-2.602940,1.777002,-2.381904,-1.380719
8.400418,-0.404173,-1.784565,4.486518,-2.670592,0.426835,-0.900137,-2.560974
12.302646,3.639711,1.890873,9.588348,-5.232449,1.212818,-0.078129,-1.791060
9.441329,0.602588,-2.973271,0.258435,2.464686,-1.340974,-0.175435,-1.617292
7.111188,1.248819,-5.667653,1.295407,3.049323,-1.391577,1.243044,-0.797095
6.915765,-0.799375,-1.508742,2.930628,-1.261420,1.264212,2.127031,-0.088177
6.130949,-2.569109,3.563959,4.326770,-3.483037,3.078127,0.640542,-1.217402
4.550745,-3.808000,4.654266,3.419768,-2.622746,3.210697,-0.605246,-1.486333
4.302917,-5.351583,1.964197,2.827105,-2.435033,1.674135,-1.002812,-2.979339
5.817791,-5.335848,3.020474,2.371544,-2.946031,3.812499,0.830614,-1.111275
5.226967,-2.904299,4.398683,3.726977,-2.887432,3.434524,0.297854,-1.777466
5.263610,-2.982684,4.405507,3.926785,-2.808908,3.062636,-0.314487,-1.014097
4.612485,-4.889411,1.768171,3.147159,-2.378306,1.884700,-0.859496,-2.448642
5.583809,-1.668642,0.782306,5.115216,-3.330221,1.746250,0.784463,-1.607001
5.817421,-1.039742,3.470803,4.329349,-2.513663,2.606287,-0.031064,-2.176333
5.294418,-2.008056,2.661428,5.841701,-3.103634,1.953547,-1.323552,-3.214500
5.322979,-4.005453,0.340887,0.255619,0.279899,-0.210739,-2.118923,-3.053895
5.961062,-2.628201,2.548355,0.197534,-0.810055,0.798480,-1.332107,-0.032367
4.103091,-2.934649,2.984648,-0.626144,0.309134,1.262353,-1.048558,-0.125550
4.117153,-3.082428,1.209000,-0.750058,-0.165302,0.984462,-0.187568,1.014890
5.507076,-3.862689,2.206752,-0.501559,-0.622279,0.344096,-1.656744,-0.468434
5.606590,-1.961071,2.563710,-1.621657,0.642565,0.790932,-1.889663,0.676773
4.209128,-1.462835,1.965728,-0.949295,1.750362,0.628217,-1.607501,-2.653469
5.526976,-2.255844,2.211407,1.740529,-0.890072,2.046085,-0.201928,-2.065903
5.156419,-2.855836,0.255501,3.151347,-1.823512,0.839690,-0.715732,-1.637132
3.973055,-3.836350,-0.319316,0.929284,-0.968165,0.995136,0.108366,-1.070616
5.622424,-1.539468,3.175042,4.704737,-3.146681,2.643277,0.554615,-1.775868
5.249720,-2.019415,4.851210,2.987450,-2.021054,2.961417,-0.171733,-1.854754
6.108976,-2.850832,1.192190,2.080383,-1.056461,1.281824,-0.366623,-1.632384
6.546037,-3.707081,3.013810,1.479303,-1.151382,3.006237,0.182516,-1.110931
-11.146025,-2.911864,2.399255,2.608066,1.579749,-2.141512,-0.031570,1.266917
-11.040264,-3.157697,2.484710,2.554288,1.696605,-1.918033,-0.130488,0.804898
-10.885259,-3.220932,2.517733,2.608985,1.764105,-1.680575,-0.070560,0.936827
-10.775118,-3.255907,2.715144,2.492324,1.665532,-1.776663,-0.035518,0.859815
-10.883410,-2.890584,2.654804,2.502713,1.533225,-1.915570,0.006832,1.105568
-10.983996,-2.828046,2.433224,2.551033,1.730963,-1.679060,-0.174553,0.942701
-10.501849,-3.314813,2.809837,2.530162,1.771035,-1.252457,-0.168819,0.773632
-10.437071,-3.283626,2.724736,2.619020,1.705684,-1.090488,-0.162215,0.888342
7.548136,-2.762767,3.183636,6.251675,-4.750454,2.290788,-1.576847,-1.458946
7.163454,-3.534315,-0.029641,2.834423,-3.013577,1.938989,-0.387071,-2.414341
10.611590,-0.249295,3.241153,9.895256,-7.404649,4.163516,0.920805,0.032985
9.812407,0.160227,7.303338,7.513889,-4.393001,3.760304,-1.750488,-1.731280
6.353906,-0.858065,5.282396,9.673807,-5.055575,2.335492,-2.274784,1.015238
7.158436,-3.499581,1.767377,4.346968,-4.105451,2.144978,-0.574637,-2.377184
4.644449,0.119662,-3.886692,2.821562,-0.559284,-0.721787,1.521051,0.197186
9.880858,5.535701,2.599539,11.141178,-5.414483,1.055597,0.997669,1.352008
8.495692,1.972951,6.846431,7.506322,-3.487107,2.099245,-1.680644,0.730740
6.772141,-2.532523,1.525755,4.283585,-3.369005,1.653095,-1.155907,-1.833800
11.007799,2.361925,0.691607,8.135995,-5.179547,1.406228,1.415770,-1.301326
22.627394,27.192202,-23.530620,12.450510,14.284375,-3.093262,-1.554838,-0.676191
23.662729,25.491541,-23.345015,11.550112,12.718352,-4.981052,0.507820,2.746383
25.791226,15.285977,-6.052169,-4.098862,3.593069,-2.857211,2.501219,5.385928
28.458669,15.132913,1.875538,-0.229726,0.031488,0.506052,2.966309,8.981219
20.191071,9.471758,4.304356,2.427199,0.780821,-3.721828,-1.651736,5.128322
21.600830,6.039186,1.282585,-2.804935,1.628012,-5.201389,-2.659838,3.232414
17.850392,5.710214,-2.662277,2.048569,-0.415098,-2.860832,-1.347426,0.741650
15.075088,5.683982,2.002369,7.457413,-3.834944,0.189398,-2.814317,-1.405815
7.531151,-3.133926,0.679000,-0.113178,-0.007547,0.742208,-1.757153,-0.045021
6.990642,-4.199747,1.237830,-1.486667,1.264416,0.396942,-2.721790,-1.184851
5.136238,-4.909249,0.666643,-0.138340,0.142111,0.799401,-1.919777,-2.876159
5.896176,-3.722596,3.937116,3.178724,-3.622130,2.591324,0.014718,-1.412849
4.846916,-0.914004,3.511800,1.095835,-0.332109,1.321776,-1.770330,-0.417825
5.227760,-2.966790,3.692934,0.141427,-0.581709,1.205618,-1.940642,-0.152469
5.596978,0.637639,-3.000840,0.815926,1.216466,-0.934471,0.572983,0.760086
4.591533,-0.676524,-3.658751,1.933878,0.800947,-1.285812,-0.590866,0.051427
4.759555,-2.412313,1.645886,0.688041,-0.182664,0.865036,-1.174914,1.390238
3.365812,-2.804606,3.679654,-2.210293,1.700996,0.736910,-1.813225,0.485636
4.920039,-2.280660,1.848627,-1.610546,0.908485,0.105231,-0.906214,0.526138
5.694678,-4.994194,2.692393,-1.525793,-0.465807,1.229995,-1.195102,0.268939
5.485413,-3.686687,0.410042,-0.012397,-0.360219,0.168380,-1.180432,-1.702315
5.201749,-4.610627,2.303328,0.395301,-1.083258,2.032546,-0.970448,-1.853658
2.301128,-4.182663,2.864772,-0.655237,1.537526,1.525638,-2.028064,-2.573162
4.109418,-2.748368,1.758553,-0.995406,0.822181,0.858650,-1.467353,-0.989660
6.724302,-3.275021,2.291580,-0.332412,-1.546198,1.122609,-0.845916,0.862974
6.838769,-1.284326,-0.943960,0.533516,-0.079509,-0.621612,-1.657939,-0.297848
3.957992,-2.401596,0.760319,2.287644,0.318907,-0.120426,-2.829814,0.172171
2.075236,-4.471418,2.666193,1.257165,0.725387,0.288561,-4.117882,-1.233652
4.437608,-4.378699,1.721306,2.059082,-1.577226,0.944490,-2.385519,-2.208798
3.548540,-6.859851,1.638855,-0.054231,-1.066410,1.676248,-0.785668,-3.102305
4.081881,-4.350890,3.605146,1.826072,-2.168108,2.665228,-0.472263,-1.128333
2.338875,-4.037696,4.106557,-0.507392,0.869728,1.998134,-2.131515,-1.990929
3.800323,-2.849441,1.561979,0.372961,-0.259950,1.094168,-0.518694,1.221837
4.711257,-6.354876,3.218946,-0.085043,-0.845249,1.954806,-2.486209,-0.909447
-2.269410,-4.794917,0.695091,2.686383,3.203333,2.193408,-5.058172,-0.393519
-9.393921,-5.923845,0.812757,2.967361,0.568097,-2.809650,-2.673474,2.196788
-10.056541,-5.511575,0.437766,3.154720,0.370632,-3.439544,-2.479680,2.463311
-10.245563,-5.338645,0.270162,3.152565,0.461344,-3.484677,-2.588478,2.332579
-10.031946,-5.390240,0.441565,3.016067,0.463934,-3.422374,-2.461954,2.476092
-10.254114,-5.366632,0.358218,2.982597,0.379832,-3.596851,-2.440380,2.594940
-10.237017,-5.226264,0.354525,2.990081,0.288203,-3.882258,-2.377747,2.491317
-10.052472,-5.433284,0.612285,3.006279,0.369248,-3.646102,-2.294282,2.555907
-10.377192,-5.167060,0.329728,2.907851,0.310948,-3.779993,-2.451920,2.522830
-10.398009,-5.099999,0.251842,2.988995,0.507676,-3.516943,-2.500917,2.499081
-9.993940,-5.613580,0.561393,3.012419,0.575406,-3.243849,-2.283071,2.623806
-10.222600,-5.176206,0.282089,3.117899,0.458123,-3.630659,-2.285060,2.541696
-10.539244,-4.972782,0.159308,3.135166,0.353002,-3.892516,-2.352109,2.407797
-10.398158,-5.193256,0.269125,3.075726,0.323617,-3.818876,-2.303636,2.599963
-8.529857,-5.850007,0.724185,2.956472,1.952811,0.227207,-4.053310,1.445325
-8.386208,-6.224490,1.067503,2.886309,1.797637,-0.192986,-3.881836,1.355857
-11.277324,-2.987055,-1.954680,3.753354,1.494293,-3.596805,-3.204626,2.764963
-11.601337,-2.317098,-2.469269,4.127612,1.594761,-3.197625,-3.401926,3.289200
-9.967702,-5.496880,0.626080,3.031882,0.404196,-3.283659,-2.325784,2.624623
-10.102334,-5.418444,0.605933,2.901142,0.347300,-3.516853,-2.351101,2.571168
-4.574744,-5.096251,0.841309,3.460212,-1.389845,-0.107847,-0.534258,1.535591
-4.924248,-0.199415,-4.228915,4.560330,1.112326,1.071529,-1.197402,0.404593
-6.719204,2.860776,-10.462822,5.749631,10.650526,8.705012,-7.361442,0.809553
-8.174327,4.461904,-14.270334,8.254241,16.283560,20.734602,-14.545567,1.052651
-11.006603,-4.580224,-0.703016,3.351750,1.134402,-2.450150,0.967106,1.755166
-9.172012,-6.476520,0.578959,2.928105,1.334317,-1.157992,1.231941,1.245578
-9.419557,-5.972959,0.350371,2.950629,1.576688,-1.105945,0.908335,1.004642
-7.415373,-6.633422,0.762746,2.542221,2.106208,0.862625,0.044702,-0.274633
-7.127371,-7.297389,1.017224,2.533451,1.916980,1.062278,0.201704,0.023578
-10.227218,-5.060205,-0.599368,3.266673,1.448539,-1.651871,1.286569,1.475593
-10.126412,-5.736771,-0.273213,3.112244,1.133364,-2.275334,1.601562,1.370644
-10.394525,-5.397983,-0.454305,3.123430,1.162952,-2.413611,1.534367,1.441377
-11.116616,-4.705311,-0.918671,3.208720,0.911121,-3.322826,1.459074,1.619515
-10.868609,-5.096153,-0.733789,3.184175,1.015026,-3.036094,1.549093,1.641577
-11.607170,-4.285555,-1.205310,3.089878,0.728926,-3.411918,1.200995,1.660031
-11.477347,-4.428625,-1.141953,3.027371,0.821007,-3.217726,1.123174,1.207447
-11.008275,-4.912103,-0.720209,2.971298,1.016343,-2.853330,1.181403,1.143943
-10.884340,-4.994519,-0.537168,3.093091,0.873100,-3.105458,1.393813,1.392843
-10.775354,-5.289088,-0.539813,3.125267,0.909309,-3.081730,1.356414,1.280952
-11.203061,-4.747216,-1.006906,3.102076,0.741571,-3.321394,1.221795,1.527990
-11.722348,-4.071688,-1.321029,3.141814,0.803772,-3.451884,1.081703,1.511460
0.977373,5.642329,0.424277,0.284683,2.500467,5.011185,4.483595,-1.010353
-11.387878,0.729488,2.422155,0.579240,2.027849,2.620935,3.726606,-2.209003
-13.555749,1.907107,1.984928,0.914300,1.122461,0.237358,4.503455,-1.191267
-12.317092,0.872588,2.436160,0.507824,1.633296,2.194704,4.047380,-1.750453
-12.844297,1.408031,2.041437,0.735084,1.780641,2.062242,3.793880,-1.890824
-13.734833,2.062201,1.824901,0.738851,1.158727,0.339025,4.501541,-1.667440
-13.685547,1.855323,1.970163,0.696132,1.105042,0.036210,4.663474,-1.793625
-14.113233,2.673750,1.503859,0.866149,1.044116,-0.035822,4.498720,-1.500367
-14.774148,3.586425,1.137364,0.548250,0.383137,-0.774723,4.517165,-1.130895
-14.527008,3.166535,1.403614,0.494222,0.625852,-0.627145,4.535333,-1.434212
-14.774805,3.796036,1.209590,0.403834,0.426915,-0.830622,4.393225,-1.546935
-15.147026,4.187047,0.830782,0.252782,0.249496,-0.927138,4.082984,-1.745118
-15.165145,4.402357,1.028061,0.184410,-0.153220,-1.292865,4.050819,-1.946614
-15.165339,4.111425,1.156191,0.199228,-0.142470,-1.360861,4.234193,-1.912333
-14.984485,3.975220,1.170158,0.248210,0.209133,-0.913817,4.313038,-1.879448
-14.531085,3.732098,0.955062,0.525348,1.209059,0.553459,4.155633,-1.429772
-14.643927,3.845068,0.856848,0.574057,1.181246,0.528698,3.968391,-1.519265
-15.403200,4.613510,0.792805,0.140388,-0.043296,-1.124267,4.102644,-1.842519
-15.011132,4.201859,0.924656,0.308724,0.116299,-0.809632,4.074510,-1.803632
-14.746289,3.878592,1.275987,0.173047,0.034723,-0.981239,4.161900,-1.946237
-14.888946,3.821557,1.299704,0.151738,0.273637,-0.955851,4.334210,-1.909572
-14.853649,3.618615,1.219070,0.298033,0.398526,-0.882806,4.459921,-1.748361
-14.549186,3.435802,1.325193,0.334059,0.515344,-0.413117,4.423375,-1.809155
-15.074084,4.279760,0.978324,0.076516,0.196989,-0.860383,4.317921,-1.718035
-14.760740,3.802282,1.195129,0.175615,0.340892,-0.593108,4.422183,-1.767652
-14.480996,3.555428,1.494929,0.027220,0.132668,-0.421045,4.276918,-1.974601
-14.626504,3.234042,1.229714,0.384139,0.728279,-0.463957,4.606875,-1.653432
-14.644845,3.123650,0.807936,0.691519,1.224012,-0.100266,4.449773,-1.719872
-14.179552,2.937930,0.795448,0.779677,1.644904,1.477382,3.867750,-1.884934
-13.999602,2.713439,1.402049,0.628863,1.365670,1.296145,4.104465,-1.782120
-14.462858,3.234186,1.181781,0.685396,1.168399,0.473950,4.335821,-1.872024
-14.868794,3.869416,0.892612,0.666669,0.935465,0.365326,3.946292,-1.817430
-14.126772,2.951126,1.299426,0.746693,1.130536,0.805041,4.145102,-1.667554
-14.169265,2.708570,1.274176,0.639021,1.236270,0.589107,4.390065,-1.747886
-14.721715,3.494628,1.285908,0.310765,0.407706,-0.629164,4.388534,-1.819126
-14.798650,3.773783,0.600892,0.775097,1.418290,0.997597,3.987512,-1.634624
-14.653607,3.712417,0.718749,0.830182,1.511622,1.125834,4.118251,-1.438695
-14.568998,3.263625,1.350322,0.370749,0.639100,-0.460817,4.510575,-1.746123
-14.941167,3.648700,1.070795,0.428366,0.448456,-0.959258,4.548168,-1.721043
-15.206370,4.335009,1.116857,0.034498,-0.012028,-1.279602,4.343113,-2.005506
-14.390426,3.241920,1.563704,0.176304,0.483822,-0.216762,4.352430,-2.146687
-14.311938,3.000868,1.698386,0.237102,0.389838,-0.326689,4.393070,-2.093555
-14.776847,3.752598,1.383181,0.107680,0.055987,-0.809852,4.446360,-1.806134
-14.770216,3.822972,1.338874,0.234853,0.068161,-0.977934,4.496013,-1.776079
-14.953078,4.126605,1.199297,0.071485,0.046108,-0.995775,4.364506,-1.872928
-5.222881,-3.526584,-3.392612,2.603033,3.097142,2.903910,-0.116424,-0.600177
-10.896653,-4.686024,-1.484932,2.976823,1.341404,-1.628748,2.492593,0.927189
-11.417863,-4.387113,-1.634759,2.784914,0.915973,-2.457811,2.619910,0.763904
-11.492449,-4.228662,-1.569600,2.835555,0.903256,-2.515509,2.636204,0.716467
-11.692613,-3.808922,-1.563018,2.759989,0.496210,-3.204931,2.732768,0.915369
-11.856445,-3.394847,-1.735179,2.679705,0.191801,-3.302493,2.563242,1.164155
-11.876689,-3.414714,-1.665146,2.641711,0.153881,-3.465949,2.422917,1.101640
-11.981982,-3.569143,-1.575433,2.427935,0.119792,-3.837184,2.313750,0.807166
-2.857882,3.949568,1.729518,0.141230,3.241233,5.259860,4.022938,0.358476
-14.228754,2.884218,1.010780,0.645596,0.877954,-0.159755,4.940225,-1.129090
-13.986350,2.691926,0.976120,0.640100,1.219354,0.435108,4.744753,-1.300146
-12.852766,1.739776,1.432206,0.330687,1.545758,1.927534,4.383649,-1.935359
-12.928188,1.907804,1.186888,0.504975,1.868651,2.101754,4.237684,-2.286355
-13.367742,2.051557,0.942263,0.616930,2.045500,2.003243,4.260763,-2.484477
-13.640489,2.297959,1.191844,0.599488,1.453919,1.022515,4.599695,-2.008732
-13.933648,2.878192,0.867555,0.704167,1.495032,1.215067,4.395271,-1.896508
-14.046500,2.695094,0.910120,0.593283,1.296775,0.769965,4.735958,-1.862314
-14.175943,2.753210,0.817977,0.518284,1.177236,0.225808,4.848424,-1.967274
-14.300048,2.944928,0.872974,0.578752,0.940934,-0.000507,4.964487,-1.612734
-13.838692,2.408898,1.093042,0.419013,1.226998,0.897022,4.817303,-1.520426
-13.357098,2.054033,1.334987,0.420513,1.366222,1.012695,5.002103,-1.956280
-13.901881,2.804169,0.728373,0.651487,1.304298,0.751227,4.889891,-1.865430
-14.511769,3.269184,0.663471,0.510745,0.846855,-0.254220,4.840618,-1.796110
-14.261242,2.883754,0.780786,0.306044,1.006170,0.147585,5.068709,-1.723159
-14.104090,2.888704,0.977517,0.471892,0.962638,0.147913,5.348133,-1.267605
-13.185551,2.063183,1.242955,0.569106,1.295264,0.983056,5.042471,-1.846360
-12.970237,2.187782,1.242357,0.758507,1.507660,1.245354,4.791109,-2.020613
-13.093595,2.672195,1.035807,0.630406,1.587434,1.515872,4.636684,-1.999931
-13.354067,2.720738,0.930459,0.729468,1.812759,1.629285,4.582164,-1.952360
-13.856909,2.836403,0.490708,0.920041,1.973446,1.671968,4.414843,-2.007401
-14.093814,2.651726,0.770420,0.507692,1.182191,0.414881,4.988497,-1.907362
-14.015727,2.729500,0.946443,0.473053,1.162845,0.274332,5.177939,-1.759010
-13.604757,2.564091,1.000552,0.648806,1.613312,0.981810,4.891988,-2.129867
-13.535595,2.564828,0.721487,0.594856,1.712724,1.512215,4.586527,-2.262922
-14.950370,3.802773,0.303155,0.669151,1.033328,0.377791,4.421122,-1.670942
-15.088356,4.033970,0.280993,0.571337,0.847195,-0.477214,4.618204,-1.697039
-14.173503,3.082648,0.680645,0.685911,1.425919,0.809717,4.576089,-2.082081
-14.423339,3.201452,0.586257,0.633784,1.338007,0.562741,4.696044,-1.530706
-14.740450,3.501032,0.726792,0.394503,0.751679,-0.415681,4.604119,-1.418848
-14.336436,3.058043,0.605587,0.576783,1.429243,0.617410,4.595668,-1.755588
-14.412437,3.165648,0.670730,0.557406,1.367571,0.553070,4.633252,-1.557938
-14.057009,2.817708,0.966834,0.602515,1.448637,0.826870,4.704518,-1.817875
-14.237571,2.880330,0.730313,0.748552,1.414051,0.441444,4.618342,-1.759449
-14.519200,3.298002,0.674623,0.740942,1.336248,0.352282,4.490985,-1.506288
-14.479854,3.300640,0.886227,0.415866,1.063315,0.273464,4.631144,-1.799006
-14.432689,3.438959,0.608104,0.620212,1.351144,0.619406,4.453970,-1.726068
-14.466345,3.297208,0.452389,0.631658,1.425498,0.501998,4.565805,-1.706904
-13.780940,2.478053,1.094935,0.474440,1.402203,0.820993,4.832670,-2.288635
-14.120148,2.723842,0.935008,0.453610,1.426378,0.623400,4.826582,-2.048121
-14.546585,3.468877,0.673595,0.503978,1.071305,0.184891,4.388105,-2.019302
-14.347703,3.289651,0.471996,0.654872,1.506617,0.892881,4.346655,-1.995821
-14.549770,3.228531,0.363330,0.655113,1.505971,0.507548,4.672969,-1.663879
-14.629871,3.358324,0.363079,0.618334,1.460369,0.322839,4.705151,-1.757784
-12.240915,-1.273653,-0.260865,2.653828,1.904064,-0.707557,3.239730,-0.070262
-13.929841,1.099478,-2.392170,3.807692,3.697351,2.105821,1.956241,0.177051
-13.521253,0.536102,-1.901640,3.430588,3.363762,1.387163,2.193603,-0.257024
-13.332600,-0.279983,-1.053173,2.755614,1.841214,-2.046396,3.512423,-0.016310
-13.646801,0.022013,-1.226381,2.824345,1.779806,-2.377687,3.518144,-0.010183
-13.295313,-0.298041,-0.859436,2.598495,1.550056,-1.976748,3.304629,-0.223267
-13.135983,-0.340563,-0.794923,2.637838,1.241967,-2.049927,3.339293,-0.007262
-13.145737,-0.768533,-0.473496,2.565309,1.115424,-2.631397,3.574505,0.124646
7.353778,-3.117782,1.978325,-2.361219,1.273136,1.292396,2.517585,0.930147
9.842002,-1.404749,2.866999,-0.827054,0.358043,0.814233,0.562023,-1.607722
7.529856,-3.628092,3.418207,-1.149620,1.589906,0.380438,-2.033847,-1.960076
5.699866,-5.277484,3.484499,-1.931329,2.658331,-0.443153,-2.437921,-1.419442
9.250256,-1.567497,1.516119,0.681171,1.571493,-0.759103,-2.358424,-1.421049
11.222226,-0.150048,0.364645,0.427771,0.544781,0.091246,0.857627,-0.012634
6.912425,-1.189630,-0.337609,-0.392586,1.695932,0.682002,1.591799,-0.435211
3.723543,-4.403703,0.879912,-2.353912,2.492002,0.242514,1.104188,-1.924640
8.591688,-3.317264,0.916703,-3.164658,1.114681,0.921037,0.604037,0.584001
11.152349,-3.737149,3.228949,-2.189175,-0.278388,1.436845,-0.026222,1.266021
5.044569,-4.305074,2.436714,-1.295158,2.546664,-1.244270,-2.778880,-1.990488
6.521930,-0.906618,0.416788,-0.066678,3.420979,-2.351084,-3.345086,-0.381845
11.618899,-2.708756,5.325055,-2.047387,0.143389,1.006772,-0.539691,-0.127354
8.192499,-0.712223,0.402891,-0.297202,0.574362,-0.497723,0.613222,-0.678625
3.452236,-5.732560,1.591825,-2.935022,2.436321,0.629086,1.177891,-1.974263
6.638487,-3.429917,-0.277672,-2.758576,1.126427,-0.017935,1.382451,-0.265905
10.150230,-4.582284,2.683635,-2.016169,-0.965686,0.892841,0.047554,-0.915130
6.390562,-2.959738,1.577574,-1.125673,2.558158,-2.213961,-2.236160,-1.554232
5.173409,-4.695589,3.226595,-1.511897,2.589447,-1.372082,-2.605062,-1.277039
9.945605,-2.255976,4.672314,-1.544089,0.397483,0.499918,-1.151124,0.039793
11.795986,1.393649,1.311459,-0.846956,1.562630,2.556644,-0.226467,2.563278
6.346755,-0.664603,-2.327543,-2.931591,4.631700,1.655490,0.232321,-0.191048
5.775831,-3.255430,-0.211166,-3.291454,2.673587,-0.186809,2.268630,-1.081079
10.895976,-4.229253,2.887393,-2.679002,-0.790809,1.112681,1.046727,0.447778
9.714481,-3.603790,2.263290,-1.212507,0.202970,0.389236,-0.208691,1.725994
5.175788,-4.513860,2.194312,-0.943031,2.269600,-1.015337,-2.326576,-1.873938
9.235321,2.306819,-0.347246,-0.788137,3.390315,-2.622384,-1.730732,0.817754
12.013597,-0.908730,3.909870,-0.865082,-0.061020,0.334329,-0.012195,-0.157503
7.343209,0.512601,-3.361756,-1.074739,3.376465,-2.630555,1.189445,-0.656735
4.247182,-5.102934,0.204623,-3.120789,2.084194,0.146638,1.880462,-0.670793
9.800311,-2.954691,0.194391,-1.512534,0.298935,1.209846,-0.375832,0.139204
9.883590,-1.636427,0.579788,-0.328535,0.542368,0.435942,-0.654648,1.667953
4.212649,-5.195063,2.878870,-1.277369,2.792828,-0.294334,-2.369070,-1.732009
6.507521,-3.853748,4.889943,-0.133385,1.057963,0.533063,-2.321364,-0.368005
7.952527,-1.203437,4.524906,-1.169770,1.568227,0.303055,-1.567065,-0.205293
9.042732,-2.072306,4.114139,0.277133,-0.183859,1.315375,0.360670,-0.274768
6.225539,-4.759925,1.760005,-2.408527,1.839304,0.708226,1.277970,-0.944609
4.496426,-5.578706,0.237216,-3.038318,1.670703,-0.069756,1.337712,-1.896880
9.287805,-5.386998,1.704479,-2.584834,-0.727451,1.392741,0.668702,0.192026
10.138400,-2.873031,1.506285,-1.047700,-0.149312,-0.125745,-0.121891,1.003119
5.986718,-5.124467,3.678270,-1.486571,1.835157,-0.483861,-2.387431,-1.966501
5.718235,-2.771374,3.653700,0.105948,1.682243,-0.669660,-2.555712,-1.189640
7.869554,-2.352604,5.397509,-1.046277,1.009871,0.756574,-1.210879,-0.516616
8.121704,-3.518695,4.599063,-0.198880,-0.794172,1.451595,0.698801,-0.269090
5.083799,-5.625594,1.558046,-2.359797,1.566650,0.673443,0.897185,-1.744024
5.380901,-3.814542,-1.438689,-2.292090,1.124836,-0.649446,1.118727,-1.020274
11.952748,1.628729,-3.660176,-0.412074,2.454852,1.460654,-1.783653,0.722102
8.584137,1.989665,-5.368295,1.278879,5.171827,0.622023,-3.704087,0.167868
-4.086198,-4.762822,-3.014311,2.952478,3.101474,1.135394,-2.384924,-1.382117
-10.659306,-5.173648,-1.896079,3.276322,0.343595,-3.741372,-0.192969,2.247073
-10.970813,-5.289175,-2.001992,3.231446,0.451102,-4.023381,-0.232200,2.110605
-10.604456,-5.573430,-1.781488,3.077513,0.401474,-3.966374,-0.116621,1.900225
-9.564945,-6.004430,-1.427142,2.994344,1.025049,-1.760588,-0.662574,1.375532
-9.982241,-5.564240,-1.739594,3.042166,1.169744,-2.007917,-0.625668,1.175750
-10.818102,-5.254407,-1.881253,3.167282,0.535114,-4.009063,-0.035384,1.459378
-10.351395,-5.736989,-1.510434,3.177787,0.591150,-3.498532,-0.084151,1.572003
9.711067,-2.051162,4.095910,-1.582476,1.904746,0.258232,-1.452381,-0.541532
9.760287,-1.735254,2.160754,0.241512,-0.061219,1.759946,1.974926,1.639198
6.992921,-6.433199,2.444341,-3.832403,1.484933,1.438963,2.104062,-1.056070
10.790686,-4.299250,1.229799,-3.837301,0.300076,1.465853,0.936557,1.122678
12.978870,-4.303687,3.587651,-2.008413,-1.458807,0.815429,-0.272633,0.439168
8.594295,-3.210081,3.503075,-3.145222,2.532103,-2.550962,-1.419128,-0.773225
7.560147,-3.264063,3.525145,-3.080188,3.555469,-2.073740,-1.468159,-1.863456
7.045947,-2.165006,4.120293,-0.365391,1.958106,-0.704604,-1.998744,-0.753482
8.349110,-1.123188,2.900886,0.844081,-0.021173,0.212166,-0.160225,0.559573
7.761141,-3.432640,2.019323,-0.173389,-0.006844,0.105630,1.136830,-0.028474
5.124877,-5.898267,1.288760,-3.394749,1.990997,-0.143868,1.555372,-1.455887
3.524161,-5.926791,0.104127,-2.371782,1.579881,0.704856,1.848672,-1.286504
8.296548,-4.352695,0.788286,-2.061292,-1.038584,1.421052,1.887749,1.175802
8.434474,-3.738813,1.601471,0.643412,-1.229661,-0.389307,-0.563551,-0.952181
4.812948,-5.278479,3.242793,-1.335031,2.210680,-0.672594,-2.006261,-1.514999
6.365933,-5.032877,4.250631,-1.061306,1.790594,-0.142074,-2.129276,-2.002384
8.701976,-0.348039,3.453247,-1.315020,2.538004,0.050872,-0.852468,0.985877
10.120686,-0.501317,3.950141,-0.626878,0.849144,-0.019099,0.256715,-0.167547
7.673815,-3.589106,2.319417,-2.361058,1.778944,0.152577,1.453676,-0.654438
5.789527,-4.510016,0.783766,-3.627851,2.356619,-0.246481,2.028225,-0.975852
7.631908,-3.913503,-0.390919,-3.425450,1.348883,0.363116,2.007959,-0.478992
10.854273,-4.117623,1.868145,-2.335975,-0.241946,1.382184,0.779879,-0.269237
11.364865,-3.200854,3.227008,-1.257243,0.369443,-0.520577,-0.994852,-1.137730
7.750792,-4.147692,4.131476,-0.955145,1.423116,0.056689,-1.909381,-0.695448
5.362321,-3.373414,4.194899,0.163945,1.210294,1.614834,-1.724065,-0.746476
6.590584,-2.332346,4.634889,0.101367,-0.014140,1.284781,0.024856,-0.731301
8.403001,-3.384265,2.906184,0.689059,-1.437378,0.946825,1.142681,-0.814496
7.221250,-6.187294,0.802157,-3.797410,1.525178,-0.803673,0.629430,-2.386579
7.127378,-5.219199,0.799663,-2.608169,0.642740,-0.525317,1.983003,-1.879471
6.862699,-4.782140,2.631732,-3.064244,0.830073,1.359095,3.342399,1.040853
8.138057,-4.016275,4.404673,-1.839330,0.574957,1.081799,2.236767,-0.723428
7.823530,-3.026841,4.595864,-0.147563,0.334005,2.636870,1.190260,0.537689
5.017886,-5.630211,4.560478,0.786652,-0.555057,1.227458,-1.780146,-2.481411
4.501589,-5.763631,3.200995,-1.548155,2.105969,-0.759047,-1.949935,-1.909389
5.748682,-4.063224,2.579572,-2.229708,3.032072,-2.484752,-1.664690,-1.301627
6.754773,-3.502807,3.361185,-2.348233,2.644022,-2.986275,-2.286544,-1.853553
9.516064,-4.210667,3.549288,0.632276,-0.929513,-0.937208,-0.853582,-2.037286
7.925659,-3.739213,0.703421,1.225684,-1.188302,0.128160,0.539144,-1.032657
4.454019,-5.194067,1.335899,-1.605770,1.603239,1.530857,2.222874,-0.320021
4.397152,-4.293479,0.257829,-2.793029,2.227497,0.277317,1.963056,-1.368597
3.952453,-6.132912,0.471125,-2.569436,1.978048,1.616903,2.030647,-0.368263
6.762633,-3.157793,1.053990,1.323907,-0.968413,1.089311,1.466819,-1.931185
7.519453,-4.453440,4.620853,0.489217,-0.837567,2.124250,0.481071,-1.967060
6.165253,-3.558339,3.767967,-1.535465,2.645360,0.244593,-1.876096,-2.614067
6.976081,-0.784775,4.286234,0.842266,1.125525,-0.214014,-1.125992,-0.712701
6.897334,-2.596987,5.855434,0.075345,0.676129,0.849078,-1.450374,-2.107535
4.286207,-3.127474,4.300335,-1.147305,2.156202,0.066802,-1.435377,-1.719060
5.264223,-3.179461,3.440801,-0.663788,2.115770,0.632946,-0.594072,-2.197031
1.789528,-2.806472,0.594873,0.270556,3.582417,1.624279,-0.299386,-1.536731
-8.155028,-4.920920,0.325131,2.351601,2.550787,0.876278,0.442283,-0.274888
-10.111262,-4.894300,0.249986,2.789541,1.630642,-1.521111,1.337496,0.862453
-10.235133,-4.629338,0.167604,2.830844,1.678492,-0.994734,0.985267,1.271931
-10.769788,-4.162255,0.013008,2.813462,1.747452,-1.479194,1.081366,1.188778
-10.492558,-4.743862,0.314924,2.808597,1.576470,-1.768710,1.482246,1.053551
-10.769528,-4.334668,0.102272,2.903100,1.549176,-1.677128,1.242614,1.119753
13.434315,0.497181,5.728017,1.309679,-1.345827,1.466735,0.144187,0.585342
13.443357,-0.477409,1.318085,-0.190725,-1.587213,1.217945,0.357624,2.098233
13.259783,-0.148658,4.080372,4.763244,-4.121831,1.281362,-1.043142,-0.510677
10.425988,2.196439,4.352578,1.238514,1.274409,-0.374575,-0.882486,0.630666
10.640147,-1.271638,2.767069,5.070495,-4.266443,1.899862,-0.163666,-2.615334
10.783303,-1.036884,-1.341071,1.044470,-0.572085,-1.490423,-1.361441,-2.179221
11.787391,-0.208519,4.535405,5.296466,-4.285304,1.539500,-1.603324,-0.382727
6.569377,0.284963,3.821426,2.878003,0.996261,0.418550,-2.114979,-2.344500
9.212099,-2.995520,2.656363,4.461967,-4.411081,2.205723,-0.049482,-2.096492
12.555902,-1.677040,1.786106,1.917839,-2.330559,0.657334,-0.675729,-1.340501
12.567519,-0.143055,5.434677,2.933183,-2.664609,2.521488,-0.654524,1.022857
10.625695,-0.759447,4.387482,4.311618,-2.316165,1.814818,-1.769097,-2.017971
10.463530,-2.224819,1.195884,3.571051,-3.176849,1.566213,-0.832954,-0.947280
9.610304,-3.733719,1.354014,4.599408,-3.568211,1.748946,-1.503922,-0.362814
10.350049,0.287965,3.554233,3.123011,-1.618523,1.683316,-0.542637,0.711590
10.659835,-1.181433,4.721216,3.504488,-2.169108,1.759415,-0.758039,-2.246710
10.227514,-2.019527,0.705620,2.301336,-2.261628,0.715311,-0.533194,-0.743127
10.419579,-1.374937,2.384439,5.587766,-4.001404,0.902766,-2.098024,-0.280325
9.357325,0.510875,5.642486,1.806721,-0.124790,1.322866,-1.070380,1.299801
9.683030,-1.169025,3.441386,4.233328,-2.986962,1.414930,-0.255535,-2.277568
10.484688,-3.175734,1.660831,2.588286,-3.032428,1.299333,-0.321249,-1.300943
11.424112,-0.734383,3.031813,4.321748,-3.902648,1.449095,-0.906446,0.833530
9.837034,-0.663454,6.035584,1.016590,-0.717255,2.240254,-0.629865,0.963039
11.338396,-1.293772,3.965895,3.082822,-2.962409,1.982825,0.187861,-1.475225
10.570062,-1.776568,0.117828,1.184619,-0.853264,-0.244987,-0.588311,-0.358769
10.838733,0.636211,2.131675,5.107424,-3.228330,0.263909,-1.177638,0.151885
8.298858,0.382085,5.198001,0.550662,1.731383,1.215424,-1.659630,0.632260
10.460214,-0.730196,1.564043,4.470579,-3.000779,1.239008,-0.540661,-1.577417
10.381703,-2.317240,-0.778769,0.626771,0.517864,-0.031791,-0.956304,-0.901782
8.958872,-0.889903,3.586240,6.122726,-3.869268,0.974231,-1.787416,-0.194321
5.978466,-0.652720,5.160845,1.042394,2.087004,1.437964,-2.365671,-0.175123
11.605355,-1.440162,3.296740,3.685640,-3.463981,2.114909,-1.271027,-1.519013
12.218826,-0.581329,0.616859,2.045834,-1.098439,-0.176929,-1.041518,-0.481315
9.890675,-1.072045,4.450281,4.143182,-2.886388,2.670779,-0.893717,0.814670
9.378929,-1.498164,3.985685,5.392449,-3.561155,2.236219,-0.594763,-1.485039
10.019394,-2.296124,0.802526,3.812714,-3.780056,1.156493,-0.135431,-1.849550
12.761478,-0.157191,3.605462,5.291266,-4.384326,0.597542,-1.508417,-1.021767
9.645139,0.378772,6.082494,2.479143,-0.602486,1.259448,-1.317123,0.808636
8.693097,-2.756673,3.565890,5.811338,-4.686686,2.737029,-0.779469,-3.153277
9.896210,-1.079535,-1.504737,1.280961,-0.569370,-0.527886,-0.700576,-0.944068
11.505453,-0.989636,4.629631,5.611338,-4.555063,1.987530,-1.974584,-0.358698
6.394772,1.171228,4.054569,1.013202,2.462761,0.456527,-2.915306,-0.103343
9.533363,-1.639150,2.128249,5.383296,-4.605549,1.845103,-0.862069,-2.395813
9.199711,-2.446788,-1.050608,1.231895,-0.791050,-0.665191,-0.593517,-0.525722
7.790718,-1.079457,2.796801,6.585800,-3.798465,0.454500,-2.195034,-0.824663
5.465372,-1.810882,6.511655,1.092710,1.233897,1.967342,-1.706744,0.168439
9.462761,-1.470480,2.804092,5.536638,-4.028787,1.547776,-0.534446,-2.883542
6.298182,-5.979863,2.043243,-0.127810,-0.241093,1.124954,-0.246424,-2.794182
6.358615,-6.643108,1.705832,-1.456339,-0.449946,1.824139,1.205457,-2.731584
7.770819,-3.868880,2.600382,-0.660827,-0.086861,1.200841,0.707337,-2.043525
7.196228,-4.207552,2.428296,-0.202124,0.811933,0.319984,-1.348310,-3.363579
5.500109,-5.527979,0.801989,-0.306814,0.444156,-0.567758,-0.870052,-3.306218
6.346685,-5.095647,1.062354,-1.167671,-0.048421,0.260889,0.695989,-3.143262
8.147399,-4.544267,2.036382,-3.030816,1.025759,0.674934,0.405803,-0.505510
9.173874,-3.703818,1.831880,-3.421713,2.074894,-0.837595,-0.280124,-0.734997
8.116473,-5.361937,2.398097,-1.619987,0.961379,-0.603958,-0.851974,-3.968412
6.918206,-3.405942,0.049538,-1.057969,0.623258,-0.296190,0.886541,-1.790151
7.690218,-4.881042,3.716212,-0.656762,-0.431825,1.493747,0.612686,-3.065747
7.073298,-4.328111,2.660132,-0.079573,0.243475,0.919074,-0.329501,-2.649616
5.895041,-6.400715,1.450879,0.424581,0.253643,0.976113,-0.809947,-3.508078
6.938161,-5.475214,1.017731,-1.108212,0.515276,1.170980,0.455522,-3.683415
5.227790,-5.501029,0.501554,-3.427481,2.283511,0.326639,-0.191649,-1.137558
7.632229,-5.468196,2.312029,-2.354734,0.513643,1.041427,-1.008100,-0.745186
4.576350,-4.171628,0.600891,-1.685932,2.766722,-1.139552,-2.180661,-2.532508
6.971942,-6.348152,2.450904,-0.466982,-0.310773,1.143966,-0.589144,-4.344191
5.336447,-4.675769,0.334480,-1.234026,0.387160,0.830449,1.020117,-2.019752
7.091166,-5.854269,2.052860,-2.586679,0.549121,1.227860,-0.275500,-0.725281
7.039943,-2.989611,-1.633452,-1.343560,2.447427,-1.485753,-1.201064,-1.135070
8.395999,-5.240127,1.928036,-1.947710,0.325544,0.834564,0.440950,-2.022413
3.703003,-3.294335,-1.183359,-0.684303,2.167676,0.123499,1.479566,-1.251218
-1.105184,-5.874608,0.385889,0.617627,2.127371,1.977576,0.673374,-2.726503
-8.811573,-6.406622,-0.089336,2.048890,1.469437,-0.534720,2.041594,-0.253144
-9.541478,-5.960133,-0.463957,2.372665,1.420555,-1.099052,1.979862,0.205099
-9.903789,-5.703496,-0.406174,2.424458,1.402459,-1.175937,1.769010,0.264889
-10.137062,-5.483238,-0.470681,2.531007,1.220254,-1.438330,1.851884,0.743839
-10.444722,-5.044570,-0.784780,2.675720,1.287976,-1.438956,1.923612,1.001587
-11.030274,-4.564541,-1.144692,2.627416,1.132260,-2.398878,2.235399,0.802813
11.052577,-0.188030,4.913558,2.436289,-1.180757,1.263759,0.175164,-2.021690
11.496320,0.098733,0.094206,2.621323,-1.887757,-0.471295,-0.169325,-0.783108
11.592711,-0.600712,3.199936,4.693613,-3.829492,0.095730,-1.567621,-1.084268
8.589195,-0.161074,5.712547,1.184171,-0.345615,2.068790,-0.639323,1.773229
11.288449,-1.207151,3.874667,3.410030,-2.791877,2.191573,-0.110808,-2.613591
10.710118,-3.850551,1.477290,1.811391,-2.810799,1.767401,-0.113369,-1.470617
10.835787,-2.243931,2.955945,4.189943,-3.806083,1.797544,-0.988277,0.365414
9.611819,0.390008,4.816338,1.438674,-0.009611,1.332335,-0.673131,2.111283
10.744304,-2.262989,4.443848,4.036288,-3.733574,2.358345,-0.144453,-2.289690
9.385286,-1.747756,-1.318454,1.566940,-1.099323,-0.314832,-0.448609,-0.857250
12.633246,-1.291686,5.048936,5.347214,-4.586117,1.392700,-1.777746,-1.721811
9.599228,1.685325,5.247867,1.012809,1.565542,-0.464834,-1.388838,0.974475
12.202654,-0.453248,4.313813,2.935688,-2.146054,0.391630,-0.704431,-2.384677
11.378576,-2.382261,0.830245,1.421163,-1.610799,-0.378690,-0.354699,-1.977773
11.950867,2.769635,0.323023,8.380757,-3.618987,-0.563981,-0.161872,-2.963927
11.051740,4.209635,3.148655,4.911870,0.191148,-0.459173,0.284391,-1.879961
11.218968,-0.672392,5.087609,2.632955,-1.014190,0.606917,-0.425013,-1.666636
12.130884,-2.306526,3.247626,1.593795,-2.809784,0.561035,-0.534715,-1.334321
9.015540,-3.973481,-0.419554,1.431246,-1.725712,-0.031805,-0.495818,-1.668790
12.218884,-0.820442,5.503401,5.900835,-4.484857,1.284921,-0.655062,-3.211186
8.299482,0.026192,6.332469,1.398290,0.462643,0.596673,-1.898284,-2.806157
11.242701,-2.799325,4.422687,3.068146,-3.622742,1.536863,-0.796222,-1.874057
10.773145,-2.385732,0.593704,-0.152458,0.105668,-1.637991,-1.704498,-1.564303
9.031302,-3.166122,0.273354,-1.595426,0.618815,-0.443504,0.958345,-2.313761
7.469263,-3.042977,2.034365,-0.308904,-0.204125,-0.196882,1.718793,-2.067056
8.669804,-2.979171,2.971186,-1.022574,0.852893,0.074449,0.794086,-3.126044
7.290684,-4.960571,3.650450,-0.706104,0.926856,-0.504254,-1.753688,-2.858482
8.268571,-4.374225,1.267517,-1.175716,0.656191,-0.622645,-0.067550,-3.360232
6.527425,-5.474662,1.006395,-2.522100,1.018016,0.523766,1.612875,-2.095172
8.405221,-3.516092,2.725273,-1.463598,0.257840,0.346107,0.950109,-2.687099
8.458501,1.086122,-1.971502,0.450767,3.294814,-0.916604,-0.338354,-2.511839
6.628709,-0.357324,-2.825700,-0.488601,4.838699,-2.442714,-1.996274,-2.369273
8.625969,-3.337134,0.224360,-0.821817,1.481352,-0.849365,-0.058163,-3.716258
6.286389,-3.163829,-1.236698,-2.351907,2.870450,-1.062141,0.995513,-2.897764
8.988256,-3.343942,3.087624,-1.466676,0.697323,0.320126,1.952532,-2.149799
8.509192,-2.307659,1.287107,-1.023557,1.801392,-1.181522,0.806907,-3.235374
5.114307,-3.455668,-0.104174,-2.048508,3.114832,-1.903436,-2.431771,-1.098157
9.094187,-3.679923,3.232039,-3.386917,1.280730,-0.577041,-0.355199,-0.426747
9.185269,-1.815983,1.429243,-3.448943,1.891211,-1.709233,0.588709,-0.230105
12.086015,-0.272279,-0.045506,-4.717966,3.811167,-0.752606,-0.525393,0.875725
10.588430,0.116807,-1.591264,-3.168506,4.447095,-1.797451,-1.548392,0.640555
6.993239,-5.303819,2.304920,-2.934264,2.456547,-1.620748,-1.308845,-2.790435
7.774056,-4.510478,0.954536,-0.701828,0.254927,-0.251440,0.452548,-2.430764
6.291168,-3.413215,-0.595106,-2.395362,2.482529,-0.597825,1.425258,-2.255031
10.110700,2.778022,-6.565778,-2.100379,6.778597,2.796502,-3.405019,1.045955
9.882688,3.141861,-6.935241,-1.152548,6.923768,1.074074,-2.813161,-0.171164
1.159578,-3.048886,-3.045160,0.225475,4.322882,0.757878,-0.883519,-2.343589
-10.488304,-5.857984,-1.822221,2.389621,0.918579,-2.910151,1.350012,0.890938
-11.097606,-4.882167,-2.514851,2.510701,0.759271,-3.168271,1.091103,1.156491
-11.406731,-4.391439,-2.661761,2.323462,0.478169,-3.936037,1.101911,1.058112
-11.670686,-4.458079,-2.596623,2.299493,0.300624,-4.213976,1.053766,1.224263
-11.127375,-4.851604,-2.532578,2.462163,0.740713,-3.393635,1.015177,1.096889
-10.081634,-5.672662,-2.216870,2.431788,1.249394,-1.776441,0.623571,0.942671
-10.355906,-5.429384,-2.425756,2.558319,1.375329,-1.900847,0.687351,1.091507
-11.269848,-4.922180,-2.549597,2.777177,0.744155,-3.829150,1.359500,1.548422
-10.570955,-5.483970,-2.173187,2.457433,1.025871,-2.427608,0.702012,0.961705
-10.509477,-5.571323,-2.157063,2.452760,1.001632,-2.530845,0.785212,0.921185
-10.483130,-5.765663,-2.182683,2.596881,1.145099,-2.562267,0.828439,1.211724
-10.723739,-5.410834,-2.460748,2.475580,1.226927,-2.617244,0.666561,0.817484
-10.696358,-5.427976,-2.169776,2.471044,0.742077,-3.486672,1.195525,1.180354
-10.518389,-5.732274,-1.876786,2.540678,0.632886,-3.380019,1.418624,1.482096
-10.955252,-5.538878,-2.033887,2.515315,0.507205,-3.839023,1.591258,1.505616
-10.755396,-5.346640,-2.440859,2.704375,1.105333,-2.587130,0.834942,1.319846
-10.769440,-5.267368,-2.520120,2.626813,1.183215,-2.605726,0.645238,0.920144
-11.253293,-5.065329,-2.424561,2.453194,0.614728,-3.749012,1.030165,1.011900
-11.025924,-5.426107,-2.118398,2.410568,0.556344,-3.865908,1.368830,1.347902
-10.867787,-5.313207,-2.242462,2.598406,0.747521,-3.508482,1.273481,1.391305
-3.304725,-4.335884,-0.464428,5.008226,-1.688179,3.255427,1.006372,1.436673
-3.711056,0.497787,-2.863210,6.365112,-0.503605,1.192326,0.541736,1.511222
-8.832758,0.007135,-3.342522,3.972751,4.713282,-0.169088,-2.067500,0.604874
-9.995588,-0.923185,-3.602265,5.033219,7.149903,6.997961,-5.654515,1.333492
-8.259333,-5.582701,2.397550,2.794419,2.349659,0.969207,-0.555934,0.228622
-7.465872,-5.802939,1.941236,5.541207,0.476059,2.663377,-0.913936,2.431785
-8.584648,-5.202451,1.378287,5.757889,0.145774,1.431302,-0.566461,3.019037
-9.520171,-4.744814,1.797705,3.001013,1.922665,-0.907860,0.051263,1.189044
-9.715699,-4.606323,1.782749,3.035509,1.935618,-0.500126,-0.220739,0.960329
-10.637454,-3.884982,1.314927,3.417217,1.457626,-2.298784,0.368098,1.963752
-10.118062,-3.746449,1.143487,3.458651,2.427977,-0.353929,-0.652756,1.655605
-8.028491,-5.607277,2.646993,2.559060,2.452004,0.750503,-0.588691,0.243733
-8.807431,-4.676319,1.825987,2.751241,2.718313,0.679286,-0.931167,0.269572
-11.348959,-3.196784,0.987640,3.321136,1.151508,-2.924451,0.266502,1.849018
-11.124131,-3.398901,1.127030,3.354034,1.289204,-2.684692,0.258233,1.622978
-11.298033,-3.261049,1.058574,3.356562,1.296438,-2.619061,0.201009,1.769212
-11.557986,-3.109592,0.885779,3.359702,1.259307,-2.765854,0.049982,1.599959
-11.626403,-3.132069,0.982258,3.374990,1.223449,-3.185941,0.210738,1.450620
-11.434669,-3.178455,0.937815,3.350752,1.353997,-2.911582,0.169204,1.532537
-2.537032,6.743113,-1.139713,-1.181012,2.731721,6.026008,0.694420,0.046383
-14.723734,4.032145,-0.126664,-0.956300,0.561994,2.520203,1.248877,-1.120211
-15.543699,5.518946,0.584211,-2.153148,-2.027041,-1.208105,1.549324,-1.213272
-15.528886,5.619062,0.680837,-2.359918,-2.142893,-1.207071,1.471390,-1.374011
-15.555532,5.229306,0.831366,-2.370102,-2.095822,-1.298515,1.642290,-1.289211
-15.912471,5.668598,0.620787,-2.236964,-2.168153,-1.639278,1.593647,-1.081032
-15.575157,5.202957,0.792718,-2.232243,-1.809865,-1.046984,1.599625,-0.998474
-15.445733,4.927677,0.746541,-2.094683,-1.603540,-0.827899,1.469930,-1.298831
-15.967847,5.980524,0.498769,-2.528561,-2.403195,-1.624389,1.039638,-1.889520
-16.080468,6.628678,0.464424,-2.860503,-2.921014,-2.105282,0.989638,-1.976751
-15.792600,5.916346,0.519186,-2.567584,-2.458299,-1.668107,1.260959,-1.818980
-15.278622,5.041349,0.618223,-2.272836,-1.816513,-0.778079,1.460569,-1.574222
-15.083992,5.102614,0.529584,-2.080546,-1.519450,-0.210540,1.397063,-1.459954
-15.451116,5.830539,0.398063,-2.338236,-1.914950,-0.702511,1.032128,-1.996933
-16.006976,6.781945,0.502067,-3.146261,-3.027013,-2.024929,0.997349,-2.100103
-16.129025,6.542829,0.654531,-3.261048,-3.047458,-2.260502,1.205720,-1.899222
-15.854658,5.845870,0.074703,-2.405554,-1.661639,-0.833146,1.250683,-1.492535
-15.758826,5.907611,0.071826,-2.377789,-1.733824,-0.757227,1.055402,-1.800415
-15.923049,6.582410,0.526824,-3.208073,-2.855579,-1.730855,0.754599,-2.467780
-15.990489,6.532441,0.479470,-3.088723,-2.773318,-1.661647,0.908654,-2.101732
-16.160483,6.183168,0.458099,-2.846581,-2.572408,-1.855987,1.367261,-1.728297
-15.705831,5.842676,0.598285,-2.665795,-2.307220,-1.317146,1.632983,-1.409864
-15.692672,5.637977,0.512694,-2.622098,-2.197702,-1.293370,1.536311,-1.503164
-16.123193,6.029762,0.510917,-2.702676,-2.549880,-2.051965,1.406435,-1.624883
-15.902923,6.064334,0.562858,-2.996077,-2.539014,-1.701973,1.282593,-1.771252
-14.136933,3.511481,0.413684,-1.415304,1.056327,3.893537,0.521092,-1.214088
-13.560227,2.587747,1.266266,-1.666123,0.200667,2.422460,1.504116,-1.047544
-13.774107,2.471370,1.283266,-1.700885,-0.432245,1.084867,2.401416,-0.839000
-15.049697,4.094073,0.352170,-1.455041,-0.425025,0.366458,2.137072,-1.276445
-15.920075,5.943136,0.155341,-2.505135,-1.860684,-1.250032,1.464418,-1.650785
-15.704741,6.049643,0.603623,-3.049690,-2.710084,-1.722335,1.337845,-1.997506
-15.891851,6.073908,0.532711,-3.135667,-2.795623,-1.902921,1.157991,-2.280532
-16.131933,6.896560,0.427622,-3.452531,-3.243846,-2.246021,0.986929,-2.227589
-16.047742,7.051764,0.600567,-3.375439,-3.416680,-2.399134,1.062204,-2.065030
-15.761743,6.785335,0.532583,-3.453804,-3.113959,-1.820264,0.859353,-2.398185
-14.960500,4.040874,0.529604,-1.953942,-0.735618,0.610975,1.793103,-1.246303
-15.007540,3.905040,0.527309,-1.812945,-0.701055,0.307318,2.070676,-0.924737
-14.909300,3.805983,0.441102,-2.040924,-0.343488,0.857125,1.749637,-1.251518
-15.251034,4.527354,0.144972,-2.034948,-0.189602,1.103339,1.335645,-1.379360
-16.008754,6.273696,0.387360,-2.966949,-2.768616,-2.023379,1.419037,-1.911636
-16.169296,6.202951,-0.130997,-2.522350,-1.713661,-1.135412,1.185343,-1.767073
-16.034842,6.135886,-0.070869,-2.456912,-1.632006,-1.032876,1.332750,-1.623569
-16.069409,6.563812,0.218075,-2.891568,-2.798337,-1.955867,1.335545,-2.113858
-16.120926,6.672710,0.386741,-3.162273,-3.056038,-2.213704,1.342237,-2.163321
-16.063769,6.524378,0.368118,-3.054796,-2.878162,-2.159478,1.290011,-2.251862
1.042782,1.338584,-0.537272,1.657024,3.404441,3.501805,0.558070,3.362658
-10.490017,-4.381939,0.140024,3.273968,1.786765,-2.281663,0.345348,1.176409
-11.117256,-3.698753,-0.381786,3.659351,1.392911,-2.698751,0.554554,1.745813
-10.994022,-3.694812,-0.177626,3.577004,1.765529,-2.095332,0.095968,1.502595
-11.142591,-3.900595,-0.272225,3.499534,1.774218,-2.375976,0.206243,1.505346
-11.383169,-3.877688,-0.312977,3.605548,1.259039,-3.382897,0.747762,1.769209
-11.211031,-3.969402,-0.217704,3.591280,1.315565,-3.292079,0.646825,1.517953
-11.424784,-3.891184,-0.395801,3.587403,1.398703,-3.327749,0.581240,1.449925
8.453301,9.815119,-0.648369,-1.246515,2.595970,6.309357,8.186460,14.908693
-8.733241,3.676799,-0.269950,-1.368154,4.149675,8.454359,-3.366730,-2.375427
-14.760217,3.885619,1.363003,-1.721641,-0.841880,0.048504,1.116341,-0.403936
-15.275886,4.620841,1.381516,-1.940564,-1.580471,-1.009895,1.157008,-0.393677
-15.209220,4.366046,1.342307,-2.026140,-1.439156,-0.677056,1.063987,-0.637059
-15.166873,4.492975,1.405954,-2.276354,-1.605568,-0.606410,0.975491,-0.804342
-15.574985,5.239657,1.347036,-2.404949,-2.151424,-1.394186,0.787048,-1.004312
-15.379123,4.885414,1.331237,-2.214554,-1.924195,-1.162313,0.834075,-0.922414
-15.335451,4.749724,1.447009,-2.316409,-2.020369,-1.265102,0.892268,-0.952510
-15.507023,5.306057,1.288676,-2.379768,-2.123316,-1.405465,0.871894,-0.912493
-15.429376,5.135160,1.263597,-2.230081,-1.892423,-1.201487,0.937367,-0.757981
-15.273175,4.676764,1.392763,-2.155292,-1.745429,-1.085379,1.077214,-0.733733
-15.359408,4.794815,1.345328,-2.243877,-1.917136,-1.200210,0.995898,-0.788286
-15.489351,4.869572,1.186318,-2.125177,-1.726519,-1.037245,0.951535,-0.681017
-15.253427,4.834101,1.098442,-2.036975,-1.455218,-0.718231,1.037944,-0.641768
-15.247004,4.686751,1.031291,-1.955015,-1.495112,-0.970470,1.158757,-0.733600
-15.431875,4.629978,0.994239,-1.877114,-1.327798,-0.798485,1.151631,-0.830783
-15.652977,5.186062,0.874113,-2.034233,-1.589276,-1.061981,1.186848,-0.712428
-15.312268,4.724103,1.241491,-2.131981,-1.715475,-1.001758,1.392871,-0.554105
-15.327063,4.831123,1.192922,-2.101547,-1.682279,-0.913268,1.218557,-0.842549
-15.627083,5.291221,0.907767,-2.059712,-1.667164,-1.107008,1.047371,-0.992064
-15.673568,5.379378,0.450987,-1.861642,-1.192134,-0.631111,1.084504,-0.749379
-15.875613,5.894373,0.384838,-2.132051,-1.646542,-1.025962,0.985632,-0.834096
-15.623810,5.088388,0.713332,-1.921231,-1.459745,-0.942667,1.200726,-0.635386
-15.259309,4.720734,0.540414,-1.684910,-0.248825,1.111470,0.707363,-0.593451
-15.639978,5.388014,0.316315,-1.877014,-0.229340,1.399602,0.306462,-0.812712
-15.587839,5.262590,0.823553,-2.128283,-1.839148,-1.218465,1.168467,-1.131982
-15.288353,4.842499,0.879881,-1.739390,-1.302364,-0.607047,1.445474,-0.962080
-15.196365,4.560254,0.998553,-1.985483,-1.235721,-0.378585,1.454018,-0.944643
-15.532947,5.003224,1.077764,-2.319279,-1.836064,-1.123698,1.314773,-1.109969
-15.362886,4.802088,1.131464,-2.259490,-1.836698,-1.052700,1.290457,-1.101553
-15.476789,4.972499,0.831403,-2.173118,-1.699682,-1.066835,1.276459,-1.032305
-15.751460,5.399820,0.368488,-1.914586,-1.323950,-0.756607,1.320522,-0.795509
-15.711969,5.317693,0.460677,-1.770313,-1.329176,-0.787082,1.286137,-1.058515
-15.528380,5.122557,0.547278,-1.788244,-1.367349,-0.717228,1.373304,-0.909282
-15.235013,4.560417,0.637007,-1.665415,-0.957072,-0.315726,1.722620,-0.386326
-14.760887,3.954459,0.967242,-1.590359,-0.771883,0.029953,1.997885,-0.578713
-14.748804,3.887789,0.952717,-1.648829,-0.763804,0.209656,1.782561,-0.682587
-15.224525,4.398276,0.934835,-1.885751,-1.370556,-0.607766,1.737655,-0.912669
-15.303653,4.691666,0.896138,-2.043868,-1.506422,-0.613728,1.556310,-0.897105
-15.516757,4.811804,0.979661,-2.132473,-1.763073,-1.310479,1.732779,-0.893573
-15.639918,5.157018,0.930829,-2.293836,-1.935647,-1.401441,1.554422,-0.957071
-15.879659,6.032566,0.835572,-2.635374,-2.476173,-1.851368,1.293786,-1.159429
-15.713361,5.728097,0.765781,-2.496224,-2.245465,-1.574657,1.291209,-1.383350
-15.496165,4.906559,0.617426,-1.957793,-1.278691,-0.768404,1.689976,-1.028626
6.549232,4.780274,-1.704799,0.731090,4.460220,3.597993,2.408065,6.954342
-10.818640,-4.301802,0.624779,3.483114,1.415899,-2.750512,0.616329,1.657549
-11.159093,-3.725786,0.253905,3.357560,1.494116,-2.656911,0.111773,1.404768
-11.168819,-3.915087,0.311581,3.303143,1.420547,-2.922335,0.285663,1.429074
-10.366213,-4.629168,0.428234,3.256458,1.661237,-1.602349,0.031118,1.127614
-9.761465,-4.919067,0.875120,3.273132,1.815949,-1.311727,0.025227,0.899448
-10.335231,-4.384605,0.707858,3.432866,1.649357,-2.108172,0.258758,1.196327
-11.635233,-3.035648,-0.147774,3.599026,1.387227,-3.315919,0.280319,1.756046
-11.603217,-3.252108,-0.114167,3.731040,1.597721,-3.113511,0.323632,1.665973
7.359107,0.261701,2.654787,-3.075973,3.732869,-0.929225,0.318445,0.209846
8.953145,-0.996139,2.727386,-0.571524,0.178685,0.906417,-0.291076,-0.596523
7.340360,-1.273301,0.222108,-0.269715,1.064700,-1.270170,-1.380930,-0.220884
7.026926,-3.251358,1.423666,-2.206132,2.340529,-2.209131,-2.976121,-0.721085
8.377303,-1.339901,3.884847,0.003141,0.607732,-0.948885,-2.893212,0.851129
9.210659,0.666377,5.718438,-2.078548,2.018205,0.493994,-1.615574,3.989459
10.067433,1.696288,5.638488,-2.614444,2.320625,-0.629554,-1.055173,1.139799
9.108844,2.428954,2.530131,-3.756332,3.620506,-1.905104,0.399667,1.338387
10.038111,0.311280,2.718356,-4.281582,2.711988,-1.602849,0.805786,0.801547
10.368698,-0.973516,1.763619,-4.952754,1.851344,-0.708644,1.300966,3.033924
11.503498,-1.139754,1.785433,-3.928488,1.240801,-1.407007,-0.089173,1.541892
8.690270,-2.632023,1.704305,-2.635706,2.474375,-2.794081,-2.730790,-0.265962
10.699093,-0.263806,1.725829,-2.863170,3.014852,-3.592905,-3.011889,0.120642
10.817795,0.477281,4.165579,-1.175134,1.794937,-2.724988,-3.232103,0.958824
9.121991,1.609679,5.122190,-2.314112,2.010418,-0.859216,-2.245269,0.654013
8.858600,2.075998,4.123359,-1.434404,1.449366,-0.162137,-0.575042,1.102476
6.393238,0.897777,1.843659,-2.661178,3.565765,-1.603325,0.414287,0.719196
7.772934,-1.510688,4.135194,-3.641617,2.312273,0.112628,1.109252,2.516604
10.207451,0.519506,1.357840,-3.584865,2.649103,-1.223807,0.949952,0.946422
12.254748,-1.498886,2.351768,-4.258923,1.050372,-0.338417,-0.088738,1.169992
9.184730,-2.550373,0.887029,-2.331177,1.826827,-1.846692,-1.890997,0.903481
8.779753,-1.695261,1.748876,-1.494519,2.251225,-2.449121,-2.726865,-0.264344
8.921717,-0.924005,3.078704,-0.905562,2.024553,-1.897179,-3.418704,0.915066
8.007135,0.000563,5.312371,-0.481004,1.250160,-0.135283,-2.587498,1.828606
9.157460,1.449335,5.023647,-0.350591,0.860933,-0.049121,-0.896413,1.051284
9.964214,3.014253,0.863356,-2.532685,3.457940,-2.646132,0.331899,0.966990
9.578686,0.628056,1.730263,-4.429332,4.081250,-1.911316,0.576290,1.327413
9.590049,0.212934,1.006048,-3.712854,3.035545,-1.474072,0.770054,1.900550
11.165440,-1.573801,2.506216,-2.952272,0.161728,1.135686,0.756983,3.626922
8.674070,-2.646292,1.023710,-1.086235,1.275248,-1.480513,-1.676429,1.592272
8.670536,-1.657168,1.558553,-2.157013,2.669415,-3.377141,-3.011614,0.377578
10.683416,-0.569135,3.908284,-0.668423,1.093803,-2.142207,-3.094909,0.410045
11.880019,1.246103,5.400595,-2.846712,1.298396,-0.364986,-1.366750,1.199785
10.250777,1.276751,4.286236,-3.090530,2.012780,-0.537094,-0.312087,1.221626
6.832211,-0.360957,3.005981,-3.873489,3.455414,-0.843938,0.600055,2.043030
6.855963,-0.501845,2.623805,-3.281503,2.905012,-0.540871,0.261962,0.390390
9.953018,-1.101337,2.948492,-3.270103,0.407061,1.445138,1.402240,3.307007
9.888067,-1.415849,1.128432,-2.639935,1.026877,-1.294936,-1.101435,0.250036
7.837930,-2.041198,0.399648,-2.763238,3.183071,-3.148808,-3.015965,-0.566737
8.087626,-3.587935,3.415918,-1.841871,2.128313,-1.799684,-3.028328,-0.151183
8.454382,-0.749578,4.507745,0.855669,-0.160567,-0.483015,-2.930833,1.496415
7.456544,2.105381,4.117879,-0.736233,1.171672,-0.031502,-1.000894,2.846351
7.340218,1.120026,3.634051,-1.369761,2.315738,-0.698642,-0.405054,0.389394
7.010763,-0.148259,2.820550,-2.647630,3.117913,-0.854115,0.395821,1.224919
7.292975,-0.153400,1.477711,-3.066011,2.856387,-0.652966,0.756984,1.102254
8.252335,-2.797099,2.568261,-3.666759,1.217263,0.668950,0.465996,0.366935
9.181614,-3.330667,2.502191,-2.485194,0.150485,1.505337,0.148343,3.123370
3.348712,-5.535816,0.522787,-0.574026,2.920763,0.268691,-3.660379,-1.173449
-7.864922,-5.115822,-2.605280,2.892370,2.940097,0.643082,-4.308824,1.604032
-10.569204,-5.694442,-1.919934,3.005928,0.080775,-4.604754,-1.397658,2.497292
-10.229768,-5.827205,-1.861769,2.893648,0.568710,-3.365241,-1.915739,2.061571
-10.305962,-5.730747,-1.879482,2.995382,0.517730,-3.474125,-1.769011,2.391954
-10.680685,-5.773858,-2.120590,3.142982,0.274447,-4.401361,-1.449156,2.607521
-10.674725,-5.769061,-1.992279,3.027088,0.096853,-4.632264,-1.356793,2.729430
-10.134115,-6.195476,-1.673147,3.067548,0.152585,-4.013215,-1.301823,2.981685
8.405892,-2.163475,0.905809,-2.520588,3.204645,-2.659992,-3.407490,-0.482772
9.196251,-0.916074,2.797422,-0.487120,1.648708,-1.828532,-3.376076,0.316453
10.099458,-0.533484,6.757052,-1.110720,0.548296,1.062462,-1.857124,1.565936
10.187360,2.387099,4.244677,-1.231430,2.456203,-0.066327,-0.908025,0.343844
8.963548,0.229570,3.492834,-2.961725,3.843209,-0.270831,-0.170972,-0.074912
8.026588,-0.592302,3.186986,-3.420044,3.735130,-0.671269,0.311034,0.372414
8.950663,-2.071292,3.143593,-2.712231,1.649538,0.417379,0.464155,0.047813
8.733081,-1.655408,0.154570,-3.409831,2.072273,-0.920796,0.871922,0.104940
11.165874,-0.802522,-0.011816,-2.564915,0.432987,-1.337473,-0.680029,0.366963
9.180714,-2.648095,3.096118,-0.041830,0.169906,-0.708021,-2.912309,-0.660527
7.025860,-2.956536,3.830178,-2.305966,2.837480,-1.029714,-3.279280,-1.112762
7.829743,-3.007524,3.155482,-0.658462,0.854604,-0.743516,-2.090479,-0.463935
10.928771,-2.370841,2.215720,-2.158990,0.626239,-0.638893,0.055411,-0.937666
12.102230,0.429207,2.795015,-1.837454,0.040018,1.164475,2.353016,3.658688
8.388699,-0.764303,3.989182,-3.766027,3.159057,-0.369283,0.234041,-0.247102
8.395815,-0.602691,3.683644,-4.247198,3.728079,0.161413,0.529836,-0.407911
8.851811,-0.452461,2.665185,-2.890358,1.708664,0.350770,1.095284,0.902195
10.062138,-0.812056,1.468924,-3.278632,0.496041,0.774323,0.766873,4.346340
9.152527,-3.843716,2.465967,-2.203496,0.870454,-1.248265,-2.450376,-0.664536
8.883219,-3.685732,3.195733,-2.701419,2.251227,-1.543614,-3.321265,-0.964187
8.210571,-3.384489,3.793947,-2.031120,2.195955,-1.627494,-3.523299,-0.930801
9.177958,-1.349505,5.564076,-0.772572,1.186604,0.001767,-2.802924,1.487867
9.183056,0.640005,5.757612,-2.051239,1.760433,0.390856,-1.722118,0.387509
7.363322,-0.172117,4.653807,-0.615458,0.743523,1.349249,-0.291733,1.006189
6.145194,-2.690686,4.588425,-2.889084,2.747151,1.036983,0.378218,0.192294
7.502144,-1.261896,3.402587,-2.834417,2.955896,-0.214732,0.055078,-0.171703
8.547279,-0.357722,1.378778,-2.434788,1.922314,-1.009013,0.173360,0.204266
8.133843,-3.597844,2.598711,-4.416710,1.509918,0.421523,0.816992,0.352839
9.762973,-3.279294,2.513749,-3.375659,-0.503176,1.215971,0.400315,2.002458
8.461016,-2.767333,1.270859,-0.278244,0.101646,-1.083772,-2.339874,-0.595345
7.574625,-2.438092,1.324356,-1.633632,2.207432,-1.689682,-2.989728,-0.953629
7.943680,-3.095939,2.815371,-1.361505,1.842565,-1.440232,-3.394978,-0.903843
10.021878,-0.409843,5.402409,-0.919379,0.423068,1.043573,-1.694914,3.924170
9.622321,0.268692,6.144198,-1.896488,0.804386,0.655285,-1.457702,1.002513
8.112995,1.421173,2.876239,-2.610410,2.668754,-1.199451,-0.361549,0.626864
8.457041,-0.253758,3.453101,-4.573176,3.829904,-1.429436,0.104193,0.224270
9.119152,-0.177260,2.778531,-3.872661,2.799092,-0.937665,0.459122,2.230221
11.408317,-1.613709,2.952726,-3.742878,0.416018,0.044295,0.042655,1.074372
12.025868,-2.171565,1.788577,-3.483779,1.505895,-2.008106,-2.017840,-0.389898
10.516318,-2.051021,2.318553,-2.472440,2.401160,-2.349145,-2.962306,-0.198566
8.379242,-2.102857,1.745141,-2.015194,2.974648,-2.526451,-3.571172,-0.733379
10.728298,-0.733190,3.826725,-0.768380,1.438280,-1.581950,-3.210391,1.252504
11.974743,0.209952,6.945862,-3.275460,1.202164,0.581306,-1.366983,1.743522
10.500566,0.890559,5.744251,-3.568492,2.008729,0.710398,-0.088083,1.204696
10.307170,2.413805,4.202924,-1.496072,1.890018,-0.889221,-0.412331,-0.018326
11.117506,1.373370,5.693695,-3.864726,3.134349,-1.729058,-1.925391,0.715685
9.628301,0.902163,4.076708,-4.002033,4.232872,-3.255109,-3.360163,-0.526425
8.329861,-0.864649,5.230894,-2.929650,2.923080,-0.154098,-2.781362,-1.251186
2.838930,-0.659286,1.966504,-0.216877,4.082182,1.949097,-2.930401,-2.027908
-9.043890,-0.172341,-2.145755,3.985980,6.254638,3.923096,-2.819065,-0.281734
5.641453,-1.097428,4.689322,-3.454905,3.536247,4.090805,1.919215,-0.700314
5.177596,-0.200586,3.709487,-3.304556,3.950117,3.483687,1.845142,-0.798178
-11.358179,-3.375775,1.244754,3.054897,1.461959,-2.805945,0.430412,1.499267
-11.694894,-3.126450,0.943106,3.142733,1.338945,-3.069131,0.285222,1.428064
-11.541787,-3.092688,0.855230,3.212809,1.536737,-2.842208,0.189040,1.444965
9.341436,-0.038273,4.408560,2.803864,-2.412745,1.420901,-1.866680,-1.171431
14.358066,3.186386,0.550102,1.293868,-0.811951,-0.114990,-0.439885,2.397869
15.348426,4.315110,1.439555,3.928218,-2.321494,-1.092740,-1.877467,1.801823
13.932154,2.472960,3.543416,2.790765,-2.575083,1.184259,-0.637567,1.741786
14.568479,3.830072,1.018093,0.575201,-0.660814,-0.591461,-0.099102,1.503797
11.849981,1.884974,2.939000,2.134192,-1.148519,0.080593,-1.797770,-0.494303
11.688681,1.641266,-0.189433,6.008180,-3.564740,1.095657,-0.785969,-2.054091
13.707358,2.727089,-1.578917,2.715054,-0.270575,-2.123458,-0.817741,-1.416736
12.637706,2.231156,2.251057,1.679704,0.100749,-0.877808,-1.352639,-0.660501
12.951738,0.853135,1.094044,4.198224,-3.274647,0.713164,-0.968156,-1.905804
16.123702,3.341876,-0.625608,4.702327,-2.340854,-1.453017,-1.714071,-0.129545
15.943676,5.329567,0.817099,3.312474,0.493941,-1.431953,-2.652918,1.660344
13.231041,1.763782,-0.084748,4.827855,-2.966937,-0.003802,-1.714409,-1.432614
15.464008,3.002472,-1.629311,2.090595,-0.380390,-0.870451,-0.046766,1.823063
16.553730,4.599162,3.014830,2.944434,-1.721679,-1.093147,-2.473095,2.235237
15.654257,4.052680,2.615630,2.740385,-1.672185,0.330602,-1.132321,3.767714
18.558719,5.092590,-0.191518,-0.127458,0.149132,-0.157682,-0.109035,3.776405
18.668837,5.302684,1.483367,3.250399,-1.479838,-1.424560,-2.059032,1.659277
10.157714,1.187287,3.071275,1.616430,1.135950,-0.072014,-1.531964,0.778059
12.414847,2.678992,-1.327822,4.652438,-2.191878,0.432973,-0.419678,-1.440113
16.980795,4.661602,-0.242828,4.274932,-1.527600,-0.446969,-0.185205,2.202693
14.355185,3.842990,3.230987,2.065372,0.321123,0.695207,-0.609898,3.564537
15.403152,4.185724,-0.369720,4.966264,-2.797281,-1.126895,-0.775826,-1.043311
17.737625,4.627823,2.160068,6.752644,-4.124471,1.029917,1.747709,0.984242
13.577561,5.563037,3.819477,8.230752,-3.898556,1.323499,-0.510763,-0.028398
9.703969,0.662719,4.225485,6.434473,-3.749080,1.492533,-0.689686,0.795923
12.867773,1.679851,-1.704812,4.020475,-2.826806,0.101332,-0.982735,-0.149765
14.412714,3.805244,-0.835181,4.962767,-2.667720,-1.264070,-1.708664,0.634392
11.655966,2.249096,4.250789,0.982133,-0.260269,0.734932,-1.594846,3.117715
13.682762,1.947948,1.865915,3.401258,-3.394887,0.646913,-1.079348,0.960673
16.978381,2.974179,0.945255,-0.302555,-0.220872,0.168992,-0.958554,2.400931
15.238927,5.468279,1.404886,3.116802,-0.328094,0.163450,-1.995489,3.237101
13.560279,2.874224,3.017832,4.171779,-3.025161,0.580256,-1.685789,0.393549
13.995530,2.646968,0.791341,-0.049842,-0.463224,0.965370,0.563429,4.032195
13.382220,3.638362,2.169002,4.015879,-2.689213,-0.396610,-1.392494,1.960495
11.507832,0.290499,5.111884,2.739791,-1.781205,0.611084,-1.169003,0.204032
12.686421,0.275213,0.269742,3.283365,-3.081665,0.455842,-0.657578,-1.134992
14.264776,2.390753,1.516998,3.424786,-3.039264,-0.702299,-1.686820,0.766681
12.027717,1.628305,4.893826,1.337775,-1.104726,0.297147,-2.082866,1.965202
12.990550,3.191725,2.025437,1.859973,-2.040872,0.129631,-1.058376,1.279082
14.916982,2.077582,2.115115,-2.199750,-0.060937,0.691625,1.212936,3.724029
15.324052,2.737661,3.671160,3.349888,-2.968131,0.589881,-0.785470,1.640275
11.948403,1.756676,3.487269,3.349363,-1.252488,0.560931,-0.731253,0.416759
12.743635,2.988174,-2.207036,4.372197,-2.816003,-0.019654,-0.265036,0.039319
13.204662,3.579963,-0.266131,6.597646,-4.094277,0.004638,-0.725428,0.654995
11.427383,2.150425,2.844627,2.318846,0.460338,-0.200557,-1.794774,-1.508272
11.734969,1.823628,-0.133448,4.898976,-3.097107,0.597916,-0.626214,-0.690099
8.611001,1.008354,3.220487,-4.260594,2.819484,-1.385375,-0.710039,0.360628
10.092676,0.669353,2.473368,-4.485241,2.790968,-0.794437,1.067937,2.017319
11.711095,-1.249517,3.164436,-5.138969,2.104996,-0.498673,-0.374791,0.311127
10.239922,-2.419693,1.598322,-2.505335,1.428968,-0.216535,-0.885848,-3.189634
8.590897,0.443509,0.115156,-0.912097,0.334583,0.442033,2.508629,0.848399
9.290671,-0.285841,3.376306,-2.424750,1.338010,0.356678,0.858956,-1.719789
8.697867,-2.327563,3.530208,-0.936454,0.415193,1.655141,0.300558,-0.073084
7.892028,-3.680796,0.676690,-1.220671,0.539777,0.628062,-0.171887,-2.198247
7.234116,0.334243,-1.161991,0.052087,0.964394,-0.553579,1.051698,-1.681517
7.379180,-2.004292,2.155980,-2.498764,0.741935,0.554358,-0.184139,-0.393961
8.920950,-2.495459,2.348850,-3.509403,1.633437,-0.882547,-1.078585,-0.498350
8.919583,-2.047446,4.254081,-2.823136,0.902044,0.115989,-1.323942,1.473403
7.533464,-1.934839,4.344847,-3.407684,1.430347,0.628562,-1.016667,-0.267710
8.151891,-1.541294,2.628812,-4.251064,1.619807,0.421074,0.558329,1.176516
9.284863,-1.830846,2.456975,-2.379959,0.751841,-0.761763,-1.464570,-0.648839
8.678913,-0.422007,3.117794,-2.956699,1.815875,0.115309,-1.098538,1.276892
8.533133,-0.740681,3.572106,-2.235274,0.808278,0.293521,-0.672515,0.834376
9.001727,-1.849109,2.858791,-4.444920,1.416519,0.148080,0.228628,1.693014
9.424358,-1.852130,3.130807,-1.655816,0.341818,-0.833913,-1.661982,-0.601911
8.811404,0.559817,2.857146,-3.504488,2.191406,-0.568481,-1.273208,0.564263
10.116468,-0.126680,3.049443,-2.955217,1.159226,-0.101594,0.323679,1.047562
9.752912,0.143351,1.120597,-3.393324,1.846288,-1.324513,-0.470585,0.609736
8.476050,0.285895,1.486706,-2.509064,1.646389,-0.770593,-0.695462,0.781595
3.325534,-0.503442,0.895263,-1.779097,3.782603,-0.199654,-0.903363,-0.728676
-10.295319,-4.716828,0.882563,2.828180,1.769899,-1.975662,0.541802,1.016524
-9.435437,-5.209798,1.167652,2.644056,1.688076,-1.183948,0.294319,0.988576
-9.683096,-4.943197,0.954359,2.678675,1.730361,-1.322986,0.168582,1.053091
-10.253047,-4.649296,0.792975,2.853690,1.710762,-1.953178,0.345010,1.186560
-10.742914,-4.265369,0.610629,2.836583,1.429438,-2.245993,0.341675,1.483436
-10.689600,-4.314487,0.669119,2.857328,1.436097,-2.216582,0.553461,1.507850
10.690828,1.596105,3.808671,4.248249,-2.329989,0.958917,-1.394277,-1.736267
14.194770,2.927491,-0.593802,2.607355,-1.558693,-0.592500,-0.254114,0.516781
14.371872,3.218649,1.621595,3.614316,-2.790818,0.148677,-1.294802,2.587614
11.872666,3.156420,2.008603,1.554863,1.264804,-0.970635,-0.457881,0.428256
14.824036,2.055276,1.176532,2.968879,-2.784160,1.270703,1.017136,-0.242090
14.293183,5.611440,-0.444021,5.587209,-3.040134,-0.882629,0.296797,-2.091575
12.442347,3.208478,3.160678,2.951038,-0.622822,-0.280967,-1.724637,-3.250794
14.246614,2.861863,-0.051124,3.496698,-2.416427,-0.439147,-0.954943,-1.320346
17.086506,3.756132,-1.383550,0.799185,0.644196,-2.438177,-1.722174,-0.299644
16.587852,4.648091,1.788133,1.749576,-0.524899,-0.674319,-2.014517,3.777342
15.519790,4.518289,2.083329,1.848849,-1.753858,0.617130,-0.978554,3.267125
16.754996,5.887053,0.693554,-1.873900,1.125519,-0.819216,0.426472,2.898237
14.405046,4.702318,3.383328,-0.060308,0.199050,0.786000,0.299639,5.052554
15.602011,2.826379,3.015233,1.969297,-3.169963,1.059698,-0.809135,1.886913
18.678263,4.305645,1.241322,-0.414258,-0.888682,-0.498053,-1.299542,3.337499
15.078042,4.582516,2.503267,0.144592,0.569823,0.293072,-2.520572,3.385752
12.697868,1.908429,2.326443,3.122704,-3.677863,0.993158,-0.597530,1.492142
16.895707,4.978156,0.649096,2.171111,-0.704898,-0.359276,-1.075727,1.736844
15.360071,5.564832,3.496695,0.206826,1.298555,0.824518,-1.043740,4.526998
18.621912,5.855909,1.813325,0.669972,-1.339338,0.690491,-0.849460,1.508018
21.344419,6.768835,1.351474,-2.311758,1.097124,-0.943519,0.517105,5.109799
17.841111,4.405387,3.820598,1.474745,-0.844288,-0.629643,-2.076266,2.424544
15.974831,3.277501,4.141531,1.439944,-1.772377,1.279174,-1.276697,4.488612
16.189104,6.300752,-2.514214,0.893828,0.493615,-0.538854,-0.108119,4.709654
11.488275,2.041648,2.183135,-3.579132,2.427682,-1.006734,-0.246948,2.354654
12.914009,-0.171709,1.669663,-4.974808,2.733355,-1.557519,-0.786051,0.643058
11.928768,1.391640,0.837625,-1.228345,1.963323,-3.186439,-2.098548,0.422168
11.003085,2.455781,2.381475,-3.239473,3.475582,-2.329120,-2.052183,0.505046
11.574604,2.251521,2.578928,-3.618378,2.898836,-1.778118,-0.998491,0.981890
12.857039,1.594894,1.354863,-4.779225,3.085463,-2.083725,-0.659403,0.506672
12.623788,1.840872,0.035488,-2.998249,2.567660,-3.114221,-2.215916,-0.073675
13.028147,2.645410,3.091138,-4.330085,2.732804,-1.576688,-0.756373,2.943806
13.583036,2.800133,3.255387,-4.721726,3.269431,-1.561288,-0.481861,1.921864
15.151409,2.819903,0.990463,-5.170751,3.208491,-1.959070,-0.023261,2.878676
14.009297,1.594588,1.785713,-2.229789,1.469926,-2.136448,-1.733013,1.204949
11.260048,1.948296,2.720255,-3.915342,3.129423,-1.694813,-1.887661,0.917726
13.719551,3.931279,1.469613,-4.430132,4.101251,-2.522963,0.252842,1.549759
13.827666,2.259994,0.970960,-5.435512,3.563145,-2.570149,-0.052553,0.909559
12.222297,1.522215,0.659816,-2.478878,3.210800,-3.615490,-2.387223,-0.858610
12.153899,3.177718,2.010119,-4.351644,3.544986,-1.952651,-1.088804,3.017362
10.925566,0.332780,4.282012,-3.829420,2.053186,-0.576215,-0.592868,1.267422
9.975131,-0.983345,2.209727,-3.959859,1.794555,0.081830,-0.147771,2.605827
9.862998,-1.543790,2.559248,-1.835723,0.882571,-0.973659,-2.484221,-0.249364
11.001007,1.835825,2.533591,-4.184173,2.557283,-1.885118,-1.354574,1.725969
12.184951,0.820380,3.551935,-4.394577,1.995591,-0.825548,-0.187163,1.541379
12.692234,0.567014,0.997111,-5.697718,3.259850,-1.993239,-1.699728,1.126529
9.262053,0.099326,1.432149,-1.414152,2.126038,-0.565153,-3.038744,0.402827
-0.451673,-1.890725,1.441623,0.292027,3.422355,1.424657,-3.580156,-0.606809
-11.218831,-2.955364,1.138930,2.950982,1.391696,-2.240199,-1.224078,1.878145
-11.291951,-3.008348,0.980552,3.124470,1.402105,-2.294321,-1.105606,1.917144
-11.174136,-3.074946,1.168729,2.975698,1.233590,-2.445023,-1.004863,2.057178
-11.415328,-3.008814,1.146689,2.845161,1.122041,-3.005010,-1.029105,2.059129
-11.010103,-3.326638,1.317575,2.883849,1.205997,-2.447992,-1.463962,1.678936
-10.981198,-3.334547,1.357214,2.889950,1.127407,-2.614027,-1.363949,1.815035
-10.960596,-3.415262,1.386011,2.774108,1.159503,-2.352028,-1.344570,1.861794
-10.488321,-3.810427,1.794936,2.742987,1.260723,-2.126803,-1.294417,1.744690
-10.592753,-3.743416,1.634590,2.760480,1.344919,-1.986479,-1.524888,1.787603
-11.576500,-3.045968,1.051227,3.034331,0.890987,-3.143191,-1.255172,2.198200
-11.533409,-3.044567,1.085055,2.962931,0.855856,-3.256911,-1.224860,1.973116
-11.642506,-2.919290,0.891954,3.104197,1.016896,-3.173573,-1.277451,1.897935
-11.344712,-3.060060,1.014678,2.975394,1.047447,-2.842801,-1.418003,1.731083
-11.497893,-2.877325,0.980556,2.955952,1.010394,-2.864254,-1.452464,2.123235
-11.483266,-3.119580,1.041410,2.891590,1.034252,-2.892111,-1.509748,1.902636
-11.707327,-2.750310,0.798791,2.925045,1.027816,-3.173260,-1.454069,1.767141
-11.330042,-3.158149,1.175367,2.870331,1.004887,-2.917661,-1.244735,2.157487
-11.186807,-3.394598,1.268494,2.800604,0.972135,-2.866847,-1.158616,2.167868
-11.782225,-2.942985,0.859127,2.954961,0.921724,-3.375393,-1.228230,2.068069
