-1.210239,0.048078,0.002311,1.211193,-1.010600,-1.309600,0.299000,0.985630,2.288482,0.036126,366.747360,-56.562886,301.387900,9.708213,7.571664,26.210049,11.412414,13.245272,9.574723,0.761717,4.541962,9.680676,0.024736,0.000612,9.680708,9.746600,9.603200,0.143400,-0.080282,0.016087,0.019699,23429.024918,-162.909890,2410.487750,11.600244,6.618674,7.506694,10.116602,12.100252,6.718576,0.843517,4.669406,1.188053,0.035058,0.001229,1.188570,1.292700,1.099600,0.193100,0.320438,0.016958,0.027588,353.174873,-102.703455,295.781050,8.281053,7.504059,20.167797,5.588751,7.336920,4.997660,0.668448,4.356682,9.828283,0.025412,0.000646,9.828316,9.902136,9.752128,0.150008,-0.122009,0.045253,0.019896,24148.947151,-150.691618,2447.240980,11.824024,6.689855,7.839982,9.570511,12.452853,7.344537,0.852485,4.675782,-1.037091,0.427562,0.182810,1.121770,0.227660,-2.205200,2.432860,-0.056668,0.031808,0.341584,314.592059,2.297333,258.502896,6.527965,6.978246,259.977938,60.730687,49.365441,37.794712,0.512377,4.120611,0.162739,1.204182,1.450054,1.215129,5.482000,-2.357900,7.839900,1.563400,4.051046,0.839539,369.134605,1.827923,208.088945,6.034444,6.045295,724.193524,231.116176,205.109139,48.891384,0.492203,4.126556,0.407316,0.653457,0.427007,0.770009,2.214600,-1.157200,3.371800,0.173088,0.081182,0.497955,148.228282,2.837633,152.289974,7.215025,6.528595,424.256362,177.267061,117.217127,53.781327,0.601302,4.347615,1.660402,0.755568,0.570883,1.824231,5.913651,0.510792,5.402859,2.629018,10.063147,0.481874,831.954945,1.595918,413.071904,6.247818,6.171038,514.281277,184.579801,108.147533,50.080676,0.538893,4.242771,-0.891814,0.009759,0.000095,0.891868,-0.875000,-0.931450,0.056450,-0.748810,0.696254,0.007951,198.856989,-584.452231,222.060425,12.221402,6.812035,2.717698,4.116008,3.115498,3.122265,0.803465,4.625649,0.762281,0.020350,0.000414,0.762553,0.795180,0.676710,0.118470,-0.811560,1.040937,0.016619,145.371721,-219.683299,189.802245,12.413761,7.058127,6.181930,8.398963,6.612772,6.318616,0.840848,4.662806,0.029336,0.009809,0.000096,0.030933,0.064588,0.000000,0.064588,0.484250,1.174745,0.007297,0.239210,-508.831744,7.293988,10.747705,7.639541,4.773194,2.810670,2.739245,2.635005,0.821690,4.611417,1.173775,0.011083,0.000123,1.173828,1.197326,1.135270,0.062056,-0.481911,0.180203,0.008819,344.467920,-504.757634,292.265171,12.776493,7.085748,3.249674,3.769893,3.587877,3.714995,0.809017,4.633417
-1.240980,0.044891,0.002015,1.241791,-1.083000,-1.392700,0.309700,0.028660,0.547949,0.035233,385.511400,-55.686336,308.994100,9.914935,7.796944,22.655055,12.019275,11.749243,8.310505,0.779574,4.540319,9.675540,0.026584,0.000707,9.675577,9.746600,9.601600,0.145000,-0.111828,0.081649,0.020910,23404.197179,-160.345216,2409.217550,11.586734,6.909777,9.120679,10.699827,11.287043,8.005123,0.859486,4.684284,1.191504,0.029010,0.000842,1.191858,1.271400,1.099600,0.171800,-0.162445,0.257571,0.022610,355.131077,-125.476528,296.727350,8.612717,7.223361,17.059076,5.634985,6.062636,5.008604,0.692285,4.417618,9.827443,0.026784,0.000717,9.827480,9.902136,9.752128,0.150008,-0.025545,0.143775,0.020902,24144.839657,-147.654592,2447.045148,11.650351,6.882962,9.395591,10.598997,11.573684,8.451802,0.868141,4.699215,-1.165421,0.412069,0.169801,1.236125,-0.093159,-2.205200,2.112041,-0.189517,-0.391709,0.331668,382.001512,2.327512,290.056229,6.918942,7.083628,260.374607,68.720228,55.704463,41.757922,0.619151,4.242590,-0.003476,0.698024,0.487237,0.698033,2.169200,-2.357900,4.527100,-0.171454,0.299058,0.557483,121.812361,2.290091,137.900095,7.972571,6.680495,408.163601,179.690599,196.107375,81.254812,0.680448,4.427404,0.344677,0.556030,0.309169,0.654195,1.790600,-0.998620,2.789220,-0.024740,-0.333150,0.442460,106.992920,2.873167,133.456410,7.323279,6.852141,353.761357,154.284204,100.711807,53.866075,0.663666,4.387692,1.510261,0.402913,0.162339,1.563083,2.627785,0.510792,2.116993,0.081641,-0.289643,0.326089,610.806793,2.260701,375.562781,8.214679,6.912051,229.567571,93.625654,96.460800,54.996897,0.653673,4.403125,-0.893145,0.009646,0.000093,0.893197,-0.877020,-0.925400,0.048380,-0.583339,-0.102932,0.008000,199.450257,-690.519889,222.393105,11.855401,7.065627,3.066454,4.417701,2.780780,2.909582,0.827663,4.644879,0.759502,0.020035,0.000401,0.759766,0.789160,0.676710,0.112450,-0.741317,0.699360,0.016642,144.311229,-239.057438,189.132570,12.309375,6.821490,5.848632,8.695981,7.025267,6.147726,0.873651,4.684474,0.029408,0.007576,0.000057,0.030368,0.048998,0.000000,0.048998,-0.429854,0.686332,0.005914,0.230550,-718.803819,7.338537,12.115889,7.217626,2.622747,2.846618,2.385271,2.522651,0.837560,4.658233,1.172964,0.011139,0.000124,1.173017,1.196355,1.135270,0.061084,-0.420735,-0.124253,0.009151,343.992035,-513.299103,292.078507,12.754959,6.792888,2.924089,4.152414,3.581305,4.000341,0.834145,4.640825
-1.262776,0.038794,0.001505,1.263372,-1.167300,-1.392700,0.225400,-0.185162,0.101954,0.030271,399.027056,-83.641958,314.473650,10.443808,7.754372,18.163001,11.506820,11.199321,6.996290,0.774973,4.564057,9.672616,0.025441,0.000647,9.672649,9.734600,9.601600,0.133000,-0.092250,-0.057059,0.019977,23390.034942,-166.144037,2408.479600,11.811670,6.926642,7.983699,10.232366,10.415879,7.031296,0.835687,4.651076,1.194682,0.024946,0.000622,1.194942,1.271400,1.136700,0.134700,0.241781,0.006483,0.019859,356.971843,-165.471265,297.485950,9.315035,7.492337,15.147427,4.606091,6.421162,4.837589,0.734507,4.504953,9.827689,0.025791,0.000665,9.827723,9.900064,9.755342,0.144722,-0.040311,-0.090175,0.020457,24146.033841,-155.457049,2447.099570,11.783342,6.970133,8.505787,10.259232,10.534360,7.192490,0.835753,4.659200,-1.133476,0.331413,0.109835,1.180933,-0.380200,-2.099600,1.719400,-0.308747,0.265009,0.256890,348.650835,1.499711,282.166605,7.596009,7.060712,218.948670,58.485623,62.512070,51.495564,0.658295,4.373372,0.036217,0.592438,0.350983,0.593544,2.169200,-2.128300,4.297500,-0.068022,1.855214,0.440185,88.073637,1.949477,110.153874,8.044064,6.485178,333.283722,162.913566,208.602130,58.318903,0.642711,4.419336,0.485128,0.533251,0.284357,0.720906,1.790600,-0.998620,2.789220,-0.260323,0.036243,0.415341,129.926440,2.740704,150.824860,7.528353,6.715848,324.411471,165.454647,101.576929,57.802235,0.656834,4.397659,1.458251,0.374308,0.140107,1.505524,2.591076,0.620070,1.971005,0.351988,0.090532,0.299239,566.650912,2.103936,363.010190,8.527250,6.813195,218.602115,107.763541,119.376431,62.437363,0.724179,4.514835,-0.894653,0.009418,0.000089,0.894703,-0.877020,-0.929440,0.052420,-0.591267,0.138436,0.007814,200.123280,-644.481341,222.761090,12.268343,7.095065,2.596054,3.745514,2.714923,2.805014,0.826001,4.622737,0.758418,0.019137,0.000366,0.758659,0.789160,0.692770,0.096390,-0.629336,-0.021882,0.016069,143.890932,-276.970662,188.846410,12.383218,6.795122,4.395022,8.479602,5.268765,5.540288,0.812075,4.609997,0.028998,0.008053,0.000065,0.030095,0.051225,0.000000,0.051225,-0.497884,0.521148,0.006212,0.226433,-675.078084,7.216040,11.923111,7.340729,2.850738,3.140710,2.197286,2.525621,0.806061,4.636343,1.173394,0.010477,0.000110,1.173440,1.196355,1.141264,0.055090,-0.241093,-0.592539,0.008818,344.240644,-578.118922,292.169431,12.447697,6.770248,2.502954,4.188763,2.845968,3.307462,0.804894,4.595530
-1.248466,0.039538,0.001563,1.249092,-1.142500,-1.357700,0.215200,-0.022778,0.041522,0.030681,390.057903,-84.729573,310.872200,10.197533,7.743434,19.801437,10.729372,12.156124,7.044217,0.783248,4.570783,9.676784,0.022994,0.000529,9.676812,9.723700,9.602500,0.121200,-0.156866,-0.122368,0.018379,23410.171267,-197.140473,2409.522050,11.551218,6.809894,7.232562,8.601121,10.252333,5.491854,0.783077,4.604033,1.186263,0.026771,0.000717,1.186565,1.246100,1.110900,0.135200,-0.393710,-0.168723,0.021614,351.984034,-161.608557,295.392800,9.275803,7.855052,15.790363,4.188248,6.482774,4.899028,0.679068,4.432614,9.828952,0.023578,0.000556,9.828980,9.885109,9.751306,0.133803,-0.106147,-0.218848,0.019113,24152.213204,-174.299776,2447.413677,11.701358,6.799189,7.374840,8.375730,10.869372,5.637031,0.789654,4.610655,-1.079812,0.333917,0.111500,1.130263,-0.381070,-2.235300,1.854230,-0.483522,0.368296,0.265929,319.373679,1.557110,268.772540,8.132103,7.451142,190.981139,54.043154,61.124917,44.517709,0.628005,4.314461,0.394817,0.959622,0.920875,1.037668,3.746400,-2.128300,5.874700,1.019208,1.480150,0.701861,269.188807,2.128587,173.867601,6.819732,6.523259,523.659346,167.605659,229.279882,63.294324,0.575604,4.216722,0.646350,0.494931,0.244957,0.814079,2.747300,-0.693430,3.440730,0.650384,1.614843,0.373440,165.681253,1.953893,169.418983,8.328284,7.145116,298.579121,135.083184,102.558914,74.871746,0.689263,4.448614,1.615613,0.637784,0.406769,1.736944,4.011210,0.639836,3.371374,1.166214,1.235588,0.487369,754.243740,2.402432,402.064865,7.555426,7.145734,384.988549,121.296351,129.064328,74.292472,0.661752,4.348298,-0.893758,0.009976,0.000100,0.893814,-0.872980,-0.929440,0.056460,-0.551306,0.202810,0.008215,199.725668,-582.892708,222.547335,12.459435,7.005311,2.983664,4.137111,3.099556,3.611955,0.856524,4.672844,0.758016,0.020009,0.000400,0.758280,0.793170,0.702810,0.090360,-0.568996,-0.459661,0.016659,143.747158,-293.135515,188.743960,12.742676,6.974964,4.680255,8.318857,5.472997,6.949290,0.777242,4.598555,0.025746,0.011112,0.000123,0.028042,0.051225,-0.011136,0.062361,-0.759107,0.526546,0.008727,0.196587,-513.376584,6.500005,10.655756,7.574263,4.863529,3.505127,2.542454,3.343497,0.776110,4.565648,1.172415,0.011013,0.000121,1.172466,1.196907,1.136506,0.060401,-0.331593,-0.271504,0.009053,343.669412,-517.166969,291.931185,12.472384,7.122310,2.773337,4.621295,2.865281,3.561997,0.808182,4.597115
-1.205505,0.043824,0.001921,1.206301,-1.095700,-1.321500,0.225800,0.134979,-0.520624,0.036032,363.790822,-78.274125,300.185100,10.364481,7.833807,22.100917,10.250246,13.008919,8.593123,0.778226,4.561629,9.686004,0.024665,0.000608,9.686035,9.757900,9.602500,0.155400,0.099514,0.253468,0.019212,23454.818528,-153.183844,2411.803100,10.944207,6.913020,9.762864,8.539467,11.532225,5.671514,0.786942,4.623171,1.162731,0.029260,0.000856,1.163099,1.244400,1.110200,0.134200,0.437805,-0.521371,0.023913,338.199991,-161.297776,289.529750,9.336088,7.801559,15.356543,4.936415,6.914837,4.904604,0.742523,4.454412,9.829884,0.024673,0.000609,9.829915,9.902861,9.751306,0.151555,0.134457,0.085129,0.019590,24156.809341,-150.905752,2447.632333,11.253309,6.935085,9.612387,8.393911,11.729750,6.038130,0.817209,4.652301,-1.082729,0.357810,0.128028,1.140320,-0.381070,-2.235300,1.854230,-0.491684,-0.034818,0.290495,325.082536,1.840362,269.651775,7.812906,7.364896,218.742387,64.589331,62.924600,41.629073,0.643236,4.333073,0.481066,0.940638,0.884800,1.056515,3.746400,-1.340500,5.086900,1.010561,0.995537,0.708004,279.056062,2.443585,187.336875,6.909468,6.547794,529.773342,176.839905,216.639970,74.572992,0.598476,4.270211,0.625246,0.572090,0.327287,0.847479,2.747300,-0.780490,3.527790,0.199977,0.441354,0.449366,179.554975,2.441272,176.083608,8.255878,7.327979,342.611881,135.518655,121.799668,76.323724,0.695988,4.429804,1.658980,0.618514,0.382559,1.770529,4.011210,0.639836,3.371374,1.114769,1.351884,0.465022,783.693573,2.444188,413.309051,7.198416,7.000280,373.261762,135.007219,105.714481,63.532703,0.646397,4.320453,-0.887516,0.011249,0.000127,0.887587,-0.866940,-0.921370,0.054430,-0.498009,-0.043588,0.008957,196.952798,-575.671902,220.970735,11.818957,7.306824,3.986982,4.094591,3.081888,3.584362,0.808688,4.615436,0.763084,0.021434,0.000459,0.763385,0.799200,0.692770,0.106430,-0.637611,-0.135179,0.017735,145.689196,-237.570073,190.050145,12.043797,7.203887,7.034661,8.895070,6.207820,7.769863,0.837908,4.662477,0.010494,0.016123,0.000260,0.019237,0.044543,-0.026726,0.071269,0.193495,-0.897105,0.013645,0.092520,-391.669213,3.741653,9.607049,7.746205,6.564801,3.595830,2.697348,3.127271,0.706954,4.401430,1.170811,0.011808,0.000139,1.170871,1.196907,1.136506,0.060401,-0.332674,-0.383520,0.009641,342.734514,-504.218999,291.542958,12.370648,7.063818,3.144556,4.951835,3.202237,4.256563,0.801300,4.613855
-1.181861,0.042646,0.001819,1.182630,-1.072600,-1.298900,0.226300,-0.167268,-0.236698,0.034364,349.653417,-79.332445,294.226150,10.497328,7.758368,22.925920,11.246987,13.114385,9.216007,0.787698,4.598527,9.690710,0.023943,0.000573,9.690739,9.757900,9.625100,0.132800,0.168076,0.112905,0.018976,23477.606460,-170.385331,2412.997950,11.231319,7.089417,9.367770,8.134358,9.955033,5.863663,0.818986,4.635635,1.147434,0.025554,0.000653,1.147719,1.220800,1.085300,0.135500,0.296678,-0.126874,0.020434,329.314454,-163.024985,285.716350,9.373974,7.564464,15.558011,4.351323,6.938074,4.955234,0.715052,4.485017,9.829836,0.024930,0.000621,9.829868,9.902861,9.762608,0.140253,0.104591,0.040361,0.019589,24156.574330,-163.194767,2447.633887,11.476583,7.191475,9.728046,8.086992,10.021578,6.261191,0.790896,4.622803,-1.134743,0.352677,0.124381,1.188286,-0.006689,-2.007800,2.001111,0.169402,0.044793,0.277875,353.005847,1.778835,282.911382,7.130645,6.898235,233.134582,67.262147,57.011523,36.488341,0.604711,4.300613,0.055471,0.713027,0.508408,0.715182,1.863500,-2.090700,3.954200,-0.083576,-0.141346,0.570962,127.871162,2.750424,142.193016,7.717658,6.272345,394.767691,177.865078,223.689694,71.874776,0.621808,4.362846,0.446874,0.537385,0.288783,0.698913,1.708500,-1.634700,3.343200,-0.439136,0.619450,0.422631,122.119792,2.365175,144.008411,8.391161,7.125007,317.378385,163.228316,119.557236,67.554402,0.686202,4.450649,1.509999,0.363168,0.131891,1.553057,2.748532,0.507983,2.240549,0.299170,-0.108281,0.293391,602.996801,1.808797,375.973724,8.761002,6.862342,215.482833,106.890510,103.517557,59.076571,0.737462,4.522262,-0.882855,0.009699,0.000094,0.882908,-0.864920,-0.919350,0.054430,-0.583786,0.131096,0.008093,194.881771,-617.389455,219.821620,12.310275,7.017026,2.784678,3.290581,3.301772,3.033131,0.823893,4.617872,0.768409,0.019483,0.000380,0.768656,0.801200,0.692770,0.108430,-0.594264,0.099063,0.016318,147.708120,-242.683588,191.324220,11.982950,6.919097,5.523002,7.285304,5.687059,5.759616,0.814198,4.597461,-0.000784,0.008147,0.000066,0.008184,0.015590,-0.026726,0.042316,-0.432557,-0.222666,0.006569,0.016746,-823.586909,1.605789,11.977283,7.240147,2.864317,3.079506,2.607627,2.525133,0.832853,4.650784,1.170601,0.010944,0.000120,1.170652,1.193359,1.140014,0.053344,-0.313195,-0.458468,0.008978,342.606637,-586.400795,291.466434,11.998793,6.749565,2.896022,4.245288,3.267856,3.551875,0.774064,4.575904
-1.204848,0.052843,0.002792,1.206006,-1.072600,-1.379800,0.307200,-0.272648,0.131044,0.042541,363.612764,-51.263207,300.057100,9.999268,7.552361,24.126514,14.412066,14.237195,9.074662,0.729742,4.492912,9.686575,0.025731,0.000662,9.686609,9.807500,9.613600,0.193900,0.266290,1.376966,0.019744,23457.598356,-120.865468,2411.969450,10.806049,6.977404,10.606474,10.941323,9.484746,6.676743,0.813779,4.654301,1.152905,0.040818,0.001666,1.153628,1.293900,1.051600,0.242300,0.380425,0.232746,0.032610,332.714131,-74.562696,287.043000,7.772788,7.052386,26.537540,7.460722,7.845846,5.689015,0.643558,4.365112,9.829291,0.027366,0.000749,9.829329,9.961639,9.754108,0.207532,0.267519,1.565116,0.021345,24153.925250,-106.729147,2447.507980,10.908409,7.039374,11.650064,11.054115,10.072729,7.071127,0.837524,4.664715,-1.244116,0.567876,0.322483,1.367592,0.087759,-2.898500,2.986259,-0.042381,0.012394,0.446133,467.576714,2.738620,310.510654,5.812282,6.333674,388.388156,97.065366,53.628707,39.129576,0.520083,4.133119,0.041301,0.788591,0.621876,0.789672,2.211100,-2.090700,4.301800,-0.021876,-0.047037,0.621560,155.895518,2.676600,154.840918,7.503677,5.895763,435.857956,228.016090,244.322379,63.759409,0.588415,4.352229,0.515876,0.696231,0.484738,0.866525,2.784700,-1.634700,4.419400,0.185847,0.707484,0.522450,187.716480,2.318925,170.730461,7.249008,6.542718,422.300773,211.899652,123.185313,64.362538,0.608828,4.339673,1.716762,0.545421,0.297484,1.801320,3.073628,0.507983,2.565645,0.236071,-0.588136,0.450173,811.188712,2.922452,427.593899,7.792793,6.978277,363.986090,120.475703,112.241161,76.572805,0.694478,4.434089,-0.883589,0.009498,0.000090,0.883640,-0.864920,-0.919350,0.054430,-0.596961,0.148684,0.007805,195.204915,-609.543078,220.025265,11.711432,7.106056,2.924306,3.725588,3.049208,2.526816,0.795504,4.600787,0.767694,0.018594,0.000346,0.767920,0.801200,0.686750,0.114450,-0.643716,0.493826,0.015728,147.425118,-235.345564,191.144495,11.807639,6.866084,5.326962,7.190733,5.532161,4.501537,0.826897,4.605331,-0.001274,0.008088,0.000065,0.008188,0.017817,-0.035635,0.053452,-0.433453,0.557107,0.006441,0.016761,-647.607404,1.585745,11.875207,7.376864,2.856037,2.851386,2.207399,2.494869,0.773466,4.601116,1.170676,0.010260,0.000105,1.170721,1.191090,1.134798,0.056292,-0.336717,-0.225539,0.008437,342.646794,-569.561051,291.499582,12.141406,6.786645,2.600042,3.724561,3.071848,2.704909,0.796368,4.565979
-1.192952,0.067952,0.004617,1.194885,-1.020600,-1.379800,0.359200,0.076942,-0.038992,0.053175,356.937738,-35.669751,297.034650,9.086156,7.774864,38.751475,14.713448,16.406425,9.377895,0.674994,4.440024,9.682946,0.028824,0.000831,9.682989,9.807500,9.604400,0.203100,0.126165,1.032725,0.022217,23440.066581,-105.534755,2411.062850,10.356362,7.043125,13.487914,12.370850,10.377993,6.956992,0.837124,4.669977,1.185860,0.061454,0.003777,1.187451,1.426300,1.051600,0.374700,0.680490,1.197746,0.045561,352.510125,-37.501092,295.317350,6.638823,6.879291,43.843962,7.839109,8.288484,5.973493,0.554666,4.222995,9.828386,0.029608,0.000877,9.828431,9.961639,9.750098,0.211541,0.161010,1.246075,0.022894,24149.514444,-99.906004,2447.281183,10.545294,7.107935,13.725915,12.340326,10.746422,6.771362,0.832179,4.667786,-1.258983,0.736635,0.542632,1.458653,0.087759,-4.126900,4.214659,-0.963847,2.071097,0.551716,531.917352,2.356270,314.510984,5.146879,5.902364,533.031745,103.985044,49.648340,43.159026,0.456330,4.027912,0.201458,0.952014,0.906332,0.973097,2.801400,-2.954300,5.755700,-0.367559,1.150513,0.703930,236.729239,2.315986,182.187363,7.100087,6.089114,622.567850,228.320958,265.843851,76.931366,0.558121,4.337810,0.534311,0.935106,0.874423,1.076992,3.086200,-2.976700,6.062900,-0.242440,1.380105,0.682917,289.977846,2.172149,211.963916,6.470194,6.500677,615.099282,193.168615,136.249058,57.146976,0.544474,4.211664,1.881651,0.832999,0.693887,2.057790,5.383325,0.529224,4.854100,1.540053,3.604528,0.611611,1058.624438,2.131767,468.685411,6.373963,6.592627,554.967835,123.840891,118.810463,69.464617,0.547780,4.190640,-0.881726,0.009603,0.000092,0.881778,-0.862900,-0.917340,0.054440,-0.597037,0.336736,0.007705,194.383328,-604.967477,219.542435,12.173338,7.356141,2.942959,3.545092,2.605122,2.773589,0.820816,4.616011,0.769365,0.018694,0.000349,0.769592,0.799200,0.686750,0.112450,-0.739948,0.649434,0.015596,148.067996,-239.290843,191.584225,12.356545,6.856934,4.745654,7.768376,5.837933,5.126941,0.810046,4.610042,-0.001987,0.008480,0.000072,0.008709,0.017817,-0.035635,0.053452,-0.628444,0.940902,0.006641,0.018963,-638.366281,1.660357,11.973884,7.181499,2.811906,2.860069,2.711959,2.588623,0.794052,4.601099,1.170372,0.010564,0.000112,1.170419,1.191090,1.134798,0.056292,-0.378131,-0.226294,0.008722,342.470287,-563.184290,291.424928,12.293762,6.685002,2.651375,4.032430,3.449786,2.958973,0.808267,4.596548
-1.174230,0.111875,0.012516,1.179547,-0.839900,-1.644300,0.804400,-0.772418,2.513133,0.079211,347.832890,-10.786461,292.396840,8.557339,7.745344,63.379104,16.640454,17.063635,17.362081,0.646714,4.311544,9.681019,0.035245,0.001242,9.681083,9.773300,9.539700,0.233600,-0.324464,0.802676,0.027151,23430.841801,-84.503225,2410.592250,9.742532,7.063933,18.769376,12.363877,11.157927,7.446842,0.790812,4.598613,1.219570,0.076190,0.005805,1.221947,1.484600,1.001700,0.482900,0.412927,1.060248,0.056685,373.288749,-24.864697,303.696600,6.621972,6.649406,49.784663,8.199470,9.044864,6.087673,0.518882,4.115109,9.828858,0.037540,0.001409,9.828929,9.934304,9.701570,0.232734,-0.064764,0.531277,0.028888,24151.963440,-80.455589,2447.409290,9.971401,7.229743,19.902967,12.642601,11.117652,7.766956,0.791449,4.594619,-1.126396,1.168440,1.365252,1.622966,3.772600,-4.126900,7.899500,1.069515,3.673378,0.781873,658.505034,1.780178,346.125962,4.642073,5.631406,763.842014,104.028685,58.076875,49.861466,0.405068,3.815013,0.214820,1.943570,3.777465,1.955406,6.951200,-4.910900,11.862100,0.481739,1.798742,1.391343,955.903185,1.665823,350.387011,5.571710,5.866497,1255.316836,261.171550,258.023038,99.852778,0.467078,4.036447,0.488686,1.657779,2.748232,1.728307,6.378300,-4.494200,10.872500,0.161041,2.459940,1.088664,746.761564,1.619796,300.030594,5.734949,6.225713,1036.058718,155.632649,152.503868,89.050101,0.480213,3.960876,2.588662,1.656354,2.743509,3.073220,7.866681,0.534411,7.332271,1.284797,0.736561,1.312832,2361.169783,2.156299,645.566380,5.462750,6.176725,1014.579248,247.761831,148.501505,98.574183,0.489065,4.037202,-0.879662,0.009800,0.000096,0.879716,-0.860890,-0.917340,0.056450,-0.571762,0.300040,0.007921,193.475144,-582.506494,219.036370,12.571624,7.115503,2.965530,3.487757,2.925339,3.486825,0.800989,4.628330,0.771261,0.020056,0.000402,0.771521,0.803210,0.704820,0.098390,-0.861119,0.627860,0.016285,148.811257,-271.319087,192.046055,12.261356,7.092524,5.990194,8.067588,6.165134,5.922229,0.799976,4.619449,-0.007563,0.010840,0.000117,0.013217,0.013363,-0.037862,0.051225,-0.334216,-0.348100,0.008818,0.043675,-618.430627,2.586861,10.600489,7.732437,4.802053,3.236306,2.616032,2.561296,0.770610,4.546420,1.170129,0.010862,0.000118,1.170180,1.191359,1.135079,0.056280,-0.487960,0.017783,0.008823,342.330077,-558.370778,291.364027,12.160468,6.999416,3.047207,4.681784,3.380887,2.917900,0.796740,4.617734
-1.201088,0.111708,0.012479,1.206271,-0.839900,-1.644300,0.804400,-0.190361,2.140218,0.078886,363.772593,-10.785030,299.106080,9.483890,7.870536,61.055516,18.401514,18.458428,24.680803,0.663266,4.384143,9.676673,0.035083,0.001231,9.676737,9.777000,9.539700,0.237300,-0.084714,0.949690,0.026488,23409.808758,-83.090658,2409.487050,10.299229,6.950936,16.811472,12.994001,13.730049,7.429757,0.816181,4.631900,1.238487,0.081963,0.006718,1.241196,1.538800,1.001700,0.537100,0.470696,1.525669,0.060555,385.142138,-20.811897,308.389650,7.124434,6.785841,55.290168,16.341206,12.431310,9.843961,0.625165,4.315494,9.830229,0.038666,0.001495,9.830305,9.973929,9.701570,0.272358,0.142939,1.028433,0.029533,24158.723489,-68.151863,2447.728139,10.575898,7.146658,18.981511,13.499344,13.737917,8.871300,0.822494,4.638989,-1.162192,1.328379,1.764590,1.765016,3.772600,-4.195500,7.968100,0.858064,1.662284,0.964407,778.820161,1.980714,380.314922,4.631367,5.803821,869.679408,130.682619,73.492459,51.889998,0.400440,3.821501,0.113249,1.935335,3.745521,1.938646,6.951200,-4.910900,11.862100,0.708235,2.015059,1.363539,939.586654,1.650082,337.460628,6.052757,6.181102,1224.125318,296.057686,251.819989,173.801137,0.493981,4.099245,0.496228,1.644639,2.704838,1.717871,6.378300,-4.494200,10.872500,0.123804,2.610316,1.077438,737.770280,1.577120,298.105651,6.811677,7.049972,1036.746468,224.196651,138.496082,156.124284,0.574822,4.150262,2.693393,1.603228,2.570341,3.134439,7.866681,0.569170,7.297511,1.234383,0.787014,1.272781,2456.177095,2.153479,672.175442,6.213984,6.819271,1013.829842,276.058047,165.598664,119.591805,0.561810,4.178175,-0.881283,0.010180,0.000104,0.881341,-0.860890,-0.917340,0.056450,-0.575332,0.240271,0.008043,194.190644,-574.824088,219.427495,12.203496,7.122718,3.318218,4.098080,3.622355,3.002363,0.838187,4.669180,0.768787,0.020567,0.000423,0.769062,0.803210,0.686750,0.116460,-1.045736,1.534385,0.015963,147.863972,-225.918147,191.455695,12.257664,7.111397,6.276805,8.507712,6.743965,6.850997,0.843244,4.666168,-0.012428,0.009484,0.000090,0.015633,0.015590,-0.037862,0.053452,0.008229,-0.008548,0.007574,0.061096,-610.048148,3.300674,10.816199,7.749806,4.304954,3.188367,2.258309,2.447629,0.795657,4.595298,1.169760,0.011181,0.000125,1.169813,1.191359,1.132006,0.059353,-0.633531,0.529814,0.008866,342.115712,-527.116286,291.279145,12.354982,7.110678,3.020307,4.821620,3.328640,3.590232,0.823364,4.634105
-1.204251,0.057404,0.003295,1.205619,-0.975690,-1.366200,0.390510,0.518552,1.888122,0.042672,363.379012,-37.641250,299.920190,12.091587,7.464569,22.422108,17.319847,17.857743,20.568370,0.794147,4.637583,9.673900,0.026865,0.000722,9.673938,9.777000,9.582500,0.194500,0.322280,1.114773,0.020368,23396.267673,-115.346849,2408.824550,11.937762,6.603983,7.120625,10.879030,12.484399,7.287148,0.797837,4.623658,1.246900,0.054481,0.002968,1.248089,1.538800,1.111300,0.427500,1.776550,6.699115,0.036343,389.431705,-39.319335,310.523100,8.424314,7.078006,33.192205,16.335581,11.724193,9.566600,0.723463,4.491035,9.828299,0.029030,0.000843,9.828342,9.973929,9.749535,0.224394,0.655198,2.766441,0.021734,24149.078391,-96.137733,2447.282767,12.386880,6.745349,7.993383,11.143252,12.958690,8.429577,0.808847,4.646809,-1.156153,0.860358,0.740217,1.441148,1.279200,-4.195500,5.474700,-0.443968,2.884256,0.551930,519.226623,1.847633,312.704216,5.810538,6.683075,515.177856,125.210812,78.325794,51.747738,0.511874,4.025604,0.084154,0.827872,0.685373,0.832139,3.557400,-2.590000,6.147400,0.746222,3.540633,0.575756,173.113628,1.868193,144.538914,8.716928,6.393089,400.117401,294.478843,277.412011,151.089992,0.708932,4.489086,0.485887,0.780573,0.609294,0.919445,3.152000,-3.120300,6.272300,-0.816331,3.877076,0.545984,211.344971,1.668743,181.513426,9.059086,7.711504,464.653669,191.194467,127.959919,138.141985,0.703261,4.466480,1.716153,0.818265,0.669558,1.901247,4.617762,0.569170,4.048592,1.747904,3.044334,0.570253,903.685222,2.226946,427.463257,7.947400,7.637638,497.422174,172.432649,119.102270,111.106752,0.693485,4.389122,-0.881492,0.009863,0.000097,0.881547,-0.862900,-0.917340,0.054440,-0.609374,0.173956,0.007955,194.281497,-601.235765,219.494045,12.004778,6.970041,2.870665,4.321934,3.782095,2.227949,0.796634,4.631231,0.768642,0.019750,0.000390,0.768896,0.799200,0.686750,0.112450,-0.896226,1.178279,0.015866,147.800145,-235.014525,191.385400,12.494309,6.945093,4.910030,8.744408,6.681891,5.304707,0.815505,4.629240,-0.012374,0.008886,0.000079,0.015234,0.015590,-0.035635,0.051225,0.122927,0.084770,0.007169,0.058021,-651.612828,3.262812,11.010766,7.511677,3.898174,3.149566,2.686839,2.095471,0.824809,4.626441,1.169802,0.011032,0.000122,1.169854,1.195526,1.132006,0.063520,-0.554967,0.380744,0.008824,342.139663,-488.822000,291.278464,12.342943,6.982585,2.992637,4.924146,3.402781,3.537058,0.827149,4.642712
-1.195039,0.044443,0.001975,1.195865,-1.070600,-1.320500,0.249900,-0.012146,-0.014992,0.035244,357.523478,-66.777915,297.529100,11.302274,7.170099,17.496998,12.699094,17.086938,10.832387,0.784109,4.592289,9.675368,0.024082,0.000580,9.675398,9.760100,9.603700,0.156400,0.110580,0.409543,0.018461,23403.333407,-151.176558,2409.172250,12.350848,6.540937,5.998423,9.418022,10.798399,8.405673,0.827869,4.658471,1.243221,0.026199,0.000686,1.243497,1.306600,1.171100,0.135500,-0.087859,-0.177287,0.021025,386.571332,-162.850700,309.541150,10.245409,7.082255,13.564249,7.212574,8.941520,6.231305,0.749345,4.578288,9.827975,0.024885,0.000619,9.828007,9.924215,9.752857,0.171357,0.097266,0.698607,0.019154,24147.428216,-133.269657,2447.164043,12.578222,6.592130,6.444367,8.899272,11.262141,8.971265,0.837545,4.667383,-1.081607,0.276594,0.076504,1.116413,-0.141390,-1.858700,1.717310,0.203877,0.113578,0.219148,311.594335,0.733087,269.653655,8.409853,7.129883,176.082030,73.754538,56.257132,48.703034,0.692774,4.473145,0.053517,0.578512,0.334676,0.580982,1.812800,-1.169300,2.982100,0.259175,-0.106583,0.464311,84.385096,2.798535,116.613941,8.848921,6.163148,257.195748,189.184654,257.985228,72.007359,0.640712,4.446075,0.513692,0.452953,0.205166,0.684869,1.632200,-0.719680,2.351880,-0.058099,-0.316533,0.367216,117.261366,2.573478,143.302582,9.227777,7.079106,241.225256,150.244190,127.627510,65.057049,0.738223,4.524193,1.394778,0.327960,0.107558,1.432817,2.361955,0.641597,1.720358,0.268727,-0.077220,0.266300,513.240797,1.634686,347.778798,9.630703,7.363247,184.831774,89.006441,83.568311,68.365857,0.763285,4.549486,-0.880291,0.009326,0.000087,0.880340,-0.862900,-0.907260,0.044360,-0.581984,-0.143992,0.007631,193.749610,-749.137001,219.189580,12.238779,6.820247,2.579506,4.109527,2.912365,3.395301,0.856018,4.665038,0.769437,0.020394,0.000416,0.769707,0.799200,0.692770,0.106430,-0.937247,0.950212,0.016199,148.112399,-247.187186,191.570150,12.369133,6.928786,5.419562,8.913883,6.704683,6.723048,0.807636,4.631839,-0.013800,0.008448,0.000071,0.016180,0.004454,-0.044543,0.048997,-0.629323,0.798580,0.006701,0.065451,-692.530439,3.473274,11.887432,6.988834,2.820481,3.759430,2.876811,2.657803,0.871033,4.691256,1.169436,0.011388,0.000130,1.169491,1.195526,1.132412,0.063113,-0.646778,0.332267,0.009136,341.927460,-490.745208,291.174618,12.524876,7.018682,3.036538,4.671041,3.404409,3.721172,0.794937,4.616421
-1.195408,0.047868,0.002291,1.196366,-1.070600,-1.332900,0.262300,-0.134933,-0.036571,0.037798,357.823139,-63.435914,297.692600,10.441127,7.401925,22.869943,10.967331,18.528714,10.317328,0.775689,4.566434,9.676393,0.025662,0.000659,9.676427,9.759600,9.591000,0.168600,-0.098718,0.769421,0.019431,23408.309041,-136.962421,2409.416550,11.432172,7.109156,9.581984,9.675596,9.731546,7.436197,0.817433,4.642046,1.239063,0.029183,0.000852,1.239407,1.306300,1.146200,0.160100,-0.243554,0.170821,0.023107,384.032320,-136.440984,308.515500,9.742939,7.291384,15.344283,5.441013,8.418764,5.097384,0.699198,4.459613,9.828528,0.026194,0.000686,9.828563,9.916078,9.750602,0.165476,-0.051364,0.593100,0.020213,24150.164500,-135.351846,2447.301406,11.728339,7.167699,10.084620,8.837166,10.055957,8.005954,0.824366,4.652256,-1.108841,0.400205,0.160164,1.178852,0.324360,-2.086300,2.410660,0.734888,2.014016,0.291572,347.423024,1.691621,278.972100,7.171323,6.812664,236.453069,84.103454,63.993735,40.351223,0.585600,4.272985,-0.017966,0.641793,0.411898,0.642044,1.812800,-1.845300,3.658100,0.175580,-0.134718,0.513506,103.055267,2.668374,128.362009,8.613908,6.178295,299.366659,159.678758,275.309295,77.564485,0.625710,4.390884,0.513064,0.623606,0.388884,0.807539,3.297200,-0.719680,4.016880,1.349100,3.345420,0.457310,163.029753,2.103256,148.776721,7.690454,6.992950,390.158169,137.964993,144.940310,64.193370,0.645173,4.368802,1.506075,0.431011,0.185770,1.566535,3.579769,0.626914,2.952855,1.358336,3.740314,0.310448,613.508044,1.635220,375.145620,7.992587,7.016545,277.111042,93.941592,104.095035,59.964752,0.694594,4.441272,-0.879662,0.009163,0.000084,0.879709,-0.860890,-0.907260,0.046370,-0.509712,-0.064539,0.007512,193.472087,-717.572958,219.047440,12.111492,6.955342,2.557711,4.028099,2.765564,3.004408,0.807955,4.625571,0.769895,0.020331,0.000413,0.770164,0.799200,0.686750,0.112450,-1.100034,1.743714,0.015828,148.288018,-235.501889,191.689685,12.448053,6.892087,5.573341,9.139684,6.213651,7.746014,0.833675,4.656901,-0.013880,0.008626,0.000074,0.016342,0.004454,-0.046771,0.051225,-0.774459,1.203874,0.006697,0.066766,-662.021947,3.487756,12.161657,7.019687,2.800760,3.457801,3.247941,2.868312,0.867511,4.686576,1.169260,0.011734,0.000138,1.169319,1.192995,1.132412,0.060582,-0.544648,0.130787,0.009480,341.826871,-508.460060,291.145273,12.389653,7.020418,3.298231,5.168872,3.369145,4.134187,0.830612,4.645476
-1.182558,0.045124,0.002036,1.183419,-1.070400,-1.332900,0.262500,-0.469159,0.379713,0.035253,350.119893,-65.386525,294.467850,9.959555,7.486892,21.447762,10.222680,16.015758,6.759598,0.737513,4.505265,9.680390,0.026240,0.000689,9.680426,9.770900,9.591000,0.179900,-0.105780,0.927888,0.020271,23427.659775,-125.042565,2410.398050,10.923083,6.980792,9.749458,10.623931,9.181370,7.117808,0.776145,4.601757,1.229117,0.028363,0.000804,1.229444,1.306300,1.146200,0.160100,-0.087323,0.199689,0.022163,377.883389,-135.791017,306.041300,9.208153,7.292374,16.265787,6.302515,8.129620,4.426258,0.747345,4.513571,9.829649,0.025711,0.000661,9.829682,9.916078,9.750602,0.165476,-0.011807,0.661060,0.019976,24155.663057,-135.458745,2447.564010,11.109454,7.038320,10.047151,9.774789,9.640199,6.795603,0.812968,4.633063,-1.066291,0.392736,0.154242,1.136318,0.324360,-2.086300,2.410660,0.517858,2.034930,0.281112,322.804367,1.548847,268.651700,7.448894,6.966389,218.046596,82.805037,66.113899,41.180808,0.619672,4.291174,-0.035588,0.560357,0.314000,0.561486,1.581400,-1.845300,3.426700,-0.156271,0.008469,0.443998,78.816507,2.439950,110.798194,8.838819,6.252930,263.062212,164.568561,238.851988,71.422466,0.659225,4.433661,0.509811,0.626845,0.392934,0.807986,3.297200,-0.816860,4.114060,1.296859,3.326856,0.458308,163.210309,2.037496,149.293626,7.188860,6.830268,387.995474,121.047782,133.183733,57.089445,0.616021,4.297880,1.435405,0.446025,0.198938,1.503105,3.579769,0.626914,2.952855,1.516172,3.848539,0.323500,564.831183,1.639069,357.646647,7.723487,7.070853,286.147110,79.121893,93.599355,62.927473,0.639703,4.367011,-0.877871,0.008866,0.000079,0.877916,-0.860890,-0.907260,0.046370,-0.392604,-0.414380,0.007429,192.684148,-725.551148,218.595845,11.722002,6.774350,2.539586,3.415299,3.094422,2.263609,0.795978,4.585974,0.772152,0.018883,0.000357,0.772383,0.803210,0.686750,0.116460,-0.972930,1.671799,0.015373,149.143956,-232.957926,192.266005,12.305062,6.903835,5.147186,7.981234,5.142347,6.059900,0.806701,4.612300,-0.013274,0.007786,0.000061,0.015389,0.004454,-0.046771,0.051225,-0.496217,0.711493,0.006081,0.059206,-679.255683,3.335191,11.940841,7.099418,2.562498,3.004085,2.748045,2.450303,0.815789,4.639326,1.169370,0.011117,0.000124,1.169423,1.191852,1.136151,0.055700,-0.420312,-0.188864,0.009097,341.887310,-559.873058,291.177548,12.239888,6.989505,3.024138,4.610647,2.878993,3.644195,0.791755,4.603906
-1.167625,0.037448,0.001402,1.168225,-1.070100,-1.262300,0.192200,0.172041,-0.175007,0.029990,341.187504,-98.400249,290.829600,9.932605,7.040353,17.684805,12.191586,12.677413,6.460863,0.710041,4.516816,9.685100,0.025615,0.000656,9.685134,9.770900,9.613100,0.157800,-0.155580,0.254741,0.019983,23450.456477,-144.893517,2411.611900,11.549060,6.879416,8.093664,10.651479,10.061427,6.299218,0.816117,4.625049,1.213944,0.030596,0.000936,1.214330,1.293900,1.135000,0.158900,-0.265834,-0.181627,0.024506,368.649034,-134.063510,302.255300,8.601734,7.461577,17.679071,5.822823,6.281726,4.176400,0.637205,4.357577,9.830592,0.025113,0.000631,9.830624,9.911017,9.756097,0.154920,-0.147807,0.132974,0.019998,24160.293015,-146.815270,2447.847454,11.609818,6.833050,8.010315,10.429656,10.051834,6.249973,0.815738,4.632460,-1.112640,0.401530,0.161226,1.182876,0.328360,-2.184800,2.513160,-0.074193,0.541378,0.306600,349.798720,1.796403,278.357505,6.944754,7.143809,249.856319,81.624404,48.013488,40.732377,0.571210,4.221323,-0.016321,0.548859,0.301246,0.549102,1.288400,-1.536700,2.825100,-0.265672,-0.228199,0.445358,75.378186,2.783268,110.903383,8.515494,6.579401,282.760415,168.319840,181.054152,61.753230,0.654250,4.421447,0.487346,0.480391,0.230775,0.684311,1.883300,-0.928800,2.812100,0.037372,0.157373,0.385077,117.070370,2.408442,138.606194,8.099515,6.794008,271.351231,139.528222,119.334136,53.108661,0.644684,4.397713,1.425161,0.371356,0.137905,1.472749,2.479788,0.436259,2.043529,0.411018,0.010407,0.295442,542.247276,1.903580,355.293844,8.250694,7.184562,228.412997,95.476761,84.631198,58.635495,0.690164,4.450768,-0.876879,0.008394,0.000070,0.876919,-0.860890,-0.905240,0.044350,-0.428658,-0.270499,0.006978,192.246791,-775.214699,218.346760,11.661328,6.604349,2.224082,3.820353,2.568744,2.253377,0.812113,4.599317,0.773429,0.017976,0.000323,0.773638,0.803210,0.702810,0.100400,-0.628660,0.418144,0.015143,149.628979,-273.671712,192.582210,11.768830,6.845619,4.804279,8.505314,4.398108,4.183770,0.768675,4.566330,-0.013131,0.007118,0.000051,0.014936,0.004454,-0.042316,0.046770,-0.381986,0.351033,0.005736,0.055773,-754.132472,3.296211,11.498785,7.111573,2.526443,2.897920,2.010915,2.190511,0.822544,4.625391,1.169453,0.010283,0.000106,1.169498,1.189685,1.136151,0.053534,-0.461319,-0.361062,0.008567,341.931544,-602.675427,291.195730,11.920948,6.892778,2.443559,5.030094,2.295115,2.520171,0.785315,4.573527
-0.148486,4.062847,16.506724,4.065559,11.244000,-6.351600,17.595600,0.518503,-0.873482,3.582582,4132.193088,1.490856,897.228273,7.438543,7.422076,1499.911840,412.906361,506.114576,390.420835,0.606235,4.029099,5.297160,3.749825,14.061186,6.490076,12.173000,-0.822440,12.995440,-0.155389,-1.594213,3.478952,10530.273111,1.791980,1326.236252,5.821198,6.851234,1699.109180,436.986049,262.165503,195.859690,0.522500,3.917691,5.339957,3.630695,13.181948,6.457329,10.911000,-2.654900,13.565900,-0.095830,-1.664331,3.475436,10424.273465,1.516614,1342.909322,5.863138,6.739074,1472.054537,323.799795,287.659734,175.051574,0.534955,3.872213,9.983973,0.816847,0.667239,10.017333,14.406477,7.108028,7.298449,1.602539,7.505911,0.511806,25086.739665,1.407477,2486.115204,9.070277,6.126507,379.337332,416.991282,290.075871,137.711663,0.750953,4.579340,-17.548250,26.844000,720.600321,32.070881,19.479000,-94.347000,113.826000,-0.859273,-0.220385,21.823602,257135.349384,0.395061,5736.975890,3.753885,5.230529,12664.684668,1846.810576,1360.667982,632.745855,0.331122,3.481888,-6.427168,27.131144,736.098986,27.882028,67.968000,-124.450000,192.418000,-0.205995,0.899886,20.945240,194351.869681,0.244102,5287.217210,6.921883,6.514352,16352.267506,7423.204516,3899.449796,2393.213800,0.603449,4.286251,-7.762693,38.971722,1518.795096,39.737319,43.136000,-125.650000,168.786000,-1.005211,0.411412,30.436316,394763.623331,0.285630,7361.922683,5.250640,7.135039,18903.003158,1783.047241,1552.549983,2399.857311,0.433699,3.690184,48.450849,32.210536,1037.518634,58.180782,152.170865,1.228389,150.942477,1.187309,1.237770,23.474391,846250.842397,0.305147,12095.924373,6.527009,7.374603,18160.035030,3193.399794,2606.231243,3038.584462,0.579996,4.094432,-0.518298,0.230861,0.053297,0.567389,0.010081,-0.870970,0.881051,0.679098,-0.430414,0.187511,80.482558,-2.717076,128.837716,2.829660,5.404582,91.343961,6.221698,3.557520,3.917548,0.245152,2.867187,0.193663,0.789403,0.623158,0.812812,1.164700,-0.791160,1.955860,-0.066861,-1.830492,0.760164,165.165786,0.406966,191.483135,4.442646,6.302609,279.013388,44.162339,26.598027,21.532961,0.455459,3.457759,0.619760,0.201721,0.040691,0.651762,0.924280,0.069042,0.855238,-0.473664,-0.308636,0.167747,106.198317,-4.676073,154.596897,4.900224,6.454620,92.807175,16.628643,10.620419,7.862465,0.505601,3.777132,1.186035,0.026585,0.000707,1.186333,1.244824,1.137383,0.107441,0.211992,-0.957114,0.022844,351.846661,-214.032954,295.356400,10.037550,7.755678,9.338952,6.289714,4.639833,4.495846,0.710856,4.394365
-4.165684,1.051527,1.105708,4.296351,1.117100,-5.867100,6.984200,1.252836,2.080586,0.879523,4614.658813,1.550365,1040.505220,7.210171,6.918203,551.593632,252.117446,132.979466,85.145309,0.656028,4.300883,1.429403,1.623996,2.637363,2.163460,9.472000,-0.822440,10.294440,2.666766,7.695175,1.023062,1170.139402,1.230570,359.416357,5.930182,6.575071,1031.779904,315.661114,158.891676,103.220451,0.596441,4.191216,8.708681,0.664240,0.441214,8.733976,10.911000,6.078500,4.832500,-0.556348,3.840572,0.398614,19070.585616,1.647081,2169.793550,5.983717,6.017865,416.862832,172.465173,96.025532,40.693372,0.541941,4.220892,9.964335,0.365457,0.133559,9.971035,11.648674,8.561452,3.087222,0.646925,5.928842,0.207771,24855.383831,0.265976,2480.540687,8.285846,6.254833,203.809679,149.091297,95.913757,46.082662,0.675596,4.481279,-9.832369,19.505653,380.470488,21.843671,19.479000,-77.936000,97.415000,-1.738648,2.224987,14.748930,119286.492998,0.397178,2907.529769,5.241967,6.283881,11345.968950,2595.855470,1398.618555,1102.149806,0.528387,3.987300,-0.637586,15.943548,254.196710,15.956291,67.968000,-49.144000,117.112000,0.998624,4.257772,8.881066,63650.806375,0.336016,2239.723843,5.336678,5.488248,11095.859642,3701.541082,1571.133088,615.000883,0.463487,4.113936,-6.362365,18.625440,346.907008,19.682141,34.457000,-97.418000,131.875000,-1.862115,5.112337,12.627911,96846.672952,0.289715,2537.739612,5.778146,6.336535,11439.935388,2933.633724,2058.092256,1640.465617,0.570986,4.140666,20.188278,26.675257,711.569310,33.453488,127.154112,0.562563,126.591549,1.592668,1.958350,21.434918,279783.972324,0.307398,4988.383437,5.610121,6.260051,16072.342124,4205.274916,2458.605060,1892.405740,0.550508,4.093819,-0.636911,0.082090,0.006739,0.642180,-0.401210,-0.832660,0.431450,0.828082,1.095934,0.059377,103.098717,-30.117204,158.495975,4.628657,6.551351,40.646071,5.302596,4.098052,3.285737,0.413412,3.618465,-0.632980,0.196897,0.038768,0.662897,0.331330,-0.791160,1.122490,2.951746,8.344793,0.119721,109.858073,-9.836004,160.287195,6.150918,6.821524,124.706973,33.765695,19.325689,16.777550,0.624548,4.215043,0.705060,0.096294,0.009273,0.711605,0.924280,0.576840,0.347440,1.044703,-0.323072,0.079215,126.595552,-41.583060,175.513340,4.775531,6.605091,43.714972,6.513268,4.439552,3.814703,0.454136,3.644939,1.165294,0.017295,0.000299,1.165422,1.223210,1.136764,0.086446,0.833034,0.487950,0.013787,339.552342,-317.009465,290.123842,9.839886,7.541639,8.035051,5.628800,3.719408,3.694840,0.716875,4.484671
-4.647479,0.105156,0.011058,4.648669,-4.347200,-4.994200,0.647000,-0.001690,0.574821,0.080064,5402.530176,-13.473001,1157.207050,9.229335,7.101440,57.084486,37.902948,29.681996,19.746240,0.761924,4.561953,0.753554,0.130736,0.017092,0.764811,1.115500,0.258030,0.857470,0.081323,1.837337,0.092661,146.234003,-8.456270,187.567445,7.102435,7.127578,88.774108,18.571023,9.867183,16.060358,0.574899,4.222435,8.742757,0.058293,0.003398,8.742952,8.940900,8.488600,0.452300,-0.194887,2.134414,0.042268,19109.800377,-31.842033,2176.862450,9.337843,6.866504,34.752502,18.684222,19.115082,14.046268,0.785158,4.610811,9.931374,0.045546,0.002074,9.931478,10.126694,9.782325,0.344370,0.052966,1.974599,0.032614,24658.564556,-50.951952,2472.826875,11.692340,6.771511,16.639476,19.437068,16.541564,16.217004,0.837310,4.683048,-1.213355,1.320739,1.744352,1.793483,3.545500,-8.242600,11.788100,-1.641748,9.381966,0.764868,804.145591,1.278923,346.804575,5.198968,5.698212,936.528060,210.712780,111.059848,76.347878,0.453022,4.045790,-0.047020,2.340200,5.476536,2.340672,12.320000,-9.933300,22.253300,-0.081485,5.567081,1.515692,1369.686847,0.943207,374.856763,6.760840,5.929185,1499.432274,772.541584,397.571319,225.510680,0.578248,4.322931,0.380884,0.957057,0.915959,1.030064,3.088200,-2.305300,5.393500,0.341715,0.229868,0.735330,265.257947,2.455273,193.572797,7.740411,7.150989,648.705029,208.149418,128.551065,139.200370,0.664565,4.388510,2.553250,1.799243,3.237276,3.123517,12.440233,0.801524,11.638710,2.349649,6.786797,1.217989,2439.090385,1.311917,634.912615,6.724776,6.386064,1242.915352,499.928492,234.927780,210.362600,0.615012,4.345039,-0.647460,0.010064,0.000101,0.647538,-0.625000,-0.687500,0.062500,-0.996201,1.712389,0.007816,104.826462,-519.236734,161.223890,11.806910,7.126796,3.418251,3.820024,3.760963,2.797541,0.816205,4.640606,-0.713744,0.020372,0.000415,0.714034,-0.680720,-0.781120,0.100400,-0.699481,0.247573,0.016697,127.461226,-262.510613,177.701955,12.344623,7.266156,6.015003,8.521817,5.526648,5.793890,0.839023,4.645275,0.649497,0.009788,0.000096,0.649571,0.674830,0.616930,0.057900,-0.124221,-0.000217,0.007891,105.485540,-560.449950,161.709440,11.059313,7.641093,4.093398,3.005810,2.617690,2.575872,0.796429,4.596566,1.162270,0.014880,0.000221,1.162365,1.214854,1.136372,0.078482,0.835568,0.729847,0.011985,337.773227,-368.532896,289.387776,12.563037,7.089340,3.977854,6.185732,4.362639,4.340494,0.819057,4.629656
-4.690486,0.097435,0.009494,4.691498,-4.395100,-5.005700,0.610600,-0.080568,1.076933,0.070203,5502.539052,-16.192824,1167.926950,10.136124,7.368243,48.009386,30.086619,28.931944,22.853324,0.794358,4.591125,0.728827,0.062991,0.003968,0.731544,0.982620,0.582090,0.400530,0.791087,2.373395,0.045093,133.789242,-37.286837,181.460135,9.502269,7.706502,41.179895,14.107487,11.457595,15.772057,0.736726,4.539509,8.720895,0.052697,0.002777,8.721054,8.940900,8.531900,0.409000,-0.018660,1.781701,0.038328,19014.197526,-38.611056,2171.504600,10.146913,7.074806,24.152659,16.150947,17.357884,13.215767,0.736499,4.541494,9.929772,0.041727,0.001741,9.929859,10.126694,9.809123,0.317571,0.530583,2.732075,0.029416,24650.525820,-57.269503,2472.512028,13.414918,6.416264,7.995785,15.032784,17.501036,18.020380,0.823765,4.662171,-1.144400,0.902991,0.815393,1.457753,3.545500,-3.637500,7.183000,1.216827,5.847789,0.580906,531.261300,1.566224,322.449417,6.875081,6.296192,625.934257,246.211437,155.664258,108.565374,0.614954,4.367746,-0.011464,2.980068,8.880807,2.980090,12.320000,-9.933300,22.253300,0.310179,2.776536,1.919757,2220.234648,1.047345,479.545454,6.686162,6.025976,1801.761940,836.542705,445.190254,251.609836,0.595816,4.293995,0.483328,1.129924,1.276727,1.228956,5.448800,-1.804200,7.253000,1.168848,3.044146,0.766671,377.583287,1.937727,213.899674,8.185706,7.679450,748.922511,227.286045,172.888529,170.935818,0.673411,4.406364,2.815504,2.142254,4.589254,3.537841,12.440233,0.390419,12.049814,1.833160,3.232417,1.585148,3129.079235,1.504252,702.605176,7.284649,6.437343,1245.217907,666.939229,370.247049,236.042319,0.644503,4.368798,-0.649154,0.010320,0.000107,0.649236,-0.629030,-0.685480,0.056450,-0.675346,0.780662,0.008122,105.376726,-574.991461,161.651305,11.178220,7.256989,4.063737,4.150881,3.164920,3.108860,0.797234,4.633464,-0.716025,0.020833,0.000434,0.716328,-0.680720,-0.781120,0.100400,-0.702028,0.007385,0.017093,128.281296,-265.378039,178.313365,12.789312,6.944866,4.736904,8.947883,6.613491,7.062917,0.805744,4.631353,0.644463,0.008900,0.000079,0.644525,0.670380,0.610240,0.060140,-0.322834,0.606920,0.007069,103.853070,-550.896836,160.459945,11.521541,7.436866,3.566538,3.036547,2.928820,2.716089,0.830414,4.651199,1.161819,0.014892,0.000222,1.161914,1.206486,1.135219,0.071268,0.720216,0.288830,0.012119,337.511092,-404.073613,289.307467,12.562699,6.860751,3.481935,6.757612,4.730054,4.952125,0.788227,4.628579
-4.683923,0.076417,0.005840,4.684547,-4.444900,-5.005700,0.560800,-0.797973,2.407436,0.053796,5486.244037,-21.770945,1166.364000,10.422750,7.495798,37.675776,24.932178,22.260876,17.959443,0.788902,4.604053,0.712383,0.059140,0.003498,0.714834,0.982620,0.582090,0.400530,1.497693,4.245058,0.041025,127.746863,-39.058904,177.372765,9.100209,7.716741,39.582590,13.110991,10.354537,13.665393,0.756870,4.536229,8.725188,0.041117,0.001691,8.725285,8.855100,8.580400,0.274700,-0.954927,1.962171,0.029072,19032.649065,-66.713602,2172.554500,9.891996,7.166226,20.657836,14.237697,14.118262,8.637600,0.805187,4.609318,9.929019,0.033650,0.001132,9.929076,10.053870,9.809510,0.244360,0.211603,2.591157,0.024095,24646.639964,-83.659376,2472.341452,13.749200,6.606117,6.892494,10.595015,14.710452,12.321571,0.819052,4.660601,-1.261393,0.685847,0.470386,1.435792,1.149600,-3.637500,4.787100,-0.310402,2.179131,0.492796,515.374931,1.953307,322.678348,7.420525,6.557310,438.340701,195.866194,126.499112,90.137391,0.642430,4.390800,0.174071,2.263912,5.125298,2.270594,9.768600,-7.859900,17.628500,0.712463,5.225996,1.266959,1288.899666,1.046268,314.524734,6.673764,6.363508,1546.978691,482.376171,369.597780,233.255384,0.579381,4.289882,0.563999,1.070118,1.145153,1.209648,5.448800,-1.735600,7.184400,1.193930,3.782317,0.694080,365.811857,1.792135,212.510807,8.241663,7.745100,677.283925,205.089968,159.487586,155.196882,0.682467,4.390653,2.312365,1.825737,3.333316,2.946243,10.973379,0.390419,10.582960,2.284760,5.130779,1.263831,2170.086455,1.466124,575.845840,6.861537,6.497757,1154.552855,496.400435,303.150944,206.934054,0.605498,4.344525,-0.649113,0.010474,0.000110,0.649198,-0.627020,-0.687500,0.060480,-0.669886,0.738292,0.008258,105.364440,-526.927222,161.636180,11.628216,7.544275,4.203523,4.281555,2.557099,3.143328,0.842048,4.659049,-0.716619,0.020458,0.000419,0.716911,-0.680720,-0.793170,0.112450,-0.722951,0.386625,0.016809,128.490360,-233.320000,178.442920,12.868245,7.003077,5.229219,8.135878,6.117654,6.922765,0.818975,4.637219,0.643074,0.008252,0.000068,0.643127,0.661470,0.610240,0.051230,-0.523407,0.568926,0.006558,103.402962,-666.903889,160.114745,11.823101,7.406003,3.265782,2.914920,2.539616,2.557619,0.834278,4.660010,1.161382,0.014899,0.000222,1.161478,1.208664,1.135219,0.073445,0.649139,0.039005,0.012369,337.257762,-393.139861,289.185234,12.735182,7.029097,3.841090,6.269000,4.297020,5.016000,0.846505,4.654364
-4.672492,0.038164,0.001457,4.672648,-4.576000,-4.778600,0.202600,-0.021014,-0.153056,0.030743,5458.410438,-93.725630,1163.446950,11.953930,6.725667,9.784506,16.650430,16.131983,9.587131,0.813052,4.630172,0.686074,0.026695,0.000713,0.686593,0.788700,0.620830,0.167870,0.601656,0.732686,0.021519,117.852414,-139.823919,170.813285,9.436436,7.328484,14.392596,8.837402,5.547543,6.346666,0.774957,4.554419,8.734996,0.019468,0.000379,8.735017,8.798500,8.688600,0.109900,0.301101,0.070639,0.015897,19075.131783,-240.641101,2174.998750,12.363596,6.568994,5.113722,7.894299,8.108933,7.002196,0.820011,4.668458,9.930010,0.022108,0.000489,9.930034,9.998299,9.854700,0.143599,0.199394,0.686815,0.016944,24651.394636,-166.186490,2472.556058,13.511275,6.575943,4.453954,8.016477,8.883864,8.433597,0.835718,4.665820,-1.204548,0.285915,0.081747,1.238016,-0.509880,-2.403900,1.894020,-0.875318,1.637859,0.217487,383.170962,0.602298,299.884010,7.989077,7.359547,178.933426,76.244998,39.734722,42.322958,0.672340,4.404546,0.036772,0.458996,0.210677,0.460466,1.174100,-2.524700,3.698800,-1.219915,5.017418,0.318104,53.007341,1.439902,80.188490,8.736871,6.911771,264.599877,170.828938,110.097694,76.690861,0.735203,4.528879,0.484478,0.377623,0.142599,0.614262,2.226200,-0.562060,2.788260,1.364716,5.074492,0.241307,94.329392,0.999580,127.297848,8.091020,7.182806,239.275803,115.875827,72.510286,43.662536,0.642688,4.447195,1.411795,0.358978,0.128865,1.456719,3.242184,0.780268,2.461916,1.940127,5.303124,0.245989,530.507695,0.717186,351.586548,7.582615,6.782193,234.340887,103.139664,66.436988,42.492855,0.681154,4.422818,-0.647484,0.009831,0.000097,0.647559,-0.627020,-0.687500,0.060480,-0.824226,1.107624,0.007732,104.833122,-537.006095,161.223880,12.604544,7.067356,2.774311,4.284919,2.600757,3.593488,0.837837,4.654279,-0.717752,0.019668,0.000387,0.718021,-0.686750,-0.793170,0.106420,-0.976596,1.173429,0.015714,128.888600,-252.064475,178.715050,12.685157,7.012983,5.706257,7.968914,5.792554,7.269721,0.840662,4.659754,0.642531,0.007183,0.000052,0.642571,0.659240,0.619150,0.040090,-0.411606,0.151497,0.005719,103.224278,-902.406957,159.987875,12.553373,7.206375,2.274081,2.791063,2.238031,2.357059,0.818008,4.658978,1.160849,0.014602,0.000213,1.160941,1.208664,1.135193,0.073470,0.777643,0.355861,0.011849,336.946000,-396.202697,289.047326,12.896847,7.029332,4.029887,5.747237,4.132378,5.408049,0.828198,4.647714
-4.682486,0.031691,0.001004,4.682594,-4.598100,-4.778600,0.180500,-0.142305,0.521526,0.023892,5481.670809,-115.705937,1165.956550,12.218923,6.114712,4.822354,13.515434,16.202497,7.001080,0.743288,4.551210,0.678421,0.021091,0.000445,0.678749,0.752330,0.632610,0.119720,0.602658,0.505578,0.016527,115.174889,-203.665150,168.912850,9.989529,7.156538,10.246354,8.184551,5.906946,5.125414,0.783540,4.597425,8.730666,0.015897,0.000253,8.730680,8.798500,8.690800,0.107700,0.537987,1.046294,0.012714,19056.195382,-265.166253,2173.952900,12.143913,6.635681,4.953818,5.153432,6.975955,5.952873,0.815685,4.651476,9.930352,0.016608,0.000276,9.930366,9.987491,9.888044,0.099447,0.407883,0.954916,0.012732,24653.041079,-272.234320,2472.679932,13.463462,6.579109,3.573635,5.200347,6.365867,7.346287,0.808344,4.646355,-1.160082,0.166637,0.027768,1.171989,-0.727410,-1.721100,0.993690,-0.298101,0.377562,0.130958,343.389681,-3.988605,289.127570,9.809371,7.476696,90.732187,52.787779,38.410013,40.440319,0.750819,4.559609,0.022032,0.252311,0.063661,0.253271,0.752530,-0.992380,1.744910,-0.675667,1.951013,0.188131,16.036612,-0.136811,47.397183,10.375002,6.790329,95.813468,110.320653,100.119401,47.415554,0.765907,4.590939,0.476258,0.150617,0.022685,0.499507,0.881320,-0.160680,1.042000,-1.000080,3.153208,0.110761,62.376770,-5.185779,119.785988,10.648770,7.369981,68.085384,61.862048,45.123326,31.387133,0.789804,4.617273,1.288933,0.160823,0.025864,1.298927,1.941104,0.887419,1.053686,0.583912,1.167372,0.123729,421.803063,-4.064518,321.200440,10.108984,7.407498,85.064871,50.415176,44.802819,42.017366,0.790511,4.608412,-0.648129,0.009446,0.000089,0.648198,-0.631050,-0.681450,0.050400,-0.755645,0.571651,0.007537,105.040199,-670.021415,161.375065,12.387521,6.906535,2.615356,4.074099,2.955745,3.372345,0.834888,4.656290,-0.718555,0.019691,0.000388,0.718825,-0.686750,-0.781120,0.094370,-0.898700,0.609976,0.015813,129.177329,-286.765532,178.928960,12.425007,6.974174,6.175322,7.154344,6.131670,7.570581,0.817018,4.641660,0.641185,0.007068,0.000050,0.641224,0.657020,0.621380,0.035640,-0.359997,-0.268677,0.005729,102.792105,-1030.785508,159.651535,12.447586,6.926383,2.122256,2.701643,2.419508,2.384372,0.845157,4.669007,1.160962,0.014321,0.000205,1.161051,1.205456,1.133979,0.071477,0.760976,0.237007,0.011649,337.009632,-413.205209,289.077881,12.347434,6.922748,4.367291,5.451867,4.508881,5.509292,0.832630,4.654569
-4.695105,0.037949,0.001440,4.695259,-4.574800,-4.838300,0.263500,-0.520566,1.904059,0.027455,5511.363245,-73.941711,1169.075700,10.290619,6.617057,14.354747,17.116366,17.486435,5.247317,0.775728,4.604008,0.678182,0.024679,0.000609,0.678631,0.753300,0.560100,0.193200,-0.099672,2.426387,0.018158,115.134963,-120.689964,168.853020,9.417701,6.515473,11.581759,12.645667,6.585505,4.139099,0.753051,4.565667,8.723560,0.018299,0.000335,8.723579,8.786400,8.656400,0.130000,-0.443908,1.680977,0.013598,19025.206739,-197.331948,2172.169500,10.245878,6.825093,8.844064,7.129179,6.709581,4.894080,0.819500,4.657165,9.930085,0.015362,0.000236,9.930097,9.963824,9.869508,0.094316,-0.350103,0.651641,0.011938,24651.704948,-298.190504,2472.590383,13.051932,6.708093,3.872666,5.649584,6.288156,5.214024,0.848603,4.678455,-1.154802,0.246849,0.060934,1.180891,-0.374220,-2.295900,1.921680,-0.688438,3.060876,0.178835,348.625694,-0.241199,287.783450,8.979489,7.090881,158.152906,71.229319,51.752895,46.117364,0.762367,4.540343,0.060668,0.408027,0.166486,0.412513,1.802300,-1.922100,3.724400,-0.763919,7.700582,0.252415,42.541743,0.943982,64.821178,8.319356,6.652348,238.004167,147.680573,108.235826,51.883650,0.708906,4.499207,0.489259,0.252580,0.063797,0.550610,1.414300,-0.630700,2.045000,-0.929868,5.420436,0.163756,75.792754,-0.731898,128.307049,8.231448,7.207003,173.089369,71.046891,47.585901,42.017099,0.732966,4.511331,1.331531,0.308004,0.094866,1.366690,2.853341,0.684655,2.168686,1.686194,4.704532,0.212062,466.960191,0.391856,331.811584,8.139897,7.033310,215.181079,81.690696,59.254963,42.915860,0.702763,4.482313,-0.649258,0.009468,0.000090,0.649327,-0.631050,-0.685480,0.054430,-0.851753,0.982143,0.007447,105.406488,-613.414631,161.660335,12.757078,6.907893,2.678410,3.424459,3.209718,3.346152,0.834278,4.661407,-0.718587,0.019081,0.000364,0.718840,-0.690760,-0.781120,0.090360,-0.724739,0.052860,0.015855,129.182883,-297.499034,178.903810,12.188911,7.144210,6.028742,7.316448,5.149532,5.697980,0.821574,4.627836,0.639056,0.007452,0.000056,0.639099,0.657020,0.619150,0.037870,-0.081402,-0.482806,0.006126,102.112001,-929.970153,159.137030,11.958255,7.054278,2.461082,2.857658,2.204320,2.419908,0.819285,4.632659,1.160434,0.014087,0.000198,1.160519,1.205456,1.133979,0.071477,0.712441,0.133521,0.011584,336.701372,-416.936899,288.936291,12.242045,7.101659,4.468616,5.291115,3.953507,4.369650,0.819208,4.633715
-4.702788,0.043090,0.001857,4.702985,-4.574500,-4.838300,0.263800,-0.004699,0.804242,0.032801,5529.517929,-68.665054,1171.002500,10.341575,6.382737,15.472114,18.455329,21.453010,6.326479,0.766093,4.595926,0.685925,0.029740,0.000884,0.686569,0.776920,0.560100,0.216820,0.120538,1.491759,0.022453,117.844370,-96.525643,170.794650,8.879189,6.664337,16.747971,12.498798,6.470591,5.262550,0.705895,4.523953,8.720336,0.020481,0.000419,8.720360,8.786400,8.656400,0.130000,-0.020590,0.562747,0.016048,19011.171604,-186.689153,2171.357600,10.577743,6.809328,9.426009,7.265641,8.120524,5.528502,0.817207,4.646174,9.931458,0.016922,0.000286,9.931472,9.978860,9.869508,0.109352,-0.187575,0.197401,0.013422,24658.533903,-245.131588,2472.931292,12.995188,6.639068,4.014769,6.371481,7.389133,5.292717,0.819072,4.655411,-1.115335,0.277208,0.076844,1.149268,-0.374220,-2.295900,1.921680,-0.474366,1.836839,0.209748,330.204098,0.407457,277.693690,8.497567,7.119703,185.391089,76.438719,50.245552,43.989070,0.691888,4.476686,0.034087,0.478644,0.229100,0.479856,1.802300,-1.922100,3.724400,-0.570222,3.641653,0.327263,57.565550,1.522608,82.328792,7.998333,6.213426,263.336243,181.984465,139.666928,52.911488,0.649722,4.451181,0.527081,0.296830,0.088108,0.604915,1.414300,-0.630700,2.045000,-0.666786,2.491055,0.210141,91.480613,0.512366,137.960305,8.101469,7.069800,193.829817,90.563717,60.272760,41.658699,0.701634,4.482206,1.345440,0.326792,0.106793,1.384558,2.853341,0.684655,2.168686,1.268812,3.103796,0.236995,479.250261,0.931674,335.130269,8.319128,6.978024,223.586466,95.093499,70.898126,44.382184,0.729263,4.515101,-0.649565,0.009390,0.000088,0.649633,-0.633060,-0.685480,0.052420,-0.722359,0.895244,0.007508,105.505639,-639.635102,161.743000,12.527544,7.007448,2.787139,3.700383,2.761168,3.213442,0.839073,4.658673,-0.717944,0.019257,0.000371,0.718203,-0.684740,-0.779120,0.094380,-0.605284,-0.135024,0.016058,128.953775,-282.401508,178.758210,12.289672,6.937795,5.545239,8.413437,5.072536,5.834119,0.816147,4.628350,0.638557,0.007678,0.000059,0.638603,0.657020,0.612470,0.044550,-0.275907,-0.038724,0.006257,101.953564,-808.179311,159.005670,12.387789,6.947763,2.346709,3.244964,2.333071,2.675293,0.845574,4.665029,1.159942,0.013695,0.000188,1.160022,1.203038,1.133102,0.069936,0.576911,-0.102926,0.011245,336.412977,-419.485354,288.822826,12.618749,6.901955,3.645293,5.677596,3.643863,4.304339,0.829460,4.629686
-4.702217,0.041837,0.001750,4.702403,-4.454100,-4.861900,0.407800,0.699444,5.081975,0.030586,5528.149239,-43.626098,1170.889400,10.993159,6.254715,12.379068,17.638594,21.530714,9.025196,0.806552,4.617155,0.698453,0.028332,0.000803,0.699027,0.776920,0.620790,0.156130,0.246357,-0.001525,0.023072,122.159850,-147.898344,173.884675,9.218847,7.046254,16.840629,8.755618,6.848379,5.615652,0.743971,4.546073,8.720219,0.019520,0.000381,8.720241,8.844000,8.665500,0.178500,1.075998,5.578830,0.014939,19010.649240,-146.428256,2171.335750,12.102369,6.737382,6.115008,7.024056,8.734766,6.943105,0.852392,4.687829,9.931947,0.016486,0.000272,9.931960,9.984997,9.873721,0.111276,0.026687,0.428795,0.012997,24660.958328,-241.151454,2473.071122,13.540135,6.410199,3.153351,5.323014,7.939360,5.749300,0.784916,4.639724,-1.097830,0.229255,0.052558,1.121512,-0.402830,-1.904600,1.501770,0.198732,0.272016,0.182679,314.447345,-0.510640,273.514905,8.854776,7.228071,141.277423,80.003045,48.386118,43.589657,0.757862,4.554964,-0.009673,0.355133,0.126120,0.355265,1.402300,-1.360900,2.763200,-0.272633,2.105349,0.264096,31.553281,1.210825,65.368036,9.144950,6.496881,172.278159,157.328329,131.467640,50.536706,0.737444,4.562945,0.542922,0.220434,0.048591,0.585966,1.222500,-0.065185,1.287685,0.371049,0.586507,0.169968,85.838913,-0.950742,135.468726,8.901176,7.109634,130.588387,75.081126,54.637651,38.726399,0.723941,4.532711,1.292509,0.238283,0.056779,1.314290,2.615225,0.645834,1.969391,0.627190,3.325498,0.182040,431.839538,-0.180056,321.961505,9.183116,7.094149,140.915841,85.501414,64.244570,42.798886,0.753403,4.575906,-0.650718,0.008929,0.000080,0.650779,-0.633060,-0.683470,0.050410,-0.371238,0.021232,0.007251,105.878387,-666.139735,162.024235,12.009223,7.003254,2.580761,3.836730,2.879535,2.739210,0.784942,4.626240,-0.717639,0.019622,0.000385,0.717907,-0.684740,-0.777110,0.092370,-0.626007,-0.107964,0.016278,128.847751,-290.112305,178.687900,12.542827,6.801705,4.716115,8.376910,5.980642,6.648381,0.810544,4.619758,0.639315,0.008197,0.000067,0.639367,0.657020,0.612470,0.044550,-0.714936,0.306188,0.006544,102.197587,-799.764808,159.181655,12.995781,6.847840,2.101416,3.119332,2.787116,3.207748,0.836815,4.660763,1.160824,0.013502,0.000182,1.160903,1.195079,1.133102,0.061977,0.413958,-0.595876,0.011341,336.923724,-477.067651,289.035948,12.093066,6.788211,3.391188,6.105316,3.735944,4.135583,0.812580,4.600731
-4.756692,0.108527,0.011778,4.757930,-4.454100,-5.114000,0.659900,-1.140513,1.371098,0.082466,5659.474197,-14.851921,1184.382550,10.227904,7.744096,50.289026,32.503534,25.468732,23.449438,0.795912,4.569417,0.722416,0.051930,0.002697,0.724280,0.917410,0.583500,0.333910,0.745582,0.849322,0.039616,131.145222,-47.359709,179.954125,8.843663,7.313239,31.268521,14.814296,9.428108,8.881038,0.733246,4.490287,8.687028,0.057246,0.003277,8.687217,8.844000,8.463800,0.380200,-1.098724,1.146016,0.045493,18866.933132,-43.530661,2163.064450,8.842571,7.364856,27.495724,16.968315,10.282588,8.716893,0.736868,4.460442,9.931226,0.031121,0.000969,9.931274,10.073015,9.824388,0.248628,0.551138,3.457815,0.021233,24657.552552,-85.111491,2472.859520,14.123808,7.019032,7.300240,8.509387,10.158469,13.443240,0.820150,4.649647,-1.144354,0.386898,0.149690,1.207989,0.168470,-2.316400,2.484870,0.377849,1.390481,0.288015,364.809235,1.595237,285.720087,7.962189,7.070102,248.570702,109.310461,53.667914,60.861423,0.665490,4.425275,0.183001,1.709252,2.921542,1.719020,11.327000,-5.477200,16.804200,2.802714,14.867375,0.826130,738.757730,0.860070,200.002480,6.444532,6.392284,1124.652479,461.904684,196.497526,179.616465,0.577690,4.268176,0.624005,1.093495,1.195730,1.259012,7.524300,-1.930700,9.455000,3.286817,16.181417,0.563376,396.278090,1.046122,193.691310,6.043409,6.519485,796.930739,199.287590,128.007653,71.464489,0.536162,4.202342,1.900788,1.544793,2.386385,2.449363,11.703360,0.645834,11.057526,3.395116,12.969225,0.889652,1499.845056,0.931634,473.881631,6.300755,6.521337,990.099341,414.737475,149.737563,120.478774,0.581307,4.255264,-0.658831,0.013454,0.000181,0.658968,-0.635080,-0.703630,0.068550,-0.571491,-0.238274,0.011114,108.559731,-435.753571,164.047395,10.124267,7.640979,5.459640,3.587907,2.990252,3.000425,0.712739,4.464113,-0.712932,0.020155,0.000406,0.713217,-0.676710,-0.777110,0.100400,-0.680740,0.187631,0.016425,127.169727,-257.116601,177.536320,11.588546,6.973974,6.265156,8.523533,5.640728,6.371931,0.774511,4.584875,0.634860,0.009550,0.000091,0.634932,0.654790,0.608020,0.046770,-0.338338,-0.409516,0.007815,100.784642,-691.744099,158.082515,11.463384,7.380851,3.494746,2.855437,2.661856,3.083835,0.788636,4.572973,1.160118,0.013508,0.000182,1.160197,1.204018,1.136221,0.067797,0.508646,-0.373200,0.011352,336.514100,-438.341992,288.879724,11.666579,6.678765,3.641736,6.122582,3.639811,4.735959,0.773497,4.577090
-4.768841,0.110846,0.012287,4.770129,-4.443700,-5.114000,0.670300,-0.730956,0.840707,0.084284,5688.532349,-12.877958,1187.545550,10.419314,7.659165,50.835333,38.510825,26.095090,25.232877,0.795956,4.592489,0.732194,0.060636,0.003677,0.734701,0.917410,0.534570,0.382840,-0.033372,0.236103,0.048039,134.946238,-36.517609,182.301615,8.576670,7.292121,40.263428,15.944229,11.258225,9.608461,0.716283,4.488584,8.677174,0.055020,0.003027,8.677348,8.806900,8.463800,0.343100,-0.837105,0.882122,0.044026,18824.093960,-45.423482,2160.562700,8.657357,7.255861,28.177594,18.116572,9.421210,7.386849,0.705726,4.453177,9.929198,0.036209,0.001311,9.929264,10.098780,9.824388,0.274393,0.797854,2.987425,0.025789,24647.572547,-71.038198,2472.372453,13.863930,7.122670,8.608507,11.551597,11.274587,14.197085,0.802565,4.637474,-1.153552,0.498942,0.248943,1.256832,0.328930,-2.372100,2.701030,0.347725,0.360409,0.381344,394.906635,2.604417,289.044300,7.271022,6.822064,347.377282,129.468266,63.222792,63.803967,0.619407,4.372575,0.055808,1.842053,3.393160,1.842898,11.327000,-5.477200,16.804200,2.197044,11.364745,0.996402,849.068579,0.962288,248.062162,6.544833,6.362178,1194.168041,520.656462,217.819843,188.193431,0.591155,4.281092,0.541695,1.203851,1.449257,1.320110,7.524300,-2.657300,10.181600,2.414680,11.208025,0.709949,435.672589,1.327710,210.936529,6.332396,6.620019,821.366071,251.807171,139.051606,83.705201,0.552732,4.220209,2.065592,1.565861,2.451919,2.592025,11.703360,0.357812,11.345548,3.044657,10.960992,0.949053,1679.647803,1.219582,515.050337,6.487407,6.468425,1005.286184,459.825991,180.171420,125.997946,0.577675,4.291934,-0.662927,0.012833,0.000165,0.663052,-0.637100,-0.703630,0.066530,-0.242364,-0.454992,0.010685,109.909326,-447.257778,165.079615,10.609680,7.615365,5.217377,4.352439,2.508975,3.110438,0.749746,4.520470,-0.710740,0.020308,0.000412,0.711030,-0.676710,-0.795180,0.118470,-0.791148,0.717183,0.016759,126.390799,-219.704700,176.967025,11.794230,6.961731,6.720875,8.335845,6.084523,6.752356,0.832902,4.644289,0.633060,0.009037,0.000082,0.633125,0.657020,0.599110,0.057910,-0.518982,0.423919,0.007149,100.211771,-573.829765,157.631460,11.347819,7.345646,3.700338,2.828187,3.027735,2.668388,0.817369,4.636135,1.160108,0.014049,0.000197,1.160193,1.214312,1.136221,0.078091,0.698429,0.404790,0.011646,336.511896,-378.622365,288.868287,11.934389,6.691755,3.698774,6.548223,3.478733,4.892623,0.780286,4.595979
-4.749545,0.074139,0.005497,4.750124,-4.443700,-4.959500,0.515800,0.297025,1.291643,0.057913,5640.919053,-23.289024,1182.565200,10.592139,6.989417,30.328006,31.691226,25.137746,16.880135,0.814707,4.626766,0.734608,0.053402,0.002852,0.736547,0.883910,0.534570,0.349340,-0.542342,1.050766,0.040837,135.625196,-45.114834,182.936855,8.591230,7.398845,35.059415,13.110915,8.861166,7.635228,0.707388,4.460088,8.687030,0.034549,0.001194,8.687099,8.806900,8.570600,0.236300,-0.036625,0.520707,0.027597,18866.420960,-83.596423,2163.108300,9.890866,6.817175,15.185999,12.753143,10.167929,7.314460,0.737409,4.531070,9.928298,0.027556,0.000759,9.928336,10.098780,9.856745,0.242035,0.837805,5.461263,0.019709,24642.965208,-91.745266,2472.146514,13.181761,6.973882,6.770372,10.464659,9.962474,9.810127,0.806513,4.660761,-1.069290,0.495620,0.245640,1.178567,0.727140,-2.396100,3.123240,0.311589,1.678776,0.352734,347.255122,1.985048,271.947029,6.803499,6.622476,334.827148,112.781289,62.101148,54.543214,0.602314,4.301237,-0.045932,0.945425,0.893829,0.946540,3.856500,-5.085100,8.941600,-0.734767,6.114852,0.622607,223.984665,1.392439,154.549839,7.640980,6.282063,545.862266,361.298468,191.928664,115.871409,0.640154,4.417269,0.369958,0.928203,0.861561,0.999214,3.084800,-4.768100,7.852900,-1.052622,5.334721,0.623631,249.607402,1.515924,188.407570,7.369457,7.095308,593.905882,174.925248,131.467373,123.619098,0.649697,4.329776,1.626524,0.798629,0.637808,1.812012,6.175444,0.357812,5.817632,2.192340,6.754067,0.539858,820.847189,1.551283,404.915227,7.657758,6.698180,513.436043,250.538389,157.165893,104.378562,0.676040,4.446014,-0.660121,0.009863,0.000097,0.660195,-0.639110,-0.689520,0.050410,-0.408483,-0.074172,0.007982,108.964199,-646.170867,164.362875,11.833319,7.062344,3.232841,3.711139,2.749430,3.014541,0.775399,4.589956,-0.712635,0.021034,0.000442,0.712945,-0.678710,-0.795180,0.116470,-0.846017,0.943607,0.017336,127.072815,-222.786520,177.428860,12.584330,7.115795,6.755027,7.779324,6.446976,7.364231,0.839529,4.670709,0.636000,0.008196,0.000067,0.636053,0.657020,0.599110,0.057910,-0.853254,1.495522,0.006349,101.140869,-588.082598,158.369770,12.100487,7.168256,2.985278,2.645583,3.091682,2.575371,0.835260,4.666303,1.161246,0.014779,0.000218,1.161340,1.214923,1.132446,0.082477,0.782886,0.866354,0.012042,337.177883,-348.032529,289.138757,12.406226,6.972517,4.448792,5.975943,3.975162,5.263552,0.818079,4.642942
-4.776365,0.056285,0.003168,4.776696,-4.491500,-4.959500,0.468000,0.565433,2.825145,0.041820,5704.207170,-32.265297,1189.288850,10.518469,6.584710,24.112285,21.671194,24.305111,13.340667,0.819605,4.642616,0.744916,0.042920,0.001842,0.746152,0.848920,0.571520,0.277400,-0.653803,1.530738,0.031895,139.185628,-66.306974,185.489005,8.607044,7.192948,28.234669,12.316618,8.823600,5.649818,0.716624,4.503268,8.672335,0.026204,0.000687,8.672374,8.782300,8.570600,0.211700,0.173564,2.126250,0.019831,18802.519380,-104.101664,2159.392700,10.529145,6.669061,11.410201,9.227283,10.061338,7.005613,0.763885,4.594536,9.928909,0.020580,0.000424,9.928930,9.996888,9.859070,0.137819,-0.002067,0.920749,0.015489,24645.912179,-180.508301,2472.270023,13.396657,6.548682,4.169008,7.470276,8.220727,8.275001,0.830077,4.659480,-1.075339,0.383640,0.147180,1.141724,0.727140,-2.396100,3.123240,0.806671,5.165912,0.257795,325.883639,0.931656,272.427991,6.793241,6.691528,270.757051,76.153429,50.517006,48.101084,0.600907,4.309351,0.115093,0.655533,0.429723,0.665560,3.856500,-1.833100,5.689600,1.469862,7.741056,0.413488,110.742379,1.383469,105.265254,8.108389,6.574204,401.605293,260.420631,157.508697,101.000632,0.697782,4.508579,0.454287,0.800132,0.640211,0.920102,3.084800,-4.768100,7.852900,-1.443684,10.856865,0.449877,211.646833,1.154683,172.567987,7.199086,6.916649,517.198827,120.843776,125.758097,112.599913,0.634386,4.310657,1.472418,0.651980,0.425078,1.610308,6.175444,0.560930,5.614513,2.937790,12.621196,0.406889,648.272851,1.092957,366.838522,7.724769,7.074000,439.664481,161.717214,115.163081,92.736010,0.714460,4.452404,-0.660088,0.008781,0.000077,0.660147,-0.643150,-0.687500,0.044350,-0.420276,-0.205645,0.007273,108.948475,-765.425965,164.359825,11.938015,6.708411,2.530333,4.009112,2.637285,2.741807,0.825650,4.636310,-0.712001,0.020392,0.000416,0.712293,-0.678710,-0.789160,0.110450,-0.753658,0.542566,0.016725,126.840262,-235.036757,177.293380,12.527910,7.125529,5.996770,7.712443,5.603457,6.071311,0.764033,4.591357,0.635902,0.007823,0.000061,0.635950,0.652560,0.608020,0.044540,-0.556148,0.196322,0.006295,101.108251,-804.718884,158.340845,12.404247,7.076047,2.648146,2.447876,2.333444,2.743021,0.795755,4.617251,1.160767,0.014422,0.000208,1.160857,1.214923,1.132446,0.082477,0.665251,0.590524,0.011704,336.896988,-349.288109,289.033630,12.338295,6.948164,4.121892,5.837536,4.244787,4.284324,0.789966,4.607891
-4.787255,0.046998,0.002209,4.787486,-4.671000,-5.030900,0.359900,-0.638455,3.156821,0.034859,5730.005283,-47.374344,1192.034700,10.417392,6.120936,14.919433,21.862066,22.889554,8.011748,0.759918,4.587110,0.738331,0.044037,0.001939,0.739643,0.860740,0.595320,0.265420,-0.240094,0.371689,0.034084,136.767801,-65.794129,183.806915,8.648423,6.522788,23.413373,16.365909,9.454588,5.093887,0.670022,4.442517,8.668342,0.021064,0.000444,8.668368,8.727300,8.574600,0.152700,-0.260522,1.618599,0.015739,18785.150909,-163.811515,2158.420200,11.269727,6.736853,7.940090,8.148061,7.629823,7.124354,0.803433,4.638174,9.930123,0.018571,0.000345,9.930141,9.992257,9.859602,0.132655,-0.102247,1.007836,0.014161,24651.923993,-193.616891,2472.604510,13.008286,6.734160,4.887762,5.858260,7.875044,7.667778,0.830354,4.665495,-1.149191,0.263532,0.069449,1.179020,-0.388460,-1.904400,1.515940,0.011071,0.233736,0.202593,347.522198,0.490829,286.250535,8.109541,6.717648,161.815803,95.366748,46.840543,36.983745,0.709577,4.479671,0.044822,0.307259,0.094408,0.310511,0.737730,-1.299900,2.037630,-0.609998,1.352831,0.243212,24.104264,1.043747,61.779728,9.890040,6.542567,124.300545,123.817220,128.139834,54.284796,0.756288,4.566953,0.488062,0.255395,0.065227,0.550846,1.364000,-0.576460,1.940460,-0.140461,2.628808,0.183691,75.857878,0.002034,125.153811,8.698391,7.228259,160.708015,68.203540,56.920660,39.040057,0.702899,4.486769,1.310182,0.270852,0.073361,1.337885,2.231990,0.560930,1.671060,0.509953,1.028798,0.201730,447.484340,0.471643,326.362834,8.315318,7.000222,174.536197,84.802186,59.129476,37.638960,0.710783,4.503415,-0.660975,0.009259,0.000086,0.661040,-0.643150,-0.687500,0.044350,-0.310171,-0.532827,0.007851,109.243564,-751.813598,164.588620,12.051132,6.750303,2.606505,3.680678,2.988506,2.896024,0.825784,4.622710,-0.713053,0.019863,0.000395,0.713329,-0.682730,-0.771080,0.088350,-0.550969,-0.271966,0.016308,127.209720,-299.910944,177.567425,11.914657,7.107385,6.483334,8.643162,4.875565,5.798440,0.841171,4.643935,0.634076,0.008068,0.000065,0.634127,0.652560,0.608020,0.044540,-0.249785,-0.072987,0.006462,100.529390,-797.582535,157.886500,11.881921,6.969738,2.835354,3.226328,2.671390,2.732630,0.852545,4.677551,1.160914,0.014464,0.000209,1.161004,1.202241,1.133526,0.068715,0.442831,-0.434648,0.012066,336.982675,-419.219047,289.082380,12.019191,6.926933,4.368897,5.928809,3.936934,4.326255,0.818256,4.621106
-4.795352,0.049678,0.002468,4.795610,-4.552700,-5.030900,0.478200,0.025562,3.889966,0.036387,5749.468144,-33.224244,1194.041050,10.131954,6.029557,16.691235,24.658424,23.299620,8.074143,0.760984,4.595400,0.729554,0.044978,0.002023,0.730939,0.860740,0.595320,0.265420,0.143287,0.208853,0.035354,133.568061,-66.470141,181.637015,8.611470,6.418431,24.134790,15.794588,10.220518,5.147577,0.688213,4.441431,8.665655,0.023204,0.000538,8.665686,8.749800,8.574600,0.175200,0.193852,1.467836,0.017078,18773.527889,-138.523705,2157.753500,11.409000,6.989035,9.091430,9.371383,8.007105,7.437228,0.836155,4.670710,9.931053,0.020927,0.000438,9.931075,10.010231,9.824642,0.185589,-0.330576,3.238640,0.015569,24656.564094,-133.913055,2472.834757,12.593474,6.795893,6.218385,7.176474,8.927509,7.411883,0.816808,4.666584,-1.164841,0.293571,0.086184,1.201265,-0.388460,-2.048800,1.660340,-0.057324,0.192434,0.222622,360.759429,1.043495,290.124430,7.949851,6.839348,200.281659,96.864203,53.495932,40.532446,0.705577,4.489946,-0.027953,0.480232,0.230622,0.481045,1.472400,-3.025100,4.497500,-1.696949,8.564966,0.310454,57.850961,1.143395,77.039501,7.926076,6.251157,286.783492,177.564749,142.165857,57.263283,0.654557,4.474952,0.474143,0.327640,0.107348,0.576333,1.782500,-0.576460,2.358960,0.329327,2.201361,0.241176,83.039953,1.168098,125.048674,8.119965,6.978871,222.267754,75.769351,69.327143,42.884229,0.695222,4.447969,1.362030,0.389200,0.151477,1.416546,3.872093,0.543775,3.328318,2.006419,8.503702,0.256037,501.650344,0.892983,339.334034,7.922444,6.701224,251.395601,127.557937,82.433930,46.626712,0.686536,4.466044,-0.661209,0.009727,0.000095,0.661281,-0.643150,-0.687500,0.044350,-0.463379,-0.436412,0.008098,109.323134,-744.875196,164.645105,12.012429,6.845799,2.913453,3.785918,3.112867,2.992680,0.807529,4.614272,-0.713334,0.020147,0.000406,0.713618,-0.684740,-0.793170,0.108430,-0.795140,0.669898,0.016412,127.312752,-245.639672,177.612570,11.934936,6.975029,5.962919,7.910203,6.124315,6.505380,0.797611,4.611789,0.632775,0.007485,0.000056,0.632820,0.652560,0.605790,0.046770,-0.246736,0.492958,0.005770,100.115170,-737.083708,157.555755,12.534484,6.920308,2.168789,2.592155,2.494856,2.501034,0.814615,4.624492,1.160510,0.014840,0.000220,1.160605,1.214128,1.135902,0.078226,0.632692,0.095495,0.012295,336.751056,-369.100390,288.961864,11.969539,6.805441,4.215233,5.854192,4.781848,4.788900,0.830910,4.624377
-4.755174,0.065458,0.004285,4.755624,-4.515100,-4.921600,0.406500,0.593555,0.437609,0.052471,5653.990172,-33.058106,1183.990900,10.148492,7.139795,25.218214,22.614000,20.814575,10.524652,0.782425,4.543158,0.714647,0.039056,0.001525,0.715713,0.824130,0.583240,0.240890,0.006233,0.874661,0.029377,128.061351,-77.692271,177.903670,8.941529,7.220789,22.637565,10.880012,8.115948,6.193658,0.720229,4.480132,8.688956,0.032770,0.001074,8.689018,8.784700,8.618600,0.166100,0.202212,-0.589356,0.027766,18874.759302,-127.401867,2163.554550,9.530768,7.338661,13.791500,9.888136,6.911842,4.907799,0.732964,4.472233,9.931104,0.020606,0.000425,9.931125,10.010231,9.824642,0.185589,-0.115479,3.396238,0.015075,24656.810826,-133.555354,2472.822737,12.525276,6.932204,6.230821,7.783790,8.348099,6.162184,0.836882,4.676814,-1.156253,0.318047,0.101154,1.199197,-0.203500,-2.048800,1.845300,-0.000049,0.443242,0.240450,359.518604,1.394756,287.935880,7.876931,7.097173,209.969235,68.142692,53.018962,39.876179,0.669860,4.386668,-0.066303,0.847257,0.717845,0.849847,2.199000,-4.412500,6.611500,-2.025620,7.677462,0.509134,180.560177,1.470560,124.186370,6.928337,6.508199,568.117640,188.295032,148.707459,89.219695,0.607134,4.319761,0.476022,0.380687,0.144923,0.609524,1.782500,-0.958060,2.740560,-0.084133,1.491452,0.281343,92.879794,1.547928,131.230587,8.876462,7.533492,252.058927,92.316841,90.991100,59.640240,0.751200,4.536602,1.480873,0.582108,0.338850,1.591174,4.853173,0.543775,4.309398,2.621446,9.464445,0.367457,632.958575,1.359626,368.836778,6.885264,6.359792,403.733254,129.114141,98.690234,60.308938,0.575700,4.316513,-0.657097,0.010382,0.000108,0.657179,-0.635080,-0.685480,0.050400,-0.419429,-0.283500,0.008465,107.970999,-637.853530,163.611900,11.551930,7.062615,3.345228,4.495822,2.969739,3.177821,0.825074,4.626432,-0.713759,0.019890,0.000396,0.714036,-0.684740,-0.793170,0.108430,-0.836067,0.810452,0.016494,127.462024,-243.714316,177.703910,11.954712,6.761390,5.425720,8.297130,6.797262,6.297064,0.799927,4.607110,0.634958,0.007439,0.000055,0.635001,0.652560,0.605790,0.046770,-0.422427,0.617697,0.005760,100.806701,-741.855782,158.101375,12.420917,7.217897,2.494632,2.569013,2.268655,2.560482,0.834929,4.655281,1.159633,0.014533,0.000211,1.159724,1.214128,1.135844,0.078284,0.698880,0.345780,0.011933,336.239725,-374.203535,288.730146,11.876505,6.567562,3.483960,6.747294,4.695330,4.563838,0.782629,4.590426
-4.743176,0.053552,0.002868,4.743479,-4.515100,-4.861900,0.346800,0.893180,1.348730,0.040829,5625.147540,-46.590943,1181.015400,10.786049,7.283973,21.238725,18.743148,18.173088,10.644311,0.821683,4.613506,0.713248,0.031003,0.000961,0.713921,0.800970,0.583240,0.217730,-0.912305,2.183868,0.022983,127.420852,-97.870021,177.608090,9.872017,7.500974,17.539653,9.784821,7.162287,6.509805,0.800885,4.598606,8.696109,0.026135,0.000683,8.696148,8.784700,8.630300,0.154400,0.385368,0.165668,0.021394,18905.749561,-148.882980,2165.342150,9.943639,7.160433,10.921940,8.056851,7.253058,4.824025,0.782435,4.538245,9.931411,0.018819,0.000354,9.931428,9.997929,9.875563,0.122366,0.197120,0.774098,0.014229,24658.317954,-209.085962,2472.914682,13.342464,7.035736,4.964629,6.604924,6.590619,6.555186,0.836275,4.665094,-1.121068,0.288130,0.083019,1.157503,-0.203500,-1.975800,1.772300,0.129559,0.775640,0.218970,334.953421,0.785513,279.390165,8.019688,7.261301,187.205663,64.906439,43.974535,36.616119,0.643247,4.391096,0.017928,0.796454,0.634339,0.796656,2.199000,-4.412500,6.611500,-2.358248,10.352281,0.480131,158.665000,1.391462,120.693235,6.938198,6.663827,544.256695,164.915407,131.057557,89.336587,0.610552,4.310164,0.469673,0.305410,0.093275,0.560239,1.365200,-0.958060,2.323260,-0.779752,3.031816,0.215117,78.466926,0.748637,126.727917,9.786938,7.792853,179.029071,86.479049,82.199618,57.062138,0.775647,4.587313,1.420626,0.519771,0.270162,1.512726,4.853173,0.464546,4.388627,3.306925,15.453407,0.304537,572.085347,0.960721,354.121487,6.803670,6.592706,377.740828,98.999603,89.385560,50.943543,0.596620,4.325932,-0.656379,0.010483,0.000110,0.656463,-0.635080,-0.693550,0.058470,-0.595957,0.318339,0.008512,107.735939,-551.175952,163.447660,12.258549,7.035148,2.953497,4.306221,2.979621,3.436249,0.791614,4.607919,-0.713840,0.019385,0.000376,0.714103,-0.684740,-0.781120,0.096380,-0.634776,-0.081411,0.016393,127.485705,-276.885781,177.759105,12.000170,6.652635,5.435243,8.156590,6.307033,6.780212,0.831463,4.631601,0.635492,0.007517,0.000056,0.635537,0.652560,0.608020,0.044540,-0.381467,0.090911,0.006088,100.976785,-812.077683,158.241705,12.310102,7.111160,2.404562,2.868811,2.213190,2.726531,0.813360,4.643277,1.159562,0.014500,0.000210,1.159652,1.206324,1.134783,0.071541,0.687637,0.207605,0.011918,336.198430,-406.617951,288.746427,12.128052,6.577901,3.557169,6.772793,4.668230,4.951212,0.829842,4.636302
-4.772748,0.030478,0.000929,4.772845,-4.671500,-4.862400,0.190900,0.233473,0.807600,0.023352,5695.012136,-110.163112,1188.462250,12.091425,6.391338,6.426397,12.479313,16.454937,6.753859,0.809957,4.624235,0.728624,0.020693,0.000428,0.728918,0.788020,0.679620,0.108400,0.114584,-0.574590,0.017046,132.830185,-239.079939,181.439600,10.721777,7.037408,8.686672,9.039271,6.612154,5.038620,0.836318,4.649501,8.679368,0.015144,0.000229,8.679381,8.715400,8.630300,0.085100,0.092819,0.463100,0.011219,18832.914555,-360.700955,2161.133750,11.904007,6.984801,5.564643,5.010886,6.399783,5.212167,0.863824,4.692757,9.931905,0.016766,0.000281,9.931920,9.978221,9.883312,0.094908,-0.076431,0.335258,0.013003,24660.756876,-280.142031,2473.043131,13.828805,6.767170,3.639633,5.068928,6.802282,6.683434,0.858208,4.680992,-1.105821,0.203761,0.041519,1.124437,-0.413530,-1.707800,1.294270,0.311960,0.006712,0.163252,316.089415,-1.303831,275.586210,9.755903,7.620807,98.823315,62.281944,41.982718,46.023457,0.733884,4.510315,0.047647,0.316635,0.100258,0.320200,1.205700,-0.947620,2.153320,0.178415,1.697608,0.231509,25.631969,0.895742,58.561275,8.597145,6.683272,198.303941,103.764002,102.341997,45.060075,0.744661,4.559750,0.502851,0.164796,0.027158,0.529166,0.964180,-0.111660,1.075840,-0.160747,0.342602,0.129812,70.004125,-3.540799,125.455150,10.591167,7.026395,73.923178,64.857806,59.569894,39.204837,0.807756,4.640898,1.266791,0.205287,0.042143,1.283317,1.956113,0.464546,1.491567,-0.066317,0.861176,0.161842,411.725509,-1.150065,315.582817,10.218177,7.419736,93.805765,66.247487,62.557334,45.516825,0.781301,4.575050,-0.659581,0.009769,0.000095,0.659653,-0.641130,-0.693550,0.052420,-0.700270,0.512973,0.007774,108.785620,-636.579298,164.238990,12.801854,6.979068,2.520817,4.100691,2.985563,3.296311,0.848735,4.666619,-0.713165,0.020265,0.000411,0.713453,-0.684740,-0.791160,0.106420,-0.886858,0.960694,0.016441,127.253721,-255.037094,177.575365,12.188362,6.841397,5.883216,8.317382,5.285526,7.734836,0.801373,4.617335,0.634441,0.007689,0.000059,0.634488,0.648110,0.608020,0.040090,-0.638129,0.356801,0.006152,100.643778,-884.006556,157.980080,12.623202,6.828591,2.080445,2.767903,2.471947,3.064392,0.816950,4.631522,1.160393,0.014865,0.000221,1.160488,1.211511,1.134783,0.076728,0.808326,0.584147,0.012076,336.683119,-376.252813,288.940444,12.532153,6.889403,3.995233,6.196607,3.882692,5.617676,0.799348,4.626741
-4.776029,0.027668,0.000766,4.776109,-4.671500,-4.862400,0.190900,0.277903,0.800811,0.021473,5702.805109,-114.818890,1189.186700,11.685086,6.584111,7.185480,11.949100,13.331137,6.009871,0.803800,4.622536,0.734171,0.023451,0.000550,0.734546,0.788020,0.667330,0.120690,-0.233004,-0.282986,0.019423,134.889311,-193.528242,182.809085,9.813284,6.665754,10.539103,8.883698,6.994563,4.676305,0.755157,4.534334,8.677225,0.013069,0.000171,8.677235,8.715400,8.641600,0.073800,0.088022,0.466853,0.009659,18823.601992,-427.134685,2160.633100,12.039734,6.976632,4.802302,4.275885,5.237085,4.912324,0.886000,4.703430,9.932017,0.015184,0.000231,9.932028,9.974939,9.883243,0.091695,-0.349173,0.590439,0.011795,24661.296413,-304.540538,2473.054168,13.261050,6.886115,3.797341,5.170268,6.501559,5.315186,0.869751,4.696101,-1.120129,0.177378,0.031463,1.134087,-0.661620,-1.625000,0.963380,0.094589,-0.054060,0.141218,321.538166,-3.287853,278.915120,9.781160,7.480395,98.031425,57.552420,46.907164,39.216212,0.797839,4.599937,0.038292,0.186829,0.034905,0.190713,0.569550,-0.595550,1.165100,-0.216920,0.256086,0.145791,9.092825,-2.260167,37.796484,10.586869,6.819211,70.881616,82.684550,75.364664,33.787181,0.761809,4.602896,0.515689,0.139893,0.019570,0.534327,0.964180,0.129490,0.834690,0.032522,0.187683,0.109728,71.376356,-6.625001,128.348225,10.955599,7.099424,62.070598,49.522969,46.565624,38.723683,0.801041,4.625900,1.258204,0.157960,0.024951,1.268081,1.727760,0.824411,0.903349,0.136812,-0.112983,0.127965,402.007346,-5.249446,313.266790,10.673389,7.485321,79.387966,48.244141,51.982749,42.523880,0.825413,4.648129,-0.660468,0.009592,0.000092,0.660537,-0.643150,-0.697580,0.054430,-0.812117,0.774472,0.007712,109.077441,-615.122047,164.452650,12.690271,6.931331,2.521359,3.921645,3.377555,2.951436,0.833551,4.656758,-0.713792,0.021226,0.000451,0.714107,-0.684740,-0.791160,0.106420,-1.002935,1.260168,0.016843,127.487321,-253.451811,177.739115,12.750662,6.926805,5.721627,8.915175,5.526118,8.671565,0.810819,4.639739,0.634245,0.008000,0.000064,0.634296,0.648110,0.608020,0.040090,-0.797237,0.520207,0.006215,100.582794,-885.030406,157.917685,12.758717,6.977397,2.339438,2.841055,2.564406,3.432261,0.854895,4.674901,1.161193,0.014904,0.000222,1.161288,1.212667,1.136066,0.076601,0.833081,0.748365,0.012024,337.147557,-375.131396,289.132694,12.598672,6.881449,3.855732,6.659401,4.180936,5.292766,0.814433,4.639776
-4.779699,0.035644,0.001270,4.779832,-4.622900,-5.006900,0.384000,-0.660677,7.228343,0.025027,5711.698734,-52.140868,1190.092600,12.531473,6.752173,8.559793,15.125173,15.508874,10.594363,0.845906,4.664379,0.735952,0.026090,0.000681,0.736414,0.822280,0.667330,0.154950,-0.001209,-0.047255,0.021345,135.576555,-148.368030,183.248055,9.980486,6.733484,13.048934,8.969637,7.866589,5.817469,0.771546,4.566181,8.674727,0.016524,0.000273,8.674743,8.739000,8.583700,0.155300,-0.514278,5.601286,0.011753,18812.789522,-184.993104,2159.996200,11.730460,6.384407,4.601290,7.018754,8.012910,3.909171,0.821044,4.638174,9.931767,0.016165,0.000261,9.931780,9.995105,9.874969,0.120136,-0.030066,1.077334,0.012546,24660.064811,-224.470736,2472.974925,13.185900,6.799290,4.208457,4.765459,7.498488,5.758670,0.837512,4.669922,-1.140976,0.212816,0.045291,1.160654,-0.322680,-1.840200,1.517520,0.083918,1.135783,0.161880,336.779388,-0.916857,284.309280,9.408587,7.012547,112.377972,76.683768,63.963519,35.129923,0.749867,4.550499,0.046900,0.294885,0.086957,0.298591,1.789800,-1.585800,3.375600,0.213974,9.818426,0.187260,22.289114,0.212789,48.410313,10.917974,7.061092,126.665006,120.084871,112.500717,69.554598,0.829676,4.663638,0.511775,0.174106,0.030313,0.540580,1.507200,-0.292500,1.799700,1.423316,8.531089,0.114546,73.056586,-2.656589,128.026610,9.166255,7.244634,115.718060,55.973735,43.320094,30.493819,0.787255,4.605017,1.297632,0.211309,0.044651,1.314724,2.278439,0.759784,1.518655,0.972649,2.519098,0.156568,432.125087,-1.201405,323.318044,9.571679,7.474552,116.537739,58.984316,55.011837,41.247507,0.772866,4.559782,-0.660694,0.009852,0.000097,0.660767,-0.643150,-0.697580,0.054430,-0.928075,0.917730,0.007889,109.153276,-618.096295,164.509085,12.949628,6.839183,2.324171,3.724732,3.519335,3.235768,0.805618,4.637191,-0.713527,0.021568,0.000465,0.713853,-0.682730,-0.797190,0.114460,-1.180894,1.822383,0.016938,127.396422,-227.644709,177.672865,12.927897,6.872831,4.993216,9.331038,6.287806,8.460161,0.827725,4.650392,0.633292,0.008023,0.000064,0.633343,0.648110,0.608020,0.040090,-0.591069,0.076381,0.006526,100.280871,-880.320468,157.689440,12.693672,7.057432,2.256194,3.314652,2.238119,3.094493,0.839743,4.661869,1.160641,0.015342,0.000235,1.160742,1.219032,1.136221,0.082811,1.063161,1.466044,0.012133,336.830569,-347.908197,289.000249,13.111730,6.782876,3.187364,6.573492,4.627386,5.854759,0.819552,4.637963
-4.771706,0.048834,0.002385,4.771956,-4.622900,-5.006900,0.384000,-0.553858,3.569940,0.035554,5692.891692,-42.514883,1188.166000,11.223265,6.628181,15.051008,21.855099,22.692349,11.914202,0.808677,4.641698,0.734738,0.037766,0.001426,0.735708,0.848000,0.643720,0.204280,0.167594,-0.295373,0.030849,135.316550,-93.097695,182.992485,9.405626,6.868191,19.340933,14.482633,7.950367,5.584568,0.698751,4.489775,8.679080,0.021323,0.000455,8.679106,8.739000,8.583700,0.155300,-0.092359,1.959683,0.015635,18831.719342,-164.714555,2161.072650,10.791987,6.647397,8.211447,9.103978,9.246105,5.063124,0.834715,4.657014,9.931732,0.020392,0.000416,9.931753,10.011917,9.871529,0.140388,0.190842,1.158859,0.015633,24659.927584,-178.165157,2472.993736,12.706964,6.494134,5.156459,7.452971,9.529424,7.539490,0.840852,4.679798,-1.135534,0.306761,0.094102,1.176240,0.072888,-1.840200,1.913088,0.355291,0.686431,0.235577,345.885032,1.105626,282.984288,8.101954,6.610906,185.634872,121.041234,67.590956,42.934124,0.712733,4.505366,-0.009914,0.427636,0.182872,0.427751,1.789800,-2.025500,3.815300,-0.602287,4.518535,0.295022,45.742645,1.207754,73.423312,9.775120,6.724708,200.846438,182.240501,151.929143,78.840019,0.767927,4.596109,0.508073,0.236229,0.055804,0.560306,1.507200,-0.292500,1.799700,0.626184,1.975810,0.171162,78.485653,-0.357750,127.194165,8.700260,7.037315,148.069805,89.913991,51.966550,29.843622,0.753828,4.552080,1.339750,0.292443,0.085523,1.371296,2.320296,0.648035,1.672260,0.580019,0.639519,0.224603,470.113329,0.964405,333.745415,9.265761,6.926266,156.950040,110.463404,77.475063,57.517864,0.775790,4.573673,-0.660137,0.009617,0.000092,0.660207,-0.643150,-0.693550,0.050400,-0.667814,0.272044,0.007863,108.968405,-668.517676,164.377045,12.779554,7.009019,2.535287,3.891990,2.534413,2.894397,0.809559,4.620710,-0.712868,0.021030,0.000442,0.713178,-0.682730,-0.797190,0.114460,-1.166510,1.925547,0.016612,127.155716,-229.640916,177.514160,12.556046,6.976471,6.107512,8.678547,6.789645,6.758467,0.853553,4.671099,0.633720,0.007928,0.000063,0.633770,0.650330,0.603560,0.046770,-0.512612,0.302829,0.006506,100.416036,-737.516494,157.796420,12.098218,7.002024,2.493030,3.166900,2.864348,2.568867,0.840437,4.667307,1.160141,0.015309,0.000234,1.160242,1.219032,1.136001,0.083032,0.858382,0.867212,0.012408,336.540157,-346.875431,288.882916,12.688848,6.871637,4.064035,6.331498,4.625978,4.738885,0.797772,4.625826
-4.765477,0.045690,0.002088,4.765696,-4.623100,-4.993700,0.370600,-0.315268,2.476540,0.034269,5677.964170,-44.508286,1186.566400,10.341242,6.398646,16.446736,21.619958,18.304293,8.860383,0.766315,4.583196,0.735885,0.040384,0.001631,0.736992,0.848000,0.607810,0.240190,-0.010921,-0.251398,0.033216,135.789293,-73.096035,183.291800,9.253628,6.840388,21.344452,16.708636,8.791771,7.564034,0.768186,4.553041,8.680980,0.023000,0.000529,8.681011,8.737600,8.519700,0.217900,-1.134416,8.604037,0.017117,18839.987421,-114.381541,2161.577300,10.829229,7.092557,10.831320,8.470679,7.971412,6.684498,0.832598,4.667423,9.930483,0.021623,0.000468,9.930507,10.011917,9.805382,0.206535,-0.629257,4.692843,0.015565,24653.740884,-118.425518,2472.688002,12.797971,6.680757,5.787856,7.747723,8.266404,8.834590,0.799471,4.650932,-1.105242,0.341650,0.116725,1.156842,0.072888,-1.985900,2.058788,0.114362,-0.182046,0.276943,334.570945,1.494550,275.478208,7.571724,6.581802,213.092860,117.629651,60.120514,36.544403,0.638323,4.410515,-0.019344,0.754408,0.569131,0.754656,4.385900,-3.381500,7.767400,1.205928,10.666829,0.445110,142.376401,1.093194,110.883379,7.397927,6.670552,546.686606,192.936029,123.382420,67.653906,0.612646,4.380823,0.480756,0.266860,0.071214,0.549855,1.482800,-0.277280,1.760080,0.163086,0.381636,0.214264,75.585112,0.596513,121.487126,9.920406,7.676211,155.964821,90.508363,53.046684,49.551590,0.795460,4.593418,1.399427,0.501731,0.251734,1.486651,4.470421,0.647565,3.822856,2.581410,10.199908,0.331417,552.532458,1.322370,348.684066,8.346417,7.472699,311.446384,179.136097,71.917582,65.543048,0.721984,4.490854,-0.659605,0.009218,0.000085,0.659669,-0.643150,-0.685480,0.042330,-0.488756,-0.282775,0.007696,108.790877,-788.759839,164.241940,12.254661,7.085148,2.593514,4.178376,2.155835,2.714939,0.809253,4.607836,-0.711864,0.019653,0.000386,0.712135,-0.680720,-0.787150,0.106430,-0.767249,0.338925,0.016298,126.784202,-249.209097,177.233105,12.304193,6.960647,5.843120,8.157917,6.453647,5.813164,0.822399,4.641063,0.634058,0.007831,0.000061,0.634107,0.652560,0.603560,0.049000,-0.538605,0.763128,0.006235,100.522872,-702.926626,157.887670,12.195221,6.866639,2.483529,2.980398,2.817882,2.424303,0.829488,4.644514,1.159391,0.014259,0.000203,1.159479,1.203427,1.132295,0.071132,0.422476,-0.569327,0.012109,336.097951,-408.134941,288.679560,12.029564,6.897837,3.998440,6.345809,3.956051,3.818721,0.796249,4.599085
-4.767126,0.048023,0.002306,4.767367,-4.551300,-4.934900,0.383600,0.590401,3.356838,0.034616,5681.948181,-43.214279,1187.034550,9.464661,6.411579,23.713908,22.695289,17.054860,8.601729,0.770264,4.607468,0.728050,0.051675,0.002670,0.729881,0.956850,0.546440,0.410410,0.460673,3.787046,0.034514,133.181673,-39.521136,181.336660,7.734064,6.727087,36.269864,14.611352,9.298698,7.400568,0.686081,4.453504,8.681999,0.027344,0.000748,8.682042,8.885800,8.519700,0.366100,0.990060,16.159707,0.017818,18844.464445,-64.437748,2161.711050,10.810727,7.223896,13.876445,9.054812,8.651332,8.459710,0.843539,4.664786,9.931662,0.021813,0.000476,9.931686,10.069017,9.805382,0.263635,0.253049,10.004620,0.014774,24659.594299,-93.239789,2472.903326,12.820496,6.980229,6.593902,7.380188,7.904415,9.187239,0.864431,4.689005,-1.140810,0.513037,0.263207,1.250861,0.859690,-2.794100,3.653790,-0.078037,3.344568,0.342429,391.163327,1.642402,290.436898,6.188271,6.748445,358.692676,69.912226,59.685332,40.862726,0.557236,4.174443,0.026267,0.759989,0.577583,0.760442,4.385900,-3.381500,7.767400,1.183616,10.318074,0.426618,144.568175,0.995566,106.370587,7.378850,6.692824,520.697966,225.129843,102.561866,58.340052,0.619478,4.364328,0.498204,0.655475,0.429648,0.823319,2.910500,-1.937700,4.848200,0.545335,5.295693,0.379606,169.463625,1.410242,155.045348,6.693895,7.403932,399.175804,84.299395,63.239135,52.167083,0.570368,4.128661,1.525373,0.702865,0.494019,1.679518,4.470421,0.647565,3.822856,2.047586,3.927957,0.480763,705.195127,1.689542,379.957674,7.209303,7.356816,439.811450,160.584217,73.570444,61.908758,0.639035,4.312860,-0.660258,0.010362,0.000107,0.660339,-0.641130,-0.701610,0.060480,-0.747913,0.448685,0.008514,109.011961,-544.428236,164.395115,12.196354,6.923906,2.845072,4.671666,3.314628,3.077062,0.808258,4.636247,-0.713872,0.021555,0.000465,0.714198,-0.680720,-0.799200,0.118480,-0.902918,0.873230,0.017640,127.519525,-218.420892,177.730085,12.272462,7.008337,6.115860,9.379729,6.733459,6.269839,0.843810,4.649848,0.632588,0.007950,0.000063,0.632638,0.652560,0.608020,0.044540,-0.464100,0.002723,0.006327,100.057811,-796.242999,157.520140,12.195609,7.042856,2.456483,3.171931,2.723270,2.503702,0.845452,4.659377,1.160220,0.015710,0.000247,1.160326,1.218082,1.132295,0.085786,0.837686,0.635109,0.012839,336.589297,-327.153975,288.877800,12.373613,6.960526,4.294884,6.812926,4.691351,4.707592,0.832472,4.637759
-4.761882,0.049066,0.002407,4.762135,-4.551300,-4.934900,0.383600,0.098149,3.259149,0.036065,5669.481916,-43.333539,1185.691550,9.943648,6.872503,23.531454,22.082013,15.693119,7.738569,0.747196,4.582277,0.720150,0.049106,0.002411,0.721822,0.956850,0.546440,0.410410,0.853184,5.403096,0.032474,130.256879,-41.291837,179.376095,8.405315,7.081496,33.553111,13.412786,8.798462,8.545631,0.734029,4.504226,8.687027,0.027775,0.000771,8.687072,8.885800,8.566800,0.319000,1.053603,11.089582,0.018834,18866.303250,-70.658772,2163.083000,11.645608,6.989449,11.800216,10.271226,9.937101,8.816212,0.828147,4.687513,9.932958,0.022645,0.000513,9.932984,10.069017,9.818992,0.250025,0.635415,7.632256,0.015974,24666.042045,-96.748626,2473.314209,14.058565,6.801229,5.002723,6.778357,9.118810,8.415612,0.857991,4.680572,-1.142105,0.484159,0.234410,1.240490,0.859690,-2.794100,3.653790,-0.025357,4.993328,0.285958,384.703609,1.047458,290.947188,6.930092,7.174957,328.248989,58.175099,70.884725,55.814949,0.617531,4.254930,-0.009904,0.477475,0.227982,0.477578,2.288800,-2.039400,4.328200,0.128934,5.957313,0.314884,57.020068,1.304061,77.972234,9.033327,6.778465,272.119430,220.007764,113.429454,87.117750,0.786763,4.601720,0.479264,0.670857,0.450049,0.824466,2.910500,-1.937700,4.848200,0.544655,4.729317,0.393193,169.935897,1.523651,154.874021,6.444549,7.097630,427.178668,94.213737,65.402436,54.550240,0.551873,4.127749,1.449003,0.589091,0.347029,1.564173,3.995761,0.678074,3.317687,2.590364,6.894739,0.362486,611.659573,1.109879,360.758531,6.636792,6.733300,383.509869,120.056692,97.389457,55.076564,0.597373,4.279714,-0.660040,0.010874,0.000118,0.660130,-0.641130,-0.701610,0.060480,-0.866970,0.861517,0.008817,108.942762,-538.660953,164.357785,12.147480,6.819801,2.799379,4.631055,3.503260,3.272985,0.780934,4.600158,-0.714844,0.022089,0.000488,0.715185,-0.684740,-0.799200,0.114460,-0.909702,0.759732,0.018152,127.872395,-226.989043,178.016170,12.484662,7.072627,6.129864,9.185653,6.812668,7.117983,0.826619,4.647120,0.632490,0.008413,0.000071,0.632546,0.652560,0.603560,0.049000,-0.642215,0.598662,0.006624,100.028695,-694.762913,157.485605,12.422478,7.004260,2.530343,3.220130,3.093780,2.806729,0.842826,4.666391,1.160652,0.016217,0.000263,1.160765,1.218082,1.131176,0.086905,0.912407,0.835711,0.013025,336.843852,-322.628369,289.016665,12.395120,7.048094,4.480503,6.377345,4.960539,5.264232,0.796978,4.616563
-4.756066,0.042528,0.001809,4.756256,-4.624300,-4.934900,0.310600,-0.432070,1.140078,0.032809,5655.492165,-57.130216,1184.266400,13.026956,7.240610,11.208648,16.856812,14.911459,11.671556,0.834315,4.664871,0.705214,0.035036,0.001227,0.706083,0.787500,0.535050,0.252450,-0.411485,1.321827,0.027570,124.638441,-75.796078,175.582630,10.441398,7.668230,17.415211,11.939562,7.243915,8.639253,0.778047,4.585394,8.689600,0.026981,0.000728,8.689641,8.789900,8.522600,0.267300,-1.299010,7.323807,0.018537,18877.467291,-83.106939,2163.770500,12.512357,7.137271,8.387234,10.657483,8.890684,8.917016,0.828387,4.668580,9.931247,0.026805,0.000719,9.931283,10.031186,9.812537,0.218649,-0.449470,3.721587,0.018968,24657.597898,-103.900707,2472.934903,14.270803,7.126179,6.392647,6.949999,9.852661,9.581786,0.852223,4.674099,-1.140671,0.268211,0.071937,1.171780,0.160510,-2.129000,2.289510,-0.268412,3.061403,0.194980,343.266978,0.154071,284.453390,8.871094,7.458138,176.012920,72.176592,61.453698,52.455216,0.765660,4.559265,-0.014011,0.510026,0.260126,0.510218,2.288800,-1.895100,4.183900,0.190095,2.512527,0.376364,65.080659,1.675399,92.367629,10.004865,7.422979,284.858818,176.130649,110.727421,119.070332,0.785726,4.599746,0.412878,0.353452,0.124928,0.543504,1.522200,-1.369500,2.891700,-0.637226,3.148937,0.256885,73.849121,1.165445,115.189259,11.153645,7.722023,177.466201,110.761924,91.819331,93.454966,0.810716,4.639453,1.356556,0.297563,0.088544,1.388808,2.881743,0.715319,2.166425,1.684461,5.134048,0.216106,482.196757,0.336051,337.026220,9.700506,7.312056,172.783377,89.757184,89.235001,58.959940,0.792340,4.594694,-0.658435,0.009864,0.000097,0.658509,-0.641130,-0.697580,0.056450,-0.915104,1.212593,0.007946,108.408633,-597.559492,163.939505,11.794444,6.966938,3.125396,4.550387,3.010773,2.888066,0.845325,4.657238,-0.715414,0.020875,0.000436,0.715719,-0.684740,-0.799200,0.114460,-0.692841,0.285754,0.017438,128.063273,-226.355313,178.103520,12.443479,7.044935,5.860397,8.176425,6.083451,6.821368,0.825771,4.628393,0.632508,0.008670,0.000075,0.632568,0.652560,0.601340,0.051220,-0.702383,1.029458,0.006781,100.035475,-663.422567,157.504575,12.463231,7.005714,2.723105,2.922508,3.441769,2.966153,0.856818,4.671689,1.160092,0.014713,0.000216,1.160185,1.218075,1.131176,0.086899,0.706492,0.711920,0.012163,336.507381,-331.932138,288.840471,12.001566,7.032490,4.313581,6.379568,4.035182,4.296407,0.819294,4.621713
-4.750850,0.043561,0.001898,4.751050,-4.624300,-4.877200,0.252900,-0.095329,0.225604,0.033956,5643.119277,-68.559728,1182.957850,12.672685,6.990933,10.627649,17.199825,17.723959,10.064312,0.807046,4.628561,0.683646,0.028938,0.000837,0.684258,0.775960,0.535050,0.240910,-0.226870,3.074358,0.020912,117.052234,-88.945275,170.237615,10.512554,7.478185,14.753270,9.320176,8.287713,6.956265,0.791923,4.614167,8.693145,0.027496,0.000756,8.693188,8.799300,8.522600,0.276700,-0.759309,6.465485,0.019450,18892.880640,-83.671328,2164.594850,13.221327,6.809755,7.001808,8.758306,11.352218,10.786766,0.849588,4.677525,9.930333,0.026356,0.000695,9.930368,10.031186,9.812537,0.218649,-0.334128,3.151198,0.019012,24653.052151,-104.237554,2472.653388,14.627851,7.020387,5.532854,6.789191,8.570592,10.151186,0.808925,4.641891,-1.157139,0.268020,0.071834,1.187773,-0.396940,-2.129000,1.732060,-0.674160,1.353326,0.198027,352.701075,0.216529,288.103660,8.558714,7.369358,172.186447,73.627375,50.385014,44.953638,0.728911,4.499029,-0.008753,0.521801,0.272276,0.521874,1.903500,-2.314000,4.217500,-0.491075,2.428816,0.387496,68.088099,1.754366,96.631171,9.535453,7.059520,285.356636,175.617719,152.288552,95.323851,0.756455,4.571361,0.451589,0.318587,0.101498,0.552657,1.456400,-1.369500,2.825900,-0.675498,4.935134,0.229247,76.357494,0.835210,119.729945,11.257468,7.774291,154.825303,94.170685,91.679764,88.498542,0.827087,4.643710,1.370109,0.333749,0.111388,1.410173,3.155066,0.745659,2.409406,1.817076,5.742965,0.230178,497.146668,0.593842,341.246049,8.615099,7.352768,214.448123,91.656595,69.995729,54.465881,0.736617,4.511436,-0.657218,0.009661,0.000093,0.657289,-0.639110,-0.693550,0.054440,-0.718454,0.727018,0.007751,108.007208,-605.163082,163.636155,11.725958,6.923271,3.185098,4.433421,3.204253,2.952399,0.833656,4.664126,-0.717542,0.019875,0.000395,0.717818,-0.686750,-0.799200,0.112450,-0.602490,0.178298,0.016594,128.815546,-235.401464,178.651675,12.276996,6.832724,5.075249,8.745166,5.888796,6.003077,0.826599,4.623828,0.632072,0.008067,0.000065,0.632123,0.652560,0.601340,0.051220,-0.526882,0.549079,0.006485,99.894934,-671.831506,157.392095,12.071062,6.838254,2.206402,3.282743,2.783792,2.151319,0.755882,4.585888,1.160460,0.014279,0.000204,1.160548,1.218075,1.133861,0.084214,0.607625,0.240379,0.011961,336.717688,-343.356742,288.941402,12.000650,6.772982,3.990021,6.599425,4.151632,4.498155,0.821477,4.627997
-4.750140,0.036778,0.001353,4.750282,-4.635000,-4.875500,0.240500,0.014133,0.503439,0.028615,5641.295668,-78.581454,1182.816350,11.872619,6.208870,6.741167,16.629614,17.972147,7.092847,0.769238,4.575415,0.677473,0.020124,0.000405,0.677772,0.740790,0.583240,0.157550,-0.339416,1.558750,0.015166,114.843751,-166.688740,168.694140,11.163952,6.669035,6.797292,8.930487,8.336301,5.806799,0.811539,4.653172,8.692962,0.022275,0.000496,8.692990,8.799300,8.607900,0.191400,0.139383,2.542771,0.016414,18892.019383,-129.259635,2164.531450,13.050786,6.353551,4.634774,6.919121,10.949344,8.942086,0.817192,4.645289,9.929365,0.018706,0.000350,9.929382,10.003343,9.833785,0.169558,-0.380195,3.471912,0.013980,24648.158802,-152.459525,2472.413077,14.177447,6.624062,3.542502,5.133205,7.761589,7.995053,0.818099,4.653015,-1.118846,0.194391,0.037788,1.135607,-0.396940,-1.906400,1.509460,-0.063015,1.720402,0.145432,322.400933,-1.711710,278.993560,9.479275,7.356002,112.230157,62.789364,51.675052,40.550126,0.763850,4.579052,-0.012948,0.379938,0.144353,0.380159,1.118100,-2.314000,3.432100,-1.576191,7.991244,0.257935,36.130132,1.006324,63.702228,9.771237,6.712871,197.904049,137.508322,150.639557,74.921962,0.802078,4.626328,0.503299,0.204400,0.041779,0.543221,1.456400,-0.012927,1.469327,0.843638,3.393198,0.148046,73.772397,-1.496901,125.345714,9.935985,7.312909,107.790286,65.687020,68.396342,42.317561,0.790078,4.605114,1.288544,0.262428,0.068869,1.314996,3.155066,0.745659,2.409406,2.788634,15.798224,0.163435,432.303462,-0.762744,320.813630,8.812712,7.272682,167.710023,73.219372,69.559523,44.845889,0.773172,4.559272,-0.656097,0.009653,0.000093,0.656168,-0.639110,-0.693550,0.054440,-0.680091,0.465038,0.007840,107.639216,-607.466103,163.377150,12.306548,6.928542,2.742936,4.182011,2.809844,3.178993,0.805129,4.631753,-0.717141,0.019090,0.000364,0.717395,-0.688760,-0.795180,0.106420,-0.680185,0.251896,0.015881,128.663908,-254.024329,178.587455,12.221728,6.741413,4.830902,8.329520,6.889692,4.702707,0.821876,4.624675,0.632080,0.007343,0.000054,0.632123,0.652560,0.608020,0.044540,-0.320503,0.108641,0.006019,99.894911,-799.899284,157.385375,12.167237,6.834507,1.916720,3.138877,2.557266,1.743442,0.784381,4.599814,1.159565,0.014193,0.000201,1.159652,1.210922,1.132544,0.078378,0.650550,0.277449,0.011605,336.198036,-369.019137,288.747249,12.128885,6.772060,4.012753,6.112662,4.674020,4.244184,0.806561,4.630704
-4.752936,0.028775,0.000828,4.753024,-4.671000,-4.838500,0.167500,-0.003588,-0.155259,0.023114,5647.808104,-128.264814,1183.509350,11.800174,6.143065,4.699877,12.903723,14.218627,4.843344,0.738168,4.529044,0.678934,0.018487,0.000342,0.679186,0.728260,0.619380,0.108880,-0.005257,-0.064190,0.014412,115.323276,-246.978425,169.053405,11.102714,6.848667,6.611305,7.753578,7.135123,5.353757,0.809140,4.642415,8.691286,0.015061,0.000227,8.691299,8.740200,8.617700,0.122500,-0.424189,1.934471,0.011305,18884.669791,-235.829959,2164.118650,12.543834,6.519612,3.642071,5.671983,6.298691,5.969071,0.821484,4.650802,9.929299,0.014827,0.000220,9.929310,9.965028,9.854977,0.110051,-0.526414,1.953758,0.011341,24647.801172,-258.208135,2472.398797,13.495651,6.566918,2.921751,4.389111,7.152447,5.418080,0.811055,4.646371,-1.092120,0.152728,0.023326,1.102747,-0.668330,-1.520900,0.852570,0.189781,-0.175497,0.121979,304.012969,-5.663495,271.843040,10.721101,7.608892,74.992016,50.552014,47.764213,38.385874,0.830783,4.649523,-0.000460,0.202898,0.041168,0.202899,0.615820,-0.581730,1.197550,0.289468,0.207778,0.160974,10.291957,-1.746950,40.052522,11.546899,6.754318,54.868929,82.938345,85.328795,42.835311,0.761869,4.588003,0.494187,0.130724,0.017089,0.511184,0.875030,0.171730,0.703300,0.009506,-0.176296,0.105431,65.327360,-9.125780,122.957320,11.824446,7.080001,45.180137,47.965924,55.732870,31.093506,0.820187,4.657861,1.222562,0.154502,0.023871,1.232286,1.601344,0.775331,0.826012,-0.249316,-0.235072,0.125171,379.632287,-5.680689,304.287342,11.284470,7.525776,68.705617,50.982026,52.778951,41.818310,0.842738,4.665278,-0.655702,0.009458,0.000089,0.655770,-0.641130,-0.685480,0.044350,-0.640623,0.040594,0.007783,107.508705,-764.439609,163.267285,12.735070,7.074743,2.676253,3.401165,3.070647,2.852169,0.823494,4.630771,-0.715752,0.018753,0.000352,0.715997,-0.688760,-0.795180,0.106420,-0.863502,0.909670,0.015472,128.163037,-258.549954,178.214025,11.997718,6.909652,5.733796,6.764350,6.785161,4.742875,0.822835,4.621899,0.631706,0.007477,0.000056,0.631751,0.648110,0.605790,0.042320,-0.494187,0.403952,0.006094,99.777221,-840.598980,157.298535,12.527038,6.865381,1.907031,3.046372,2.632737,2.257684,0.843511,4.648746,1.158276,0.013839,0.000192,1.158359,1.210922,1.132544,0.078378,0.698514,0.425596,0.011186,335.448964,-372.074525,288.406416,12.033619,7.005621,4.422318,4.768648,4.511148,3.721790,0.814129,4.610799
-4.753284,0.032410,0.001050,4.753394,-4.611200,-4.886600,0.275400,0.198546,2.456008,0.024395,5648.689797,-73.883504,1183.572050,12.109898,6.167819,5.212856,13.948656,17.717925,5.216448,0.741326,4.560124,0.685235,0.019435,0.000378,0.685511,0.728960,0.619380,0.109580,-0.048217,0.039372,0.015762,117.481249,-240.418048,170.611010,11.039755,7.073287,6.774767,9.241112,5.982648,4.965098,0.794206,4.628992,8.690681,0.014555,0.000212,8.690693,8.739000,8.645100,0.093900,0.133096,0.848276,0.010914,18882.037891,-325.859161,2163.985600,12.409140,6.556074,3.446816,5.509501,6.272149,4.660576,0.782315,4.609345,9.929381,0.015046,0.000226,9.929393,9.965353,9.886857,0.078497,-0.212439,0.003131,0.011801,24648.208937,-357.519864,2472.422395,13.602592,6.728069,2.947767,4.750749,6.731939,5.042589,0.814723,4.642217,-1.110298,0.149687,0.022406,1.120343,-0.673360,-1.543600,0.870240,0.107430,0.131192,0.118748,313.792087,-5.676286,276.499690,10.845373,7.643063,72.802581,45.635849,42.306640,42.026961,0.797492,4.619484,0.008989,0.239062,0.057151,0.239231,1.385100,-0.524470,1.909570,1.197609,4.986011,0.178859,14.307919,-0.497104,44.558507,10.626096,6.294567,88.841422,95.273962,111.686890,49.953842,0.791942,4.607738,0.498942,0.158459,0.025109,0.523500,1.024000,-0.125890,1.149890,0.005003,1.429845,0.121472,68.513119,-3.842668,124.598038,10.820662,7.377231,77.076359,44.787438,54.278966,37.756723,0.787417,4.604573,1.249297,0.160338,0.025708,1.259545,1.737041,0.783341,0.953700,0.024619,0.187708,0.127182,396.613125,-4.339445,311.126767,10.746387,7.587066,77.138357,49.613259,50.259868,40.274005,0.806313,4.622105,-0.655984,0.009373,0.000088,0.656051,-0.639110,-0.691530,0.052420,-0.700809,0.510047,0.007618,107.600795,-634.110994,163.333765,12.392277,7.207158,3.077153,3.168068,3.124106,2.813733,0.780271,4.616096,-0.716089,0.019333,0.000374,0.716350,-0.686750,-0.799200,0.112450,-0.953940,1.188327,0.015812,128.289293,-240.780310,178.328460,12.350853,6.833905,5.845616,6.925019,6.794890,6.338910,0.822126,4.642144,0.631893,0.008144,0.000066,0.631946,0.648110,0.603560,0.044550,-0.713795,0.498989,0.006546,99.838924,-805.835891,157.333060,12.838747,7.024849,2.232159,3.171174,2.942505,2.772922,0.841478,4.672128,1.158756,0.014188,0.000201,1.158843,1.213564,1.136150,0.077414,0.824962,0.644572,0.011558,335.729012,-378.334962,288.535668,12.180305,6.860018,4.372839,5.041694,4.766039,4.514558,0.797756,4.612566
-4.754629,0.035271,0.001244,4.754760,-4.611200,-4.886600,0.275400,0.295408,1.829674,0.025819,5651.934764,-71.439648,1183.980300,11.979501,6.148019,5.916107,15.385001,18.035145,6.293824,0.759379,4.562370,0.689514,0.021498,0.000462,0.689849,0.764150,0.619410,0.144740,-0.095729,0.261716,0.017142,118.972795,-173.847477,171.698090,10.751045,6.956342,8.682058,10.286015,6.797996,4.783836,0.820596,4.637076,8.690132,0.015253,0.000233,8.690146,8.739000,8.645100,0.093900,0.248940,0.669886,0.011438,18879.658444,-316.274257,2163.819050,12.593571,6.546272,3.437781,5.776698,6.856907,5.066841,0.786018,4.628376,9.929855,0.015595,0.000243,9.929867,9.976183,9.879547,0.096636,-0.252622,0.557846,0.012075,24650.566004,-285.629587,2472.550471,13.537795,6.756451,3.284307,5.121422,6.772932,5.625984,0.829374,4.669113,-1.153077,0.151699,0.023013,1.163013,-0.806360,-1.715700,0.909340,-0.407110,0.752249,0.117038,338.149884,-5.282495,287.158150,10.803975,7.556426,73.978978,50.486034,41.034565,43.743767,0.821837,4.637736,0.012578,0.253481,0.064253,0.253793,1.385100,-0.752240,2.137340,0.796512,3.868621,0.192188,16.102704,-0.059817,47.518162,10.638140,6.171514,90.829303,97.016756,122.458899,54.875603,0.759206,4.583899,0.494209,0.169112,0.028599,0.522342,1.024000,-0.125890,1.149890,-0.053837,0.767212,0.132253,68.210421,-3.138252,123.554738,10.629141,7.216496,82.955493,55.119494,57.871579,42.217267,0.783376,4.617351,1.290412,0.157131,0.024690,1.299943,1.759575,0.927069,0.832506,0.390186,0.250100,0.123010,422.463008,-5.435401,321.289044,10.560146,7.368268,74.901359,55.428031,49.852865,42.367813,0.790174,4.621790,-0.656605,0.009370,0.000088,0.656672,-0.639110,-0.691530,0.052420,-0.763015,0.603756,0.007605,107.804482,-632.583103,163.505080,12.580748,6.944516,2.732513,3.389557,3.876154,2.403057,0.814864,4.644466,-0.716964,0.020813,0.000433,0.717266,-0.686750,-0.799200,0.112450,-1.090814,1.893197,0.016391,128.617781,-237.317909,178.536280,12.864169,6.885691,5.985215,6.705525,8.441781,6.754093,0.834473,4.662894,0.631751,0.008041,0.000065,0.631802,0.652560,0.603560,0.049000,-0.607184,0.392506,0.006417,99.793495,-701.696868,157.310800,12.888360,7.213629,2.565409,2.717211,2.762524,2.735150,0.815994,4.655833,1.159586,0.014942,0.000223,1.159682,1.215818,1.133698,0.082120,0.958272,1.231941,0.012135,336.215758,-354.875812,288.753001,12.766683,6.861777,4.316172,5.067852,6.186630,4.423111,0.853196,4.670985
-4.755880,0.034272,0.001175,4.756003,-4.635000,-4.862100,0.227100,0.211051,0.434151,0.025944,5654.892288,-89.513956,1184.197050,11.249734,6.295452,7.958692,17.131562,16.240096,5.214899,0.753728,4.574446,0.688630,0.026488,0.000702,0.689139,0.764390,0.607120,0.157270,-0.227050,0.733879,0.020532,118.728247,-149.099282,171.465985,9.757719,6.818047,13.401759,9.744993,7.410444,5.008309,0.753708,4.549375,8.691736,0.015121,0.000229,8.691749,8.727600,8.655600,0.072000,0.060441,-0.354705,0.011729,18886.624100,-435.120087,2164.260800,12.295939,6.460520,3.860011,5.764807,6.490482,5.775074,0.836784,4.658480,9.931804,0.016018,0.000257,9.931816,9.976183,9.879547,0.096636,-0.291388,0.613290,0.012363,24660.244634,-283.159800,2473.027014,13.571459,6.863610,3.604832,5.417395,6.289572,6.199686,0.836277,4.666442,-1.147451,0.166903,0.027857,1.159526,-0.764690,-1.715700,0.951010,-0.190589,0.277607,0.132574,336.125034,-4.012675,285.741410,10.701390,7.709234,87.867690,45.662504,45.103093,39.861580,0.783475,4.587092,0.004230,0.239551,0.057385,0.239589,0.680930,-0.752240,1.433170,-0.162343,0.004893,0.192741,14.350672,-0.029482,48.070946,10.381759,6.125714,71.358030,118.912079,102.593409,41.409154,0.745266,4.557498,0.478711,0.152967,0.023399,0.502556,1.079100,0.113960,0.965140,0.112691,0.289601,0.121593,63.140713,-4.736866,119.349265,10.646968,6.721357,62.941839,67.801782,55.779667,39.446704,0.817491,4.646810,1.275542,0.165705,0.027458,1.286260,1.765298,0.924100,0.841199,0.356867,0.135380,0.131658,413.616419,-4.993223,317.701190,10.778511,7.659930,89.588370,42.814372,51.105344,43.605494,0.794002,4.621417,-0.657177,0.010044,0.000101,0.657254,-0.639110,-0.699600,0.060490,-0.779276,0.667484,0.008288,107.995730,-550.719812,163.639085,12.720153,6.829385,2.849567,3.341489,4.020477,3.040431,0.809787,4.635859,-0.716940,0.020126,0.000405,0.717223,-0.686750,-0.799200,0.112450,-0.866999,1.270949,0.016205,128.602063,-237.121602,178.514160,12.459353,6.647408,5.111125,7.786916,7.735894,5.722016,0.803955,4.617192,0.631555,0.007699,0.000059,0.631602,0.652560,0.608020,0.044540,-0.394237,0.139867,0.006142,99.730247,-799.999022,157.257345,12.310911,6.882293,2.329543,2.871947,2.881792,2.349215,0.822109,4.642253,1.159779,0.014990,0.000225,1.159876,1.215818,1.133698,0.082120,0.747156,0.690956,0.012368,336.328039,-352.497529,288.783839,12.761642,6.642594,3.542873,5.638622,5.752421,4.148056,0.788074,4.604169
-4.755818,0.043209,0.001867,4.756014,-4.634800,-4.874900,0.240100,-0.017294,-0.042697,0.033919,5654.917956,-73.318109,1184.176000,10.116297,6.663537,17.234419,19.784174,16.029608,6.523032,0.735571,4.559002,0.685270,0.041349,0.001710,0.686516,0.776910,0.570770,0.206140,-0.217345,-0.255818,0.032820,117.826077,-88.255484,170.661655,8.175783,6.848507,25.647266,11.601169,7.888308,5.391679,0.687279,4.427906,8.692388,0.020320,0.000413,8.692411,8.748800,8.620500,0.128300,-0.103378,0.102930,0.015813,18889.503775,-188.427744,2164.404700,10.636552,6.702317,8.431166,8.057825,6.907762,6.284923,0.780275,4.618464,9.932206,0.016381,0.000268,9.932220,9.974458,9.884550,0.089908,-0.274817,0.054094,0.012991,24662.247808,-300.648020,2473.110400,13.626143,6.885628,3.725259,5.723659,5.576419,7.019360,0.843892,4.668353,-1.148312,0.409659,0.167820,1.219196,0.390870,-2.396900,2.787770,0.468064,3.041385,0.272754,371.609920,1.228561,288.537157,6.979968,7.307840,262.600882,58.372456,49.187677,34.620169,0.589310,4.218781,0.019247,0.302387,0.091438,0.302999,0.796440,-0.736770,1.533210,-0.012644,-0.398463,0.245772,22.952069,1.478698,61.236753,8.919273,6.419512,155.373971,127.714918,96.883660,46.912764,0.725966,4.537460,0.513451,0.702281,0.493199,0.869960,2.850000,-1.896000,4.746000,-0.032260,4.063776,0.396987,189.207674,1.486633,167.974026,5.509930,6.601103,426.889340,68.732305,58.765167,42.034484,0.490077,3.951965,1.434664,0.526135,0.276818,1.528096,3.766628,0.578243,3.188386,2.259398,5.563854,0.336369,583.769663,1.240305,356.786802,6.387825,7.020732,356.325875,61.340858,58.118202,41.193158,0.543156,4.143980,-0.656484,0.010765,0.000116,0.656572,-0.639110,-0.699600,0.060490,-0.958208,1.014362,0.008706,107.771740,-544.952485,163.452620,12.339971,7.071023,3.536186,3.837133,3.844225,3.607708,0.841058,4.669979,-0.716563,0.019809,0.000392,0.716836,-0.686750,-0.797190,0.110440,-0.831046,0.715606,0.016341,128.463562,-239.194390,178.413720,11.984841,6.716595,5.552238,8.358950,6.213137,5.715670,0.816515,4.617531,0.631698,0.007659,0.000059,0.631744,0.650330,0.610240,0.040090,-0.290162,0.018074,0.006137,99.775167,-875.019498,157.291910,12.207252,6.718139,1.948537,3.119830,2.328469,2.731752,0.783439,4.597948,1.159228,0.015234,0.000232,1.159328,1.211116,1.133477,0.077640,0.812492,0.478485,0.012517,336.010469,-370.757821,288.634246,12.217035,6.712796,4.125653,6.453442,5.433615,4.309668,0.803108,4.646100
-4.753702,0.041526,0.001724,4.753884,-4.634800,-4.874900,0.240100,-0.096380,0.009929,0.033072,5649.852737,-74.802359,1183.730600,9.607230,6.489247,18.311744,19.105775,15.054564,5.954663,0.748680,4.565073,0.678735,0.040383,0.001631,0.679935,0.776910,0.559190,0.217720,-0.059262,0.116120,0.030723,115.577838,-82.561767,169.021635,8.170100,6.849683,24.757961,12.352702,7.103940,4.972424,0.691046,4.438719,8.693354,0.019741,0.000390,8.693376,8.748800,8.620500,0.128300,-0.140711,0.413262,0.015229,18893.696635,-191.120311,2164.635800,10.269863,6.855200,8.859802,8.002181,6.211984,5.198497,0.792720,4.609287,9.931580,0.014779,0.000218,9.931591,9.974458,9.889049,0.085410,-0.117410,-0.204311,0.012008,24659.127210,-328.757649,2472.984644,13.283304,6.818093,3.319312,5.695507,5.247440,5.860564,0.831492,4.662235,-1.136468,0.420346,0.176691,1.211714,0.390870,-2.396900,2.787770,0.369095,2.467252,0.290236,367.062639,1.597025,285.792932,6.981903,7.235466,261.609752,69.619326,45.297237,43.598185,0.606279,4.228525,-0.000750,0.294179,0.086541,0.294180,0.796440,-0.736770,1.533210,0.094328,-0.298668,0.236478,21.635488,1.263554,58.757321,8.839788,6.389233,150.830924,125.324169,92.703410,38.079840,0.705976,4.516497,0.503456,0.715854,0.512447,0.875165,2.850000,-1.896000,4.746000,0.027787,3.612993,0.423185,191.478529,1.591806,167.440035,5.010040,6.255655,436.794271,69.985693,50.514271,34.163183,0.428409,3.852539,1.422673,0.544709,0.296707,1.523387,3.766628,0.578243,3.188386,2.068755,4.753361,0.358518,580.176657,1.574075,354.481384,6.045687,6.764804,372.676806,62.524256,54.863168,44.972691,0.542990,4.119765,-0.655863,0.009838,0.000097,0.655937,-0.639110,-0.693550,0.054440,-0.925312,0.903592,0.007834,107.563214,-613.989529,163.303410,12.347979,6.890365,2.762377,3.990362,3.881398,2.838300,0.832132,4.661059,-0.716627,0.020326,0.000413,0.716915,-0.688760,-0.801200,0.112440,-1.045448,1.440130,0.016554,128.491820,-239.715147,178.464965,12.502901,6.974266,5.334805,8.113264,6.678703,5.813552,0.796531,4.620932,0.630994,0.007601,0.000058,0.631040,0.650330,0.599110,0.051220,-0.424776,0.937129,0.005948,99.552764,-685.262670,157.118180,12.509444,6.847655,1.948509,2.825296,2.726222,2.383095,0.805185,4.619074,1.158538,0.014826,0.000220,1.158633,1.214882,1.133477,0.081405,1.038915,1.088645,0.011975,335.607798,-359.158312,288.488123,12.607379,6.775977,3.628506,6.039456,5.543672,4.326419,0.814946,4.638336
-4.753446,0.031636,0.001001,4.753552,-4.659100,-4.838800,0.179700,-0.017889,-0.047915,0.024899,5649.063373,-115.481257,1183.589050,11.384419,6.287485,8.110089,14.066908,14.539325,6.143556,0.744651,4.570209,0.677066,0.030595,0.000936,0.677757,0.764400,0.559190,0.205210,-0.147856,0.713769,0.023682,114.838477,-102.737592,168.664825,8.948604,6.988544,17.412780,10.671969,6.019546,4.918418,0.727585,4.505472,8.694257,0.014963,0.000224,8.694270,8.727300,8.654700,0.072600,-0.014800,-0.238680,0.012052,18897.581297,-426.730859,2164.871050,11.785652,6.762674,4.618884,6.222289,5.451156,4.796576,0.803821,4.635970,9.932055,0.014942,0.000223,9.932066,9.988130,9.882482,0.105649,0.073504,0.608670,0.011771,24661.483148,-263.410177,2473.078229,13.179917,6.796918,3.590490,5.333286,6.171182,5.052811,0.834557,4.666587,-1.142702,0.223311,0.049868,1.164317,-0.437540,-1.721900,1.284360,0.181660,-0.096133,0.179255,338.908592,-0.697426,284.373330,9.296760,7.347328,129.579193,64.421055,55.552518,42.153174,0.759068,4.545281,0.005715,0.225478,0.050840,0.225550,0.599180,-0.523340,1.122520,-0.179896,-0.479508,0.182989,12.718256,-1.025738,45.705121,10.410962,6.681176,81.952920,104.165850,79.579165,33.790853,0.735102,4.552675,0.483008,0.208822,0.043607,0.526216,1.868400,-0.233240,2.101640,0.913554,8.068250,0.152528,69.225859,-0.942273,120.617779,9.432249,6.879575,108.389517,92.898168,49.209276,39.888835,0.755572,4.572472,1.276988,0.229593,0.052713,1.297463,2.422801,0.670792,1.752009,0.365286,1.914081,0.176138,420.852707,-0.455562,317.429965,9.537954,7.279520,125.110383,73.623455,60.585067,46.547329,0.778208,4.567360,-0.656322,0.009013,0.000081,0.656384,-0.641130,-0.691530,0.050400,-0.740575,0.481786,0.007351,107.710108,-678.610593,163.431425,12.294802,6.828459,2.260557,3.844494,2.878569,2.604578,0.767006,4.586383,-0.715912,0.019548,0.000382,0.716179,-0.684740,-0.801200,0.116460,-1.258081,2.764663,0.015440,128.228116,-232.777226,178.264205,12.550849,6.890061,4.902056,8.878395,6.474468,6.327229,0.830163,4.654097,0.630094,0.007736,0.000060,0.630141,0.648110,0.599110,0.049000,-0.667320,1.221215,0.005935,99.269471,-713.978116,156.893130,12.791685,6.767651,1.883468,3.231138,2.890405,2.545913,0.832121,4.656132,1.157856,0.014147,0.000200,1.157942,1.214882,1.135025,0.079857,1.072798,1.722584,0.011202,335.207695,-373.914017,288.311487,12.293750,6.850724,3.790999,6.063047,4.658697,4.557135,0.807572,4.627204
-4.743032,0.049860,0.002486,4.743294,-4.586700,-4.885800,0.299100,0.573773,0.629125,0.038177,5624.708702,-54.878871,1180.973850,10.179485,6.516250,16.746086,27.134113,17.796149,7.866664,0.764608,4.575379,0.670739,0.044940,0.002020,0.672243,0.765130,0.535550,0.229580,-0.423513,-0.008648,0.035848,112.977609,-76.497613,166.944185,8.577491,6.712389,26.799651,13.924701,9.077576,6.323987,0.684834,4.452476,8.700809,0.021585,0.000466,8.700836,8.784900,8.644000,0.140900,0.407260,0.582850,0.017062,18926.134919,-173.349055,2166.487200,10.894995,7.077458,8.859253,8.219847,7.197072,6.256841,0.833269,4.638013,9.932515,0.020952,0.000439,9.932537,10.007906,9.878051,0.129855,0.181480,0.390004,0.016125,24663.821230,-191.483412,2473.159281,12.963090,6.942989,5.293693,8.826364,7.568460,6.621065,0.840054,4.666755,-1.134878,0.247858,0.061434,1.161629,-0.437540,-1.837100,1.399560,0.082227,-0.151861,0.199418,337.345542,0.030400,282.735795,9.092997,6.997822,142.869527,77.426148,52.960357,40.414031,0.744134,4.514525,-0.025819,0.379108,0.143723,0.379987,1.177700,-1.675400,2.853100,-0.670325,2.370255,0.281873,36.097450,1.304592,69.518314,8.746276,6.547992,183.179329,181.504003,100.428144,42.226241,0.687891,4.499015,0.445287,0.274309,0.075246,0.522998,1.245100,-0.666120,1.911220,-0.622472,1.758990,0.205251,68.381602,0.388556,116.998038,8.421949,6.953428,161.236015,101.276137,55.058289,40.614200,0.706903,4.490297,1.306123,0.247671,0.061341,1.329398,2.132990,0.789926,1.343064,0.415434,0.075195,0.196782,441.824594,-0.052736,325.257031,9.162375,7.010868,141.281686,93.310727,50.832725,49.620897,0.760491,4.572019,-0.654581,0.009752,0.000095,0.654654,-0.635080,-0.697580,0.062500,-0.753442,1.428591,0.007811,107.142832,-519.397748,162.995040,11.837097,7.084630,3.005142,4.198637,2.646196,3.086219,0.774440,4.601502,-0.716603,0.019793,0.000392,0.716876,-0.684740,-0.801200,0.116460,-1.259819,2.644279,0.015531,128.477889,-232.334084,178.436885,12.853651,7.027263,4.744137,8.322605,5.439849,6.905687,0.799943,4.627194,0.630967,0.007727,0.000060,0.631014,0.648110,0.603560,0.044550,-0.717234,1.197908,0.005903,99.544663,-817.429780,157.110270,12.650451,7.103834,2.241453,2.853230,2.637813,2.712386,0.817133,4.652737,1.157778,0.014517,0.000211,1.157869,1.217141,1.135025,0.082117,1.003459,1.503116,0.011545,335.165385,-358.637906,288.290896,12.691446,6.886817,3.420970,6.382074,4.060280,5.150991,0.824288,4.634649
-4.723747,0.051817,0.002685,4.724031,-4.586700,-4.885800,0.299100,0.012104,-0.061302,0.041550,5579.117211,-52.018899,1176.211950,10.143448,6.452779,16.193212,30.096628,16.015440,8.041260,0.762419,4.557465,0.656902,0.045557,0.002075,0.658480,0.788480,0.535550,0.252930,-0.004155,-0.206704,0.036886,108.398897,-65.411971,163.581535,8.990084,6.553326,23.505612,17.148761,9.249333,6.918996,0.695102,4.465675,8.712557,0.022027,0.000485,8.712585,8.784900,8.644000,0.140900,-0.134984,0.449605,0.016922,18977.284533,-178.211100,2169.435700,10.986681,7.020887,8.869416,8.762383,8.125174,6.369677,0.817079,4.649045,9.932710,0.021942,0.000481,9.932734,10.007906,9.878051,0.129855,0.062509,0.003513,0.017295,24664.800641,-187.860161,2473.253032,13.119044,6.850754,4.946558,9.735057,7.242269,7.339915,0.838733,4.662854,-1.142048,0.231799,0.053731,1.165334,-0.457540,-1.837100,1.379560,0.099823,-0.045977,0.186803,339.500925,-0.446692,284.037170,8.908579,6.727197,134.587226,83.788849,53.853757,45.676861,0.755529,4.549667,-0.032476,0.416144,0.173176,0.417409,1.326300,-1.675400,3.001700,-0.189617,1.850184,0.307886,43.557573,1.616297,77.103863,8.695363,6.450445,201.451660,209.321744,99.315199,50.716397,0.710851,4.504240,0.429669,0.284895,0.081165,0.515539,1.245100,-0.666120,1.911220,-0.377859,1.165563,0.217050,66.445075,0.783935,113.394783,8.411277,6.706904,163.415315,114.737369,62.398976,42.832255,0.706437,4.505194,1.318830,0.242284,0.058702,1.340901,2.132990,0.721590,1.411400,0.425924,0.359160,0.191613,449.503573,-0.121347,328.134062,9.125977,6.854988,134.248193,97.264873,55.743460,51.055576,0.753920,4.561451,-0.651662,0.009639,0.000093,0.651733,-0.635080,-0.697580,0.062500,-0.693834,1.088009,0.007937,106.188991,-531.640559,162.255160,11.583079,7.122647,3.344279,3.737576,2.669837,3.058915,0.812927,4.621023,-0.719286,0.019948,0.000398,0.719562,-0.688760,-0.801200,0.112440,-0.866944,0.978515,0.016348,129.442424,-236.000492,179.114570,12.690921,6.827666,4.774429,8.367981,5.904333,6.926907,0.807510,4.628287,0.631902,0.007488,0.000056,0.631947,0.648110,0.603560,0.044550,-0.460813,0.681957,0.005813,99.839116,-817.354190,157.340805,12.417322,6.979589,2.175136,3.052726,2.550371,2.446155,0.842088,4.662160,1.158306,0.014479,0.000210,1.158396,1.217141,1.133782,0.083359,0.724594,0.485458,0.011947,335.470530,-348.946319,288.419502,12.559491,6.778360,3.406433,5.892723,4.327038,4.878091,0.799360,4.606453
-4.718683,0.037219,0.001385,4.718830,-4.610900,-4.825900,0.215000,0.089419,0.098507,0.029428,5566.839091,-86.931304,1174.910250,11.067025,6.339295,8.985464,19.557059,14.386263,6.736137,0.766394,4.568516,0.656096,0.036536,0.001335,0.657112,0.788480,0.558910,0.229570,0.595836,0.920467,0.027873,107.949209,-85.538420,163.307900,8.877150,6.789071,19.939278,15.119234,8.227788,6.792714,0.747582,4.539964,8.715644,0.017372,0.000302,8.715661,8.774900,8.668300,0.106600,0.030823,0.393903,0.012824,18990.686291,-259.697221,2170.214150,11.927956,6.952431,6.008615,6.774174,6.287049,5.850311,0.859494,4.683032,9.932854,0.017859,0.000319,9.932870,9.979536,9.879944,0.099592,-0.026438,0.119007,0.013893,24665.474590,-263.772330,2473.272844,13.613384,6.733850,4.107524,6.331865,6.418210,6.809365,0.870479,4.687531,-1.119713,0.229773,0.052796,1.143045,-0.466530,-1.978100,1.511570,0.011691,0.495667,0.180961,326.638033,-0.398715,278.636880,8.389167,6.940709,141.789544,71.161928,55.592250,36.912387,0.720562,4.511468,-0.011535,0.299211,0.089527,0.299433,1.326300,-0.890560,2.216860,0.449658,2.429493,0.226299,22.415020,0.749636,56.247887,9.034661,6.516357,141.860635,145.718207,88.279390,44.502915,0.752102,4.551614,0.512022,0.209352,0.043828,0.553168,1.262000,-0.006838,1.268838,0.203885,-0.089059,0.168896,76.498644,-1.270789,127.471737,9.409326,6.851526,104.393602,96.683782,53.816215,43.512806,0.787741,4.595267,1.287017,0.213993,0.045793,1.304686,2.012051,0.721590,1.290461,0.099358,0.401746,0.167877,425.551697,-0.968526,320.278024,8.997453,6.972907,122.959947,73.896137,56.775295,42.940103,0.755258,4.558322,-0.650888,0.009183,0.000084,0.650952,-0.635080,-0.685480,0.050400,-0.691279,0.520720,0.007400,105.934725,-676.254703,162.052525,12.515070,6.954685,2.576456,3.306800,3.089925,3.166695,0.821911,4.631717,-0.719390,0.020074,0.000403,0.719670,-0.686750,-0.797190,0.110440,-0.940835,1.337107,0.016100,129.481250,-238.355922,179.101525,12.145811,6.827074,5.542229,8.290506,7.055514,5.851184,0.808088,4.624894,0.631876,0.007671,0.000059,0.631922,0.650330,0.608020,0.042310,-0.339609,-0.017523,0.006206,99.831428,-830.808133,157.343085,12.729516,6.884422,1.771481,3.243162,2.446163,2.386587,0.796813,4.615731,1.157920,0.014500,0.000210,1.158011,1.208883,1.133774,0.075109,0.938963,1.236810,0.011483,335.247403,-390.903449,288.298386,12.194663,6.822214,4.097977,5.677245,5.221751,4.564247,0.817394,4.631091
-4.706950,0.038768,0.001503,4.707109,-4.574800,-4.814500,0.239700,0.327004,0.544193,0.029971,5539.219381,-78.360055,1172.025050,10.389901,6.653600,14.240268,17.989728,14.727222,6.960297,0.759919,4.589597,0.662237,0.028774,0.000828,0.662861,0.776680,0.595060,0.181620,0.728474,1.672630,0.022132,109.846286,-122.364849,164.926740,9.645047,7.240236,14.386013,10.321408,6.576619,4.945120,0.767899,4.551288,8.721482,0.018180,0.000330,8.721501,8.773500,8.668600,0.104900,-0.072671,0.185029,0.014405,19016.142949,-259.665775,2171.642450,10.850436,7.118356,7.977332,6.555089,5.547295,5.655868,0.810997,4.630943,9.932802,0.016985,0.000289,9.932816,9.979536,9.881947,0.097589,0.063670,0.002238,0.013458,24665.208616,-271.839692,2473.261371,13.293400,6.738683,4.356298,5.742896,6.729946,7.068071,0.847485,4.686825,-1.123794,0.226815,0.051445,1.146455,-0.466530,-1.978100,1.511570,0.022453,0.704507,0.174934,328.589626,-0.527487,279.676560,8.386881,7.147802,136.089386,67.090661,51.806347,38.033761,0.705208,4.485747,-0.044075,0.279204,0.077955,0.282662,0.755450,-0.945870,1.701320,-0.397190,0.356441,0.219313,19.974432,0.681792,54.313457,8.693817,6.476253,139.864692,129.872697,73.092183,38.175275,0.656680,4.484849,0.500979,0.200232,0.040093,0.539512,1.262000,-0.024270,1.286270,0.327335,0.168540,0.161927,72.768336,-1.511092,125.075491,9.101193,6.920526,113.429729,84.558120,49.514911,37.453323,0.773327,4.585928,1.281961,0.204709,0.041906,1.298202,2.012051,0.756160,1.255891,0.171539,0.462036,0.161870,421.332394,-1.377507,319.150405,8.792161,7.084855,122.884053,67.190326,50.588551,40.895261,0.741230,4.540270,-0.650484,0.009970,0.000099,0.650561,-0.633060,-0.685480,0.052420,-0.626831,0.558001,0.007991,105.807247,-631.591574,161.962760,12.135340,7.097764,2.932471,3.607944,3.336197,2.980947,0.819015,4.620143,-0.718402,0.019280,0.000372,0.718661,-0.686750,-0.797190,0.110440,-0.948255,1.382251,0.015598,129.118358,-241.788324,178.883680,12.226734,6.812416,5.272165,7.630379,6.808166,5.949511,0.806066,4.618886,0.633239,0.007654,0.000059,0.633285,0.650330,0.608020,0.042310,-0.456541,0.150178,0.006198,100.262441,-835.422664,157.676030,12.230364,6.961742,2.158646,2.935333,2.760077,2.809736,0.849326,4.654043,1.157819,0.014405,0.000208,1.157909,1.208883,1.131419,0.077464,0.967364,1.354949,0.011284,335.188045,-376.714627,288.293319,12.255528,6.963742,4.156740,5.496419,5.119930,4.228796,0.803548,4.631416
-4.696296,0.035949,0.001292,4.696434,-4.574800,-4.789900,0.215100,0.394927,0.672372,0.028039,5514.123050,-91.185274,1169.349600,11.219455,6.203694,8.147337,20.163518,14.012577,6.814672,0.758766,4.572447,0.658173,0.021225,0.000451,0.658515,0.717170,0.596210,0.120960,0.117185,-0.237404,0.017067,108.410554,-201.841690,163.917125,10.298706,7.225278,9.350672,8.905470,6.372226,4.631488,0.818468,4.629576,8.727934,0.015269,0.000233,8.727948,8.774900,8.678600,0.096300,0.361206,0.749838,0.010982,19044.268011,-288.753948,2173.267450,11.844999,6.861380,4.792994,7.090072,5.207880,4.608044,0.859206,4.679006,9.933123,0.016382,0.000268,9.933137,9.971267,9.876552,0.094715,-0.059766,0.118722,0.013137,24666.801615,-287.172229,2473.346802,13.004226,7.024747,4.556254,6.177460,6.043970,5.626916,0.811433,4.670377,-1.184261,0.191793,0.036784,1.199691,-0.554300,-2.447100,1.892800,-1.325319,7.452787,0.140778,359.814715,-1.531740,294.750440,9.319000,7.314034,117.577038,50.063300,55.633236,36.856808,0.755951,4.556186,-0.017041,0.275267,0.075772,0.275794,0.755450,-1.371700,2.127150,-0.851808,2.576348,0.204720,19.015598,0.471086,50.545349,9.378055,6.326699,120.941793,141.946767,78.808412,49.921591,0.731170,4.546770,0.462697,0.169276,0.028654,0.492689,1.201700,-0.024270,1.225970,0.176219,0.869776,0.133597,60.685733,-3.077354,115.383883,10.632703,6.934334,71.285360,79.523562,53.962078,38.452068,0.829232,4.646563,1.310059,0.204473,0.041809,1.325920,2.814520,0.756160,2.058360,2.214692,12.978164,0.145667,439.516045,-1.114406,326.045227,9.198056,6.980042,118.770031,61.558554,60.655115,38.894404,0.750006,4.548524,-0.649774,0.009707,0.000094,0.649847,-0.633060,-0.685480,0.052420,-0.367865,-0.189781,0.008113,105.575234,-635.425868,161.793390,11.815444,7.040356,3.241030,3.350856,3.146189,2.736162,0.825849,4.625363,-0.720041,0.018345,0.000337,0.720274,-0.688760,-0.789160,0.100400,-0.608238,0.229686,0.015253,129.698813,-267.917654,179.296335,12.378155,6.857392,5.143254,6.814334,6.312319,6.053838,0.837825,4.642094,0.634245,0.006606,0.000044,0.634280,0.650330,0.612470,0.037860,-0.276238,0.166817,0.005236,100.577666,-962.144834,157.931020,12.019675,6.931231,2.035131,2.626091,2.420322,2.028324,0.842430,4.661010,1.158969,0.014035,0.000197,1.159054,1.205881,1.131419,0.074462,0.484622,-0.061349,0.011461,335.851714,-388.595063,288.589090,12.232927,6.921030,4.148306,5.046145,4.893399,4.493198,0.838452,4.641343
-4.701590,0.033494,0.001122,4.701709,-4.587400,-4.790400,0.203000,0.201903,0.562792,0.026261,5526.516658,-99.034401,1170.727050,11.628101,5.876252,5.948090,15.930282,17.330770,5.439982,0.756808,4.548294,0.648430,0.019426,0.000377,0.648721,0.704660,0.596210,0.108450,0.000366,-0.132586,0.015691,105.209709,-242.683387,161.450675,10.622655,6.718664,7.302232,8.467083,7.029121,5.204458,0.772257,4.604715,8.725110,0.014811,0.000219,8.725123,8.774900,8.690500,0.084400,0.457985,0.925532,0.011150,19031.940968,-355.602207,2172.532600,12.438928,6.541598,3.541094,5.739365,6.751004,4.872912,0.842128,4.662150,9.932493,0.015958,0.000255,9.932506,9.978985,9.876552,0.102433,-0.131664,0.687431,0.012333,24663.667334,-267.528515,2473.187573,13.159116,6.765062,4.111292,5.236610,6.954791,5.195208,0.820630,4.660353,-1.163078,0.188535,0.035545,1.178260,-0.728140,-2.447100,1.718960,-1.624041,8.499681,0.137511,347.074158,-1.895407,289.741745,9.766232,7.312282,105.170818,54.726004,62.809423,38.564980,0.774114,4.597221,0.013962,0.233634,0.054585,0.234051,0.570390,-1.371700,1.942090,-0.977238,4.362382,0.175176,13.694953,-0.351368,43.738831,10.030849,6.273910,85.460687,112.871779,90.175095,38.648031,0.737625,4.551191,0.491013,0.152465,0.023245,0.514139,1.201700,0.079704,1.121996,0.011378,1.436571,0.117811,66.084727,-4.359621,122.319120,11.143620,6.643207,49.669231,73.081944,59.071564,37.450679,0.805074,4.637357,1.291163,0.200783,0.040314,1.306681,2.814520,0.852862,1.961657,2.374424,14.671140,0.140004,426.853838,-1.484629,321.666679,9.692474,7.094342,111.987893,59.663058,70.376627,43.095059,0.796096,4.605375,-0.649815,0.009411,0.000089,0.649883,-0.633060,-0.687500,0.054440,-0.642693,0.335692,0.007778,105.586945,-616.805906,161.807520,12.286308,6.827411,2.478099,4.053396,2.384762,3.495558,0.827874,4.631455,-0.721647,0.018976,0.000360,0.721897,-0.688760,-0.789160,0.100400,-0.443364,-0.378764,0.016081,130.283718,-266.706247,179.687920,12.369940,6.937149,4.774521,8.472718,5.251861,6.084940,0.822260,4.624088,0.632909,0.006927,0.000048,0.632947,0.648110,0.596880,0.051230,-0.802320,2.450435,0.005346,100.155497,-705.979979,157.590320,12.404742,7.073369,2.082971,2.475791,2.240752,2.246202,0.808356,4.625848,1.159268,0.014222,0.000202,1.159355,1.205881,1.133808,0.072074,0.492657,-0.262167,0.011775,336.026161,-404.230406,288.656233,12.359075,6.853437,3.453177,6.427212,3.808291,4.948218,0.830410,4.631391
-4.705968,0.031506,0.000993,4.706073,-4.611000,-4.790400,0.179400,0.104159,0.181452,0.024687,5536.780915,-116.333690,1171.767650,11.408596,5.682143,4.935145,13.716626,17.663093,4.991577,0.680643,4.484015,0.646987,0.019103,0.000365,0.647269,0.704660,0.596240,0.108420,0.171410,0.128556,0.015035,104.739155,-244.958986,161.084155,11.002191,6.618571,7.339947,7.775409,8.335039,4.921781,0.826608,4.658005,8.722837,0.013542,0.000183,8.722848,8.774200,8.691000,0.083200,0.351562,0.355348,0.011043,19022.018053,-373.915951,2171.981700,12.862179,6.371275,2.555409,4.933942,6.842126,4.602057,0.807863,4.636483,9.932469,0.014863,0.000221,9.932480,9.978985,9.879376,0.099608,-0.096020,0.627165,0.011427,24663.538123,-281.119473,2473.170846,13.210627,6.400654,2.891633,5.034194,7.372604,5.437057,0.792170,4.639519,-1.140096,0.161459,0.026069,1.151472,-0.689530,-1.642300,0.952770,0.069395,0.260704,0.128524,331.471763,-4.173973,283.911620,11.119311,7.466979,71.353914,52.366452,54.115796,47.121560,0.850056,4.657887,0.009954,0.199074,0.039630,0.199323,0.570390,-0.720990,1.291380,-0.080201,0.301287,0.155337,9.932378,-1.607817,38.686992,10.920436,6.203563,54.871286,80.531308,95.683105,41.855542,0.744254,4.545772,0.503978,0.125058,0.015640,0.519262,0.867840,0.141020,0.726820,-0.109844,-0.094927,0.099809,67.408248,-9.055126,125.290570,11.401661,6.376931,34.074163,59.953823,51.271995,33.701684,0.787338,4.624229,1.268993,0.157817,0.024906,1.278769,1.695657,0.833090,0.862567,-0.136318,0.101444,0.124653,408.812389,-5.262050,315.873920,11.362996,7.345579,66.368356,45.825563,60.630455,46.993501,0.828864,4.647322,-0.650912,0.010189,0.000104,0.650991,-0.633060,-0.693550,0.060490,-0.988156,1.642047,0.008080,105.947444,-548.270778,162.087790,12.731343,6.942407,2.693172,4.228197,3.226482,3.878602,0.848623,4.671415,-0.722258,0.021149,0.000447,0.722567,-0.688760,-0.807230,0.118470,-0.915924,0.942805,0.017193,130.525800,-218.093544,179.845500,12.699297,6.813137,4.698971,10.141546,6.970961,6.339814,0.838305,4.656454,0.631751,0.007889,0.000062,0.631800,0.648110,0.596880,0.051230,-0.843779,1.519842,0.006185,99.792865,-680.653203,157.307440,12.906693,6.920837,2.057956,3.082820,2.729727,2.631399,0.841474,4.664832,1.159668,0.015349,0.000236,1.159769,1.214421,1.133808,0.080614,1.003428,1.182730,0.012203,336.266109,-356.452978,288.766314,12.866875,6.990794,3.639344,7.094146,4.696457,5.015094,0.845083,4.668888
-4.709136,0.028553,0.000815,4.709223,-4.622900,-4.778100,0.155200,0.141736,-0.071022,0.022779,5544.194283,-144.252632,1172.565550,11.223640,5.983068,5.398182,13.528960,14.702401,4.398840,0.750932,4.544184,0.646573,0.019908,0.000396,0.646880,0.704430,0.596020,0.108410,0.237149,-0.092594,0.015920,104.613307,-242.157263,160.974900,10.859646,6.953134,8.536713,7.558731,7.033696,4.939437,0.800865,4.628358,8.721447,0.011389,0.000130,8.721454,8.752200,8.691000,0.061200,0.219384,-0.092493,0.009565,19015.940999,-511.022734,2171.640450,12.163933,6.595888,3.058994,4.549514,5.266867,3.444540,0.825472,4.664639,9.932715,0.013255,0.000176,9.932723,9.967144,9.901528,0.065616,0.086476,-0.350770,0.010542,24664.748589,-443.943076,2473.240295,12.978764,6.435332,2.692968,4.733792,6.466284,4.464377,0.826801,4.655587,-1.130107,0.164114,0.026934,1.141961,-0.689530,-1.685700,0.996170,0.049529,0.351791,0.128656,326.018614,-4.170723,281.406300,10.208861,7.539855,88.112979,46.467256,46.584419,39.917628,0.753476,4.570675,-0.001942,0.181594,0.032976,0.181604,0.461900,-0.490190,0.952090,-0.003966,-0.062185,0.143748,8.245020,-3.158854,35.776737,11.050485,6.570415,56.969228,68.933525,91.273799,37.297410,0.768477,4.595590,0.481001,0.127676,0.016301,0.497658,0.835810,0.076697,0.759113,-0.136034,0.229042,0.100361,61.915838,-8.553264,119.726632,10.640873,6.941104,55.709655,52.667040,45.396963,35.309842,0.834265,4.664437,1.248957,0.157553,0.024823,1.258856,1.793450,0.821728,0.971722,-0.191102,0.454791,0.123777,396.179471,-4.652913,310.978155,10.547410,7.636376,82.189536,41.310867,46.684155,42.475509,0.795021,4.603571,-0.651113,0.009798,0.000096,0.651187,-0.635080,-0.693550,0.058470,-0.918497,1.755220,0.007732,106.011128,-570.427726,162.123080,12.764313,6.984506,2.892035,3.446192,3.334994,3.345994,0.818096,4.647150,-0.722570,0.021890,0.000479,0.722902,-0.690760,-0.807230,0.116470,-1.074717,1.311953,0.017384,130.646815,-219.734339,179.932780,13.062375,6.908086,5.666487,7.470508,7.447128,7.227413,0.801439,4.624029,0.631323,0.007762,0.000060,0.631371,0.648110,0.603560,0.044550,-0.612044,0.361537,0.006196,99.657293,-808.797000,157.200500,12.783749,6.969452,2.109385,2.885232,2.590227,2.356588,0.814672,4.631114,1.159748,0.015704,0.000247,1.159854,1.214421,1.133861,0.080561,1.015979,1.332773,0.012362,336.315236,-358.569537,288.783369,13.038597,7.058222,4.390517,5.350605,5.079991,5.127134,0.818384,4.637498
-4.707410,0.027509,0.000757,4.707490,-4.610700,-4.766600,0.155900,0.462322,0.793124,0.020618,5540.116407,-149.766463,1172.169650,11.225326,5.909492,5.312413,12.569115,14.779187,4.671389,0.753142,4.555956,0.642154,0.020107,0.000404,0.642468,0.704430,0.583970,0.120460,-0.016186,0.201142,0.016026,103.191382,-205.792327,159.912285,10.510730,6.913433,7.970513,8.966586,5.942263,3.545539,0.770035,4.570422,8.722133,0.012818,0.000164,8.722143,8.763700,8.690500,0.073200,0.131835,0.110330,0.010558,19018.942968,-451.388171,2171.818000,12.125598,6.717940,3.626383,5.008954,5.367413,4.393863,0.807656,4.655530,9.932212,0.012623,0.000159,9.932220,9.975916,9.893049,0.082867,0.054237,0.352420,0.009926,24662.250757,-358.433973,2473.139565,13.299875,6.731571,2.864740,4.428419,5.390882,4.642384,0.823201,4.678428,-1.120875,0.165410,0.027360,1.133014,-0.722400,-1.685700,0.963300,-0.094689,0.063367,0.129757,320.930287,-4.230983,278.958240,10.306359,7.550663,88.858312,48.558302,46.643313,43.668156,0.787499,4.609631,0.003797,0.186843,0.034910,0.186882,0.555040,-0.463410,1.018450,0.219194,0.179274,0.144484,8.731207,-2.633318,35.802300,11.108904,6.567109,57.072096,76.913874,92.446532,40.960541,0.775240,4.611434,0.481623,0.128503,0.016513,0.498471,0.835810,0.076697,0.759113,-0.172186,0.224469,0.100420,62.118345,-8.517730,119.963677,10.781465,6.987873,55.242705,50.761215,46.411104,38.202231,0.823549,4.657929,1.241509,0.160545,0.025775,1.251846,1.793450,0.821728,0.971722,-0.036312,0.165449,0.127121,391.779839,-4.521189,309.012093,10.493930,7.583790,83.123833,46.621032,47.136746,41.681538,0.798042,4.614836,-0.649670,0.009303,0.000087,0.649736,-0.635080,-0.683470,0.048390,-0.714657,0.364959,0.007593,105.539308,-702.376424,161.776290,12.117917,6.986598,2.844465,3.616952,2.996440,2.627597,0.808666,4.622686,-0.721181,0.020223,0.000409,0.721465,-0.690760,-0.791160,0.100400,-0.801297,0.424819,0.016773,130.127808,-263.894438,179.574405,12.522283,7.002583,5.348453,7.746215,6.090458,6.092986,0.789067,4.595503,0.631564,0.007637,0.000058,0.631610,0.650330,0.608020,0.042310,-0.427896,-0.038522,0.006181,99.732863,-835.880483,157.266290,12.533880,6.840251,2.115712,2.799969,2.629951,2.789259,0.793265,4.626386,1.158179,0.014844,0.000220,1.158275,1.209485,1.133861,0.075624,0.699325,0.162894,0.012273,335.399980,-383.961294,288.395505,12.534119,6.977694,3.742071,5.909742,4.327587,4.263467,0.792614,4.591642
-4.706058,0.029429,0.000866,4.706150,-4.610700,-4.790200,0.179500,0.475691,0.949343,0.021949,5536.962938,-121.503308,1171.819850,11.742035,5.874809,4.819164,11.511934,15.397670,5.358975,0.730233,4.508343,0.639859,0.018353,0.000337,0.640122,0.692850,0.583970,0.108880,-0.115886,0.289759,0.014703,102.439193,-247.623503,159.308605,10.583732,6.820712,7.068755,8.514270,5.736646,4.143955,0.776982,4.598787,8.723077,0.013513,0.000183,8.723088,8.763700,8.690500,0.073200,0.179686,-0.021519,0.011081,19023.064607,-447.359067,2172.054400,12.651562,6.829776,3.434798,4.511350,5.565660,4.727845,0.794094,4.632595,9.932255,0.013351,0.000178,9.932264,9.975916,9.893049,0.082867,-0.157912,0.307773,0.010605,24662.466738,-353.949496,2473.143004,13.739315,6.796014,2.650140,4.579785,4.880970,5.277606,0.805520,4.640780,-1.134571,0.152738,0.023329,1.144805,-0.721150,-1.524000,0.802850,0.162113,-0.087211,0.121697,327.644768,-6.120710,282.715570,10.512159,7.494554,77.108167,48.783790,47.297436,36.223771,0.778553,4.606427,0.012386,0.197294,0.038925,0.197683,0.555040,-0.537290,1.092330,0.260692,0.041750,0.157407,9.769622,-2.170734,39.184930,10.972291,6.506870,57.135522,82.991262,79.973918,42.202210,0.762668,4.552227,0.492992,0.123328,0.015210,0.508184,0.801410,0.158860,0.642550,-0.122317,-0.180827,0.099452,64.562740,-10.612872,122.851085,11.547495,6.860639,39.137325,53.872052,46.563846,36.515725,0.820020,4.650595,1.258804,0.152711,0.023321,1.268033,1.598877,0.849080,0.749798,-0.143762,-0.270199,0.122763,401.977129,-6.709583,313.687207,10.801817,7.488716,73.391364,49.256674,48.602048,40.230341,0.804969,4.627491,-0.649355,0.009088,0.000083,0.649419,-0.631050,-0.679440,0.048390,-0.678528,0.183836,0.007456,105.436245,-702.126403,161.686620,11.853190,6.857789,2.519057,4.326182,2.789815,2.237892,0.792637,4.617988,-0.721093,0.019336,0.000374,0.721352,-0.692770,-0.781120,0.088350,-0.651164,-0.185733,0.016166,130.087147,-304.087140,179.565350,12.372241,7.026735,5.417867,8.189333,5.379207,6.393818,0.835295,4.641819,0.631217,0.007826,0.000061,0.631265,0.650330,0.603560,0.046770,-0.710796,0.784674,0.006233,99.623935,-735.714413,157.163855,12.393571,6.732709,2.113161,3.156448,2.820862,3.094686,0.837797,4.667253,1.157753,0.014035,0.000197,1.157838,1.201998,1.133978,0.068020,0.598903,-0.144791,0.011853,335.147327,-434.413664,288.282246,12.050990,6.980629,3.884741,6.434383,3.854144,3.774487,0.815469,4.621591
-1.008849,1.244447,1.548649,1.602006,4.485900,-1.977800,6.463700,2.709683,6.933157,0.776700,641.606036,1.204552,369.343963,5.730749,6.459674,766.010871,148.073695,179.880215,71.597526,0.532977,4.092803,9.568781,0.386760,0.149583,9.576594,11.276000,7.675300,3.600700,-1.122330,7.557421,0.223518,22927.789195,0.168403,2381.748500,7.609634,6.615697,247.940939,71.047487,128.192641,37.441048,0.587727,4.361118,1.414705,0.266873,0.071221,1.439656,2.445700,0.551670,1.894030,1.356282,2.699825,0.188215,518.152635,-0.394680,352.718735,7.586918,7.287711,161.080785,39.065565,56.470970,34.003279,0.648579,4.331780,9.809137,0.361963,0.131017,9.815813,11.761199,8.481535,3.279664,0.625061,9.217720,0.202283,24087.547865,0.471651,2441.496576,7.404324,6.484641,240.595660,69.330002,111.209294,34.355728,0.584592,4.354857,0.780496,5.411859,29.288219,5.467851,23.079000,-6.729700,29.808700,1.460119,2.139061,3.887640,7474.348199,0.962930,925.653049,4.864176,5.895073,2943.195431,581.588520,522.294622,239.741538,0.446224,3.854961,9.446758,28.887689,834.498582,30.393088,123.990000,-28.059000,152.049000,2.261549,4.930691,18.524334,230934.955450,0.282242,4164.840167,3.822704,5.186330,17127.055492,2741.933195,1430.605877,645.932093,0.353509,3.672250,-4.040317,16.145940,260.691393,16.643784,42.168000,-43.340000,85.508000,-0.427572,0.510090,12.410911,69253.888769,0.474399,3011.107013,3.119698,4.642888,10549.861876,722.809802,660.847179,232.837201,0.251623,3.467344,23.749292,25.819060,666.623877,35.080661,124.153560,1.468655,122.684905,2.194912,4.330382,17.677103,307663.192419,0.326245,5910.612559,4.071462,5.353317,15742.119533,2606.142701,1533.318540,670.451551,0.378994,3.751720,-0.877669,0.126280,0.015947,0.886708,-0.324600,-0.969760,0.645160,2.955625,8.005168,0.074527,196.562562,-25.214611,218.795395,5.655688,6.643472,81.217357,17.360430,11.097130,9.385953,0.569978,4.116689,0.749310,0.074939,0.005616,0.753048,0.977910,0.618470,0.359440,1.619535,2.074422,0.051952,141.770156,-43.883173,186.484015,7.142283,7.480204,41.757514,11.241438,8.500507,8.229404,0.596552,4.178314,0.135599,0.131778,0.017365,0.189083,0.677060,0.026726,0.650334,2.792152,7.205060,0.079645,8.938115,-21.171228,33.530068,5.552738,6.612994,82.870828,18.270254,10.792612,8.930905,0.571175,4.092951,1.178498,0.015016,0.000225,1.178594,1.231890,1.142498,0.089393,0.512081,0.754885,0.011527,347.270833,-313.683674,293.429891,10.724139,7.483648,6.548629,5.078576,3.778878,4.237612,0.778779,4.580363
-1.540993,0.082719,0.006842,1.543212,-1.298400,-1.768900,0.470500,0.095460,-0.122940,0.066304,595.375622,-23.346446,383.714800,6.431632,6.194310,56.163680,9.923547,14.149861,6.085857,0.533948,4.155785,9.624943,0.049884,0.002488,9.625072,9.765300,9.444600,0.320700,-0.223177,1.070177,0.037304,23160.504996,-49.919828,2396.643500,9.155374,6.891030,30.086620,11.015713,14.471707,9.198892,0.721476,4.498863,1.309787,0.084941,0.007215,1.312538,1.596100,1.069500,0.526600,-0.202986,0.874241,0.065919,430.689122,-21.382355,326.144500,5.936228,5.927429,56.685321,7.111691,9.543966,4.647284,0.465515,3.975217,9.835764,0.063514,0.004034,9.835969,10.017478,9.616934,0.400544,-0.135007,1.081277,0.046817,24186.569741,-34.392781,2449.139684,8.508801,6.756691,38.234899,11.238662,15.333440,9.430938,0.671809,4.384894,-1.024212,1.130420,1.277848,1.525404,2.796200,-4.014700,6.810900,0.031221,0.989643,0.840597,581.714398,2.175028,309.681859,5.036627,5.434259,768.453053,84.622249,60.184323,49.254964,0.390270,3.792162,-0.292529,2.023331,4.093868,2.044368,4.795100,-6.007600,10.802700,-0.216097,0.345725,1.571831,1044.860270,1.924667,396.460958,4.969693,4.649492,1361.259878,194.612198,218.915747,49.319079,0.336832,3.813859,0.550532,2.711672,7.353167,2.766993,7.410800,-7.095200,14.506000,-0.154670,0.431013,2.029367,1914.062956,1.630097,522.589612,4.457220,4.320079,1789.201310,257.023846,100.622644,62.384928,0.291639,3.625531,3.188052,1.999719,3.998875,3.763316,9.604143,0.683434,8.920709,1.354954,1.158287,1.557045,3540.637625,2.060286,794.809539,5.657723,5.138889,997.973870,734.744532,195.029394,89.434681,0.427108,4.069281,-0.922678,0.010443,0.000109,0.922737,-0.903230,-0.965730,0.062500,-0.996863,1.851925,0.008219,212.860716,-511.424040,229.755065,11.838089,7.058019,3.627803,4.565728,3.088832,3.429671,0.833814,4.667314,0.725968,0.018624,0.000347,0.726207,0.755020,0.664660,0.090360,-0.529600,-0.280377,0.015886,131.844186,-301.450016,180.760130,11.698184,6.851879,5.633049,8.609755,5.246404,4.979951,0.808988,4.612647,0.071091,0.008878,0.000079,0.071643,0.093541,0.046771,0.046770,0.018045,-0.134218,0.007134,1.283198,-702.672774,17.703784,10.859664,7.457397,3.682081,2.995199,2.407213,2.182845,0.762787,4.560545,1.176374,0.009858,0.000097,1.176415,1.201058,1.147169,0.053889,-0.352532,-0.193066,0.007897,345.988100,-600.118668,292.920101,11.813145,6.706554,2.829290,4.492988,2.784908,3.170441,0.813368,4.615602
-1.559541,0.093711,0.008782,1.562354,-1.298400,-1.774200,0.475800,-0.128831,-0.224302,0.074540,610.237643,-21.211282,388.321200,5.981926,6.185390,62.934110,10.983647,15.132439,7.435867,0.487104,4.100708,9.625795,0.046307,0.002144,9.625906,9.751600,9.480900,0.270700,-0.080944,0.211553,0.036313,23164.517462,-62.456626,2396.845150,8.814395,6.805560,28.162872,13.257870,14.330261,8.051278,0.740660,4.540045,1.272871,0.066405,0.004410,1.274602,1.473800,1.105400,0.368400,0.402052,0.384012,0.051063,406.152436,-36.441251,316.957750,6.625815,6.393669,44.611868,9.230447,9.001531,5.333995,0.559084,4.183719,9.834655,0.056405,0.003182,9.834817,10.014503,9.638653,0.375849,0.086212,0.639295,0.043291,24180.907541,-39.795825,2448.851984,8.419411,6.693990,34.087234,13.096615,15.226233,8.329917,0.696694,4.448325,-0.985292,1.040950,1.083576,1.433310,1.540300,-3.738200,5.278500,-0.019651,-0.129578,0.821560,513.594127,2.706842,297.035799,5.004066,5.535811,705.558433,105.307082,67.123268,49.860405,0.414343,3.885387,-0.225590,1.660277,2.756519,1.675533,4.789500,-5.808000,10.597500,-0.429725,1.166109,1.262783,701.852415,1.791522,316.940101,5.528190,5.249686,1113.110779,243.783768,253.160632,48.986790,0.423126,4.016596,0.230593,2.720531,7.401290,2.730286,7.410800,-7.095200,14.506000,0.366738,0.344225,2.086347,1863.615814,1.637909,515.488390,3.742328,4.275512,1918.616254,244.304201,96.982497,52.452099,0.277440,3.638943,3.028088,1.773960,3.146933,3.509451,9.286832,0.596267,8.690566,1.415341,1.755098,1.304635,3079.062356,1.991660,753.291275,5.130600,5.207932,1097.359761,455.510161,136.348324,76.738772,0.422008,4.017169,-0.924419,0.011619,0.000135,0.924492,-0.905240,-0.971770,0.066530,-0.830216,1.136189,0.009194,213.671519,-474.250598,230.171365,11.101620,7.383303,4.711420,4.066905,3.118834,3.143698,0.780829,4.585708,0.721711,0.021017,0.000442,0.722017,0.755020,0.626510,0.128510,-0.862863,1.488990,0.016887,130.327255,-199.326010,179.733060,11.816263,7.255499,6.960953,7.531380,6.502984,5.791433,0.813960,4.605123,0.075857,0.009220,0.000085,0.076416,0.102450,0.048998,0.053452,-0.160055,0.111333,0.007307,1.459839,-615.123115,18.891983,11.427556,7.496784,3.232632,3.039693,2.523870,1.976340,0.741464,4.518376,1.175467,0.010552,0.000111,1.175515,1.201058,1.144587,0.056471,-0.336402,-0.296242,0.008534,345.458613,-560.035493,292.700578,12.516256,6.968689,2.578047,3.969455,3.277992,3.012806,0.784644,4.594845
-1.564172,0.087998,0.007744,1.566645,-1.405500,-1.857500,0.452000,-0.880851,0.428120,0.067430,613.594117,-25.710049,389.526050,6.490425,6.827876,55.335633,10.768313,15.488352,7.087253,0.570077,4.175393,9.628730,0.043753,0.001914,9.628829,9.769500,9.505900,0.263600,0.003404,0.210199,0.033666,23178.587005,-67.324571,2397.555200,8.976869,6.919971,24.301424,13.712319,13.413445,8.151303,0.750728,4.547530,1.250854,0.056381,0.003179,1.252124,1.399000,1.015000,0.384000,-0.948656,2.793634,0.038738,391.953642,-39.996456,311.473250,6.475027,6.679604,37.458460,5.210247,7.774405,5.017220,0.514798,4.120305,9.835374,0.044278,0.001961,9.835474,9.944637,9.716706,0.227932,-0.106882,-0.137055,0.034444,24184.134764,-75.674230,2449.018895,9.048150,6.853044,25.084248,13.201070,14.103043,8.279468,0.741309,4.540145,-1.029932,1.079570,1.165472,1.492056,1.602800,-4.729900,6.332700,-0.499546,1.812691,0.771880,556.557933,2.213970,303.831880,4.636562,5.809602,691.862648,82.606583,70.010551,39.086323,0.396855,3.802156,-0.476031,1.384812,1.917704,1.464346,2.864300,-5.341700,8.206000,-0.948863,1.693736,1.042631,536.077403,1.999110,266.936509,5.544526,5.835648,891.196454,215.707610,257.305277,51.517952,0.459748,4.078757,0.419996,2.272578,5.164612,2.311062,8.034300,-4.999400,13.033700,1.268540,2.513482,1.537701,1335.252163,1.530172,385.046226,4.061585,5.153942,1506.635957,244.545282,93.012355,75.808516,0.346404,3.753938,2.622798,1.682998,2.832482,3.116336,8.509519,0.408691,8.100828,1.561371,2.260343,1.236953,2427.887498,2.028809,653.799095,4.784259,5.847297,1128.531665,218.138772,118.620916,68.409464,0.444109,3.949930,-0.925911,0.011177,0.000125,0.925979,-0.907260,-0.971770,0.064510,-0.811706,1.187820,0.008779,214.359119,-490.274402,230.549370,11.095837,7.271829,4.465455,4.076236,3.076407,3.146327,0.770440,4.589152,0.719294,0.020888,0.000436,0.719597,0.753010,0.626510,0.126500,-0.918598,1.424912,0.016777,129.454937,-201.941431,179.093510,11.970628,7.136103,6.651882,8.030816,6.219284,6.536357,0.828849,4.630156,0.090459,0.017570,0.000309,0.092149,0.133630,0.051225,0.082405,0.131820,-0.985430,0.015174,2.122875,-330.648971,22.517809,9.670280,8.072089,7.203271,3.020459,2.805941,2.760691,0.725320,4.372160,1.176280,0.010594,0.000112,1.176328,1.205495,1.144587,0.060907,-0.271544,-0.285964,0.008592,345.936931,-519.750605,292.884956,12.507854,7.040496,2.752753,4.264405,3.071445,3.086075,0.814458,4.611465
-1.523674,0.066142,0.004375,1.525109,-1.405500,-1.857500,0.452000,-2.195996,7.138161,0.042628,581.489296,-35.164894,379.328550,7.001700,7.001013,44.266408,9.619856,11.848650,7.061221,0.593851,4.268154,9.637478,0.035492,0.001260,9.637544,9.769500,9.515200,0.254300,0.072960,1.506902,0.025768,23220.562398,-76.827723,2399.744050,9.689135,6.911284,18.032510,11.643231,13.189006,7.890704,0.757098,4.580129,1.235188,0.054791,0.003002,1.236403,1.399000,1.015000,0.384000,-0.408575,2.391882,0.039091,382.173112,-39.543103,307.640750,6.453375,6.818427,35.420588,5.741241,6.816806,4.988327,0.554004,4.137886,9.835426,0.036021,0.001297,9.835492,9.944637,9.716706,0.227932,0.003335,1.044964,0.026843,24184.224806,-84.714691,2449.031543,9.883385,6.828845,17.962674,11.407496,13.962607,8.012150,0.781365,4.591081,-1.066326,0.879684,0.773844,1.382351,1.602800,-4.729900,6.332700,-1.261544,5.787648,0.534823,477.723715,1.554185,286.947346,5.005831,6.142789,594.942683,87.562259,68.238463,40.842682,0.429039,3.935165,-0.395187,1.250031,1.562577,1.311011,1.298500,-5.341700,6.640200,-1.755325,3.605206,0.879069,429.687435,2.052543,217.676448,5.285224,5.966671,781.791129,157.671864,182.060848,52.511079,0.457066,3.995249,0.771308,1.468194,2.155593,1.658466,8.034300,-1.848800,9.883100,3.096284,11.971380,0.774121,687.627173,1.256435,240.149309,4.659954,5.583998,1063.061605,210.422936,90.804354,68.830505,0.414641,3.966257,2.007634,1.532827,2.349560,2.525897,8.509519,0.408691,8.100828,2.520609,6.301352,0.993548,1595.038324,1.470084,498.706226,4.792138,6.207675,984.488541,155.498180,99.204833,66.019889,0.417534,3.866062,-0.923371,0.009510,0.000090,0.923420,-0.907260,-0.961690,0.054430,-0.727134,0.572102,0.007662,213.176054,-613.224825,229.918325,11.439940,6.926506,3.360145,4.077437,3.033460,2.657182,0.839794,4.647212,0.722161,0.019542,0.000382,0.722425,0.753010,0.644580,0.108430,-0.819351,0.693312,0.015974,130.474541,-242.213141,179.837400,12.052097,7.011066,6.042805,7.839277,5.805937,5.915962,0.821868,4.632465,0.104401,0.011779,0.000139,0.105063,0.133630,0.057906,0.075724,-0.976489,1.443546,0.009040,2.759566,-414.988239,26.017773,10.600837,7.813484,5.718618,3.152999,2.872088,3.138680,0.794383,4.582653,1.177086,0.010466,0.000110,1.177132,1.205495,1.144690,0.060804,-0.241070,-0.209881,0.008499,346.410161,-522.795768,293.106979,12.248056,6.991728,2.962515,4.162538,3.095851,2.947044,0.821132,4.620456
-1.498684,0.036790,0.001353,1.499135,-1.369800,-1.594700,0.224900,0.657220,1.115004,0.028636,561.851802,-87.676682,373.224900,8.328417,6.966170,22.394744,8.191391,12.006243,4.968615,0.699211,4.460466,9.644992,0.026985,0.000728,9.645030,9.735400,9.567000,0.168400,0.291082,0.950102,0.020759,23256.649722,-134.518210,2401.603350,11.295193,6.805989,9.605068,7.854749,12.876391,7.189220,0.769988,4.587144,1.210928,0.028974,0.000839,1.211274,1.300800,1.139500,0.161300,-0.036996,-0.270030,0.023565,366.796283,-134.120306,301.523900,8.320307,7.062741,18.135206,4.865008,7.751770,3.892786,0.657979,4.408618,9.835667,0.028958,0.000839,9.835710,9.931657,9.748255,0.183402,0.303018,1.023480,0.021953,24185.297807,-116.413273,2449.089526,10.800221,6.749967,11.578347,7.921153,13.622306,7.145534,0.761380,4.568193,-1.066806,0.459496,0.211136,1.161555,0.611050,-2.259500,2.870550,0.538340,1.520389,0.346335,337.302599,2.077056,270.670428,6.456364,6.946673,301.571802,62.908011,53.212074,38.910461,0.558236,4.165566,-0.037198,0.572618,0.327892,0.573825,1.230400,-1.634600,2.865000,-0.033624,-0.571300,0.480247,82.318874,2.896413,119.526186,7.310436,6.389948,327.581066,112.559414,180.575213,42.847207,0.564893,4.277258,0.500910,0.824205,0.679313,0.964481,3.229400,-2.152300,5.381700,-0.143005,2.909159,0.561470,232.556024,1.901427,186.516499,5.468826,6.039282,504.451774,111.040268,78.558870,40.798969,0.453844,3.958217,1.537442,0.494955,0.244981,1.615150,3.259546,0.465088,2.794458,1.499615,2.863924,0.337537,652.177498,1.759219,382.919684,6.758347,6.624375,343.020878,84.789248,95.039559,45.576573,0.607477,4.297970,-0.921500,0.009780,0.000096,0.921552,-0.901210,-0.959680,0.058470,-0.641202,0.628093,0.007835,212.314402,-560.817609,229.447540,11.925225,7.146616,3.387540,3.664234,2.934873,3.018901,0.836592,4.643564,0.722884,0.019558,0.000383,0.723148,0.757030,0.642570,0.114460,-0.911411,1.336932,0.015591,130.735849,-229.377556,179.988000,12.516970,7.178781,5.746341,7.537292,5.470747,6.047291,0.804861,4.620341,0.104659,0.008779,0.000077,0.105027,0.124720,0.066815,0.057905,-0.567422,1.304735,0.006773,2.757654,-585.201538,26.052325,12.181302,7.261974,2.867565,3.118735,2.674343,2.835526,0.815661,4.636769,1.176061,0.010571,0.000112,1.176109,1.198069,1.141028,0.057041,-0.464838,0.282852,0.008471,345.807904,-555.101975,292.827874,12.649874,7.065257,2.670389,4.079387,3.069697,3.193729,0.833738,4.629872
-1.476844,0.042235,0.001784,1.477448,-1.369800,-1.559500,0.189700,0.190198,-0.446843,0.034146,545.712989,-98.239569,367.759000,7.766468,6.862991,25.384761,7.323709,11.768114,4.855130,0.632208,4.347937,9.648306,0.026272,0.000690,9.648341,9.735400,9.567000,0.168400,0.177219,0.904795,0.019819,23272.622792,-137.087721,2402.431750,11.011921,6.841856,9.507145,9.143765,12.133601,5.984985,0.752818,4.584652,1.205497,0.026899,0.000724,1.205797,1.300800,1.139500,0.161300,0.231863,0.231278,0.021346,363.486518,-141.432034,300.166100,9.111780,7.268820,15.742163,4.671015,7.988127,4.409082,0.712055,4.474802,9.834964,0.027884,0.000777,9.835003,9.931657,9.748255,0.183402,0.305060,1.154277,0.021076,24181.822299,-117.992444,2448.913054,10.792155,6.820964,10.719924,8.899791,12.897593,6.102657,0.746946,4.566643,-1.138805,0.451389,0.203752,1.225002,0.611050,-2.259500,2.870550,0.799291,2.326953,0.325329,375.157423,1.830267,288.637418,6.833644,7.050671,283.393252,71.249742,57.061929,44.573534,0.579570,4.194550,-0.042673,0.533347,0.284459,0.535051,1.230400,-1.275300,2.505700,0.008699,-0.588323,0.438803,71.570009,2.928803,108.875582,7.676727,6.352012,305.152863,109.867962,182.542859,47.543510,0.601398,4.333054,0.547001,0.882145,0.778180,1.037974,3.229400,-2.152300,5.381700,0.091575,2.170819,0.595568,269.347486,2.011507,194.124100,5.319605,5.888434,552.672672,112.055713,86.886158,37.944012,0.446610,3.954907,1.611910,0.515795,0.266044,1.692424,3.259546,0.852548,2.406998,1.340557,1.568312,0.375245,716.074917,2.151682,401.533249,6.715190,6.652321,359.091895,87.840724,94.241706,44.268195,0.593441,4.288430,-0.919016,0.009971,0.000099,0.919070,-0.901210,-0.959680,0.058470,-0.712078,0.686379,0.008013,211.172531,-562.057101,228.848795,11.723816,6.964333,3.301444,3.716424,3.390356,3.267893,0.788406,4.612305,0.724852,0.019197,0.000369,0.725106,0.759040,0.642570,0.116470,-0.853462,1.224759,0.015409,131.444689,-229.887243,180.475020,12.421856,7.085704,5.771118,7.398244,6.553155,6.569441,0.814127,4.653789,0.106254,0.008642,0.000075,0.106605,0.126950,0.073497,0.053453,-0.475650,0.460755,0.006833,2.841148,-632.817543,26.458828,12.261380,7.285292,2.965254,2.933362,2.710196,2.949673,0.845766,4.654432,1.175469,0.010347,0.000107,1.175514,1.196874,1.141028,0.055845,-0.554744,0.289403,0.008200,345.458369,-569.882962,292.694511,12.867574,6.840253,2.399666,4.065240,3.279071,3.616036,0.832439,4.638178
-1.460965,0.044454,0.001976,1.461641,-1.309300,-1.606600,0.297300,0.172400,0.576715,0.034529,534.098573,-56.585005,363.841850,8.273041,7.229018,25.458049,8.068855,11.087308,5.874749,0.676460,4.375534,9.649771,0.024788,0.000614,9.649803,9.747400,9.553700,0.193700,-0.001954,1.613487,0.018103,23279.672730,-119.327280,2402.750750,10.567332,6.731219,10.128965,11.241940,9.505645,5.205025,0.814062,4.637504,1.201736,0.025392,0.000645,1.202005,1.263300,1.138600,0.124700,0.168575,-0.077463,0.019985,361.203784,-185.624002,299.270700,9.221997,7.407448,14.846907,5.354920,6.826902,4.415124,0.712335,4.483830,9.833577,0.025652,0.000658,9.833611,9.932451,9.719547,0.212904,-0.252181,1.911170,0.019356,24174.975087,-105.783631,2448.532994,10.423385,6.705110,11.030677,10.913138,9.837106,5.289541,0.798980,4.621421,-1.170685,0.362547,0.131440,1.225538,-0.170020,-2.175600,2.005580,0.061039,-0.043463,0.285927,375.485942,1.880246,291.216130,7.716329,7.428466,215.780525,61.274226,57.832058,45.408211,0.623035,4.300579,-0.015326,0.704885,0.496863,0.705052,2.509200,-2.197100,4.706300,-0.082811,0.676448,0.546166,124.274543,2.277998,134.855719,7.269328,6.367609,395.369163,155.138799,170.842937,60.336340,0.614982,4.300315,0.559985,0.639265,0.408660,0.849849,2.549300,-1.108400,3.657700,0.527546,0.955888,0.476302,180.560920,2.460885,167.352354,5.603234,5.939713,444.861708,110.303809,74.728600,35.433010,0.481469,4.112867,1.578091,0.480535,0.230914,1.649632,3.005249,0.521385,2.483865,0.633959,0.208671,0.374153,680.321405,2.540887,392.024187,7.476600,7.080975,289.478443,92.967380,98.495910,48.425364,0.614729,4.322758,-0.918210,0.009812,0.000096,0.918262,-0.903230,-0.955650,0.052420,-0.690414,0.219460,0.008053,210.801249,-639.822143,228.632015,12.408296,6.903042,2.790983,3.636902,3.532274,3.369489,0.811286,4.641008,0.726137,0.019606,0.000384,0.726401,0.759040,0.642570,0.116470,-1.098874,2.183931,0.015610,131.914705,-229.071599,180.809260,12.370225,6.991654,6.195795,7.208515,6.479679,6.740048,0.834266,4.646984,0.108971,0.007785,0.000061,0.109249,0.126950,0.082405,0.044545,-0.730043,0.776714,0.006086,2.983827,-812.566386,27.128073,12.316389,7.262145,2.787605,2.916751,2.037333,2.957708,0.833879,4.662305,1.175880,0.010224,0.000105,1.175925,1.199229,1.141849,0.057380,-0.588084,0.447858,0.008059,345.699781,-556.589320,292.792702,12.357458,7.063165,3.126589,3.768774,3.177779,3.200437,0.794521,4.615641
-2.073489,2.632119,6.928052,3.350732,6.589000,-6.757400,13.346400,0.595172,-0.238501,2.152117,2806.851750,1.723881,722.284778,7.376445,7.591854,1193.150884,296.955064,305.458366,234.714319,0.614157,4.148306,5.488141,4.182802,17.495833,6.900401,11.052000,-2.740800,13.792800,-0.232488,-1.693807,3.971696,11903.882149,1.626544,1393.279518,5.247399,6.666529,1839.499306,368.539674,205.791040,175.342414,0.489709,3.806809,5.363760,3.430221,11.766416,6.366815,10.715000,0.284170,10.430830,-0.108396,-1.794813,3.292724,10134.083854,1.833428,1335.779800,5.546687,6.956155,1405.284641,294.316431,174.616920,153.828201,0.493752,3.777503,9.955664,0.513839,0.264031,9.968915,12.530233,7.781051,4.749182,1.148786,5.378039,0.343167,24844.817753,1.311350,2478.978324,9.661956,7.190247,275.330547,207.336929,160.751450,85.882623,0.786201,4.619298,-17.341715,21.326704,454.828312,27.487514,8.393200,-85.206000,93.599200,-1.301921,1.038350,17.342311,188890.850989,0.440670,4465.829220,3.726086,5.036932,11958.827042,1697.661822,825.767698,595.059661,0.331690,3.630769,-9.432187,31.988693,1023.276456,33.350301,85.559000,-127.710000,213.269000,-0.790859,2.152688,21.609609,278060.650802,0.220435,5347.067531,5.446294,5.860884,22500.368031,5518.375729,3151.423989,2058.245106,0.485826,4.103162,-8.678002,34.213141,1170.539043,35.296554,59.884000,-91.543000,151.427000,-0.528350,0.043125,25.037979,311461.689752,0.303808,5819.914442,5.415826,7.192049,16235.144907,1763.344592,1967.000598,1976.441122,0.446223,3.687426,42.464530,36.199675,1310.416499,55.800114,163.155523,1.210173,161.945350,0.798133,-0.028316,29.929570,778413.191543,0.289840,10603.418239,5.036260,5.916504,19977.237168,5174.492804,1996.643744,1736.038282,0.452705,3.925835,-0.680670,0.165458,0.027376,0.700491,-0.377020,-0.951610,0.574590,-0.230461,-1.295230,0.145497,122.671862,-12.985474,169.452685,4.247818,5.966149,88.981602,13.485449,8.231339,5.567384,0.414485,3.668434,0.071366,0.730747,0.533991,0.734224,1.042200,-0.817270,1.859470,-0.017320,-1.828312,0.703645,134.771082,-0.019897,175.659707,4.666405,6.456120,269.601872,42.955064,26.678109,22.764105,0.472871,3.533425,0.529505,0.286898,0.082311,0.602235,1.008900,0.084633,0.924267,-0.330958,-1.206763,0.250202,90.671682,-3.731014,131.996634,4.283120,6.165611,115.403773,17.331464,10.959095,8.422351,0.442319,3.512806,1.179767,0.024656,0.000608,1.180025,1.241556,1.137182,0.104374,0.464489,-0.554810,0.020241,348.114626,-228.147614,293.780574,9.762667,7.839851,8.518278,4.896770,3.923467,3.888127,0.706514,4.310778
-4.444702,0.936203,0.876477,4.542229,-1.430000,-6.757400,5.327400,1.247141,1.549328,0.680971,5157.962207,2.003649,1106.846800,6.579499,6.831017,658.839126,219.328455,105.190497,85.518953,0.612361,4.309583,0.767372,1.631493,2.661769,1.802950,7.628200,-2.740800,10.369000,1.933601,3.862098,1.142886,812.657053,1.393560,255.540797,6.269550,6.891896,1029.203596,290.696988,162.359812,127.870117,0.582461,4.191222,8.664963,0.491128,0.241207,8.678871,10.715000,6.106500,4.608500,-1.154368,6.408481,0.288069,18830.698461,0.961562,2158.863350,7.052085,6.482879,290.258258,138.389560,89.786561,55.960744,0.641220,4.346925,9.954959,0.322593,0.104067,9.960184,12.261384,8.567958,3.693426,1.951244,14.200844,0.179343,24801.317721,0.257805,2478.538062,8.967658,6.663814,169.106930,142.988608,93.650642,55.586818,0.765076,4.581839,-10.630838,19.651187,386.169142,22.342423,6.054600,-85.206000,91.260600,-2.297038,4.707921,13.689975,124795.965508,0.396525,2821.027798,3.675121,5.294647,11993.873780,1231.479144,909.426210,561.974844,0.350341,3.626026,-2.397235,28.852453,832.464041,28.951870,85.559000,-127.710000,213.269000,-1.132950,3.665741,17.440418,209552.694303,0.218966,4166.131814,4.329765,5.004946,19912.452076,4376.968856,1777.000115,583.181611,0.350302,3.855423,-4.859745,17.666308,312.098452,18.322543,29.495000,-72.012000,101.507000,-2.228058,5.069906,10.480875,83928.892603,0.364722,2242.980525,5.671666,6.873572,11276.432967,1913.073784,1391.938995,1141.546587,0.524886,4.040583,25.015162,32.362816,1047.351871,40.903670,163.155523,0.549948,162.605575,2.022558,3.917534,23.598982,418277.552415,0.257703,6211.057979,4.434645,5.556775,20680.354562,4261.622977,1969.279160,1058.364147,0.409475,3.872315,-0.579291,0.068865,0.004742,0.583369,-0.377020,-0.868950,0.491930,-0.607527,4.465481,0.042774,85.079983,-28.991466,144.102870,6.070155,6.773837,43.552240,10.038610,6.846184,4.501518,0.562192,4.118042,-0.718763,0.178747,0.031951,0.740656,0.170680,-0.893570,1.064250,3.071700,9.648616,0.105312,137.142690,-8.426103,180.053192,6.057961,6.741516,118.078293,30.624310,17.613433,15.234986,0.602105,4.214023,0.672258,0.112583,0.012675,0.681620,1.008900,0.570160,0.438740,1.721084,1.827937,0.083025,116.151601,-32.657622,167.355255,4.167347,6.144141,56.657038,7.524559,4.014928,4.818953,0.385154,3.554042,1.163272,0.017176,0.000295,1.163399,1.222322,1.130945,0.091378,0.833621,0.564068,0.013896,338.374274,-299.737946,289.641857,11.279580,7.411941,7.204997,5.522118,5.268815,5.073906,0.814825,4.622937
-4.907829,0.048418,0.002344,4.908068,-4.756400,-5.079200,0.322800,-0.232504,0.733244,0.037333,6022.281967,-50.692054,1222.070200,9.665111,6.352473,19.482003,24.624422,17.128689,6.799873,0.732304,4.545142,-0.222672,0.049281,0.002429,0.228060,-0.033994,-0.382110,0.348116,0.167876,1.182314,0.037152,13.002889,-47.554433,55.467098,6.992536,6.082843,33.377251,16.939202,5.716003,4.599898,0.575770,4.334519,8.622999,0.023284,0.000542,8.623031,8.677100,8.529100,0.148000,-0.589664,1.549029,0.017497,18589.164337,-160.808933,2147.123650,10.412877,7.041324,10.258407,10.409745,7.055128,5.367246,0.809679,4.624519,9.924582,0.021651,0.000469,9.924606,9.986211,9.837533,0.148678,0.033816,1.126354,0.016679,24624.449194,-163.515803,2471.229128,12.518300,6.556135,5.229044,8.117905,10.129784,5.607043,0.811258,4.621950,-1.060950,0.410460,0.168477,1.137582,0.033433,-1.999400,2.032833,0.204975,-0.331741,0.329136,323.522972,2.456272,264.379991,6.837096,6.522965,267.252376,109.717121,49.986654,39.663762,0.592846,4.291305,0.092692,0.484695,0.234929,0.493479,3.024500,-1.083800,4.108300,1.640183,7.633749,0.348160,60.880324,1.441203,86.277390,7.376720,5.913502,282.910498,222.801209,91.057493,46.463988,0.611885,4.396633,0.504580,0.592584,0.351155,0.778304,3.692100,-1.305900,4.998000,1.251996,6.276317,0.387370,151.439089,1.481748,146.450919,5.685979,6.141114,410.784220,138.244553,33.444985,38.395355,0.477696,4.129648,1.367997,0.521492,0.271954,1.464025,4.767949,0.297253,4.470696,2.641747,12.861253,0.347361,535.842384,1.288542,340.927898,6.720675,6.136996,327.683911,168.633323,61.828821,48.221759,0.600027,4.313944,-0.583492,0.008866,0.000079,0.583559,-0.568550,-0.622980,0.054430,-0.686709,1.037851,0.007180,85.135403,-626.212234,145.289350,11.532687,7.089890,3.194397,3.605017,2.275442,2.577613,0.808381,4.612934,-0.814161,0.018577,0.000345,0.814373,-0.781120,-0.871490,0.090370,-0.544551,-0.365397,0.015811,165.800666,-298.932600,202.745980,12.486858,6.889092,4.316342,8.087966,5.066096,6.116135,0.795029,4.599949,0.580285,0.008271,0.000068,0.580344,0.596880,0.550110,0.046770,-0.659198,0.525069,0.006502,84.199645,-726.104988,144.492075,12.522693,7.016771,2.588093,3.004618,2.727544,3.227352,0.839448,4.670219,1.157726,0.014587,0.000213,1.157818,1.212382,1.132276,0.080106,0.601274,0.086516,0.012186,335.135714,-360.874656,288.288446,12.312671,6.953924,3.763784,6.405099,3.726596,4.774096,0.834567,4.625180
-4.948701,0.057709,0.003330,4.949038,-4.719700,-5.102900,0.383200,0.029362,0.182659,0.046714,6123.243484,-37.348607,1232.174350,9.618075,6.572538,23.770562,24.480177,19.775212,11.621233,0.742472,4.556184,-0.195506,0.049719,0.002472,0.201729,-0.033994,-0.310070,0.276076,0.281479,-0.256642,0.040855,10.173656,-59.816313,48.674776,7.934249,6.687906,27.111971,17.197855,9.095141,4.681445,0.647394,4.387306,8.600590,0.027692,0.000767,8.600634,8.673900,8.529100,0.144800,-0.080792,-0.302916,0.022405,18492.727080,-153.310124,2141.561650,9.976504,7.129219,11.785667,9.817873,7.751538,5.989172,0.767251,4.542525,9.924924,0.021280,0.000453,9.924947,9.985178,9.846182,0.138996,-0.061063,0.717705,0.016438,24626.144221,-175.971163,2471.292735,11.681042,6.414747,5.711050,9.586958,9.454040,5.368657,0.801801,4.628749,-1.108390,0.396812,0.157460,1.177280,0.033433,-2.123500,2.156933,-0.020425,-0.144510,0.312900,346.497291,2.298506,275.637753,7.235354,6.664888,246.281468,125.772791,53.011592,36.587992,0.617819,4.338874,0.106465,0.594426,0.353342,0.603885,3.024500,-1.568900,4.593400,0.807475,3.381461,0.425200,91.169270,1.806554,105.340006,7.718321,6.189400,355.300772,252.859511,132.774372,73.798225,0.657348,4.460595,0.437249,0.534335,0.285514,0.690435,3.692100,-1.230400,4.922500,2.180271,10.130867,0.338742,119.175163,1.229582,122.652940,6.520561,6.346471,366.066841,150.826483,56.162045,42.137682,0.569582,4.275666,1.397678,0.523318,0.273862,1.492437,4.767949,0.582628,4.185321,2.617266,12.036220,0.357135,556.841724,1.309735,347.315174,7.265937,6.633330,349.392754,160.427224,83.485137,54.313454,0.646146,4.391468,-0.586605,0.009069,0.000082,0.586675,-0.568550,-0.612900,0.044350,-0.241222,-0.410489,0.007479,86.047011,-755.879749,146.061615,11.601171,7.096064,2.802020,3.414311,2.223549,2.856215,0.768153,4.553698,-0.813269,0.020647,0.000426,0.813531,-0.781120,-0.891570,0.110450,-0.901339,0.878254,0.016870,165.458105,-238.235315,202.506960,12.790753,6.895241,5.374789,8.883431,6.333958,7.325786,0.833762,4.662134,0.579706,0.008366,0.000070,0.579766,0.596880,0.550110,0.046770,-0.790533,0.574372,0.006580,84.032154,-723.530479,144.341780,12.461550,7.020869,2.676677,2.911621,3.036845,2.859727,0.829040,4.652973,1.158405,0.015728,0.000247,1.158512,1.216918,1.132276,0.084642,0.835691,0.765015,0.012914,335.537270,-334.800138,288.440951,12.499915,6.972482,4.347255,6.858186,4.295277,5.709918,0.844694,4.659150
-4.994900,0.056489,0.003191,4.995219,-4.719700,-5.163400,0.443700,0.485902,1.882889,0.043071,6238.054255,-33.081693,1243.718400,9.668983,6.558774,24.555329,26.581131,19.054447,10.248162,0.766962,4.580607,-0.206882,0.057372,0.003292,0.214690,-0.080767,-0.383250,0.302483,-0.202577,-0.374889,0.047088,11.522977,-48.091346,51.501018,7.654428,6.747700,32.984414,17.379649,10.195507,5.566589,0.647816,4.388563,8.571550,0.027061,0.000732,8.571592,8.661700,8.484700,0.177000,-0.073234,0.581648,0.021636,18368.048714,-124.206612,2134.288950,10.509756,7.146652,11.891188,10.279792,8.792155,7.026918,0.814422,4.632093,9.923198,0.025528,0.000652,9.923231,10.003930,9.846182,0.157748,0.030368,0.200240,0.020270,24617.625947,-142.240936,2470.847131,11.427896,6.546919,7.651161,11.980653,10.520866,5.878522,0.789890,4.626009,-1.146081,0.421806,0.177920,1.221238,0.132350,-2.123500,2.255850,0.350292,0.055667,0.336787,372.855380,2.413906,286.364021,7.419506,6.856529,260.980857,137.400311,55.891379,44.369772,0.645971,4.384681,0.091273,0.532909,0.283992,0.540668,1.848300,-1.568900,3.417200,0.129289,0.843459,0.402443,73.080604,2.249729,101.265887,8.539694,6.366769,282.714455,248.266808,129.700540,91.240700,0.708986,4.510701,0.399316,0.420948,0.177198,0.580216,1.693100,-1.230400,2.923500,-0.043623,0.822967,0.327959,84.162654,1.921128,117.451034,8.269935,7.173651,279.762854,110.443875,71.736947,54.333595,0.690637,4.453391,1.397860,0.407899,0.166381,1.456157,2.960646,0.516424,2.444223,0.560557,0.725555,0.321038,530.098638,2.025475,348.570984,8.500646,7.355062,247.922399,112.153998,74.634973,58.083304,0.675377,4.436697,-0.588202,0.008881,0.000079,0.588269,-0.570560,-0.618950,0.048390,-0.428750,-0.123693,0.007315,86.515139,-690.471111,146.450725,11.831806,6.844676,2.634098,3.755755,2.468801,3.134592,0.816077,4.618032,-0.814947,0.020287,0.000412,0.815200,-0.783130,-0.891570,0.108440,-0.875069,0.855641,0.016572,166.137726,-241.950691,202.871400,12.485147,7.040472,5.956653,7.889054,5.930374,6.669472,0.825608,4.640010,0.577318,0.007956,0.000063,0.577373,0.594650,0.554570,0.040080,-0.264800,-0.362442,0.006504,83.339924,-862.973947,143.760530,11.669236,7.307982,2.965745,2.649799,2.517495,2.175318,0.826956,4.625174,1.159191,0.015730,0.000247,1.159298,1.216918,1.131990,0.084928,0.813855,0.754748,0.012831,335.992790,-331.326831,288.600718,12.546957,7.011576,4.405956,6.220536,4.111002,5.687767,0.809095,4.628179
-5.017012,0.049918,0.002492,5.017261,-4.840600,-5.163400,0.322800,0.279917,0.714355,0.038617,6293.226310,-49.679480,1249.209600,9.701193,6.256794,20.737914,25.784183,19.577671,8.300626,0.758036,4.602573,-0.248824,0.047569,0.002263,0.253330,-0.129910,-0.383250,0.253340,0.030922,-0.106290,0.037608,16.044039,-63.716010,61.955090,8.150292,6.524359,25.829215,19.501928,8.531248,5.939614,0.678210,4.440532,8.556393,0.024675,0.000609,8.556428,8.642200,8.484700,0.157500,0.262991,0.717493,0.018143,18303.116650,-145.872708,2130.559400,11.342807,7.084552,9.202488,10.672978,8.524957,6.654975,0.785416,4.641182,9.922137,0.027393,0.000750,9.922175,10.003930,9.840121,0.163810,0.002811,0.069896,0.021956,24612.386999,-133.470486,2470.613948,11.809597,6.573289,6.795698,13.432093,11.432955,5.831341,0.786771,4.620751,-1.178824,0.428249,0.183398,1.254202,0.132350,-2.324900,2.457250,0.136697,0.511419,0.330442,393.255805,2.232419,294.036996,7.285100,6.582217,264.236625,152.297862,52.649135,49.913214,0.630111,4.368395,0.071521,0.453575,0.205730,0.459179,1.537800,-1.155400,2.693200,0.271241,0.672285,0.350248,52.711375,2.267770,86.855386,9.440128,6.776003,226.044851,193.571026,114.663502,98.563746,0.745693,4.557528,0.415844,0.383651,0.147188,0.565786,1.413900,-0.775940,2.189840,-0.224006,0.026045,0.309533,80.028422,1.971732,118.576506,8.257001,7.244875,268.275813,87.846830,81.673693,56.472834,0.702193,4.483615,1.397479,0.388632,0.151035,1.450511,2.713406,0.422437,2.290969,0.415971,0.564892,0.299340,525.995602,1.889228,347.778554,8.726091,7.048054,222.574614,143.542361,85.053061,64.289322,0.743071,4.529014,-0.587363,0.009428,0.000089,0.587439,-0.570560,-0.618950,0.048390,-0.780093,0.618600,0.007551,86.271071,-686.633048,146.252060,12.477808,6.941073,2.556267,3.907995,2.791259,3.352368,0.822106,4.639534,-0.818634,0.018846,0.000355,0.818851,-0.791160,-0.899600,0.108440,-0.818944,0.729456,0.015310,167.629366,-249.698049,203.841335,12.067153,6.756645,5.052027,8.530870,5.984481,5.992213,0.816584,4.629270,0.573006,0.007094,0.000050,0.573050,0.590200,0.543430,0.046770,-0.468319,0.733052,0.005679,82.096676,-752.353401,142.672545,11.682300,7.092928,2.439844,3.050579,2.254437,2.110891,0.841283,4.658951,1.159206,0.015137,0.000229,1.159305,1.225734,1.131990,0.093745,0.950072,1.403562,0.012097,335.997112,-303.800407,288.639753,12.155546,6.771091,4.031918,6.764332,4.984318,5.143425,0.861575,4.661897
-5.047858,0.062074,0.003853,5.048240,-4.840600,-5.260300,0.419700,-0.040353,0.930437,0.047822,6371.180899,-33.283785,1256.903400,10.290548,6.667865,24.292847,27.999939,23.568792,12.436998,0.820491,4.626136,-0.243748,0.067869,0.004606,0.253021,0.025526,-0.407610,0.433136,0.669923,1.148261,0.052639,16.004849,-30.439558,60.779607,8.129057,6.746768,44.208177,19.708316,11.903411,8.766247,0.685294,4.440312,8.537880,0.036317,0.001319,8.537957,8.660100,8.385300,0.274800,-0.128176,1.862179,0.027532,18224.178463,-69.976850,2125.919500,10.965406,7.595075,17.528191,12.999757,9.303771,9.273108,0.854207,4.662855,9.921922,0.030470,0.000928,9.921968,9.999834,9.808208,0.191626,-0.321922,0.409356,0.024105,24611.364211,-108.515387,2470.542026,12.121583,6.696606,7.475801,14.578667,12.636166,7.304835,0.817738,4.648861,-1.218461,0.564175,0.318293,1.342736,1.535800,-2.855700,4.391500,1.098391,4.973484,0.387591,450.734726,1.676767,315.097527,6.096752,5.909581,388.734326,155.280109,60.912949,38.536759,0.518129,4.219654,0.088897,0.623384,0.388608,0.629691,2.855800,-2.111100,4.966900,0.486723,3.199557,0.445718,99.127710,1.804640,111.397077,9.161092,6.514697,327.083635,261.798914,215.761898,116.241249,0.775733,4.600564,0.482730,0.599194,0.359033,0.769455,3.495900,-3.011200,6.507100,0.144769,8.924133,0.386725,148.015375,1.210350,146.845297,9.107504,7.893166,396.321860,121.574981,126.567389,94.541350,0.721191,4.507190,1.578883,0.546478,0.298639,1.670782,4.292851,0.422437,3.870415,1.573504,3.929907,0.394133,697.877812,1.702675,393.158512,7.029400,6.308759,375.818796,165.155454,100.553691,54.198450,0.633744,4.395771,-0.590782,0.010190,0.000104,0.590870,-0.570560,-0.622980,0.052420,-0.653749,-0.007362,0.008244,87.281945,-624.253166,147.103885,12.342800,7.169627,3.285748,3.710085,3.094247,3.443515,0.828236,4.644323,-0.821020,0.036771,0.001352,0.821843,-0.787150,-1.309200,0.522050,-9.466206,121.609507,0.017801,168.856522,-47.040816,204.435740,12.779821,6.950465,10.733671,14.799407,14.571198,13.241239,0.914400,4.744573,0.570940,0.007505,0.000056,0.570989,0.585750,0.543430,0.042320,-0.576931,0.269566,0.006054,81.507089,-843.281310,142.164745,12.409158,7.041975,2.263029,3.021482,2.513696,2.383615,0.823452,4.655832,1.161780,0.029151,0.000850,1.162146,1.546697,1.133243,0.413455,9.331054,118.979770,0.014362,337.645557,-64.713013,289.284528,12.777558,7.009765,8.859975,11.064339,11.421447,10.580073,0.908145,4.737722
-5.091307,0.056502,0.003192,5.091621,-4.862500,-5.260300,0.397800,0.544095,1.561609,0.042181,6481.150371,-38.362805,1267.735450,10.648458,6.602214,19.727322,28.676628,21.755764,12.605476,0.847542,4.654877,-0.248581,0.070928,0.005031,0.258502,0.025526,-0.407610,0.433136,0.655556,0.822580,0.056224,16.705830,-29.294151,61.909062,7.777019,6.709708,47.354678,21.339674,11.630125,9.020653,0.695240,4.446341,8.510697,0.032969,0.001087,8.510761,8.660100,8.385300,0.274800,0.861551,3.855533,0.023425,18108.261744,-76.489415,2119.145900,11.139073,7.451757,15.777993,12.694424,8.432292,9.575379,0.867834,4.685299,9.920870,0.028301,0.000801,9.920911,9.999834,9.808208,0.191626,-0.318326,0.809147,0.021710,24606.117945,-112.557739,2470.280903,12.135066,6.705813,7.201231,13.178333,12.325347,7.524371,0.843005,4.673776,-1.165649,0.581293,0.337902,1.302551,1.535800,-2.855700,4.391500,0.842524,3.924726,0.409266,424.160041,1.781670,301.740857,6.074362,6.171279,415.723531,132.808071,61.773502,44.520770,0.548847,4.232374,0.091521,0.587657,0.345340,0.594741,2.855800,-2.111100,4.966900,0.643244,4.385423,0.410054,88.429130,1.614165,102.570360,8.964148,6.297909,312.767808,260.588564,193.952259,107.834692,0.763677,4.587068,0.546778,0.699945,0.489923,0.888194,3.495900,-3.011200,6.507100,0.207230,4.242126,0.498303,197.222331,1.552386,167.231233,8.598457,7.879356,427.884645,125.595180,123.689637,89.934271,0.698672,4.409773,1.558231,0.641219,0.411162,1.685006,4.292851,0.234814,4.058037,1.186688,1.843466,0.479595,709.811502,2.085941,387.745136,6.235725,6.231679,450.654617,143.053032,85.519414,52.174494,0.567075,4.259296,-0.594726,0.009769,0.000095,0.594806,-0.576610,-0.629030,0.052420,-0.618322,0.110737,0.007951,88.448541,-630.052031,148.096765,12.686380,6.958807,2.799718,3.167965,3.595038,3.466155,0.838343,4.652981,-0.820899,0.037138,0.001379,0.821739,-0.787150,-1.309200,0.522050,-9.228269,116.955799,0.018110,168.813802,-46.198905,204.420655,12.860469,6.995587,10.841371,14.840386,14.649581,13.469817,0.913138,4.746615,0.567020,0.008288,0.000069,0.567081,0.585750,0.538980,0.046770,-0.403593,0.163015,0.006737,80.395094,-722.355641,141.185955,11.969101,7.395324,2.878851,2.808878,2.342497,2.548001,0.796871,4.601028,1.161793,0.029436,0.000867,1.162166,1.546697,1.133243,0.413455,9.065056,114.317073,0.014863,337.657438,-64.285324,289.302614,12.857984,7.048582,8.943662,11.237859,11.544507,10.707874,0.909934,4.744022
-5.118540,0.055538,0.003084,5.118842,-4.948200,-5.331800,0.383600,-0.108262,0.796852,0.043312,6550.635075,-39.401457,1274.471500,9.340969,6.255136,25.194074,26.430912,20.505428,9.209919,0.744279,4.576428,-0.255318,0.076901,0.005914,0.266647,-0.069646,-0.614690,0.545044,-0.867098,3.560041,0.055395,17.775208,-22.850290,63.577459,6.458950,6.074461,52.110355,20.418087,9.300909,5.519370,0.557097,4.257530,8.494354,0.025935,0.000673,8.494394,8.569200,8.408000,0.161200,-0.178819,0.610264,0.019995,18038.682321,-140.558460,2115.102250,9.800892,7.158857,14.754556,7.617531,7.408986,6.618018,0.793566,4.601778,9.921076,0.025108,0.000630,9.921107,10.022777,9.855308,0.167469,0.118923,0.824738,0.019798,24607.092604,-136.505267,2470.331186,12.068992,6.416336,6.145135,10.933742,11.624428,7.004755,0.798653,4.642019,-1.156724,0.690221,0.476405,1.347003,0.057300,-3.887200,3.944500,-1.294979,2.856213,0.505927,453.604048,2.286629,288.683905,5.695220,6.343370,461.385349,112.128745,63.359164,45.775525,0.499885,4.090938,0.052051,0.382323,0.146171,0.385850,1.393500,-0.929400,2.322900,0.296847,0.746637,0.293519,37.219998,1.952038,73.143234,8.446518,6.241564,211.002242,171.926767,108.225187,51.774255,0.703563,4.524785,0.605929,1.012158,1.024464,1.179667,4.074900,-1.363500,5.438400,1.015412,2.053025,0.752722,347.903606,2.389145,214.989515,4.587552,5.814873,640.670066,111.935393,55.554605,37.858213,0.418826,3.847709,1.565590,0.950704,0.903838,1.831642,5.567579,0.234814,5.332765,2.194914,5.943861,0.650328,838.727652,1.877111,390.077115,4.844239,5.985242,632.726802,111.814126,51.775878,45.111880,0.396245,3.869962,-0.600096,0.011320,0.000128,0.600203,-0.580650,-0.645160,0.064510,-0.761820,0.663869,0.009089,90.060980,-487.475121,149.426335,11.734061,7.374064,4.350460,3.540689,3.604160,3.502395,0.814310,4.622892,-0.817357,0.020649,0.000426,0.817618,-0.785140,-0.899600,0.114460,-1.088832,1.814705,0.016048,167.124794,-227.249373,203.531070,12.567389,7.018441,5.875278,7.487123,6.552999,8.184849,0.802915,4.636906,0.562040,0.008076,0.000065,0.562098,0.579060,0.530070,0.048990,-0.632127,0.657507,0.006368,78.988569,-705.355892,139.938750,11.971718,7.393330,2.950074,2.873226,2.466329,2.567885,0.822599,4.640795,1.159490,0.016739,0.000280,1.159611,1.220874,1.135008,0.085866,1.148074,1.648457,0.013177,336.174343,-331.083270,288.716209,12.614798,6.871318,4.591655,6.330456,5.753459,6.693603,0.831345,4.658535
-5.131462,0.053449,0.002857,5.131740,-4.948200,-5.331800,0.383600,0.150142,1.086582,0.040493,6583.689771,-40.453529,1277.761250,9.369490,6.486035,25.837119,21.733644,19.137838,8.495603,0.725175,4.539786,-0.245792,0.077695,0.006036,0.257779,-0.069646,-0.614690,0.545044,-1.087629,4.034361,0.054291,16.612498,-22.886802,61.243988,5.932518,5.857047,57.879127,16.233088,8.808921,5.514249,0.535486,4.219990,8.486326,0.025743,0.000663,8.486365,8.569200,8.408000,0.161200,0.229161,0.976602,0.018997,18004.599618,-143.601116,2113.103500,9.960011,7.351642,14.415363,8.092409,6.663884,6.324060,0.796684,4.602596,9.920636,0.024275,0.000589,9.920666,10.022777,9.860164,0.162612,0.316299,0.974552,0.019343,24604.901887,-143.875147,2470.260675,12.142039,6.750604,6.878192,9.745363,9.888385,7.097784,0.794390,4.630943,-1.033564,0.960780,0.923099,1.411153,0.454500,-3.887200,4.341700,-0.920756,0.415863,0.758493,497.838170,2.842362,268.862678,5.069229,6.180636,591.582418,105.688435,70.970660,48.748825,0.450789,3.906649,0.065334,0.370585,0.137333,0.376300,1.186200,-1.216100,2.402300,0.287259,1.329754,0.275032,35.400382,1.489572,68.601399,8.624634,6.392349,194.421656,158.893993,118.385814,51.426022,0.723574,4.535008,0.452431,1.521577,2.315197,1.587416,4.301100,-2.406400,6.707500,0.543483,0.046241,1.183149,629.972540,2.545825,305.939708,3.657411,5.512880,873.906675,83.504387,52.265444,34.916828,0.310479,3.493352,1.797485,1.192431,1.421893,2.157045,5.567579,0.343030,5.224548,1.726141,2.410241,0.851312,1163.211093,2.307236,447.537335,4.421424,5.833895,777.739234,100.003281,57.175410,47.060931,0.395489,3.764454,-0.602121,0.011374,0.000129,0.602228,-0.578630,-0.645160,0.066530,-0.645068,0.441416,0.008995,90.669731,-466.476110,149.935460,11.787851,7.368439,4.477677,3.549164,3.615041,3.684117,0.824514,4.633044,-0.817301,0.021696,0.000471,0.817589,-0.785140,-0.901610,0.116470,-1.057978,1.319007,0.017000,167.112976,-220.011596,203.504005,12.515143,7.031805,6.519111,8.001626,7.296899,8.054878,0.819589,4.659977,0.560909,0.007976,0.000064,0.560965,0.579060,0.530070,0.048990,-0.554535,0.499665,0.006318,78.670519,-704.053458,139.668130,11.893385,7.257439,2.677737,3.009298,2.417080,2.494323,0.794593,4.616761,1.159959,0.017577,0.000309,1.160092,1.230260,1.135008,0.095253,1.186121,1.729643,0.013753,336.453226,-293.216505,288.831577,12.637419,6.942066,5.188085,6.643144,5.974044,6.585058,0.854779,4.675785
-5.129728,0.060726,0.003688,5.130088,-4.866300,-5.426200,0.559900,-0.121758,5.518623,0.042707,6579.450274,-26.175938,1277.304400,12.351653,7.627187,24.112860,21.616167,20.084663,16.521573,0.826732,4.677256,-0.231796,0.065710,0.004318,0.240930,-0.058114,-0.456930,0.398816,-0.269235,1.118444,0.049318,14.511822,-33.907930,57.739484,7.632528,7.167574,47.844952,15.176766,9.239805,8.139678,0.664101,4.412193,8.489718,0.025944,0.000673,8.489758,8.601700,8.424500,0.177200,0.618612,1.326849,0.019894,18018.996208,-131.118451,2113.932500,10.260716,7.283400,14.014726,9.432445,6.085491,8.355671,0.804035,4.639772,9.922244,0.030092,0.000906,9.922290,10.064542,9.775411,0.289131,0.120382,4.585672,0.021798,24612.958304,-73.012141,2470.633925,14.054474,7.185309,6.357364,10.758131,9.948541,9.044263,0.812692,4.641371,-0.970585,0.925572,0.856684,1.341163,0.754200,-3.346200,4.100400,-0.524405,0.004877,0.720695,449.679597,2.944187,267.511544,5.274160,6.539111,518.495237,112.346229,51.352053,50.589343,0.463469,3.881246,-0.037193,0.508664,0.258740,0.510022,1.663100,-1.960000,3.623100,-0.425734,2.589586,0.354707,65.030707,1.837808,88.727701,9.483192,7.317154,278.754904,178.300629,127.751619,103.845531,0.767283,4.570324,0.259690,1.510953,2.282978,1.533107,4.301100,-3.207100,7.508200,0.198850,0.262419,1.115729,587.604221,2.258949,291.927617,6.642410,8.070876,784.514227,101.243674,74.878032,122.480919,0.518075,3.930276,1.822796,1.042435,1.086672,2.099823,5.440677,0.362560,5.078117,1.591738,2.181151,0.764595,1102.314524,2.303633,454.287982,5.866899,6.847660,663.934591,147.786207,80.759079,69.703526,0.530732,4.073031,-0.598226,0.010922,0.000119,0.598326,-0.576610,-0.639110,0.062500,-0.831538,0.870395,0.008533,89.498371,-500.842506,148.963730,12.073715,7.199739,3.753511,4.229998,3.820003,3.696131,0.862458,4.684166,-0.818217,0.021730,0.000472,0.818505,-0.787150,-0.901610,0.114460,-1.004020,1.199724,0.017266,167.487701,-224.500219,203.739925,12.653701,6.996537,6.540334,7.879304,7.596698,7.910265,0.855296,4.675720,0.564695,0.008364,0.000070,0.564757,0.583520,0.538980,0.044540,-0.420133,-0.090010,0.006684,79.737556,-788.585368,140.611350,11.410477,7.416699,3.459471,2.839991,2.552844,2.507177,0.826422,4.643474,1.160425,0.017574,0.000309,1.160558,1.230260,1.135107,0.095153,1.099545,1.560205,0.013914,336.723628,-293.450554,288.952603,12.834290,6.831224,4.711830,6.800462,6.323479,6.402632,0.853121,4.676817
-5.113038,0.081369,0.006621,5.113685,-4.650200,-5.569700,0.919500,-0.087187,8.816335,0.055086,6537.443609,-13.376546,1273.137300,13.689942,7.721092,26.363297,26.135979,19.832680,25.878836,0.856208,4.678678,-0.221461,0.062726,0.003935,0.230173,-0.058114,-0.456930,0.398816,-0.331880,1.197844,0.047756,13.244907,-35.405632,55.215549,8.655431,7.531645,43.347207,16.420791,8.813643,9.763343,0.674721,4.477268,8.500447,0.026198,0.000686,8.500487,8.601700,8.418700,0.183000,0.071658,0.784790,0.020245,18064.570537,-124.124568,2116.634300,10.835872,7.410965,13.196033,8.869350,6.534153,8.164822,0.810638,4.635378,9.922688,0.036073,0.001301,9.922753,10.095081,9.751327,0.343754,0.113814,5.719269,0.024343,24615.259053,-58.889478,2470.765746,15.026368,7.150789,6.124192,11.833617,10.143983,10.202546,0.804743,4.627822,-1.126060,0.796087,0.633755,1.379045,0.782990,-3.189800,3.972790,0.331273,0.010811,0.610406,475.441600,2.797890,302.982687,6.236221,6.816519,455.885300,120.639629,78.239538,64.017128,0.543970,4.100474,-0.090728,0.545968,0.298081,0.553455,1.778500,-2.402600,4.181100,-0.336644,3.081747,0.385134,76.578246,1.757952,96.557921,10.681724,7.451257,283.948175,195.935925,153.642091,156.647060,0.854224,4.676565,0.392958,1.354861,1.835649,1.410697,5.047800,-3.207100,8.254900,-0.425147,0.624790,0.988227,497.516432,1.957768,279.313152,9.005652,8.984625,702.066411,125.938660,83.855050,158.058838,0.549473,4.156932,1.869912,0.837600,0.701574,2.048938,6.206240,0.362560,5.843680,1.219780,2.470530,0.661744,1049.536278,1.936763,465.228942,8.266690,8.093134,539.935370,159.746389,89.749209,86.881378,0.637967,4.353757,-0.594992,0.011346,0.000129,0.595100,-0.574600,-0.639110,0.064510,-0.862470,1.120167,0.008803,88.536075,-486.710958,148.153260,11.691258,7.235899,4.159736,4.239492,3.727142,3.637359,0.834750,4.652204,-0.818297,0.020870,0.000436,0.818563,-0.787150,-0.901610,0.114460,-0.871500,1.031233,0.016893,167.511386,-226.033513,203.715815,12.550764,6.991690,5.841356,7.850168,6.990160,7.246089,0.820876,4.639244,0.568766,0.007881,0.000062,0.568821,0.587970,0.545660,0.042310,-0.520183,0.161634,0.006252,80.889208,-833.163420,141.642490,11.311364,7.438270,3.292192,2.745953,2.082344,2.324782,0.798088,4.611669,1.160804,0.016782,0.000282,1.160925,1.226301,1.134990,0.091311,0.871292,0.999631,0.013560,336.936669,-306.896133,289.020974,12.909363,6.861682,4.057752,6.606973,5.799937,5.806507,0.814907,4.642431
-5.106256,0.068047,0.004630,5.106709,-4.650200,-5.569700,0.919500,0.040434,15.990344,0.043800,6519.619157,-14.961467,1271.478450,13.606097,7.571416,20.939469,24.966139,16.696843,20.841953,0.874792,4.702235,-0.233875,0.057309,0.003284,0.240794,-0.094454,-0.432560,0.338106,-0.134897,0.214303,0.046036,14.495437,-43.015729,58.332005,8.456375,7.385617,35.904431,15.448788,8.086448,7.631784,0.708640,4.445063,8.501437,0.022686,0.000515,8.501467,8.563600,8.418700,0.144900,-0.028206,0.329850,0.017996,18068.737276,-163.441114,2116.834150,11.616849,7.427634,10.346727,6.745842,6.387325,8.126885,0.854709,4.667716,9.920208,0.029699,0.000882,9.920252,10.095081,9.751327,0.343754,0.279271,9.153078,0.019982,24602.851869,-64.179944,2470.124309,14.532190,7.153296,5.942476,9.817475,8.818053,8.722901,0.805946,4.643686,-1.223135,1.104570,1.220074,1.648070,1.575300,-3.595400,5.170700,0.397227,-0.001929,0.854540,679.033654,2.774234,356.886887,5.066993,6.573803,544.944519,92.551443,63.339358,46.397451,0.446687,3.756614,-0.006243,0.454087,0.206195,0.454130,1.778500,-2.402600,4.181100,-0.267469,3.767906,0.333913,51.558576,1.417521,83.100026,10.684891,7.359004,226.350132,161.700350,119.842750,124.547131,0.822892,4.639402,0.611014,1.752163,3.070074,1.855643,5.047800,-2.725400,7.773200,0.080705,-0.509285,1.407464,860.853078,2.352639,387.594619,8.161509,8.900810,724.397356,122.259095,85.179361,137.614734,0.546744,3.915162,2.266100,1.109311,1.230572,2.523050,6.206240,0.602844,5.603396,1.363341,1.766052,0.811307,1591.445307,2.246044,564.668606,7.106227,8.134878,634.704859,125.500618,71.596410,75.827148,0.553544,4.090074,-0.594436,0.011288,0.000127,0.594543,-0.570560,-0.633060,0.062500,-0.540044,0.111050,0.008900,88.370253,-492.042139,148.015130,11.722189,7.406848,3.958533,3.885678,3.428393,3.275050,0.808777,4.600785,-0.819052,0.020163,0.000407,0.819300,-0.789160,-0.901610,0.112450,-0.856916,0.835500,0.016442,167.813311,-236.149729,203.952835,12.168253,6.918703,5.806763,8.398552,6.985732,6.182499,0.801441,4.626577,0.568133,0.008818,0.000078,0.568202,0.587970,0.543430,0.044540,-0.451831,0.115918,0.006950,80.713329,-773.256255,141.459855,11.092822,7.352450,3.282981,3.114870,2.492967,2.068603,0.756891,4.545337,1.160747,0.015966,0.000255,1.160856,1.226301,1.134990,0.091311,0.829217,0.744356,0.012933,336.896893,-308.839070,289.029889,12.368946,6.911211,4.431048,6.530956,5.157303,5.154048,0.783856,4.613024
-5.115916,0.051431,0.002645,5.116175,-4.960800,-5.282500,0.321700,-0.083550,0.035926,0.040500,6543.811451,-48.292827,1273.928900,9.537147,6.430597,22.894084,24.609890,19.244496,7.424836,0.727178,4.563502,-0.244902,0.065615,0.004305,0.253539,-0.070602,-0.432560,0.361958,-0.174178,0.057654,0.051804,16.070505,-35.721912,61.021913,6.624765,6.340173,45.396485,17.589841,8.917333,5.690584,0.583188,4.303525,8.494680,0.024800,0.000615,8.494716,8.560200,8.428300,0.131900,0.017825,-0.090439,0.019983,18040.050835,-176.288872,2115.168600,10.362326,7.343695,13.008674,8.430082,6.330392,6.852658,0.779547,4.604680,9.919631,0.025595,0.000655,9.919664,10.010633,9.850724,0.159909,0.102102,0.352935,0.020256,24599.932791,-141.476320,2470.016877,12.343660,6.401935,5.691333,11.727604,11.606250,7.027669,0.835953,4.656246,-1.261517,1.246815,1.554548,1.773689,1.575300,-3.911900,5.487200,0.301955,-0.293757,0.971047,786.493484,2.800508,381.514008,4.364412,6.074423,681.588764,100.237059,56.405550,44.805275,0.375135,3.659753,0.004619,0.431296,0.186016,0.431321,1.126300,-1.339600,2.465900,-0.128958,-0.117729,0.345524,46.509355,2.361492,86.205483,7.721306,6.536541,266.433157,159.233536,87.363253,48.301750,0.676720,4.448263,0.692345,1.979853,3.919816,2.097417,4.478900,-3.561500,8.040400,-0.081633,-0.606074,1.588702,1099.789507,2.456148,432.861716,3.931149,5.975742,999.394175,124.220650,70.746281,57.718333,0.358821,3.484216,2.468852,1.279038,1.635938,2.780498,5.753519,0.718150,5.035370,0.997497,0.148027,0.996309,1932.792346,2.768090,615.243107,4.601227,5.991451,738.436893,125.925683,66.168682,53.183149,0.409621,3.773511,-0.593895,0.011249,0.000127,0.594001,-0.566530,-0.627020,0.060490,-0.125492,-0.017743,0.008911,88.209407,-521.141462,147.879960,11.145253,7.698962,4.704863,3.455465,2.852590,3.191550,0.804132,4.590695,-0.817317,0.018783,0.000353,0.817533,-0.789160,-0.895580,0.106420,-0.960246,1.167520,0.015347,167.090169,-254.776858,203.510095,12.490424,6.854967,4.613376,7.577591,6.448213,6.020972,0.837997,4.636123,0.567225,0.009243,0.000085,0.567300,0.587970,0.541200,0.046770,-0.460370,0.220438,0.007221,80.457319,-703.034333,141.237125,10.917923,7.276444,3.639417,2.979535,2.881720,2.173046,0.796964,4.573931,1.158799,0.014595,0.000213,1.158891,1.220833,1.136017,0.084816,0.990592,1.322187,0.011714,335.756895,-346.141012,288.538699,12.484779,6.836907,3.623575,6.161567,4.576974,5.122389,0.835897,4.637447
-5.133110,0.070582,0.004982,5.133595,-4.852500,-5.343400,0.490900,-0.080131,0.618307,0.056409,6588.449006,-25.075058,1278.178950,8.505275,6.742452,41.347723,26.766634,19.412319,9.419603,0.710140,4.519829,-0.234394,0.077431,0.005996,0.246853,-0.036598,-0.456970,0.420372,-0.078731,0.294420,0.058850,15.234083,-28.737697,58.430672,6.169337,6.146605,53.375704,16.274211,8.909558,5.176609,0.538105,4.210734,8.485107,0.035972,0.001294,8.485183,8.578300,8.390500,0.187800,-0.272879,-0.071657,0.027993,17999.584546,-103.252513,2112.805650,8.726957,7.140053,22.081081,9.731414,9.460691,6.211891,0.732468,4.523879,9.920300,0.026941,0.000726,9.920336,10.015839,9.826772,0.189066,0.048914,0.852206,0.020487,24603.267636,-117.776143,2470.186243,12.419661,6.489061,6.622209,12.026778,12.254062,7.364671,0.832188,4.668230,-1.006743,1.029060,1.058964,1.439616,1.863400,-3.911900,5.775300,0.164485,0.647923,0.774511,518.123569,2.394334,304.266264,4.715126,5.958813,566.705777,104.626060,59.436093,39.731058,0.418938,3.780656,0.131838,0.915945,0.838955,0.925384,7.192000,-1.136700,8.328700,4.464626,25.798623,0.473156,214.083992,0.965269,114.474315,6.240826,6.270975,681.300743,231.904691,104.469383,70.858392,0.572592,4.297214,0.452896,1.707800,2.916580,1.766832,4.432700,-4.015300,8.448000,-0.555981,0.678757,1.234112,780.423797,2.057072,345.228723,3.906201,5.916511,855.665378,96.460851,54.356496,37.059087,0.309122,3.407179,2.128112,1.233558,1.521666,2.459782,7.401282,0.657065,6.744217,1.433587,1.833172,0.943016,1512.631357,1.980618,529.970639,5.059600,6.169115,826.127780,187.403223,66.073778,50.465161,0.432852,3.979844,-0.592355,0.011791,0.000139,0.592472,-0.566530,-0.627020,0.060490,-0.117615,-0.228726,0.009438,87.755736,-521.187055,147.484810,10.777316,7.545299,5.008031,3.720435,3.066534,2.841900,0.789128,4.566386,-0.818096,0.020179,0.000407,0.818345,-0.785140,-0.909640,0.124500,-1.038328,1.624552,0.016197,167.422225,-209.649874,203.705830,12.266410,6.981636,5.844168,7.990640,6.413511,6.567683,0.814820,4.631117,0.568321,0.008761,0.000077,0.568388,0.585750,0.541200,0.044550,-0.607088,0.581321,0.006779,80.766242,-786.812052,141.515545,11.343944,7.321236,3.291234,2.959636,2.690956,2.271173,0.787031,4.585531,1.159113,0.015289,0.000234,1.159214,1.225093,1.135019,0.090073,0.996496,1.547891,0.012125,335.944203,-319.225185,288.615093,12.278774,6.876914,4.259534,6.489661,4.776855,4.914653,0.838925,4.644106
-5.164449,0.066319,0.004398,5.164875,-4.852500,-5.343400,0.490900,0.512269,1.504054,0.050774,6668.983440,-26.342796,1285.966400,8.692180,6.674075,34.908163,25.919655,18.447344,9.780022,0.741801,4.528685,-0.187073,0.072878,0.005311,0.200767,-0.022892,-0.456970,0.434078,-0.783773,1.352989,0.056455,10.076863,-29.867376,46.546260,6.421138,6.364551,45.386688,17.861608,9.513967,5.382215,0.554006,4.231432,8.468056,0.034538,0.001193,8.468126,8.578300,8.390500,0.187800,0.450063,0.214136,0.027577,17927.291316,-105.571028,2108.534700,8.860700,7.075764,18.252252,10.202426,8.748155,6.225252,0.723872,4.491574,9.920931,0.023134,0.000535,9.920958,10.015839,9.826772,0.189066,0.114194,1.922098,0.017224,24606.351620,-126.569615,2470.311458,12.502610,6.704934,6.677125,9.431158,9.063783,8.174235,0.856573,4.687841,-1.020133,0.698244,0.487545,1.236210,1.863400,-2.553500,4.416900,1.524072,3.416793,0.490067,382.054020,1.972665,284.631079,5.448642,6.466074,469.183876,110.581780,50.572950,40.223252,0.490738,4.054497,0.080851,0.905960,0.820763,0.909560,7.192000,-0.998230,8.190230,4.785102,28.127974,0.437083,206.824955,0.945582,104.094669,6.265231,6.288488,686.012469,230.355592,118.954869,67.038411,0.589121,4.319729,0.450266,1.110436,1.233067,1.198251,2.714400,-4.015300,6.729700,-1.880501,5.140201,0.694106,358.951604,1.781546,225.956495,4.274126,6.017540,685.027970,86.963362,55.079236,38.329093,0.362870,3.699270,1.725124,0.902924,0.815271,1.947132,7.401282,0.594962,6.806320,2.606501,9.365190,0.596540,947.830579,1.431374,430.234185,5.676916,6.390418,648.910065,184.150772,53.579817,50.304269,0.487470,4.137791,-0.597032,0.011811,0.000139,0.597149,-0.568550,-0.629030,0.060480,-0.042574,-0.042093,0.009404,89.146711,-503.089121,148.651175,11.146512,7.601804,4.608921,3.242335,3.299142,2.805453,0.782280,4.555994,-0.815550,0.020485,0.000420,0.815807,-0.781120,-0.909640,0.128520,-0.947679,1.434503,0.016368,166.385330,-197.468472,203.050130,12.313485,7.186283,6.980761,7.121912,6.856391,6.579775,0.859622,4.666087,0.568686,0.008055,0.000065,0.568743,0.585750,0.543430,0.042320,-0.569571,0.306603,0.006364,80.867128,-825.913442,141.613565,12.171178,7.099796,2.559332,3.083635,2.846336,2.508361,0.828363,4.645318,1.159895,0.015481,0.000240,1.159999,1.225093,1.134813,0.090279,0.758958,0.796525,0.012378,336.399168,-313.706783,288.798519,12.463006,6.934762,4.618464,5.548152,5.069919,4.980649,0.827337,4.643849
-5.181419,0.039537,0.001563,5.181570,-5.020400,-5.283600,0.263200,0.209011,0.680235,0.030976,6712.167022,-69.965448,1290.142850,10.622894,6.208931,12.030774,17.842454,18.401869,7.640228,0.755292,4.578993,-0.177739,0.041151,0.001693,0.182441,-0.022892,-0.264700,0.241808,0.689992,0.560067,0.032186,8.321154,-76.160553,44.230290,7.814017,6.652172,22.878525,13.984795,7.541195,5.245431,0.649268,4.395596,8.457624,0.017622,0.000311,8.457643,8.508300,8.411300,0.097000,0.097450,0.189037,0.013767,17882.930260,-273.706555,2105.956300,11.337719,6.796797,6.301013,7.467751,6.138336,6.050487,0.828773,4.659286,9.920348,0.019413,0.000377,9.920367,9.976834,9.862903,0.113931,0.083906,0.361771,0.014945,24603.418435,-223.861682,2470.156780,12.892022,6.306694,3.783831,7.402582,8.802791,6.903808,0.810508,4.638502,-1.243573,0.287242,0.082508,1.276316,-0.551540,-2.553500,2.001960,-1.245575,3.883229,0.205734,407.245411,0.241197,309.871925,7.871555,7.064293,184.918255,93.701713,41.771592,38.703865,0.681736,4.444707,-0.055378,0.303509,0.092117,0.308519,0.975670,-0.965710,1.941380,0.097025,1.435405,0.224164,23.796049,0.859475,57.104981,9.377589,6.365651,138.924033,136.612357,114.670492,58.617669,0.772404,4.594152,0.515459,0.467515,0.218570,0.695893,2.714400,-0.335820,3.050220,1.993575,5.701817,0.309205,121.066891,1.329616,132.890926,5.945615,6.514829,326.477221,74.645735,52.325694,32.698151,0.547010,4.181638,1.424316,0.423978,0.179757,1.486080,3.466920,0.594962,2.871959,2.436082,8.064693,0.264929,552.108351,0.835049,354.925725,6.477299,6.834491,300.686958,94.406832,41.887839,38.584375,0.583480,4.275841,-0.601266,0.009258,0.000086,0.601337,-0.584680,-0.633060,0.048380,-0.577841,0.062064,0.007673,90.401533,-698.481994,149.718640,12.176114,7.172534,2.694284,3.665238,2.544438,2.660576,0.798055,4.604402,-0.812979,0.018142,0.000329,0.813182,-0.781120,-0.885540,0.104420,-0.669994,0.416015,0.014964,165.316161,-253.579444,202.433605,11.859335,6.838144,5.626410,7.391233,5.972095,5.764054,0.831611,4.640994,0.567029,0.007311,0.000053,0.567076,0.581290,0.543430,0.037860,-0.373653,-0.004272,0.005819,80.393824,-943.145563,141.187080,12.165902,7.163830,2.331178,2.751787,2.363628,2.393966,0.812555,4.641254,1.159409,0.014737,0.000217,1.159503,1.211385,1.134741,0.076643,0.540073,0.057049,0.012165,336.111518,-375.308902,288.694370,11.924590,6.809755,4.322802,6.006816,4.590517,4.709298,0.846028,4.639639
-5.180886,0.032184,0.001036,5.180986,-5.080600,-5.271200,0.190600,0.274029,0.173138,0.025487,6710.653889,-108.813990,1290.057150,11.123555,6.110061,7.764094,14.638408,15.222293,6.730049,0.723316,4.543561,-0.215125,0.027932,0.000780,0.216931,-0.120210,-0.277030,0.156820,0.063427,-0.241349,0.022239,11.764775,-143.906771,53.576810,9.243291,7.155270,13.913044,9.951545,5.577071,4.754556,0.729204,4.487744,8.455775,0.014142,0.000200,8.455787,8.497800,8.413500,0.084300,-0.060360,0.386745,0.011364,17875.083554,-361.883606,2105.495000,12.246085,7.173494,5.027946,4.445571,5.477773,4.958313,0.828643,4.666541,9.919157,0.018215,0.000332,9.919174,9.976834,9.862903,0.113931,-0.166515,0.554254,0.013916,24597.502219,-229.621785,2469.884931,12.827532,6.396657,3.741758,7.246032,8.220462,6.225331,0.814007,4.644368,-1.150481,0.199745,0.039898,1.167692,-0.518970,-1.734100,1.215130,0.054211,0.062034,0.159470,340.876001,-1.729364,286.521800,8.836940,6.857861,109.715105,90.388817,43.948555,38.256981,0.754836,4.566582,-0.006269,0.252830,0.063923,0.252907,0.913610,-0.721390,1.635000,0.374902,1.134380,0.194892,15.990532,0.072751,48.513784,10.017393,6.662429,108.322423,109.126280,93.397551,54.844151,0.790071,4.604054,0.414403,0.248580,0.061792,0.483241,1.219300,-0.327200,1.546500,0.197660,1.153878,0.186040,58.380564,-0.174475,106.408766,7.913022,7.205050,156.703640,70.941099,40.858773,32.412316,0.678816,4.437178,1.272665,0.203251,0.041311,1.288793,1.938924,0.780111,1.158813,0.150969,0.086440,0.160744,415.247097,-1.577855,316.969505,8.868663,6.963046,112.150529,85.720243,42.706665,39.423525,0.743828,4.547766,-0.599475,0.009709,0.000094,0.599554,-0.580650,-0.635080,0.054430,-0.562592,0.238555,0.007907,89.866232,-607.176899,149.271050,12.015808,7.039518,3.039205,3.881967,3.331251,2.694617,0.799809,4.624805,-0.817221,0.020981,0.000440,0.817490,-0.789160,-0.899600,0.110440,-1.200300,2.116931,0.016274,167.072429,-243.126890,203.496915,12.093519,6.957505,6.729771,8.035920,7.568696,7.479033,0.824153,4.655423,0.564258,0.007683,0.000059,0.564311,0.583520,0.538980,0.044540,-0.568521,0.195391,0.006193,79.611619,-809.812936,140.497765,12.506460,6.976453,2.240914,3.082483,2.888827,2.323213,0.852244,4.679103,1.160137,0.016807,0.000282,1.160259,1.226863,1.132174,0.094688,0.995304,1.325513,0.013483,336.550280,-295.497061,288.880262,12.258959,6.887905,4.990248,6.638598,5.958471,6.003870,0.820853,4.651021
-5.179724,0.030580,0.000935,5.179814,-5.080600,-5.259600,0.179000,0.272356,0.501739,0.023634,6707.618960,-116.306396,1289.760800,11.164862,6.630459,9.810986,14.353072,12.978692,7.505197,0.795352,4.641286,-0.220651,0.030321,0.000919,0.222724,-0.119250,-0.300840,0.181590,0.440501,0.463709,0.023769,12.401510,-117.153850,54.946195,8.769731,6.849918,17.733467,11.692968,6.811106,4.903371,0.729392,4.530067,8.456642,0.014273,0.000204,8.456654,8.495200,8.413500,0.081700,-0.150294,0.474540,0.011431,17878.747718,-372.240803,2105.705100,11.514908,7.307409,6.470815,3.950117,4.977414,4.862285,0.818695,4.650337,9.919415,0.016936,0.000287,9.919429,9.970707,9.874294,0.096413,-0.169252,0.272379,0.013084,24598.768188,-277.669662,2469.940520,12.759093,6.705243,3.785402,7.254089,5.628042,6.175922,0.804559,4.619517,-1.110074,0.295965,0.087595,1.148851,0.221270,-1.935000,2.156270,0.938103,2.854975,0.212218,329.964702,0.549110,276.892558,7.762328,6.976584,193.188254,94.111031,41.182639,40.433024,0.678403,4.438252,0.002202,0.272817,0.074429,0.272826,0.730840,-0.909070,1.639910,0.102220,0.472423,0.216603,18.608470,0.553280,53.880190,9.067026,6.816109,146.927486,105.554475,75.959643,52.927862,0.751879,4.552106,0.469046,0.261648,0.068460,0.537089,1.315400,-0.327200,1.642600,0.361847,1.076322,0.195479,72.116055,0.230776,118.851350,7.860992,7.349855,177.812377,67.591895,39.466110,33.587938,0.690938,4.428763,1.275112,0.238425,0.056846,1.297211,2.121671,0.748064,1.373607,0.471204,0.782845,0.184151,420.689227,-0.481236,317.560578,8.733099,7.221084,140.314624,85.059217,43.092254,39.043658,0.725802,4.514569,-0.597855,0.009748,0.000095,0.597934,-0.580650,-0.637100,0.056450,-0.858753,1.134683,0.007762,89.381297,-600.512304,148.865880,12.701002,7.156452,3.068926,3.462286,3.099086,3.383024,0.812322,4.651184,-0.817534,0.021095,0.000445,0.817806,-0.789160,-0.899600,0.110440,-1.235497,2.022334,0.016541,167.201757,-241.620786,203.568270,12.430130,7.000476,6.595167,7.574181,7.263931,7.742686,0.845080,4.663944,0.564151,0.007994,0.000064,0.564208,0.583520,0.536750,0.046770,-0.544231,0.273378,0.006494,79.582655,-736.460378,140.473245,12.336577,6.946640,2.332065,3.203929,2.856003,2.477729,0.827864,4.651957,1.159478,0.016564,0.000274,1.159596,1.226863,1.132174,0.094688,1.123093,1.635874,0.013233,336.165709,-300.772754,288.711458,12.571584,7.031042,5.145475,5.908841,5.628972,6.081191,0.846276,4.669235
-5.183766,0.033462,0.001120,5.183874,-5.092000,-5.283600,0.191600,0.062241,0.611745,0.025514,6718.136368,-106.872315,1290.735050,10.815490,6.537505,11.650295,15.774202,14.316159,7.057644,0.815498,4.640023,-0.203725,0.039865,0.001589,0.207589,-0.059514,-0.300840,0.241326,0.681261,0.799598,0.030766,10.773264,-76.436717,50.696264,7.817641,6.623304,24.946860,13.044294,7.982562,5.552226,0.684587,4.451532,8.454725,0.015371,0.000236,8.454739,8.496100,8.411800,0.084300,-0.060507,0.430705,0.012286,17870.653619,-345.096643,2105.249300,11.006532,7.485615,7.361708,4.458517,4.525804,4.958757,0.809462,4.622310,9.919573,0.018142,0.000329,9.919589,9.984256,9.874294,0.109962,0.385118,0.504133,0.014098,24599.563251,-237.881242,2469.980354,12.605854,6.553068,4.414914,7.314905,7.966281,5.992718,0.839440,4.669150,-1.061436,0.407200,0.165812,1.136864,0.467080,-2.049600,2.516680,1.072058,1.712266,0.292709,323.114757,1.588805,266.499896,6.714799,6.778317,270.107151,91.289318,48.883160,37.038156,0.568403,4.266193,0.023216,0.282157,0.079613,0.283111,0.912260,-0.909070,1.821330,0.238407,0.643157,0.217966,20.037941,0.783266,53.988470,8.791724,6.688015,149.442275,118.662421,66.907453,52.405946,0.727191,4.521733,0.556608,0.334989,0.112218,0.649639,1.834600,-0.073137,1.907737,1.340346,2.098801,0.241262,105.507701,0.750027,139.120804,6.696928,7.148305,234.458151,54.107484,40.506093,30.621313,0.591463,4.253340,1.317350,0.243372,0.059230,1.339642,2.121671,0.748064,1.373607,0.448332,0.523996,0.190313,448.660399,-0.211994,327.990712,8.481532,7.164620,145.166870,76.974382,45.441316,35.669227,0.654253,4.440130,-0.598169,0.009173,0.000084,0.598240,-0.580650,-0.637100,0.056450,-0.698940,0.675215,0.007451,89.472716,-598.428759,148.944590,11.917099,6.999534,2.826388,4.120050,2.590913,2.813033,0.809393,4.624419,-0.814369,0.018341,0.000336,0.814576,-0.783130,-0.879520,0.096390,-0.650303,0.084956,0.015331,165.883465,-281.808474,202.774065,12.158991,6.951631,5.053919,8.493723,4.815944,6.397875,0.817179,4.633745,0.565399,0.007115,0.000051,0.565443,0.579060,0.536750,0.042310,-0.423913,0.218350,0.005753,79.931550,-855.023054,140.786175,12.182675,7.080680,2.112911,3.038651,2.434027,2.098026,0.813468,4.653892,1.157992,0.014355,0.000206,1.158081,1.205464,1.132804,0.072660,0.628792,-0.052965,0.012068,335.287731,-402.921859,288.338439,12.174883,6.896946,3.795221,6.763711,3.537705,4.768077,0.796848,4.607134
-5.191217,0.032112,0.001031,5.191316,-5.092000,-5.283600,0.191600,0.224804,0.523651,0.024726,6737.440764,-109.634322,1292.628200,11.115078,6.262348,8.997300,15.653614,15.652592,5.484827,0.788200,4.613482,-0.180661,0.038313,0.001468,0.184679,-0.059514,-0.277260,0.217746,0.057876,0.071215,0.030514,8.526604,-85.104120,44.967111,8.178915,6.782058,21.078966,12.498391,7.571905,4.702555,0.677171,4.428300,8.448851,0.014610,0.000213,8.448864,8.496600,8.411800,0.084800,0.300346,0.561917,0.011099,17845.825015,-344.202415,2103.751700,12.011372,7.470489,6.267488,3.633872,5.038262,5.141696,0.832523,4.654767,9.918006,0.017814,0.000317,9.918022,9.984256,9.869722,0.114534,0.403485,0.615923,0.013873,24591.792383,-227.075196,2469.580884,13.011201,6.518527,3.814527,7.017754,8.019712,5.890559,0.841686,4.665029,-1.097436,0.338946,0.114884,1.148586,0.467080,-2.049600,2.516680,1.686800,4.672711,0.223596,329.812382,0.388899,274.984393,6.905672,6.974548,226.455825,73.212354,48.358829,33.287973,0.621272,4.310384,-0.004105,0.228149,0.052052,0.228186,0.912260,-0.650550,1.562810,0.766353,1.612872,0.169876,13.017225,-0.684762,42.471814,9.286899,6.813091,115.908845,101.531212,67.125659,43.780675,0.762897,4.584980,0.511064,0.306145,0.093725,0.595744,1.834600,-0.069351,1.903951,1.946250,4.583179,0.202480,88.727677,-0.304766,127.258666,7.029773,7.081105,194.343558,70.461100,45.099855,30.944213,0.618132,4.318140,1.299202,0.195711,0.038303,1.313860,2.058775,0.896583,1.162192,0.595247,0.801903,0.152329,431.557283,-2.246179,323.271460,8.934251,7.157619,116.925151,66.815122,47.500076,35.159081,0.742954,4.544850,-0.599694,0.009258,0.000086,0.599765,-0.580650,-0.633060,0.052410,-0.542124,0.079884,0.007586,89.929506,-635.360611,149.329630,11.518852,6.967597,2.936555,4.444793,2.536073,2.649874,0.829170,4.636355,-0.812683,0.019260,0.000371,0.812911,-0.783130,-0.893570,0.110440,-1.017926,1.665360,0.015445,165.206002,-240.799193,202.373475,12.418165,6.858579,5.101018,8.004705,6.428147,6.661617,0.811732,4.641212,0.566753,0.007604,0.000058,0.566804,0.581290,0.536750,0.044540,-0.615808,0.282820,0.006195,80.316628,-807.384750,141.119150,12.379980,6.975615,2.247349,3.140538,2.873894,2.241623,0.847534,4.671041,1.158268,0.014997,0.000225,1.158365,1.220308,1.133420,0.086888,0.997245,1.393370,0.012100,335.452136,-331.495862,288.421514,12.275949,6.722301,3.794614,6.559947,4.780690,5.009397,0.798522,4.620915
-5.197713,0.074588,0.005563,5.198248,-4.747400,-5.703600,0.956200,-1.077117,16.753028,0.041373,6755.445438,-15.330448,1294.239300,14.164043,6.895207,15.823642,23.801410,25.943464,29.187289,0.845894,4.681750,-0.194563,0.051309,0.002633,0.201215,-0.072485,-0.375230,0.302745,-0.900667,1.232971,0.039197,10.121870,-53.468722,48.411509,9.228716,6.964949,26.738112,18.591557,11.380536,10.513421,0.750792,4.538175,8.442918,0.030847,0.000952,8.442975,8.673500,8.274100,0.399400,0.508104,16.164026,0.018936,17820.955666,-58.624512,2102.316400,12.498700,7.352613,11.401951,10.013514,10.539324,10.789290,0.852105,4.696711,9.916880,0.039756,0.001581,9.916960,10.147986,9.708859,0.439127,0.702181,11.081602,0.023389,24586.522974,-46.324374,2469.332596,14.298111,7.502982,10.689653,11.204664,10.706622,12.215138,0.824619,4.658076,-1.168405,0.323754,0.104817,1.212430,1.321400,-2.342000,3.663400,1.808797,15.433614,0.206068,367.496922,0.538499,293.765090,9.332661,7.323791,189.414411,107.387212,69.638976,65.345062,0.781318,4.569562,0.000694,0.942590,0.888476,0.942590,7.682600,-3.379100,11.061700,3.547477,25.464043,0.440802,222.119122,1.086613,109.928222,11.440456,7.477058,472.237991,261.673113,295.363022,333.015752,0.861930,4.688253,0.419030,0.786545,0.618653,0.891201,4.364100,-4.068200,8.432300,-1.722446,11.595304,0.390523,198.559704,0.822819,163.472921,11.643210,8.777944,451.651650,112.391321,120.003483,196.815596,0.734435,4.551998,1.565433,0.837928,0.702124,1.775585,8.258168,0.840933,7.417235,4.382873,24.253538,0.448347,788.175748,0.729448,389.877317,9.744698,7.573495,503.820806,250.308654,213.036284,183.443724,0.836294,4.628591,-0.598919,0.009548,0.000091,0.598995,-0.582660,-0.633060,0.050400,-0.559175,0.310115,0.007707,89.698781,-668.022503,149.129955,11.750666,7.055407,3.310447,4.031083,2.819978,3.144522,0.860327,4.670741,-0.814626,0.019518,0.000381,0.814860,-0.783130,-0.893570,0.110440,-1.000100,1.417200,0.015501,165.999262,-238.492215,202.841330,12.550473,6.818985,5.278301,7.721104,6.834860,6.764197,0.856340,4.669568,0.566049,0.007856,0.000062,0.566103,0.581290,0.536750,0.044540,-0.525534,0.060666,0.006414,80.118287,-800.874028,140.945425,12.099468,6.934640,2.393346,3.059830,2.874101,2.415506,0.820611,4.637225,1.158894,0.015131,0.000229,1.158993,1.220308,1.133215,0.087092,0.996237,1.402711,0.012054,335.816331,-329.988331,288.563322,12.621200,6.730663,3.874280,5.874758,5.113242,5.202777,0.809404,4.639099
-5.209477,0.141969,0.020155,5.211411,-4.400700,-6.214600,1.813900,-0.301277,15.917481,0.077331,6789.700959,-4.783244,1297.156750,15.466830,6.481495,21.699939,24.913060,41.868691,74.070088,0.777191,4.593900,-0.225505,0.066194,0.004382,0.235020,0.166320,-0.539280,0.705600,-0.094338,7.141546,0.045216,13.808577,-19.592251,56.485894,12.850625,7.263837,23.502374,20.457399,18.681315,27.665143,0.828763,4.677804,8.435580,0.044104,0.001945,8.435695,8.673500,8.274100,0.399400,0.800760,5.088211,0.029513,17790.237080,-45.262687,2100.469100,13.316818,7.151804,13.728639,10.967468,15.140026,19.817397,0.834782,4.672527,9.918221,0.062226,0.003872,9.918417,10.382988,9.612248,0.770739,1.397873,15.157634,0.036342,24593.746615,-18.615113,2469.644726,15.341143,6.905376,11.849628,12.261621,14.303950,28.299205,0.762766,4.576687,-1.131327,0.381685,0.145684,1.193978,1.321400,-2.657100,3.978500,0.796275,7.714038,0.262021,356.395914,0.983655,284.563040,9.817901,7.298973,214.973674,139.708261,93.717997,93.429448,0.814665,4.628943,0.077193,1.355831,1.838278,1.358027,7.682600,-5.088300,12.770900,1.887724,10.391945,0.778581,461.059165,1.226630,193.491840,12.358181,7.047637,529.944545,290.703496,509.107244,629.704483,0.812717,4.656498,0.414026,1.227646,1.507114,1.295581,5.602200,-4.850300,10.452500,-0.913324,4.817597,0.750113,419.632738,1.340826,236.317644,11.280005,8.572790,657.807856,181.694680,200.436187,322.236029,0.724601,4.503497,1.903761,1.150672,1.324047,2.224489,8.258168,0.726489,7.531678,2.717431,8.638080,0.739445,1237.087818,1.463006,474.538739,9.520109,7.350448,704.551614,355.608885,272.707375,262.885481,0.775795,4.598352,-0.596322,0.009812,0.000096,0.596403,-0.574600,-0.629030,0.054430,-0.581528,0.127749,0.008092,88.924192,-602.885091,148.483845,11.792511,7.195812,3.487027,3.628671,2.932956,2.753050,0.806880,4.621341,-0.817992,0.018619,0.000347,0.818204,-0.785140,-0.873490,0.088350,-0.686686,0.056540,0.015292,167.364259,-305.588273,203.684665,12.764222,6.850124,4.850089,6.581706,6.441849,5.954737,0.818118,4.631944,0.563474,0.007785,0.000061,0.563528,0.579060,0.532290,0.046770,-0.743827,1.214742,0.006147,79.391000,-744.806049,140.304010,12.416833,6.932177,2.569273,2.432417,2.783025,2.791325,0.802969,4.621660,1.158661,0.014905,0.000222,1.158757,1.207136,1.131756,0.075380,0.661967,0.155164,0.012220,335.679451,-387.031118,288.509308,12.613540,6.805798,3.817261,5.557129,4.908674,4.560000,0.794305,4.610507
-5.225808,0.127765,0.016324,5.227370,-4.400700,-6.214600,1.813900,0.047201,23.601689,0.066171,6831.349334,-5.309574,1301.210950,15.269803,6.730218,23.805099,22.505495,33.759603,67.473004,0.777189,4.604132,-0.225162,0.075492,0.005699,0.237480,0.166320,-0.539280,0.705600,-0.006155,3.874859,0.053046,14.099239,-17.809854,56.340870,11.390749,7.775297,38.535000,19.051694,18.139097,26.865596,0.834904,4.649233,8.426237,0.038929,0.001515,8.426327,8.601300,8.316100,0.285200,0.961290,3.810578,0.026854,17750.747204,-66.802550,2098.083000,12.652386,7.346992,14.532490,8.143593,13.415035,17.485271,0.809534,4.641903,9.918776,0.051635,0.002666,9.918910,10.382988,9.612248,0.770739,2.139249,30.344383,0.028490,24596.195777,-20.677571,2469.723710,15.863702,6.301212,6.315666,10.641653,12.179560,26.303512,0.732433,4.566561,-1.199385,1.094356,1.197614,1.623619,1.881200,-5.020900,6.902100,-0.535675,3.266563,0.662600,659.034722,1.698772,342.803552,5.759069,6.777040,626.236948,133.377763,84.513457,76.156798,0.496500,3.980393,0.045976,1.018708,1.037767,1.019745,7.012900,-5.088300,12.101200,1.900196,19.229324,0.556787,259.970159,0.985429,138.253834,12.780179,6.487185,306.183413,226.633374,429.862080,541.115428,0.801971,4.640450,0.587079,1.943009,3.775285,2.029765,5.697800,-4.850300,10.548100,-0.106939,1.288211,1.295727,1029.986700,1.791705,366.852224,8.192455,8.310728,1028.190544,173.954667,182.604563,261.515626,0.577935,4.144921,2.320143,1.553352,2.412902,2.792126,7.570140,0.559066,7.011074,1.665326,2.285109,1.165340,1948.991581,2.062341,576.125906,7.354356,7.169552,997.798917,270.388176,201.105047,226.822412,0.647452,4.320089,-0.596113,0.010535,0.000111,0.596206,-0.574600,-0.633060,0.058460,-0.584280,0.327786,0.008467,88.865508,-552.422847,148.439610,11.131681,7.435916,4.434234,4.409556,2.528216,2.705152,0.817890,4.630605,-0.817743,0.019305,0.000373,0.817970,-0.787150,-0.899600,0.112450,-1.205856,2.496827,0.015151,167.268896,-239.891719,203.627405,12.291256,6.947914,5.784083,8.325711,6.114815,5.839254,0.849820,4.660585,0.562878,0.008285,0.000069,0.562939,0.581290,0.532290,0.049000,-0.634675,0.782146,0.006587,79.224991,-702.617456,140.162635,11.551609,7.453849,3.477712,2.645704,2.355109,2.686223,0.791934,4.607775,1.158100,0.015574,0.000243,1.158204,1.220658,1.131756,0.088902,1.107809,1.859795,0.012279,335.359394,-321.539206,288.380398,12.041638,6.977832,4.796325,7.118055,4.394914,4.510142,0.828630,4.640478
-5.235446,0.049431,0.002443,5.235680,-5.116300,-5.368800,0.252500,-0.217446,-0.185613,0.039856,6853.085612,-62.345520,1303.595600,9.330122,6.507443,23.540405,21.392216,18.812788,8.085739,0.766380,4.586374,-0.225853,0.072862,0.005309,0.237315,-0.047485,-0.447500,0.400015,-0.341451,0.231517,0.055941,14.079619,-31.710282,56.222183,6.366579,6.377775,50.262884,16.072706,8.107442,6.242293,0.558883,4.245411,8.418199,0.027064,0.000732,8.418243,8.495700,8.334200,0.161500,-0.136956,0.041875,0.021188,17716.702556,-136.612283,2096.122600,9.847599,7.413122,14.410634,8.478446,7.733822,5.517729,0.782794,4.584250,9.916402,0.021058,0.000443,9.916424,9.976673,9.861132,0.115541,0.009598,-0.318853,0.017168,24583.867788,-212.229351,2469.160084,12.582273,6.613245,4.173513,9.857777,8.897311,5.146108,0.756502,4.615350,-1.212355,1.587178,2.519135,1.997233,1.957400,-5.020900,6.978300,-0.035438,-0.487105,1.256846,997.234704,2.583612,413.088678,3.940241,5.754621,789.038756,107.024529,56.313271,45.342232,0.346771,3.503755,-0.007532,0.423562,0.179405,0.423629,1.101400,-1.732200,2.833600,-0.375637,1.516981,0.316936,44.865431,1.818727,78.708487,7.971538,6.358130,265.936368,136.570400,117.779296,55.916514,0.688912,4.482697,0.689712,2.522291,6.361954,2.614891,5.697800,-4.323800,10.021600,-0.183462,-0.608419,1.967935,1709.414083,2.179119,535.132761,2.919813,5.226324,1150.261530,74.769166,50.345069,39.144062,0.242968,3.053328,2.854322,1.690829,2.858904,3.317538,7.570140,0.355711,7.214430,0.751419,-0.279191,1.413117,2751.514218,2.456845,712.577044,3.618141,5.482474,994.981399,95.547536,60.611828,41.328594,0.318815,3.498251,-0.596412,0.012814,0.000164,0.596549,-0.568550,-0.633060,0.064510,-0.188229,-0.271267,0.010387,88.967770,-458.704019,148.499090,10.605113,7.817123,5.322827,3.562742,2.322734,3.167861,0.756026,4.489703,-0.816578,0.019331,0.000374,0.816807,-0.783130,-0.899600,0.116470,-1.154192,2.667586,0.015277,166.793383,-230.901880,203.340310,11.854079,7.014884,6.593801,7.820028,6.064929,6.102987,0.843496,4.656159,0.563608,0.009514,0.000091,0.563688,0.590200,0.530070,0.060130,-0.021950,0.140846,0.007538,79.436089,-539.556226,140.342950,10.389362,7.552767,4.260401,2.665202,2.466842,2.320806,0.762336,4.530551,1.157822,0.015374,0.000236,1.157924,1.220658,1.132191,0.088467,1.016372,1.715142,0.012351,335.197242,-327.667093,288.304844,12.149277,6.994488,4.760482,6.224746,4.457889,5.022355,0.845025,4.654032
-5.236675,0.051749,0.002678,5.236930,-5.081300,-5.368800,0.287500,-0.012997,-0.041021,0.041409,6856.360242,-55.139687,1303.932100,9.307564,6.425159,23.220083,21.591904,20.033045,9.244364,0.753644,4.564290,-0.224110,0.069878,0.004883,0.234752,-0.059963,-0.458820,0.398857,-0.631219,1.278972,0.051183,13.777078,-34.441259,55.792127,6.562578,6.445920,45.703861,18.305638,9.066039,6.295166,0.582552,4.280225,8.418581,0.025112,0.000631,8.418618,8.495700,8.346600,0.149100,-0.009253,0.306383,0.019564,17718.283325,-152.801462,2096.237000,9.805161,7.367495,12.581212,9.060661,7.169565,4.717344,0.790414,4.592631,9.917317,0.022293,0.000497,9.917343,9.987257,9.847664,0.139593,0.059383,0.243449,0.017748,24588.420645,-170.673400,2469.420602,12.195913,6.621815,5.588155,10.128391,9.237694,6.208172,0.825379,4.664462,-0.935410,1.706337,2.911586,1.945913,1.957400,-3.864800,5.822200,-0.165323,-1.311527,1.515458,946.644719,2.962919,390.785106,4.819570,6.471241,916.854544,146.391710,91.410218,64.333485,0.448408,3.770411,0.001538,0.446924,0.199741,0.446927,1.101400,-1.750000,2.851400,-0.490482,1.819510,0.328700,49.935961,1.941898,82.022817,7.736263,6.470043,292.070061,141.859347,117.558523,54.379944,0.660218,4.467833,0.185493,2.792072,7.795669,2.798227,4.924500,-4.323800,9.248300,0.102423,-1.239155,2.407058,1957.519096,2.356997,600.634924,4.607918,6.175475,1525.562974,242.038812,156.904630,107.951985,0.454396,3.772252,3.048662,1.588099,2.522059,3.437499,6.260579,0.141994,6.118584,0.222973,-1.014145,1.365426,2954.099777,2.867187,757.626168,4.697419,6.310812,866.761489,121.168640,68.208692,55.070458,0.422219,3.724514,-0.596984,0.014119,0.000199,0.597151,-0.568550,-0.647180,0.078630,-0.298302,-0.036458,0.011468,89.147241,-368.490939,148.644125,10.508091,7.750406,5.995114,3.724851,2.945835,3.616141,0.783101,4.518160,-0.816795,0.019732,0.000389,0.817034,-0.783130,-0.891570,0.108440,-0.733763,0.391739,0.016320,166.885938,-244.268799,203.384545,12.292482,6.960175,5.425977,8.136250,6.131227,6.589254,0.838301,4.641080,0.564018,0.010452,0.000109,0.564114,0.590200,0.530070,0.060130,-0.187681,0.027843,0.008387,79.556274,-532.148316,140.434245,10.548934,7.485305,4.396285,3.317810,2.737584,2.780854,0.755007,4.542441,1.158500,0.015362,0.000236,1.158602,1.211963,1.132191,0.079772,0.798059,0.569301,0.012481,335.589453,-359.174800,288.462846,12.726679,6.889236,3.591376,6.532224,4.725058,5.336783,0.804735,4.631041
-5.234896,0.053171,0.002827,5.235166,-5.079700,-5.368300,0.288600,-0.041678,-0.053034,0.043411,6851.739763,-53.961723,1303.446250,9.095875,6.545517,25.722562,20.919509,18.994856,8.848505,0.735986,4.541508,-0.213490,0.085817,0.007365,0.230092,0.097996,-0.458820,0.556816,0.691551,2.139447,0.061903,13.235637,-20.029946,54.013978,5.742630,6.131383,58.949869,17.926906,8.428342,5.737763,0.527253,4.166400,8.421893,0.027564,0.000760,8.421938,8.515700,8.346600,0.169100,0.306067,0.625214,0.021740,17732.261206,-129.581735,2097.034150,9.035920,7.375997,16.321588,7.991744,6.582030,4.901149,0.757387,4.538670,9.919094,0.022811,0.000520,9.919120,9.987257,9.847664,0.139593,0.092630,0.199905,0.018141,24597.236606,-169.726572,2469.817600,11.940394,6.546109,6.056688,11.143632,8.261535,6.847392,0.835825,4.658625,-0.741249,2.105292,4.432253,2.231973,3.735000,-4.007600,7.742600,0.215414,-0.936620,1.809126,1245.425697,2.504577,462.827106,4.033381,6.016247,1103.988126,130.123261,77.783755,62.759962,0.367429,3.544919,0.010379,0.418670,0.175284,0.418799,1.301900,-1.750000,3.051900,0.095738,1.104200,0.318603,43.848051,1.704630,79.174560,8.032125,6.703849,246.863306,137.194842,95.597777,59.886114,0.665255,4.447226,-0.161776,3.392914,11.511868,3.396769,5.258600,-7.985300,13.243900,-0.194205,-0.794115,2.876912,2884.509851,1.826231,719.263176,3.045013,5.288219,1624.468497,117.592096,81.541339,68.154242,0.265611,3.161711,3.576145,1.976441,3.906321,4.085968,8.765309,0.141994,8.623315,0.489900,-0.466673,1.631560,4173.783599,2.291592,891.359935,4.597616,6.099764,1134.373348,163.449453,94.318963,79.340130,0.410070,3.751604,-0.593387,0.016364,0.000268,0.593613,-0.554440,-0.647180,0.092740,-0.082082,-0.083027,0.013317,88.093998,-294.439659,147.760075,9.809507,7.824518,8.013857,3.784134,3.166219,3.695464,0.720208,4.466629,-0.819598,0.020544,0.000422,0.819856,-0.785140,-0.905620,0.120480,-0.770936,0.748547,0.016752,168.040918,-213.718457,204.094390,12.186816,7.015759,5.911137,8.628333,6.311447,6.381707,0.836105,4.639885,0.566111,0.011443,0.000131,0.566227,0.592430,0.532290,0.060140,-0.229778,-0.329265,0.009431,80.153230,-514.565374,140.955435,10.524968,7.661464,4.864252,3.699447,2.454525,3.116372,0.746253,4.523893,1.159700,0.015757,0.000248,1.159807,1.220128,1.134636,0.085492,0.932311,1.039750,0.012683,336.288146,-332.726409,288.775740,12.799981,6.834008,3.734651,6.526855,5.361797,4.955966,0.822318,4.635961
-5.240784,0.061642,0.003800,5.241147,-5.057600,-5.416100,0.358500,-0.141278,0.156554,0.049382,6867.404170,-38.691520,1304.959550,9.233787,6.520974,26.945789,26.725035,21.696150,8.545093,0.736118,4.537975,-0.211979,0.103331,0.010677,0.235823,0.097996,-0.471570,0.569566,0.380891,0.513854,0.079665,13.903104,-15.476166,53.636914,5.831867,5.806922,67.379308,25.289083,10.308945,6.851012,0.507753,4.170486,8.417935,0.031708,0.001005,8.417995,8.515700,8.347300,0.168400,0.145719,-0.038659,0.025444,17715.659609,-123.735612,2096.068900,9.149203,7.404370,17.932437,8.584675,6.777189,6.406683,0.744460,4.517721,9.919024,0.028771,0.000828,9.919066,10.015332,9.831122,0.184210,0.106449,0.526036,0.022319,24596.966883,-114.615372,2469.840889,11.811227,6.581870,8.016040,13.476217,11.870788,7.279529,0.808041,4.649159,-1.186112,2.383058,5.678966,2.661922,3.735000,-4.977700,8.712700,0.264678,-0.979087,2.029950,1771.456723,2.391701,555.585519,3.546546,5.100446,1011.173725,159.663831,59.890768,41.165099,0.295836,3.280707,0.049573,0.503714,0.253728,0.506147,1.626900,-1.347700,2.974600,0.428863,0.244038,0.393254,64.046299,2.308478,97.380250,7.598770,6.730756,297.987409,152.881433,95.468320,61.464846,0.670557,4.403906,0.727225,3.766634,14.187532,3.836195,6.089000,-7.985300,14.074300,-0.407321,-0.851446,3.266464,3679.097200,1.787683,827.720839,2.621675,4.810780,1441.147896,103.618521,54.651858,40.447101,0.208013,2.784274,4.140696,2.216536,4.913033,4.696637,8.765309,0.124124,8.641185,0.133020,-1.105633,1.912703,5514.600222,2.425642,1032.575867,3.438730,4.983597,1312.708228,147.455675,72.937051,41.138170,0.293755,3.492600,-0.592968,0.016860,0.000284,0.593208,-0.554440,-0.641130,0.086690,-0.084962,-0.206376,0.013761,87.973791,-311.165173,147.644190,9.881195,7.815447,6.932206,4.119148,2.718646,3.457816,0.728633,4.424522,-0.816570,0.035824,0.001283,0.817356,-0.345380,-0.905620,0.560240,8.919382,117.134175,0.017739,167.017637,-42.203167,203.291195,12.160285,7.272868,12.527985,15.359078,12.360934,10.993325,0.922134,4.739929,0.566761,0.011142,0.000124,0.566871,0.592430,0.534520,0.057910,-0.172980,-0.287622,0.008951,80.335587,-534.296800,141.129040,10.568254,7.769814,4.406258,3.090183,1.899213,2.776805,0.736482,4.467454,1.157928,0.022611,0.000511,1.158149,1.220128,0.894494,0.325633,-5.987763,71.627840,0.013183,335.327015,-79.924153,288.299891,12.562889,7.165129,6.551288,9.860792,7.478413,6.691953,0.882601,4.705819
-5.249608,0.061955,0.003838,5.249974,-5.057600,-5.416100,0.358500,-0.049489,0.177670,0.048115,6890.556703,-38.272124,1307.171700,9.289997,6.305623,26.708083,28.720903,22.807110,7.735067,0.708369,4.527852,-0.195271,0.097098,0.009428,0.218080,0.012006,-0.471570,0.483576,-0.365940,-0.041469,0.076904,11.889695,-19.528795,48.661967,5.744210,5.784649,69.305056,21.702141,10.956990,6.627487,0.524081,4.196694,8.412362,0.028762,0.000827,8.412411,8.483200,8.347300,0.135900,-0.099509,-0.576090,0.023348,17692.163733,-159.595190,2094.670700,9.245311,7.350078,17.124750,6.402194,7.601047,5.972797,0.727143,4.518385,9.918544,0.030364,0.000922,9.918591,10.015332,9.831122,0.184210,0.135289,0.309223,0.023519,24594.610131,-112.522656,2469.721847,11.579153,6.467141,7.581558,14.516852,12.317733,6.423972,0.760269,4.580095,-1.407252,1.966950,3.868891,2.418522,2.048100,-4.977700,7.025800,-0.100499,-1.190446,1.709583,1462.312163,2.758163,483.590485,3.740468,5.379319,1005.342773,162.577657,63.289423,44.955488,0.325546,3.506306,-0.008932,0.506208,0.256246,0.506287,1.626900,-1.357800,2.984700,0.290247,0.560384,0.385919,64.081561,2.334045,96.264217,7.347715,6.240667,299.049748,183.846212,107.831479,52.178501,0.636632,4.394156,0.993155,3.107625,9.657331,3.262466,6.089000,-4.606100,10.695100,-0.029598,-1.332277,2.782179,2660.921797,2.184878,709.044305,2.668364,4.849048,1393.193334,83.971490,60.053628,41.775114,0.221779,2.978086,3.603952,1.939277,3.760795,4.092586,7.721168,0.124124,7.597043,0.414759,-0.772407,1.628260,4187.315521,2.544394,896.950713,3.753988,5.326235,1171.646371,134.757043,69.820895,52.081664,0.331281,3.603703,-0.598564,0.013881,0.000193,0.598725,-0.558470,-0.643150,0.084680,-0.328706,0.678830,0.010828,89.618005,-343.806947,149.042310,10.431667,7.472674,6.272796,4.246060,3.549749,3.550637,0.772508,4.557438,-0.813559,0.035444,0.001256,0.814330,-0.345380,-0.887550,0.542170,9.041799,119.116784,0.017474,165.783441,-45.431898,202.531195,12.311943,7.219744,11.934644,15.169330,12.588326,11.059958,0.895351,4.727417,0.565211,0.009315,0.000087,0.565288,0.587970,0.534520,0.053450,-0.297529,0.148918,0.007312,79.887616,-620.576974,140.741550,10.485893,7.594468,4.215433,3.108428,2.224645,2.088388,0.791578,4.570504,1.157854,0.023016,0.000530,1.158083,1.214175,0.894494,0.319681,-5.636619,66.494053,0.013680,335.289061,-79.089454,288.275546,12.534488,7.154306,6.817721,9.984506,7.810099,7.040928,0.859900,4.698440
-5.243473,0.050855,0.002586,5.243719,-5.117000,-5.392400,0.275400,-0.094631,0.029421,0.040338,6874.148303,-58.464247,1305.643000,9.396265,6.426989,23.980832,22.039998,21.307112,7.472905,0.747523,4.585463,-0.181641,0.075845,0.005752,0.196840,-0.011804,-0.386820,0.375016,-0.403916,-0.077307,0.060548,9.686450,-31.160387,45.198324,6.321983,6.239680,51.710226,19.561873,9.599819,6.244259,0.562952,4.257224,8.416746,0.024823,0.000616,8.416783,8.483700,8.356900,0.126800,-0.129697,-0.057271,0.019674,17710.557354,-180.532756,2095.803400,9.199502,7.150787,14.904231,7.710643,6.840323,5.671853,0.765820,4.578244,9.918520,0.023111,0.000534,9.918547,10.000183,9.849993,0.150189,-0.022444,0.517526,0.017886,24594.392107,-156.607665,2469.749229,12.071527,6.489865,5.057867,11.671062,9.484006,5.466879,0.802535,4.618964,-1.303809,1.724634,2.974363,2.162009,1.849100,-5.951500,7.800600,-0.115154,-0.687752,1.445538,1168.570515,2.388573,445.395118,5.092806,6.334643,1030.973077,216.055941,112.678900,86.374495,0.498440,3.945318,-0.067286,0.394552,0.155671,0.400248,1.166400,-1.357800,2.524200,-0.372769,0.766626,0.297532,40.049590,1.771939,73.622517,8.453376,6.774629,225.427080,146.877705,106.209890,49.504520,0.735952,4.524742,0.792022,2.951690,8.712475,3.056104,7.811500,-4.176200,11.987700,0.285634,-0.569107,2.463359,2334.943421,1.955296,631.425632,4.535930,6.232198,1643.515350,232.557956,148.490215,121.970960,0.457881,3.743932,3.252447,1.896271,3.595845,3.764871,9.262575,0.600369,8.662207,1.269047,1.675028,1.445924,3543.563527,2.116143,807.624462,5.031479,6.225527,1213.382537,227.614358,130.761474,98.995448,0.499064,3.972715,-0.599314,0.013619,0.000185,0.599469,-0.568550,-0.643150,0.074600,-0.234408,0.190535,0.010751,89.840771,-393.291458,149.218695,10.683125,7.534780,5.758593,4.151607,4.123160,3.066618,0.750218,4.551655,-0.815133,0.019461,0.000379,0.815365,-0.785140,-0.879520,0.094380,-0.733222,0.107875,0.015933,166.205017,-282.673339,202.976955,12.070085,6.879513,5.590240,8.483375,7.225037,5.690933,0.814972,4.646426,0.564454,0.009324,0.000087,0.564531,0.585750,0.541200,0.044550,-0.206541,-0.418423,0.007648,79.673926,-764.153394,140.551240,10.531475,7.514417,4.293263,3.020679,2.362726,2.252049,0.767707,4.559298,1.158721,0.015638,0.000245,1.158826,1.213557,1.134108,0.079449,0.848323,0.517373,0.012749,335.719714,-361.183043,288.523344,12.564288,6.734282,3.685032,6.923647,6.286749,4.557032,0.822188,4.658526
-5.240867,0.051609,0.002663,5.241121,-5.032800,-5.392600,0.359800,0.154662,0.738832,0.039739,6867.337074,-43.466364,1304.944250,9.146350,6.607350,26.963312,16.295178,20.673822,8.780037,0.741258,4.543506,-0.197701,0.087113,0.007589,0.216043,0.060910,-0.435010,0.495920,0.054403,0.623900,0.065302,11.668652,-20.896059,49.645280,5.721163,5.994080,60.306364,19.112438,8.392669,5.470559,0.505161,4.162135,8.418528,0.028323,0.000802,8.418576,8.491600,8.331500,0.160100,-0.205125,0.238234,0.022160,17718.103964,-138.991493,2096.229850,8.967000,7.189668,16.566327,8.921657,6.319359,5.933341,0.746028,4.538681,9.919073,0.020760,0.000431,9.919095,9.973435,9.849993,0.123442,-0.085719,0.178212,0.016491,24597.109690,-199.312679,2469.846670,12.676489,6.275655,3.825438,9.276722,9.391762,6.141087,0.815287,4.637701,-1.059451,2.129999,4.536894,2.378935,4.180700,-5.958500,10.139200,0.400941,0.094787,1.636007,1414.832504,2.021193,500.596056,3.494253,5.493747,968.656618,104.538184,48.896260,47.742744,0.310791,3.286519,-0.025297,0.356995,0.127446,0.357891,1.351300,-1.259900,2.611200,-0.110483,1.385916,0.262560,32.021403,1.549685,65.905485,8.738362,6.955185,202.610192,118.998667,108.931828,53.472368,0.738795,4.533355,0.367498,3.602785,12.980063,3.621480,7.811500,-8.440600,16.252100,-0.353780,-0.024673,2.750386,3278.779492,1.574778,708.517452,2.489133,4.703332,1472.172505,88.203976,52.097707,36.046148,0.201937,2.822004,3.626395,2.398290,5.751795,4.347704,9.418961,0.600369,8.818592,0.951056,-0.088585,1.931639,4725.633400,2.246220,904.232085,3.031334,4.951953,1337.544951,104.045502,52.402515,44.286161,0.245867,3.301030,-0.596903,0.017509,0.000307,0.597160,-0.560480,-0.647180,0.086700,-0.309716,-0.386809,0.014163,89.149997,-306.191499,148.632050,9.878036,7.944806,6.875168,3.612570,3.416806,2.535175,0.706103,4.358884,-0.815647,0.019712,0.000389,0.815885,-0.779120,-0.883530,0.104410,-0.740568,0.325250,0.016029,166.416981,-249.162961,203.099400,11.648925,7.065571,6.384489,8.179085,6.191390,5.153456,0.831992,4.632452,0.565203,0.011666,0.000136,0.565323,0.587970,0.523390,0.064580,-0.450813,-0.031200,0.009576,79.897506,-479.690983,140.733825,9.983162,7.590328,5.183759,3.073212,2.680376,2.309085,0.734341,4.473409,1.158290,0.014935,0.000223,1.158386,1.216734,1.134181,0.082553,0.834358,0.599744,0.012241,335.464484,-350.532036,288.417572,12.253088,6.908475,4.025833,6.384946,4.996190,3.898054,0.834323,4.638779
-5.241086,0.049744,0.002474,5.241322,-5.032800,-5.392600,0.359800,0.048492,1.058890,0.038294,6867.864225,-44.743145,1305.005150,9.487700,6.609377,25.017489,17.164862,21.987276,9.134326,0.768294,4.591737,-0.206069,0.075823,0.005749,0.219576,0.060910,-0.435010,0.495920,0.396008,2.526716,0.051417,12.053394,-25.654603,51.755312,5.830431,6.085803,52.484482,17.216453,7.384132,4.715393,0.526146,4.186425,8.417037,0.025987,0.000675,8.417077,8.491600,8.331500,0.160100,-0.204994,0.739517,0.019804,17711.797632,-145.201354,2095.851550,9.337773,7.513602,15.756336,7.657383,5.720747,5.731041,0.769389,4.569084,9.917983,0.021729,0.000472,9.918007,9.984848,9.856672,0.128176,0.140107,0.236361,0.017131,24591.715251,-188.041750,2469.573056,12.669736,6.397772,4.523484,8.801514,10.464239,6.572560,0.820803,4.650552,-0.939416,1.687519,2.847721,1.931379,4.180700,-5.958500,10.139200,1.089981,2.484206,1.064988,932.555877,1.468566,406.774574,4.682676,6.036584,943.961531,182.751108,88.073778,75.119306,0.448161,3.803340,0.015578,0.314169,0.098702,0.314555,1.351300,-1.193900,2.545200,0.255084,1.985642,0.235887,24.736195,1.080064,58.156739,9.074336,6.717548,169.316514,122.581221,108.832239,54.482403,0.754445,4.578028,0.089285,2.703892,7.311032,2.705366,6.317500,-8.440600,14.758100,-1.426655,2.470659,1.689153,1829.750917,1.347104,432.136389,3.992396,5.928006,1432.348082,163.601756,105.217892,84.250309,0.386817,3.551080,2.572598,2.128359,4.529913,3.338888,9.418961,0.688501,8.730459,1.740467,2.034710,1.635039,2787.042989,1.682983,637.983393,5.022324,6.230452,1278.737958,236.233363,139.841668,104.795297,0.501744,3.940657,-0.594121,0.015315,0.000235,0.594318,-0.560480,-0.647180,0.086700,-0.808678,0.866598,0.011470,88.303602,-333.114192,147.922405,9.736379,8.009345,7.146340,3.351933,2.609005,2.866044,0.725343,4.412446,-0.816273,0.019898,0.000396,0.816516,-0.779120,-0.897590,0.118470,-0.884797,1.010459,0.016049,166.674438,-221.541165,203.270085,11.835411,7.121553,6.374594,7.955949,5.822430,5.312978,0.820604,4.624331,0.567028,0.010400,0.000108,0.567124,0.587970,0.523390,0.064580,-0.850066,1.274499,0.008195,80.407344,-502.993382,141.194740,10.431095,7.693191,4.422532,2.780885,2.637358,2.087475,0.765206,4.513156,1.158145,0.015510,0.000241,1.158249,1.219177,1.135044,0.084133,1.027256,1.373842,0.012571,335.385384,-345.023545,288.386127,12.218337,7.026490,4.623330,6.087773,4.321876,4.482648,0.798311,4.607098
-5.243501,0.040989,0.001680,5.243661,-5.128400,-5.377800,0.249400,0.113368,0.361258,0.032402,6873.996243,-70.445580,1305.668450,10.521592,6.316936,14.009186,18.029218,18.793297,7.448316,0.718324,4.556349,-0.192899,0.040560,0.001645,0.197117,-0.096117,-0.290020,0.193903,0.111679,-0.665435,0.034266,9.713750,-97.261497,48.013277,7.735503,6.501499,25.362431,15.396371,7.580604,4.616454,0.659187,4.452081,8.415312,0.022957,0.000527,8.415343,8.499200,8.278700,0.220500,-0.315072,5.499596,0.016319,17704.500773,-109.601083,2095.420850,11.458930,6.693267,9.199556,7.589729,10.711724,7.225889,0.836641,4.673750,9.917264,0.026887,0.000723,9.917300,10.050469,9.774089,0.276380,0.018413,5.447798,0.018958,24588.210766,-80.611216,2469.424687,12.179544,6.357148,6.511813,10.633535,13.216949,6.626673,0.767123,4.594828,-1.135591,0.404062,0.163266,1.205336,-0.126160,-2.462400,2.336240,0.104402,0.663424,0.303414,363.208513,1.929573,282.480970,6.836527,6.775106,284.767673,90.128648,47.936999,37.968154,0.606248,4.309650,0.038980,0.318206,0.101255,0.320584,1.023900,-0.816440,1.840340,0.143610,0.570630,0.243710,25.693541,1.398247,61.414562,8.993071,6.839430,183.122555,108.622890,97.982199,59.600133,0.776132,4.575185,0.575633,0.380539,0.144810,0.690046,2.264100,-0.253930,2.518030,0.843059,2.147127,0.284922,119.040731,1.609671,145.841371,7.017389,6.931277,259.515931,90.010022,41.091185,35.489563,0.601023,4.300950,1.388308,0.323068,0.104373,1.425402,2.594007,0.355580,2.238427,0.950131,2.291487,0.230757,507.942785,0.835195,345.500404,7.633908,6.868103,214.492777,83.167620,52.391588,38.214518,0.674534,4.408425,-0.596056,0.009793,0.000096,0.596137,-0.578630,-0.629030,0.050400,-0.854774,0.606728,0.007805,88.844786,-661.318896,148.423375,11.789056,7.390173,3.650630,3.477741,2.599092,3.228733,0.795658,4.613351,-0.816209,0.019640,0.000386,0.816445,-0.787150,-0.897590,0.110440,-1.167439,2.300846,0.015717,166.645581,-242.098132,203.232890,12.568673,6.777689,5.163495,7.595350,6.476713,6.518665,0.812239,4.623714,0.566565,0.006931,0.000048,0.566608,0.581290,0.547880,0.033410,-0.149684,-0.677359,0.005767,80.261019,-1092.964381,141.076695,11.928414,6.892016,2.237879,2.720189,2.048891,2.153057,0.814817,4.619828,1.158772,0.015880,0.000252,1.158881,1.223233,1.135044,0.088188,1.112490,1.837461,0.012782,335.751386,-327.906884,288.535916,12.489100,6.918159,4.459131,5.960426,4.899137,5.316459,0.782804,4.606267
-5.260752,0.036166,0.001308,5.260876,-5.128400,-5.377800,0.249400,0.499047,1.236400,0.027409,6919.203839,-75.698847,1309.921300,10.506499,6.612291,13.790111,15.329646,15.426371,6.380551,0.765518,4.588335,-0.179122,0.039667,0.001574,0.183462,-0.096796,-0.290020,0.193224,-0.175554,-0.230664,0.032014,8.414567,-98.618989,44.611108,8.201558,6.508165,23.155003,16.368017,7.772824,5.106744,0.686769,4.479873,8.405336,0.022636,0.000512,8.405366,8.499200,8.278700,0.220500,0.337271,5.851297,0.016019,17662.546410,-111.064519,2092.938700,11.489596,6.921296,9.322391,6.088297,10.284624,6.994925,0.801712,4.639394,9.917662,0.025228,0.000636,9.917694,10.050469,9.774089,0.276380,-0.058821,7.197668,0.017658,24590.164816,-84.082006,2469.503512,12.543330,6.458498,5.746016,10.061868,11.981367,7.036134,0.785407,4.622046,-1.130801,0.336690,0.113360,1.179861,-0.126160,-2.343500,2.217340,0.257169,1.544706,0.242687,348.017929,1.037833,281.460320,7.507413,6.958272,231.508470,90.774125,50.309385,36.423661,0.621737,4.387725,0.024204,0.282726,0.079934,0.283760,1.023900,-0.816440,1.840340,0.237287,1.068539,0.210548,20.129998,0.725793,52.945052,9.205654,6.945325,163.497304,95.063608,83.617238,61.102862,0.777827,4.587759,0.500400,0.348144,0.121204,0.609594,2.264100,-0.253930,2.518030,1.564187,4.917350,0.237850,92.901104,0.868602,126.654498,7.517774,7.221350,231.024677,83.363458,40.598913,42.829266,0.614242,4.336996,1.327509,0.286208,0.081915,1.358012,2.594007,0.355580,2.238427,1.321307,4.480482,0.194307,461.049032,0.084815,330.367421,7.967137,7.045120,192.975247,82.664227,50.249405,37.418376,0.686668,4.457383,-0.599129,0.009305,0.000087,0.599201,-0.582660,-0.637100,0.054440,-0.831408,0.956929,0.007495,89.760485,-620.744929,149.174350,11.915408,7.082135,3.269491,3.638232,2.947772,3.094828,0.847166,4.664162,-0.814723,0.018668,0.000349,0.814937,-0.785140,-0.897590,0.112450,-0.887760,1.635623,0.015474,166.030452,-241.679272,202.840350,12.193171,6.620824,5.094076,7.339828,6.415892,6.009271,0.795318,4.605198,0.565657,0.006991,0.000049,0.565700,0.581290,0.545660,0.035630,-0.295882,-0.324159,0.005664,80.004155,-1012.187757,140.849640,11.942427,6.751641,2.029983,2.896990,2.206623,1.915514,0.787171,4.594664,1.158861,0.014857,0.000221,1.158957,1.223233,1.134687,0.088545,0.871008,1.287854,0.012161,335.795092,-330.394046,288.534433,12.175356,6.755019,4.220746,5.950563,4.843036,5.115222,0.820504,4.625562
-5.267106,0.032376,0.001048,5.267205,-5.094000,-5.344100,0.250100,0.739071,2.840439,0.024418,6935.862410,-80.447956,1311.558250,11.829771,6.305347,7.434747,15.759124,14.156781,8.731891,0.795055,4.625973,-0.185507,0.034591,0.001197,0.188705,-0.096796,-0.289490,0.192694,0.243292,0.283505,0.027018,8.902381,-105.356185,46.196213,8.689530,6.582022,19.364416,15.229555,8.792304,5.962513,0.755578,4.561457,8.401735,0.014481,0.000210,8.401748,8.460300,8.365000,0.095300,0.291024,0.654165,0.010994,17647.341015,-305.023622,2091.996550,12.414344,6.899428,4.379645,4.997280,6.066376,5.542353,0.863138,4.689453,9.918065,0.020079,0.000403,9.918086,9.979970,9.822828,0.157142,-0.166000,1.715979,0.015444,24592.105806,-159.460066,2469.594046,13.390466,6.353377,3.697050,7.366156,9.313732,7.664454,0.813171,4.660672,-1.156849,0.175818,0.030912,1.170133,-0.800350,-1.786800,0.986450,-0.545489,0.693174,0.139819,342.302866,-3.903124,287.987680,9.718023,7.294916,100.470822,60.353479,56.119473,31.422195,0.794934,4.616833,-0.020075,0.212573,0.045187,0.213519,0.591040,-0.908610,1.499650,-0.344220,1.534161,0.164168,11.397587,-0.994869,40.888846,10.932749,6.970636,83.026182,99.170474,70.402928,46.895180,0.815510,4.638820,0.441196,0.159566,0.025461,0.469164,1.087800,-0.041741,1.129541,0.186394,0.663369,0.125423,55.028738,-3.556980,110.241681,11.262026,7.559618,79.274423,51.551081,42.933990,47.165602,0.833831,4.662102,1.266712,0.174230,0.030356,1.278639,1.870245,0.911907,0.958337,0.489973,0.512998,0.137321,408.729191,-3.993368,315.439831,10.184183,7.404376,97.088137,60.343609,51.486565,37.395331,0.822308,4.642117,-0.598556,0.009366,0.000088,0.598630,-0.580650,-0.637100,0.056450,-0.746139,0.922741,0.007538,89.589348,-594.069303,149.043315,12.616120,6.926933,2.444037,3.971227,2.950631,3.194887,0.830674,4.655738,-0.815847,0.020090,0.000404,0.816095,-0.785140,-0.897590,0.112450,-0.826224,0.944872,0.016734,166.502664,-235.871488,203.149610,12.329189,6.889781,5.538653,8.024341,6.136934,6.923244,0.803130,4.613307,0.564401,0.007620,0.000058,0.564453,0.581290,0.536750,0.044540,-0.644364,0.611803,0.006116,79.651696,-817.509372,140.530145,12.207612,6.914227,2.339965,3.060239,2.334866,2.949881,0.826448,4.647418,1.158766,0.015391,0.000237,1.158868,1.218207,1.133137,0.085069,0.727591,0.548708,0.012643,335.743709,-335.826173,288.533809,12.550311,6.907655,4.031372,5.981252,4.608882,5.148698,0.820077,4.615458
-5.271667,0.040101,0.001608,5.271819,-5.094000,-5.380700,0.286700,-0.008061,1.297208,0.030371,6948.019740,-63.757537,1312.625800,10.939027,6.697550,12.677095,18.445342,15.919850,9.262869,0.792421,4.608584,-0.184728,0.040139,0.001611,0.189039,-0.024813,-0.277960,0.253147,0.619055,1.159134,0.030879,8.933915,-70.838405,46.042252,8.600405,6.891355,22.508042,13.915417,8.400639,6.098728,0.711793,4.476922,8.397324,0.020883,0.000436,8.397350,8.460300,8.328600,0.131700,-0.580538,1.245387,0.015664,17628.869940,-186.482976,2090.960100,11.536604,7.502724,7.947153,6.655697,6.543981,6.334954,0.822697,4.630858,9.916796,0.021323,0.000455,9.916819,9.979970,9.822828,0.157142,-0.077509,1.280777,0.016651,24585.823595,-157.624153,2469.295205,13.154791,6.572630,4.269721,8.290550,9.674827,7.237038,0.829566,4.666186,-1.087461,0.319064,0.101802,1.133302,-0.045218,-2.579500,2.534282,0.149088,3.771406,0.220035,321.093550,0.470279,270.780391,7.409528,6.800421,212.922279,87.191344,65.080878,35.721839,0.645984,4.407360,0.055588,0.333403,0.111158,0.338006,1.370200,-1.012800,2.383000,0.790911,2.742146,0.235274,28.561971,0.932449,57.993119,9.404142,7.208611,169.901677,115.501214,92.670141,61.192191,0.721862,4.531757,0.520390,0.273321,0.074704,0.587801,1.540000,-0.126760,1.666760,1.057085,1.907657,0.197049,86.377598,-0.041602,130.379462,9.294157,7.936772,164.606919,74.609283,43.720112,52.289574,0.734314,4.510265,1.297303,0.247262,0.061139,1.320656,2.621619,0.602892,2.018727,1.384424,6.145363,0.175796,436.033119,-0.495855,323.129741,9.151061,7.077948,141.607105,92.058826,70.240780,38.482537,0.773233,4.580475,-0.599056,0.010317,0.000106,0.599145,-0.580650,-0.637100,0.056450,-0.758265,0.422633,0.008351,89.743752,-578.826590,149.166320,12.455552,6.842698,2.772091,4.152527,3.388037,3.955650,0.797269,4.630943,-0.817606,0.037401,0.001399,0.818461,-0.787150,-1.313300,0.526150,-9.431197,120.775475,0.018349,167.469701,-49.125569,203.586300,12.773045,7.093111,11.729454,14.642256,13.810278,13.922965,0.898176,4.730858,0.563876,0.007662,0.000059,0.563928,0.579060,0.536750,0.042310,-0.717312,0.691246,0.006090,79.503589,-842.048992,140.405420,12.496546,6.735561,2.114947,3.343536,2.167847,3.229591,0.841437,4.663414,1.160174,0.029382,0.000863,1.160546,1.549436,1.133137,0.416299,9.400605,120.529700,0.014714,336.717043,-64.741490,288.886160,12.761649,7.032346,9.056325,11.867678,10.855627,11.183283,0.916292,4.743068
-5.305234,0.047497,0.002256,5.305446,-5.188900,-5.428600,0.239700,0.046637,-0.648426,0.039842,7036.939880,-69.038257,1321.029650,10.242131,6.956200,17.766627,18.773596,16.365409,9.679502,0.792230,4.577905,-0.176089,0.044627,0.001992,0.181656,-0.024813,-0.291180,0.266367,0.093010,0.300475,0.035152,8.249729,-64.864819,43.822449,7.811978,6.603960,26.920466,15.403201,7.420963,5.836294,0.648145,4.407582,8.373871,0.025828,0.000667,8.373911,8.451000,8.318100,0.132900,0.229547,-0.550007,0.021801,17530.594813,-166.632032,2085.083700,10.967087,7.741517,10.658706,6.803027,6.976397,6.089759,0.802962,4.581103,9.914774,0.020077,0.000403,9.914794,9.979697,9.858471,0.121226,0.008941,0.107235,0.016154,24575.784423,-205.420460,2468.783834,13.105445,6.732116,4.406693,7.915449,7.760264,6.823646,0.811234,4.651199,-1.118488,0.356460,0.127064,1.173916,-0.045218,-2.579500,2.534282,0.229590,1.803948,0.263900,344.519642,1.139848,278.545516,7.312811,6.724492,239.495483,104.914057,63.275736,38.957381,0.640481,4.403421,0.099602,0.380558,0.144824,0.393376,1.568800,-1.012800,2.581600,0.957820,2.473048,0.272009,38.686195,1.353176,67.302798,8.548863,6.870279,222.764033,129.834965,101.500644,68.733868,0.752812,4.542943,0.488718,0.309316,0.095676,0.578378,1.540000,-0.455450,1.995450,0.647039,1.037734,0.231933,83.630314,0.934663,123.607633,8.184287,7.505330,206.880376,76.007011,47.884986,45.987350,0.679102,4.441555,1.335128,0.291167,0.084778,1.366508,2.621619,0.538522,2.083097,0.658698,2.533714,0.215566,466.836151,0.681649,332.477035,8.451508,6.863296,178.530234,106.415735,68.328287,36.950934,0.684441,4.503704,-0.601919,0.009965,0.000099,0.602002,-0.582660,-0.637100,0.054440,-0.677480,0.561655,0.008062,90.601519,-602.973870,149.884045,12.753403,7.004752,2.817569,3.558923,3.145238,3.750580,0.798385,4.629288,-0.815405,0.036770,0.001352,0.816234,-0.787150,-1.313300,0.526150,-10.021743,131.746510,0.017390,166.559435,-49.691436,203.028015,12.724734,7.056882,11.671637,14.184247,14.239927,13.397685,0.926282,4.748764,0.562815,0.007828,0.000061,0.562870,0.583520,0.541200,0.042320,-0.451203,-0.046984,0.006343,79.205611,-838.814357,140.144830,12.409415,6.996613,2.324829,2.826939,2.621383,2.692682,0.822159,4.634306,1.159580,0.028994,0.000841,1.159942,1.549436,1.133586,0.415851,9.825388,128.025887,0.014030,336.366565,-66.656595,288.735115,12.736053,7.012105,8.984294,11.625275,10.987963,10.706049,0.924891,4.748299
-5.332778,0.038552,0.001486,5.332917,-5.237500,-5.440700,0.203200,0.065308,-0.316485,0.030912,7110.001862,-93.287513,1327.802400,10.954458,6.432274,11.583817,18.753533,16.248064,8.057907,0.785065,4.602104,-0.176875,0.042000,0.001764,0.181793,-0.074172,-0.291180,0.217008,-0.198684,-0.168384,0.033901,8.262215,-82.431167,44.085088,7.971150,6.526309,25.732815,12.455857,8.612169,5.313235,0.685667,4.429029,8.356242,0.018871,0.000356,8.356263,8.415900,8.293300,0.122600,0.152141,0.926851,0.014237,17456.782451,-216.986757,2080.687700,11.906508,7.148084,7.463970,6.360416,7.337466,6.142798,0.864670,4.699503,9.914623,0.020712,0.000429,9.914645,9.999100,9.856109,0.142991,0.097688,0.821632,0.016263,24575.046528,-172.397441,2468.696184,12.546734,6.695650,5.096035,8.905809,7.437000,6.880787,0.778455,4.629448,-1.136202,0.335802,0.112763,1.184786,0.122470,-2.224300,2.346770,0.511960,1.116239,0.254743,350.929529,1.323874,283.200720,7.523573,6.881862,225.137655,101.788647,49.069209,36.275896,0.657860,4.409225,0.051686,0.351565,0.123598,0.355344,1.568800,-0.905940,2.474740,0.954001,2.522107,0.258159,31.567354,1.140417,63.981288,8.385077,6.758833,206.690221,135.512560,83.321772,55.731703,0.675306,4.491463,0.469989,0.285345,0.081422,0.549828,1.514800,-0.455450,1.970250,0.746595,1.564183,0.215494,75.577795,0.599533,118.724277,7.847214,7.056124,194.791288,84.322755,40.801413,43.035284,0.687318,4.454569,1.321517,0.293072,0.085891,1.353624,2.240703,0.538522,1.702180,0.238754,0.157827,0.228614,458.074678,1.021109,329.232302,8.215660,6.918062,183.560560,99.210922,50.719382,39.535804,0.713276,4.476028,-0.603580,0.009096,0.000083,0.603649,-0.588710,-0.637100,0.048390,-0.614069,0.146739,0.007472,91.097985,-701.734658,150.284190,12.548453,6.745975,2.381194,3.239681,3.445670,3.081523,0.799518,4.621668,-0.814932,0.019543,0.000382,0.815166,-0.787150,-0.897590,0.110440,-0.955026,1.366130,0.015934,166.123865,-245.131319,202.918645,12.322149,6.973199,5.700720,7.032509,6.489288,6.313160,0.787936,4.608122,0.561150,0.007744,0.000060,0.561203,0.583520,0.541200,0.042320,-0.210245,-0.106667,0.006241,78.737188,-837.249151,139.721680,12.757466,7.016129,2.164903,2.654843,2.609275,2.519991,0.795218,4.611301,1.159139,0.015299,0.000234,1.159239,1.222393,1.134558,0.087835,0.838098,0.880294,0.012469,335.959038,-327.684686,288.619864,12.410300,6.886855,4.199393,5.672157,5.198038,5.007290,0.805245,4.622713
-5.330798,0.038771,0.001503,5.330939,-5.165600,-5.440700,0.275100,0.116299,0.858959,0.030229,7104.728689,-68.805614,1327.354550,11.227938,6.264131,10.003625,18.157790,19.059057,6.875467,0.788193,4.598458,-0.182630,0.038910,0.001514,0.186729,-0.085732,-0.279130,0.193398,-0.005446,-0.330431,0.031090,8.716950,-96.775784,45.402781,8.263817,6.601396,22.178096,12.904048,7.116971,5.191734,0.668519,4.416771,8.357636,0.018466,0.000341,8.357657,8.426400,8.293300,0.133100,-0.029170,2.032994,0.013485,17462.606795,-192.665838,2081.065400,12.096970,7.076522,6.677283,6.535863,7.073774,5.862493,0.844096,4.680587,9.914827,0.020284,0.000411,9.914848,9.999100,9.855026,0.144074,0.249069,1.047798,0.015751,24576.052434,-172.622498,2468.794529,12.822358,6.597926,4.497096,8.062966,9.250119,5.817828,0.808417,4.650273,-1.128017,0.313531,0.098302,1.170779,0.122470,-2.224300,2.346770,0.554384,1.929575,0.228169,342.680759,0.929940,281.047930,7.228005,6.701670,222.577832,88.349862,46.076496,34.601506,0.627028,4.388915,-0.001358,0.345719,0.119521,0.345721,1.032500,-1.838900,2.871400,-0.738245,4.257825,0.249332,29.880800,1.137970,62.281570,8.864211,6.780981,201.353346,129.428296,103.826805,58.519443,0.744931,4.562223,0.470672,0.271252,0.073577,0.543240,1.514800,-0.774020,2.288820,0.575867,3.878939,0.191299,73.777296,-0.040076,120.158485,7.799728,6.883136,178.245841,87.144671,38.672880,40.674112,0.660132,4.446207,1.309981,0.263261,0.069306,1.336172,2.306664,0.691069,1.615595,0.642773,1.216236,0.197506,446.338855,0.211908,326.186948,8.239560,6.839853,165.176840,96.995701,45.322722,38.734975,0.695452,4.484030,-0.602895,0.009296,0.000086,0.602967,-0.586690,-0.641130,0.054440,-0.794002,0.726312,0.007373,90.892162,-613.470174,150.120900,12.179890,6.827654,2.447788,3.771964,3.211415,2.918685,0.811430,4.623672,-0.816145,0.019710,0.000388,0.816383,-0.787150,-0.897590,0.110440,-0.923457,1.341897,0.015799,166.620141,-243.883044,203.212870,12.884939,6.941766,5.076479,7.534672,6.323758,7.085346,0.826645,4.652798,0.560365,0.007498,0.000056,0.560416,0.576840,0.530070,0.046770,-0.504088,0.623849,0.005895,78.516424,-743.029836,139.537920,12.965490,7.125011,2.049883,2.971162,2.154988,2.539771,0.861435,4.674723,1.159253,0.015692,0.000246,1.159360,1.222393,1.133500,0.088893,0.811946,1.127342,0.012663,336.028727,-321.657039,288.652399,12.670770,6.859797,3.975492,6.270855,5.277539,5.396935,0.837329,4.652723
-5.330060,0.047254,0.002233,5.330269,-5.165600,-5.512600,0.347000,-0.435618,1.552212,0.035235,7102.943138,-48.755852,1327.140300,10.381738,6.416940,18.271860,19.386624,21.520572,10.432387,0.783203,4.610492,-0.175038,0.052937,0.002802,0.182868,-0.025023,-0.339350,0.314327,0.339921,0.603982,0.041063,8.360183,-50.035085,43.625310,7.204095,6.374805,33.881436,17.417666,6.532318,6.140573,0.599234,4.338798,8.358933,0.021298,0.000454,8.358960,8.426400,8.260100,0.166300,-0.728183,2.376215,0.015996,17468.054457,-148.704783,2081.385300,11.242075,7.107608,9.092407,7.639992,7.873429,6.715862,0.841290,4.671748,9.915490,0.022197,0.000493,9.915515,9.991076,9.855026,0.136050,0.449844,0.614800,0.017243,24579.357778,-176.619830,2468.942970,12.976390,6.588362,4.981631,8.750249,9.853067,7.475974,0.850223,4.678926,-1.045779,0.456739,0.208610,1.141168,0.958720,-2.231300,3.190020,1.484456,4.345209,0.314771,325.566249,1.523966,269.935386,6.349666,6.763654,297.633344,89.923700,47.753705,36.006276,0.554522,4.198929,-0.007127,0.371682,0.138148,0.371751,0.835940,-1.838900,2.674840,-0.733896,2.806134,0.275169,34.549628,1.383637,68.483758,8.844663,6.661751,202.219394,139.450366,113.730339,64.371244,0.730562,4.535588,0.351326,0.710058,0.504182,0.792220,1.969700,-2.688200,4.657900,-1.923008,6.228866,0.409416,156.902950,1.455983,153.163958,4.896482,6.179241,467.326564,80.825595,48.605125,35.753205,0.438233,3.922810,1.380267,0.403655,0.162937,1.438080,2.917925,0.581014,2.336911,1.513169,3.120742,0.283101,517.018827,1.303713,343.959222,7.025651,6.753912,270.397236,81.118721,54.478652,43.508214,0.628496,4.310760,-0.602266,0.009297,0.000086,0.602338,-0.580650,-0.643150,0.062500,-1.000985,2.070138,0.007183,90.702655,-528.155160,149.968690,11.749858,7.163996,3.374759,3.503908,2.707491,3.395553,0.834935,4.653841,-0.814393,0.019256,0.000371,0.814621,-0.785140,-0.893570,0.108430,-0.806252,0.712008,0.015950,165.901865,-243.754907,202.792135,12.308112,6.935920,5.261512,8.391025,5.257312,6.434594,0.812893,4.632360,0.561105,0.007518,0.000057,0.561155,0.581290,0.530070,0.051220,-0.522878,0.979936,0.005751,78.723769,-682.202055,139.716060,12.155329,7.405106,2.856157,3.034041,1.883990,2.488309,0.852912,4.683693,1.158053,0.015042,0.000226,1.158151,1.218363,1.133500,0.084863,0.754698,0.642134,0.012351,335.328289,-339.351120,288.363795,12.490396,6.866425,3.614650,6.378024,4.178180,4.674426,0.790384,4.592476
-5.329313,0.049085,0.002409,5.329539,-5.153700,-5.512600,0.358900,-0.335231,1.303310,0.037192,7100.997136,-44.346981,1326.983750,9.835791,6.370745,21.317663,20.305803,20.062174,10.426854,0.763482,4.594200,-0.165656,0.054091,0.002926,0.174263,-0.025023,-0.339350,0.314327,0.090274,0.256337,0.042695,7.591939,-49.260074,41.219932,7.437359,6.308102,34.614563,20.354125,8.110573,6.430398,0.630766,4.400734,8.360582,0.022666,0.000514,8.360613,8.438500,8.260100,0.178400,-0.591680,1.639865,0.017811,17474.962952,-133.894364,2081.778750,10.773380,7.144548,9.912556,8.330677,7.226909,6.794372,0.771814,4.611874,9.916332,0.023850,0.000569,9.916361,9.991076,9.842217,0.148859,0.306326,0.499012,0.018548,24583.552028,-157.659525,2469.152861,12.592431,6.492438,5.578583,9.961115,10.666237,8.027101,0.822388,4.666588,-1.089237,0.541253,0.292955,1.216303,0.958720,-2.391300,3.350020,0.665024,1.967151,0.398357,369.848156,2.194921,280.662511,6.139507,6.755594,340.074718,97.460454,48.007355,35.758777,0.528663,4.139542,-0.011003,0.338478,0.114567,0.338657,0.835940,-0.992030,1.827970,0.207535,-0.178240,0.271988,28.672125,1.734191,67.996233,8.977800,6.627492,177.843635,119.293700,110.047629,62.579483,0.737542,4.537506,0.443877,0.802318,0.643714,0.916919,2.181200,-2.688200,4.869400,-1.306130,3.822495,0.527849,210.185036,1.954388,175.811912,4.981665,6.296349,489.348664,78.049082,50.875628,40.044919,0.445455,3.880631,1.462434,0.544159,0.296109,1.560391,3.185376,0.543171,2.642205,1.063914,0.909394,0.408781,608.705318,2.406627,364.337891,5.960315,6.628749,367.213524,84.257827,47.354586,41.282104,0.528300,4.125937,-0.601129,0.009842,0.000097,0.601209,-0.580650,-0.643150,0.062500,-0.761219,1.228202,0.007821,90.363150,-516.222384,149.686415,11.722405,7.185060,3.343365,3.843800,3.105414,3.102145,0.795621,4.626238,-0.813863,0.018684,0.000349,0.814078,-0.785140,-0.899600,0.114460,-0.738531,0.870753,0.015726,165.680570,-236.571126,202.645500,12.403504,6.833661,4.830537,6.878390,5.899961,6.527549,0.811032,4.614923,0.563706,0.007654,0.000059,0.563758,0.583520,0.530070,0.053450,-0.436139,1.249079,0.005912,79.455739,-649.694151,140.357435,12.073350,7.133932,2.740331,2.924967,2.607218,2.673731,0.852134,4.689447,1.158351,0.014853,0.000221,1.158446,1.221732,1.132845,0.088886,0.640557,0.412664,0.012308,335.499459,-323.395953,288.425147,12.531170,6.836427,3.482312,5.747415,4.591989,4.845306,0.812324,4.612713
-5.319519,0.043099,0.001858,5.319693,-5.153700,-5.440700,0.287000,0.116734,0.871843,0.032425,7074.784457,-60.141646,1324.594350,10.745412,6.596910,15.443043,16.951647,17.868341,9.982715,0.750460,4.578598,-0.175410,0.039059,0.001526,0.179706,-0.060929,-0.266150,0.205221,0.381606,0.108788,0.031061,8.073523,-90.855606,43.712211,8.552023,6.723061,22.168177,15.401478,9.000434,5.512972,0.704274,4.500097,8.366874,0.019328,0.000374,8.366897,8.438500,8.317400,0.121100,0.111198,0.564808,0.014988,17501.240199,-211.053312,2083.366200,10.977644,7.223600,8.493884,7.186672,6.475121,5.645854,0.825927,4.655827,9.916445,0.022404,0.000502,9.916471,9.988568,9.842217,0.146351,0.034355,0.381980,0.017728,24584.098179,-164.538060,2469.226042,12.620407,6.603515,4.873472,9.077801,10.520305,6.666599,0.823168,4.652498,-1.230719,0.443295,0.196511,1.308121,0.113180,-2.551400,2.664580,-0.034816,1.224889,0.317088,427.795082,1.872349,306.618150,6.517912,6.883646,296.032905,88.787704,42.910619,36.869397,0.566953,4.224490,-0.053637,0.316808,0.100368,0.321317,1.062700,-1.592300,2.655000,-0.135417,2.082727,0.244917,25.811128,0.837446,62.377623,9.418779,6.867276,176.253591,103.429301,98.145349,74.143883,0.766611,4.581013,0.543321,0.410544,0.168546,0.680987,2.181200,-0.390570,2.571770,1.360438,3.019915,0.281615,115.935891,1.411708,138.911770,7.490957,7.506931,251.520158,76.897674,50.417389,51.590308,0.658125,4.324100,1.429880,0.483334,0.233612,1.509360,3.185376,0.093992,3.091384,1.003539,2.288331,0.331254,569.542101,1.807644,356.025855,6.687870,6.952223,309.332165,97.807160,58.460087,50.117396,0.599449,4.253696,-0.598532,0.009530,0.000091,0.598608,-0.582660,-0.635080,0.052420,-0.856518,0.937358,0.007576,89.582867,-641.397631,149.031205,11.911883,7.119286,3.246128,3.579715,3.220295,3.108473,0.822360,4.649184,-0.815598,0.018229,0.000332,0.815802,-0.787150,-0.899600,0.112450,-0.668754,0.813173,0.015270,166.383177,-244.418925,203.065215,12.456198,6.957044,4.851741,6.862505,5.735424,5.617615,0.820762,4.619896,0.565238,0.007334,0.000054,0.565286,0.583520,0.530070,0.053450,-0.631095,1.599193,0.005676,79.887048,-661.522866,140.746115,12.901303,6.987599,1.941513,2.659680,2.445884,2.608769,0.832332,4.651401,1.158961,0.014911,0.000222,1.159057,1.221732,1.131895,0.089837,0.665602,0.660021,0.012226,335.853092,-318.816109,288.567232,12.543088,6.943710,4.042975,5.315032,4.852041,5.016668,0.806468,4.625594
-5.316085,0.044891,0.002015,5.316275,-5.201500,-5.476900,0.275400,-0.263386,0.548931,0.034585,7065.694272,-64.063978,1323.694200,10.645048,6.471749,15.026596,21.875860,18.212133,10.579419,0.779706,4.613120,-0.186202,0.037483,0.001405,0.189937,-0.060929,-0.290460,0.229531,0.463402,0.869713,0.028782,9.019048,-84.337516,46.344013,8.341584,6.783464,23.638499,13.147050,9.072177,4.912031,0.701262,4.503120,8.369412,0.020271,0.000411,8.369437,8.426600,8.297300,0.129300,-0.398850,0.488760,0.015893,17511.868705,-190.562645,2084.004600,11.347130,7.252553,8.282070,6.680108,6.490498,7.029227,0.792986,4.629319,9.916944,0.023346,0.000545,9.916972,9.991349,9.861342,0.130008,0.059143,-0.203185,0.018887,24586.582026,-181.890881,2469.330494,12.602167,6.561892,5.110004,9.938465,9.603410,7.873030,0.817732,4.638227,-1.110140,0.410144,0.168218,1.183482,0.113180,-2.551400,2.664580,0.074243,1.518253,0.305433,350.157471,1.702859,277.016920,6.956282,6.906746,281.763186,92.715748,53.176091,39.421624,0.630150,4.329383,0.032475,0.392283,0.153886,0.393625,1.764200,-1.592300,3.356500,0.388469,2.375959,0.291628,38.735182,1.313107,72.837413,8.820678,6.956533,224.744029,135.784433,96.793493,76.258067,0.760572,4.543482,0.488091,0.268064,0.071858,0.556859,1.321100,-0.556390,1.877490,-0.538856,1.682283,0.195145,77.522883,0.271380,127.000138,8.918151,7.373625,166.511866,81.157476,49.625687,49.455344,0.750365,4.525280,1.318723,0.355853,0.126631,1.365892,2.662039,0.093992,2.568047,0.195012,1.947275,0.262542,466.415536,1.340092,328.670488,7.895846,6.881516,223.227021,112.267772,69.488343,52.197208,0.686038,4.458956,-0.597556,0.008617,0.000074,0.597618,-0.580650,-0.631050,0.050400,-0.770859,1.085998,0.006816,89.286965,-685.853912,148.782235,12.071409,7.129769,2.742325,3.268641,2.832931,2.348767,0.802448,4.606825,-0.814257,0.034150,0.001166,0.814973,-0.363450,-0.897590,0.534140,9.010369,118.904762,0.017093,166.045136,-48.724708,202.718850,12.245728,7.023775,11.577231,14.818340,11.793352,11.501069,0.919244,4.738835,0.563760,0.007088,0.000050,0.563804,0.579060,0.543430,0.035630,-0.382510,-0.058999,0.005700,79.468758,-1019.097930,140.385315,12.570403,7.146902,1.866954,2.708586,2.131854,2.375999,0.789270,4.606093,1.157021,0.022497,0.000506,1.157240,1.224380,0.892105,0.332276,-6.178700,74.935793,0.012829,334.800859,-78.099755,288.075966,12.257621,7.008513,7.287750,9.695634,7.051709,7.370227,0.873809,4.694417
-5.317959,0.048639,0.002366,5.318182,-5.189400,-5.476900,0.287500,-0.219452,0.405897,0.037473,7070.763943,-56.708592,1324.210800,9.490607,6.402430,22.395701,22.208995,16.427950,8.963962,0.757850,4.569061,-0.181831,0.046732,0.002184,0.187741,-0.036823,-0.291440,0.254617,0.315158,0.318982,0.036303,8.811633,-64.751455,45.275880,7.328523,6.216148,30.648636,16.547515,9.753638,4.830505,0.628144,4.420365,8.368679,0.024289,0.000590,8.368714,8.485400,8.297300,0.188100,-0.023955,1.688945,0.018746,17508.843709,-125.381986,2083.798250,10.767384,7.181901,10.862923,8.233998,6.987116,8.586206,0.809430,4.632802,9.917314,0.023734,0.000563,9.917342,9.991349,9.861518,0.129831,0.102171,-0.209300,0.019012,24588.419285,-181.031609,2469.429785,12.270649,6.358334,5.816586,10.126172,10.073068,8.697237,0.827185,4.655428,-1.176875,0.628401,0.394887,1.334137,0.513440,-2.984500,3.497940,-0.324469,0.925905,0.444250,444.980494,2.293067,298.744004,5.859526,6.897723,370.606692,82.383397,52.096045,41.733106,0.499060,4.022291,-0.026690,0.402242,0.161798,0.403126,1.764200,-1.161100,2.925300,0.389039,1.946837,0.298905,40.627707,1.574604,74.906970,7.946912,6.747850,255.235508,129.379404,91.277806,51.325825,0.680949,4.457292,0.588352,0.922276,0.850594,1.093961,3.201100,-2.182400,5.383500,0.125471,1.821141,0.599782,299.187877,1.975961,206.781105,4.440800,6.102712,510.051837,87.639165,39.251491,35.697848,0.407142,3.700279,1.593487,0.774585,0.599982,1.771774,4.214003,0.338507,3.875497,1.733033,2.511182,0.547174,784.796077,1.957618,396.896954,5.237033,6.478602,476.807251,93.015465,58.424084,40.169558,0.490923,3.978620,-0.598702,0.010274,0.000106,0.598790,-0.574600,-0.639110,0.064510,-0.552891,1.009378,0.007979,89.637278,-498.762511,149.079625,11.443590,7.333813,3.619896,4.000463,3.098584,2.587639,0.791191,4.600574,-0.814008,0.034600,0.001197,0.814743,-0.363450,-0.897590,0.534140,8.636562,112.451718,0.017842,165.951440,-47.172063,202.676630,12.309121,7.044466,11.522654,14.037780,12.325314,12.020788,0.917743,4.734256,0.562307,0.007956,0.000063,0.562364,0.583520,0.543430,0.040090,-0.192513,-0.331928,0.006469,79.063228,-861.619637,140.018945,12.160504,7.138654,2.552124,3.204494,2.509029,2.594350,0.825431,4.650874,1.156758,0.022774,0.000519,1.156982,1.224380,0.892105,0.332276,-5.919457,70.960991,0.013305,334.651946,-78.062027,288.028745,12.424897,6.974457,6.844075,9.277602,7.582099,7.916340,0.876649,4.696639
-5.315146,0.053764,0.002891,5.315418,-5.165100,-5.464800,0.299700,-0.039150,-0.154068,0.043144,7063.415818,-51.254852,1323.411600,9.643497,6.775853,25.275812,21.944719,19.447765,8.027720,0.739492,4.567518,-0.172092,0.057977,0.003361,0.181595,0.023122,-0.313840,0.336962,0.209575,0.555433,0.044845,8.244227,-42.854984,42.874174,6.744249,6.155327,40.946252,15.747833,8.982409,5.632237,0.582345,4.328453,8.371307,0.029703,0.000882,8.371360,8.485400,8.305900,0.179500,0.418325,1.130439,0.023184,17519.916629,-120.465312,2084.483250,9.975928,7.217870,16.158256,8.619253,9.659687,7.771345,0.814434,4.623714,9.917949,0.024229,0.000587,9.917979,9.989310,9.860409,0.128901,0.252021,-0.154555,0.019511,24591.576674,-180.038778,2469.559948,12.296663,6.829769,7.856836,9.096712,9.290940,8.232514,0.854874,4.681916,-1.139519,1.095169,1.199396,1.580474,1.867300,-3.665700,5.533000,0.099517,0.051646,0.827720,624.474810,2.645935,329.841798,4.875085,6.254322,665.642917,123.302859,60.365698,57.444582,0.450170,3.873144,-0.049252,0.410270,0.168321,0.413215,1.256300,-1.161100,2.417400,0.173438,0.401116,0.319667,42.686747,2.015308,80.729905,8.775908,7.014218,235.745823,156.635490,112.102870,54.508508,0.744088,4.548783,0.429676,1.867719,3.488374,1.916506,5.389100,-4.469000,9.858100,0.119566,0.566875,1.337831,918.248784,1.996741,354.932568,5.001283,6.510582,1123.537592,196.437005,113.983376,92.516845,0.479784,3.888137,2.149692,1.311665,1.720466,2.518262,6.439407,0.690315,5.749092,1.399458,1.345304,1.038725,1585.410341,2.294487,533.761689,5.893685,6.749103,794.596313,183.519259,107.301866,85.542223,0.548476,4.071822,-0.596250,0.014343,0.000206,0.596423,-0.562500,-0.639110,0.076610,0.018027,-0.273331,0.011521,88.929979,-371.067321,148.456680,10.351180,7.549930,5.863032,4.018068,3.528425,3.134747,0.757439,4.505716,-0.817944,0.021449,0.000460,0.818225,-0.779120,-0.899600,0.120480,-0.996001,1.488743,0.017142,167.373000,-211.787063,203.626490,12.502700,6.904316,5.837636,8.254289,7.539249,7.333178,0.834799,4.654152,0.565033,0.010105,0.000102,0.565124,0.594650,0.536750,0.057900,0.008336,-0.074221,0.007991,79.841179,-555.028203,140.710435,11.262143,7.554409,3.786515,3.244170,2.743996,2.482278,0.763773,4.557632,1.159441,0.016515,0.000273,1.159559,1.224841,1.130522,0.094319,1.044267,1.573136,0.013048,336.144158,-294.194110,288.674279,12.498304,6.872985,4.584093,6.434118,5.841045,5.625058,0.831857,4.655774
-0.734084,1.627460,2.648626,1.785358,4.352800,-4.841200,9.194000,0.430857,1.334356,1.085258,796.876041,1.828661,357.039161,6.507080,6.872774,717.015370,149.715714,249.413198,130.106456,0.517638,3.925206,9.105363,1.730899,2.996010,9.268422,10.814000,1.327500,9.486500,-2.968669,8.471652,1.029217,21475.910544,1.242653,2270.850900,5.760225,6.598223,1120.854015,265.304177,180.857983,119.267502,0.576386,4.143711,2.181697,1.967869,3.872507,2.938079,9.253900,-0.871450,10.125350,2.357256,4.798923,1.237616,2158.076643,1.290105,543.372385,5.485341,6.552993,1188.166439,242.309939,186.217059,120.575350,0.538820,4.037677,9.874468,0.467257,0.218329,9.885517,11.615604,7.855384,3.760221,-0.431594,2.687447,0.307630,24430.863228,1.470378,2458.575359,7.431256,6.720928,304.991126,100.069910,111.010042,52.337759,0.641073,4.390036,15.965159,34.397093,1183.160039,37.921581,112.410000,-16.059000,128.469000,1.659747,1.252856,25.939617,359511.581856,0.318842,4961.891548,3.226708,5.216963,17020.984443,1667.177169,1088.159613,691.037262,0.308516,3.317983,10.040574,37.893001,1435.879542,39.200672,207.530000,-43.055000,250.585000,2.952783,10.855565,22.578085,384173.168010,0.184562,5167.076393,3.554573,4.724441,26928.941655,3027.092325,1399.083240,1022.957707,0.285632,3.677873,5.825599,24.125328,582.031465,24.818724,73.158000,-37.815000,110.973000,0.910423,0.346921,18.198580,153992.267044,0.396436,4368.543192,4.049513,5.714662,12867.140683,1664.161744,1062.072903,933.102957,0.363089,3.602040,41.666212,43.065471,1854.634815,59.922517,208.038421,1.630556,206.407865,1.436719,1.711854,34.378788,897677.016911,0.223634,10386.719135,3.305568,4.633593,25369.172440,2940.229955,1386.851413,768.041797,0.280541,3.531146,-0.754887,0.189710,0.035990,0.778360,-0.223790,-0.937500,0.713710,1.296944,0.568511,0.159206,151.461136,-13.959744,187.973805,3.986609,6.119622,85.327583,10.294156,5.824106,5.549751,0.384319,3.449394,0.656787,0.351200,0.123341,0.744789,0.987950,-0.708840,1.696790,-2.539519,5.674989,0.214425,138.677643,-3.640978,180.214894,5.322879,6.577409,210.388918,42.650476,27.504068,18.916364,0.549334,4.017614,0.419091,0.270994,0.073438,0.499075,1.026700,0.187080,0.839620,1.137053,-0.334493,0.228916,62.268850,-10.211769,104.295070,3.993642,6.017291,118.940187,15.468893,9.470635,8.271533,0.407583,3.463239,1.187123,0.019214,0.000369,1.187279,1.240909,1.143973,0.096936,0.693726,0.444131,0.014726,352.407629,-270.991687,295.606071,10.361504,7.900053,7.885630,4.712604,3.574432,4.238814,0.714378,4.428636
-1.105915,0.252351,0.063681,1.134341,0.004211,-1.773200,1.777411,1.509239,3.385853,0.178176,321.682407,-0.997038,275.528237,6.465966,6.531928,170.728200,45.114873,32.767224,23.139265,0.575804,4.239296,9.678266,0.136894,0.018740,9.679234,10.280000,9.052300,1.227700,0.278713,5.694690,0.085914,23421.895085,-5.548734,2409.953200,7.144058,5.999523,87.918985,41.910965,24.572946,12.880556,0.603185,4.344310,1.356794,0.207766,0.043167,1.372610,2.316700,0.763280,1.553420,1.770405,5.573380,0.130188,471.014243,-3.304262,337.743590,5.354561,5.601163,141.582906,32.027020,18.781949,12.356105,0.452191,4.017993,9.840671,0.139880,0.019567,9.841665,10.428173,9.199793,1.228380,0.028751,5.466875,0.086824,24214.591735,-6.052383,2450.393906,7.296826,6.262162,89.257404,35.944610,26.587259,13.375985,0.615345,4.334495,-0.669475,3.338359,11.144643,3.404826,14.699000,-9.171800,23.870800,1.420679,5.649584,1.992703,2898.209905,0.968696,545.849210,3.636048,4.258626,2378.733341,191.103616,115.446988,60.229443,0.268780,3.582093,-0.491549,10.551984,111.344368,10.563427,33.043000,-39.605000,72.648000,-0.230954,3.284272,6.605682,27896.497250,0.483698,1646.331625,4.289456,4.444060,7220.958433,1186.564700,421.672222,239.554360,0.305296,3.698580,0.703402,7.754574,60.133426,7.786411,36.993000,-24.875000,61.868000,0.811102,6.874678,4.306815,15157.049900,0.506513,1095.370277,3.506402,4.502687,6019.088355,364.709443,167.675074,176.774411,0.256077,3.626755,9.210816,9.948261,98.967890,13.557545,47.115330,0.552786,46.562545,1.931114,3.089486,7.193577,45951.757055,0.656897,2293.633684,4.125142,4.781797,6433.499253,1953.275329,486.460455,255.894879,0.352269,3.862666,-0.887492,0.020200,0.000408,0.887722,-0.816530,-0.937500,0.120970,1.173299,1.884399,0.014447,197.012625,-221.214736,220.981930,8.845761,7.950969,11.073627,4.119422,3.436617,2.774864,0.708332,4.405291,0.739044,0.026387,0.000696,0.739515,0.819280,0.654620,0.164660,0.129237,0.984245,0.020163,136.720645,-138.905400,184.023100,10.921487,7.730823,11.655405,8.758337,7.322943,6.416415,0.791724,4.599759,0.233648,0.023098,0.000534,0.234787,0.298440,0.184860,0.113580,0.625424,0.319078,0.018205,13.781246,-214.350019,58.177065,7.829160,7.774194,12.976411,3.408707,2.691385,3.015345,0.639302,4.270921,1.178950,0.011665,0.000136,1.179007,1.203303,1.143973,0.059330,-0.512865,0.025047,0.009447,347.514516,-517.637162,293.556472,12.482540,7.080010,3.393863,4.684401,3.339479,4.370244,0.813665,4.635493
-1.097824,0.162922,0.026544,1.109848,-0.687400,-1.739700,1.052300,-1.411701,4.087699,0.104545,307.940416,-5.752104,273.134560,5.883121,6.418876,102.226762,25.852670,17.592543,12.087996,0.508014,4.086919,9.707425,0.057338,0.003288,9.707595,9.926600,9.468700,0.457900,-0.117502,3.658822,0.039339,23559.347926,-33.505907,2417.200000,8.317325,6.460473,35.224204,24.343905,11.155992,7.773383,0.704260,4.505131,1.146883,0.067303,0.004530,1.148856,1.381900,0.952690,0.429210,0.092813,0.400036,0.052333,329.967738,-29.864621,285.533870,6.619382,6.275527,47.913635,12.318951,10.127720,6.301204,0.555607,4.255521,9.837976,0.057010,0.003250,9.838141,10.120101,9.655110,0.464991,0.805309,4.402956,0.039866,24197.256080,-33.231269,2449.672629,8.332654,6.476842,35.247232,22.926437,10.353933,7.986608,0.699803,4.488674,-0.988048,0.978578,0.957616,1.390631,1.592900,-4.129900,5.722800,0.134734,0.593629,0.754175,483.463833,2.387794,292.068782,4.719525,5.781439,667.128825,118.631196,63.632915,40.501488,0.415404,3.907324,-0.375025,4.471819,19.997168,4.487517,13.042000,-14.985000,28.027000,0.031061,2.206691,2.902748,5034.452815,0.948762,733.144749,4.513990,5.418502,2665.328511,609.175257,309.508079,158.659209,0.407762,3.836009,0.647424,3.344937,11.188606,3.407017,12.499000,-9.278800,21.777800,0.737289,3.029558,2.132870,2901.940977,1.086049,534.512853,4.259033,5.314547,2084.237527,287.357501,118.597805,83.495769,0.326757,3.671655,4.300075,3.897279,15.188784,5.803398,15.131667,0.446629,14.685038,1.445066,0.723500,3.049660,8419.857625,1.458474,1069.989667,4.775027,5.953393,2333.614978,484.970335,259.821957,136.567676,0.434305,3.890933,-0.884742,0.010518,0.000111,0.884804,-0.864920,-0.927420,0.062500,-0.866133,1.091031,0.008412,195.719721,-510.440064,220.299390,10.840813,7.559910,4.854204,3.667852,2.501730,2.755625,0.777839,4.585579,0.748362,0.021210,0.000450,0.748662,0.783130,0.658630,0.124500,-1.054110,1.718512,0.016772,140.123762,-204.271192,186.342425,11.421073,7.306782,8.746276,7.873705,5.380598,7.442630,0.799436,4.627963,0.213381,0.015309,0.000234,0.213930,0.262810,0.162580,0.100230,0.026153,0.690469,0.011661,11.441464,-276.228359,53.140370,8.953449,7.852410,7.535653,3.284837,2.185129,2.718720,0.664056,4.350663,1.178568,0.010795,0.000117,1.178618,1.201433,1.138733,0.062701,-0.527817,0.449251,0.008796,347.284948,-505.119272,293.464306,12.082895,6.943662,3.197911,4.612469,2.750355,3.843806,0.789420,4.606667
-1.117403,0.084190,0.007088,1.120570,-0.869780,-1.337300,0.467520,0.126001,-0.008988,0.067079,313.919495,-23.481585,278.254800,7.345880,7.077035,55.465263,16.178603,14.843609,11.257931,0.630831,4.351061,9.705250,0.028095,0.000789,9.705291,9.783600,9.625400,0.158200,0.261929,0.182252,0.022206,23548.166722,-139.097650,2416.608750,10.061228,7.058204,13.599421,8.329708,10.794169,7.273393,0.772942,4.594356,1.132145,0.051055,0.002607,1.133296,1.279300,0.952930,0.326370,-0.472674,1.163055,0.037814,321.089763,-50.047207,281.885270,6.943822,6.531701,36.473129,9.421969,9.081039,5.717941,0.615368,4.331504,9.835232,0.030395,0.000924,9.835279,9.929643,9.752903,0.176741,0.267562,0.360218,0.023567,24183.175980,-118.807830,2448.973599,10.019914,7.107036,15.176663,8.190402,10.738791,7.766315,0.762850,4.566657,-1.163454,0.699659,0.489523,1.357626,0.442450,-3.027200,3.469650,-0.446651,-0.254001,0.562286,460.787233,2.937734,292.271736,5.658360,6.272401,453.456645,98.875928,64.278808,45.230861,0.502544,4.049873,0.003691,1.330885,1.771254,1.330890,2.559100,-4.284600,6.843700,-0.725807,0.556536,1.052185,442.816865,2.374857,261.279129,5.996352,5.836618,899.488620,316.114156,199.781304,97.263687,0.522805,4.218612,0.295281,1.003826,1.007667,1.046354,4.279500,-2.249200,6.528700,0.275637,0.881592,0.777529,273.714389,2.117809,204.343718,6.272249,6.517515,706.041262,170.298633,110.501694,67.443224,0.532037,4.183181,2.032907,0.759316,0.576561,2.170086,4.493446,0.446629,4.046817,0.702030,0.781438,0.590621,1177.318487,2.640523,505.938849,7.086197,6.511489,490.909599,185.226959,149.079992,81.644972,0.620915,4.341820,-0.886879,0.010597,0.000112,0.886943,-0.866940,-0.927420,0.060480,-0.693320,0.525432,0.008616,196.666769,-528.888441,220.830695,11.675470,7.401510,4.026698,3.711799,3.002181,3.042818,0.778422,4.616540,0.744249,0.021699,0.000471,0.744565,0.779120,0.660640,0.118480,-0.973619,1.231006,0.017215,138.594399,-215.380090,185.324330,11.956771,7.042025,7.974033,7.126936,7.451332,7.926049,0.844031,4.665791,0.216989,0.008802,0.000077,0.217168,0.236080,0.189310,0.046770,-0.579290,0.383951,0.006914,11.790435,-709.106349,54.031235,11.312770,7.425542,3.805405,3.113279,2.484414,2.759140,0.815152,4.644315,1.178169,0.011197,0.000125,1.178222,1.201442,1.138733,0.062710,-0.585693,0.649060,0.008800,347.051603,-498.592522,293.366424,12.427622,6.811034,3.295100,4.246381,3.831458,4.214626,0.860479,4.669777
-1.180544,0.067166,0.004511,1.182453,-1.011600,-1.337300,0.325700,0.381485,0.022443,0.052901,349.548863,-42.263426,293.992150,7.453700,6.926578,41.367786,11.981900,14.220285,9.293350,0.639391,4.330830,9.696329,0.025381,0.000644,9.696362,9.782900,9.624900,0.158000,0.171671,0.275768,0.019903,23504.861038,-146.582941,2414.378800,10.781296,6.883078,10.061671,9.647800,11.001876,6.526632,0.818898,4.638500,1.136851,0.048577,0.002360,1.137889,1.279300,0.952930,0.326370,-0.769010,1.966266,0.034861,323.697757,-52.428810,283.073120,7.466060,6.977671,30.635814,6.654995,9.249106,6.153441,0.614261,4.281351,9.834213,0.026006,0.000676,9.834248,9.918649,9.752903,0.165746,0.173873,0.355265,0.020320,24178.107658,-134.337339,2448.716417,10.888431,6.760006,10.457547,9.641057,11.687457,6.887194,0.817459,4.645516,-1.197710,0.574526,0.330080,1.328379,0.198940,-3.027200,3.226140,-0.695733,0.558953,0.443987,441.147536,2.500598,298.983703,5.816608,6.593151,383.670150,75.022476,57.069469,43.559874,0.510626,4.082968,0.129135,1.293445,1.672999,1.299875,2.528400,-4.284600,6.813000,-1.007347,1.399944,0.978828,422.418672,2.321177,248.975322,5.986976,5.825405,797.315333,280.349880,217.891887,73.800322,0.494405,4.166785,0.470643,0.674872,0.455452,0.822774,2.269200,-1.272200,3.541400,0.132779,0.160623,0.525459,169.239378,2.768018,161.989213,6.749646,6.829344,440.409548,135.965174,99.011553,63.357088,0.604627,4.267463,1.920348,0.665948,0.443487,2.032541,4.377634,0.726379,3.651255,0.966014,1.475151,0.521513,1032.805586,2.532357,479.012765,6.650505,6.206655,448.823473,155.699031,123.921182,53.879065,0.603827,4.326561,-0.891863,0.009944,0.000099,0.891919,-0.870970,-0.931450,0.060480,-0.639443,0.621536,0.007934,198.879660,-540.767538,222.079680,12.258980,7.182679,2.942761,3.867378,3.164362,3.086952,0.817987,4.635072,0.738265,0.021082,0.000444,0.738566,0.771080,0.660640,0.110440,-0.783607,0.384800,0.017292,136.370007,-233.722135,183.802255,12.525972,6.892550,5.575228,7.861249,7.759822,6.186263,0.788463,4.620006,0.216054,0.008850,0.000078,0.216235,0.236080,0.182630,0.053450,-0.545472,0.373516,0.007073,11.689389,-629.987876,53.795175,11.442188,7.105055,3.289035,3.440435,3.023264,2.502972,0.821246,4.640802,1.177974,0.011518,0.000133,1.178031,1.201442,1.142056,0.059386,-0.470161,0.073035,0.009355,346.939056,-520.658397,293.303381,12.587282,6.852227,2.912218,4.512212,3.813294,3.507397,0.817703,4.618530
-1.189671,0.057391,0.003294,1.191054,-0.925140,-1.357900,0.432760,0.339680,1.531025,0.045486,354.652664,-34.303792,296.220080,9.484016,7.083546,28.533169,14.585511,18.610516,12.425447,0.727940,4.512429,9.692441,0.027044,0.000731,9.692479,9.757800,9.582500,0.175300,-0.391985,0.867559,0.021172,23486.035010,-128.772819,2413.430950,10.609658,6.644800,9.819437,12.249623,10.056081,6.664605,0.769468,4.600123,1.159211,0.078115,0.006102,1.161840,1.610700,0.914720,0.695980,1.530794,6.576501,0.050191,337.468289,-18.264266,288.673720,7.337060,6.701868,55.550231,18.188919,13.643982,10.730528,0.641629,4.403602,9.834212,0.029959,0.000898,9.834258,9.929926,9.746342,0.183584,0.018293,0.500402,0.023273,24178.155962,-115.752488,2448.734756,10.415208,6.552287,12.231615,12.530413,11.973292,7.332619,0.805700,4.625617,-1.164671,1.648573,2.717792,2.018477,7.148700,-6.940700,14.089400,1.022620,9.650664,0.808292,1018.562604,1.015348,378.327555,4.268122,5.000099,1241.977825,189.129249,79.093686,48.689081,0.352984,3.865246,0.138224,1.197548,1.434122,1.205499,5.731200,-4.072700,9.803900,0.197800,2.858843,0.875478,363.306859,1.568494,221.787201,6.878980,6.018759,744.869252,311.346495,318.021343,88.918994,0.601122,4.336597,0.521414,0.747635,0.558958,0.911499,2.306800,-2.395000,4.701800,-0.788978,2.555540,0.534711,207.707761,2.101196,177.285977,8.018434,7.438663,455.977856,178.796148,114.127756,125.756313,0.688490,4.403600,2.090646,1.409790,1.987508,2.521569,8.906423,0.416271,8.490151,2.351701,6.013999,0.935278,1589.577224,1.596377,521.853879,5.725918,6.041135,837.751844,285.373377,171.648956,61.286245,0.519839,4.115306,-0.893726,0.009377,0.000088,0.893775,-0.875000,-0.931450,0.056450,-0.676907,0.808445,0.007553,199.708431,-585.768533,222.532255,12.419036,7.048254,2.844218,3.338562,3.375764,2.890975,0.801882,4.629273,0.737815,0.020202,0.000408,0.738092,0.771080,0.660640,0.110440,-0.812389,0.582544,0.016449,136.194908,-236.952484,183.740985,12.584776,7.030242,5.973227,6.756524,7.267408,6.576704,0.826761,4.638828,0.212598,0.008644,0.000075,0.212773,0.233850,0.182630,0.051220,-0.126951,0.024102,0.006911,11.318107,-655.200698,52.946705,11.038097,7.277784,3.445006,3.297349,2.884631,1.919948,0.785194,4.603040,1.178458,0.011049,0.000122,1.178510,1.200353,1.142056,0.058297,-0.484518,0.081386,0.009072,347.221446,-539.555552,293.449228,12.380266,7.045867,3.173724,4.146586,3.389455,3.618248,0.817718,4.629468
-1.187038,0.048030,0.002307,1.188009,-0.925140,-1.357900,0.432760,0.902199,4.291617,0.035635,352.841346,-38.868957,295.633030,10.021904,7.124400,24.278673,13.764395,17.669738,12.445252,0.805577,4.612957,9.696944,0.027158,0.000738,9.696982,9.757600,9.582500,0.175100,-0.451013,1.101175,0.020884,23507.867070,-130.933932,2414.526900,10.189196,6.548527,10.627223,12.883660,9.839425,6.405284,0.778477,4.605369,1.143413,0.079373,0.006300,1.146165,1.610700,0.914720,0.695980,1.931906,7.355342,0.049077,328.423375,-18.904294,284.732220,7.236383,6.670398,57.593772,17.981053,14.820284,10.200354,0.645222,4.412998,9.836444,0.029818,0.000889,9.836490,9.929926,9.746342,0.183584,-0.046746,0.486873,0.023192,24189.131791,-114.550725,2449.272664,10.075574,6.490846,12.372973,13.110934,11.058568,6.913423,0.773891,4.595438,-1.101573,1.633619,2.668713,1.970324,7.148700,-6.940700,14.089400,0.945370,9.960465,0.738481,970.543843,0.955156,362.428360,4.180007,4.931253,1254.066659,185.940887,76.290787,45.114998,0.346978,3.865806,0.000828,0.955110,0.912236,0.955111,5.731200,-3.379400,9.110600,1.281998,7.983021,0.649556,228.059178,1.420900,162.048708,7.231943,6.135758,600.645636,264.985451,294.884805,87.871114,0.635149,4.402999,0.456488,0.660391,0.436116,0.802806,2.306800,-2.395000,4.701800,-1.245737,4.671192,0.427490,161.124441,1.721227,159.396757,8.402055,7.457717,390.340173,184.199516,108.604719,122.791477,0.702815,4.451570,1.839646,1.433392,2.054613,2.332147,8.906423,0.416271,8.490151,2.675343,7.150281,0.894444,1359.727463,1.365914,458.970399,5.447991,6.030529,825.870797,265.606592,147.601924,58.373412,0.482687,4.027108,-0.893936,0.009286,0.000086,0.893984,-0.875000,-0.923390,0.048390,-0.484325,0.049405,0.007603,199.801791,-692.196171,222.585720,12.351600,7.086175,3.093042,3.049640,3.893916,2.614563,0.854479,4.672647,0.738779,0.020108,0.000404,0.739053,0.771080,0.650600,0.120480,-1.230645,2.370085,0.015631,136.549784,-218.350088,183.974940,12.585844,7.101802,6.862962,6.483320,6.649344,7.484847,0.840860,4.669960,0.209711,0.008333,0.000069,0.209876,0.231630,0.187080,0.044550,-0.036731,0.054041,0.006565,11.012019,-779.433838,52.226150,11.014847,7.248539,3.353825,3.048017,2.844727,2.278933,0.823281,4.629791,1.178698,0.011228,0.000126,1.178751,1.202011,1.135222,0.066789,-0.686699,0.832109,0.008906,347.363595,-468.798468,293.505439,12.552186,7.157145,3.540658,3.757981,2.929934,4.222061,0.800766,4.624890
-1.180522,0.037866,0.001434,1.181130,-1.070400,-1.265400,0.195000,0.389132,-0.053023,0.030348,348.766745,-97.673694,293.980650,8.650514,6.957501,21.795179,10.588580,10.645195,6.253668,0.730788,4.498996,9.702287,0.024168,0.000584,9.702317,9.771800,9.614300,0.157500,-0.034529,0.492419,0.019359,23533.740256,-148.390282,2415.886450,10.398481,6.290008,8.574602,12.368654,8.798157,6.547812,0.786505,4.615507,1.126248,0.034334,0.001179,1.126772,1.255200,1.013900,0.241300,0.013134,1.580725,0.026021,317.403576,-80.225242,280.427950,8.569458,6.859016,22.021760,6.776945,9.021954,4.660655,0.696756,4.450332,9.838650,0.024790,0.000615,9.838681,9.912233,9.752788,0.159445,0.001442,0.225488,0.020005,24199.910578,-143.577969,2449.843322,10.298299,6.400230,9.618326,11.813245,9.066918,6.588831,0.789982,4.614517,-1.122259,0.394819,0.155882,1.189684,-0.280050,-2.893400,2.613350,-1.124674,3.056033,0.286556,353.836749,1.422240,279.782980,6.682180,6.817586,271.276130,62.501495,50.667068,34.140344,0.587333,4.238710,-0.014851,1.049489,1.101427,1.049594,5.224400,-1.796800,7.021200,1.744885,5.778607,0.743296,275.411945,1.849678,185.816789,5.831326,5.696779,688.145007,223.042492,158.424457,55.808819,0.505542,4.187408,0.565260,0.482378,0.232689,0.743107,2.926500,-0.673530,3.600030,1.095648,4.443721,0.344811,138.051965,1.688903,151.421778,7.079609,6.281164,315.130945,143.330558,91.407901,49.946428,0.640503,4.378469,1.586954,0.742146,0.550781,1.751914,5.874955,0.285591,5.589364,2.765540,11.114143,0.465273,767.300659,1.463735,395.773431,5.942799,6.083301,508.533203,150.391181,90.812733,49.576433,0.522458,4.183860,-0.892677,0.009451,0.000089,0.892727,-0.872980,-0.923390,0.050410,-0.550051,-0.116957,0.007729,199.240582,-650.794274,222.279240,12.439705,7.109258,2.748813,3.540133,3.301144,2.889396,0.826724,4.644322,0.740603,0.019145,0.000367,0.740850,0.767070,0.650600,0.116470,-1.254850,2.574235,0.014976,137.214713,-237.264991,184.415730,12.395544,7.143205,6.406464,6.714787,5.906376,6.378972,0.824561,4.649916,0.206575,0.008534,0.000073,0.206751,0.229400,0.175950,0.053450,-0.317055,0.207260,0.006810,10.686486,-630.327573,51.435440,11.230183,7.062647,2.814526,3.145747,2.721236,2.439646,0.784073,4.578341,1.178320,0.011407,0.000130,1.178375,1.202853,1.131775,0.071078,-0.696361,1.152604,0.009016,347.141780,-434.149028,293.406852,12.197768,6.968225,3.506538,4.438746,3.148318,3.872111,0.836653,4.640593
-1.114976,0.113384,0.012856,1.120726,-0.688490,-1.420700,0.732210,1.458281,2.299432,0.078057,314.006812,-14.196355,277.772790,6.179932,6.782948,75.612485,14.493139,13.356996,12.197892,0.552894,4.156915,9.702506,0.121454,0.014751,9.703266,10.571000,9.160200,1.410800,2.204719,21.010881,0.052855,23538.341521,-7.751490,2415.675600,7.464197,6.307893,76.148196,45.541264,21.409252,14.745442,0.665316,4.432036,1.115421,0.240311,0.057749,1.141014,1.897000,0.224120,1.672880,-0.251067,4.582079,0.117838,325.478086,-4.757205,278.010375,4.071998,5.607906,151.361365,18.984917,11.574678,8.554724,0.371436,3.699898,9.833467,0.119340,0.014242,9.834191,10.646554,9.300958,1.345596,1.390798,16.747225,0.056059,24177.826418,-6.564484,2448.327003,7.397669,6.247424,74.266580,44.140627,20.853373,14.113384,0.651082,4.418577,-0.823446,1.829451,3.346891,2.006229,8.762200,-6.225500,14.987700,2.945243,12.672462,0.890474,1006.238484,0.919347,364.213635,4.716567,5.802653,1334.584548,207.206668,117.914967,97.569547,0.447251,3.953083,-1.178820,3.866274,14.948074,4.041991,5.224400,-17.226000,22.450400,-2.583679,6.321568,2.201022,4084.422821,0.858713,475.614711,3.643807,4.867549,2514.339017,280.354666,216.090109,95.519395,0.312399,3.659130,2.444454,5.921485,35.063983,6.406195,28.367000,-5.248300,33.615300,2.969916,8.499068,3.411505,10259.834372,0.654016,690.862466,2.667931,4.278505,3586.747504,282.728727,123.921367,95.701426,0.221302,3.298432,4.098573,6.678599,44.603683,7.835942,30.463677,0.285591,30.178087,2.894239,7.312699,4.018189,15350.495677,0.670421,1019.958031,3.013945,4.831787,3807.142176,342.172338,194.094552,128.079998,0.273225,3.376109,-0.874589,0.043490,0.001891,0.875669,-0.715730,-0.917340,0.201610,2.640051,5.898559,0.025646,191.699154,-133.522884,217.826585,6.102890,7.159774,26.051416,6.369023,3.312446,3.246051,0.555312,4.091058,0.757108,0.041707,0.001739,0.758256,0.905620,0.676710,0.228910,1.918716,3.819281,0.026363,143.738164,-97.834183,188.484940,8.127458,7.715705,23.645745,8.692340,5.440775,6.789857,0.661934,4.344143,0.212339,0.020256,0.000410,0.213302,0.282850,0.175950,0.106900,1.950635,3.417038,0.013212,11.374486,-279.024934,52.841870,7.581375,7.633455,10.701171,3.254369,2.366346,2.763736,0.618246,4.220505,1.177763,0.010990,0.000121,1.177815,1.202853,1.131775,0.071078,-0.513592,0.512849,0.008894,346.811803,-438.399393,293.268904,12.165904,6.752765,2.679056,4.654893,3.335175,3.435613,0.773957,4.570783
-0.444001,0.826302,0.682774,0.938036,2.339200,-1.712500,4.051700,1.057728,0.841405,0.627207,219.977886,2.608262,201.119974,5.361960,6.187948,536.251433,106.717375,66.660536,46.015504,0.485180,4.009349,9.767630,1.143615,1.307855,9.834350,13.357000,7.335700,6.021300,0.686978,0.131584,0.918306,24178.610869,2.427017,2431.531400,6.180953,5.186731,675.960665,354.906612,107.458324,63.469931,0.464511,4.107379,1.533234,0.593027,0.351681,1.643925,2.702600,0.377660,2.324940,0.096441,-1.169605,0.520288,675.622175,3.355607,381.983050,4.720410,5.530394,325.601261,104.055308,36.661321,24.292861,0.419294,3.872750,9.951712,1.122618,1.260272,10.014831,13.540995,7.544006,5.996989,0.735796,0.220853,0.902160,25074.210929,2.437465,2477.338655,6.137147,5.160521,663.439825,339.247059,104.425480,60.488351,0.473619,4.100890,-1.355406,7.991649,63.866460,8.105775,15.019000,-19.368000,34.387000,0.186758,-0.875421,6.744791,16425.896510,0.991112,1703.022956,5.296127,6.112806,5106.893218,1253.142676,605.495269,446.436642,0.519380,4.047262,34.235178,39.059536,1525.647316,51.939337,100.560000,-82.656000,183.216000,-0.699510,0.116257,30.600106,674423.684108,0.271408,11242.999828,3.950032,5.574596,22706.001326,2936.730131,1629.390522,1192.041623,0.390439,3.662083,3.932632,37.354264,1395.341066,37.560706,102.250000,-78.272000,180.522000,0.273665,-0.004301,29.075081,352701.665916,0.275390,7253.397897,4.199610,5.514190,23885.284762,3306.281240,1681.825536,1342.117347,0.400290,3.752747,59.434172,25.333459,641.784139,64.608088,108.053155,6.252164,101.800992,-0.150902,-0.913553,21.560336,1043551.246534,0.444611,14791.034408,3.806525,4.879837,16932.905914,2349.890296,1085.979171,600.054340,0.335624,3.710700,0.281379,0.469201,0.220150,0.547105,0.756050,-0.778230,1.534280,-1.044987,-0.155847,0.390945,74.831004,0.234943,123.701593,4.868241,6.493255,226.784272,40.000948,23.692374,19.747611,0.509079,3.793242,0.800474,0.074227,0.005510,0.803908,0.985940,0.626510,0.359430,0.268319,-0.397116,0.060317,161.566960,-34.642829,199.336300,7.115705,7.600348,34.331118,8.131240,6.899903,6.766704,0.554858,3.988444,-0.112491,0.295609,0.087385,0.316289,0.276170,-0.576840,0.853010,-0.301098,-1.472978,0.267682,25.009744,-3.786435,65.741560,3.689103,6.140381,90.497222,9.854142,5.742422,5.555321,0.362614,2.997626,1.022198,0.027241,0.000742,1.022561,1.083904,0.942410,0.141494,-0.085510,-0.378504,0.022042,261.407708,-155.330396,254.494961,10.918111,7.626258,9.653627,7.313655,6.272723,5.995937,0.795362,4.523620
-0.954831,0.404941,0.163977,1.037150,-0.038198,-1.738000,1.699802,0.138675,-0.893492,0.342950,268.919849,2.482284,237.783030,5.348305,5.728486,267.610998,69.252418,34.247372,23.713310,0.449344,4.041780,9.737596,1.206458,1.455542,9.812050,13.117000,7.387900,5.729100,0.716704,-0.286512,1.005552,24069.081293,2.572564,2425.449800,5.474286,4.628508,791.759746,301.363858,85.165817,48.054185,0.379955,3.983080,1.665466,0.585679,0.343020,1.765445,2.865400,0.519930,2.345470,0.073536,-1.154732,0.511858,779.199060,3.260506,414.685420,4.587874,5.285299,312.367474,86.508822,36.684567,20.226252,0.382953,3.785223,9.952821,1.187496,1.410147,10.023413,13.351409,7.734039,5.617370,0.745393,-0.200974,0.983534,25117.200201,2.621193,2479.041694,5.394110,4.638754,787.730908,285.987386,84.296656,46.767900,0.375583,3.981901,-2.290606,8.037176,64.596194,8.357216,15.681000,-22.075000,37.756000,-0.240745,-0.296667,6.408033,17460.766819,0.911639,1628.310495,3.979054,4.998460,4480.488817,724.766799,329.585652,203.018725,0.335168,3.618172,5.665808,32.275712,1041.721596,32.769238,66.714000,-82.656000,149.370000,-0.499463,-0.199145,25.824514,268455.742766,0.322550,6617.358258,3.991687,5.198092,18926.835811,3094.714599,1230.084704,893.755822,0.375733,3.683656,-3.238223,41.507263,1722.852890,41.633388,102.250000,-78.272000,180.522000,0.447840,-0.279605,32.998384,433334.745421,0.279560,8289.535430,2.472296,3.843204,23037.854469,1470.301652,417.953111,347.918711,0.172211,3.103139,46.929890,25.972878,674.590406,53.637720,108.053155,3.305492,104.747663,0.267250,-0.969224,22.491107,719251.255006,0.431930,11685.866256,4.005443,4.879157,15780.354051,2571.090087,907.818997,525.305164,0.310934,3.630252,0.603282,0.101466,0.010295,0.611756,0.756050,0.368950,0.387100,-0.751591,-0.649395,0.085464,93.561224,-28.769854,150.273200,5.018422,6.388354,56.524624,8.893296,4.772458,5.276625,0.443100,3.807629,0.819076,0.084225,0.007094,0.823395,1.028100,0.626510,0.401590,0.483244,-0.711201,0.071463,169.494790,-29.745366,203.895490,6.534154,7.143465,44.523963,11.295292,7.667299,6.124057,0.559474,4.067739,0.226565,0.102673,0.010542,0.248744,0.360800,-0.084633,0.445433,-0.751041,-0.252531,0.084300,15.468378,-24.832247,57.046638,4.955863,6.498314,52.171352,9.081934,5.966628,4.913931,0.495862,3.819507,1.055145,0.027706,0.000768,1.055508,1.128402,0.961292,0.167110,-0.300553,0.425770,0.021674,278.524393,-129.683932,262.725813,9.713861,7.615230,13.011516,9.071344,5.864386,5.009239,0.729030,4.492871
-1.088116,0.386806,0.149619,1.154823,-0.343920,-2.330100,1.986180,-0.263948,0.207812,0.306964,333.403802,1.912147,270.540660,5.243971,5.766436,255.644799,61.661843,26.323758,21.698904,0.447493,4.011934,9.746002,1.237839,1.532247,9.824296,13.486000,7.428700,6.057300,0.764035,-0.010849,1.011972,24129.198446,2.536249,2427.338150,5.577374,4.735840,721.954528,252.153561,89.270103,54.192497,0.373104,3.871589,1.632306,0.637915,0.406935,1.752529,2.865400,-0.103580,2.968980,-0.287375,-0.777226,0.527568,767.839342,3.025760,407.296900,5.632341,6.244262,341.850281,91.519502,48.608999,35.684155,0.530364,4.004122,9.972106,1.216086,1.478866,10.045983,13.677291,7.746460,5.930830,0.749116,0.044025,0.989660,25230.441590,2.569284,2483.643588,5.463663,4.716104,720.707110,237.586879,85.701533,52.330971,0.370061,3.865421,-0.577581,9.198844,84.618736,9.216959,17.724000,-24.520000,42.244000,-0.531914,0.088518,7.108928,21238.083809,0.842502,1766.163410,4.238913,5.497196,5034.527812,717.502558,382.057074,269.898318,0.368833,3.659858,-12.092288,34.582610,1195.956908,36.635779,49.829000,-91.541000,141.370000,-0.303630,-0.726422,28.306140,335545.084063,0.342682,7133.275090,5.596910,6.513543,18583.849203,4218.528085,2554.533185,1913.624431,0.548821,3.977367,-2.553734,37.442036,1401.906033,37.529023,89.281000,-70.520000,159.801000,0.493866,-0.308755,30.068144,352106.896905,0.307015,7559.124340,4.663449,5.884762,20679.229703,3336.799114,1771.879800,1368.052586,0.454170,3.763733,47.210204,24.632436,606.756909,53.249979,96.273407,3.305492,92.967915,0.070690,-1.320557,21.975936,708890.064776,0.475551,11715.646764,3.201275,3.797945,15820.695893,2318.089536,566.963947,343.731850,0.225772,3.514363,0.586581,0.112431,0.012641,0.597258,0.745970,0.201610,0.544360,-0.939382,0.120001,0.093916,89.179416,-18.787934,146.225805,5.536097,6.523805,65.913489,13.953057,8.418617,6.576561,0.551084,4.041892,0.876763,0.088376,0.007810,0.881206,1.066300,0.720880,0.345420,0.233265,-1.006046,0.075153,194.130827,-32.267448,218.287075,5.761556,6.880530,48.256759,10.636650,6.244947,6.082955,0.516262,3.962296,0.163252,0.217058,0.047114,0.271597,0.360800,-0.510020,0.870820,-1.604182,1.666135,0.164239,18.441284,-8.402880,62.155889,5.133772,6.592978,119.072471,22.443700,13.761759,10.659664,0.533914,3.923793,1.098098,0.034456,0.001187,1.098638,1.167606,1.021192,0.146413,-0.066625,-0.965761,0.029779,301.751527,-138.159454,273.424460,9.296247,7.513635,14.377460,8.548236,5.858222,5.339516,0.735887,4.410964
-1.002338,0.398510,0.158811,1.078653,-0.244090,-2.330100,2.086010,-0.558581,0.315235,0.324796,290.872980,1.890080,249.391300,5.005662,5.663659,270.975972,53.741911,31.691185,20.768840,0.425209,3.963662,9.797252,1.137412,1.293707,9.863055,13.600000,7.428700,6.171300,0.649239,0.572026,0.898258,24319.963334,2.442559,2439.810100,5.409989,4.510624,690.470577,263.777387,89.958598,47.124335,0.383735,3.941177,1.423569,0.707221,0.500161,1.589563,2.817900,-0.179640,2.997540,-0.480314,-0.543847,0.579393,631.677419,3.205921,356.817810,3.782533,5.195361,380.820324,56.569737,33.381119,20.947108,0.327251,3.570073,9.987250,1.106747,1.224889,10.048386,13.717382,7.746460,5.970922,0.700149,0.720650,0.870362,25242.513733,2.430240,2487.083604,5.339540,4.475109,682.641539,252.749922,88.379479,45.053252,0.379606,3.944022,2.290714,8.991619,80.849211,9.278824,20.706000,-24.520000,45.226000,-0.481570,0.390743,7.218491,21524.145393,0.774820,1837.362250,3.133592,4.247163,5591.971232,675.742512,285.796872,172.275378,0.247793,3.488890,-32.718608,40.355457,1628.562934,51.952577,40.353000,-116.200000,156.553000,0.006249,-0.996002,34.571283,674767.563494,0.318304,10687.699960,2.317892,3.304185,20841.038067,2242.891195,544.214727,201.210927,0.146230,3.111269,-2.357537,32.186831,1035.992107,32.273055,89.281000,-52.710000,141.991000,0.868059,0.243368,25.718814,260387.521751,0.330686,6533.908760,2.083633,2.787754,19791.545520,1099.083713,269.008549,162.825757,0.110110,3.094251,56.528573,25.124437,631.237357,61.860463,116.860835,11.510367,105.350468,0.195185,-0.831551,21.262532,956679.230639,0.432576,14098.359267,2.811926,3.272216,17070.151909,2073.824936,567.979073,202.102570,0.166618,3.467419,0.001556,0.614346,0.377421,0.614348,0.745970,-0.883060,1.629030,-0.133921,-1.760605,0.586324,94.355847,0.812421,146.049391,4.082729,6.121091,234.665385,31.685537,20.132289,15.693486,0.424741,3.411215,0.918288,0.076278,0.005818,0.921451,1.066300,0.708840,0.357460,-0.443165,-0.270695,0.062914,212.267987,-34.402890,228.610265,6.817853,7.445968,38.562671,9.265575,7.126088,6.943813,0.572487,4.075083,-0.070521,0.275260,0.075768,0.284151,0.269490,-0.583520,0.853010,-0.515160,-1.180928,0.241371,20.185392,-3.775077,58.463294,2.857046,5.339025,88.335326,6.956538,4.491709,3.577806,0.265937,2.778770,1.143016,0.027393,0.000750,1.143345,1.195633,1.029390,0.166243,-0.472151,0.484202,0.021841,326.809226,-132.805865,284.623162,9.825799,7.641927,11.730527,6.909398,5.646693,5.333066,0.727816,4.447836
-0.938189,0.453211,0.205400,1.041920,-0.086523,-2.369300,2.282777,-0.590426,-0.215633,0.372977,271.399553,2.303043,233.103013,4.974883,5.747173,276.246558,66.536326,30.799312,21.714199,0.395266,3.878353,9.796822,1.018862,1.038079,9.849660,13.600000,7.857700,5.742300,0.734278,0.489206,0.820756,24253.948150,2.404525,2439.546600,5.729937,4.891266,605.860967,270.453641,82.167739,53.642209,0.423644,4.029651,1.373854,0.624095,0.389494,1.508962,2.817900,-0.179640,2.997540,-0.492825,-0.051048,0.503618,569.241946,2.864806,345.038794,4.667853,5.731630,374.309979,87.393657,39.011437,26.740348,0.428757,3.881652,9.969272,0.995984,0.991983,10.018900,13.717382,8.145999,5.571383,0.802622,0.599289,0.795230,25094.589649,2.425820,2482.483426,5.719033,4.871215,590.138941,259.345277,80.185347,51.656360,0.420234,4.015271,0.257530,9.875448,97.524476,9.878805,20.706000,-23.015000,43.721000,-0.342681,-0.395649,7.972060,24397.699332,0.834666,1992.802855,3.485190,4.781149,6078.876467,731.095404,309.573508,228.758562,0.291014,3.562514,-22.073517,42.501295,1806.360053,47.891546,38.978000,-116.200000,155.178000,-0.354991,-1.038574,36.987004,573400.049246,0.318664,9551.127000,4.785926,5.957262,25659.456160,5151.112783,2600.334956,1853.907026,0.478037,3.898199,-2.367597,37.909758,1437.149785,37.983619,120.160000,-69.701000,189.861000,0.968603,1.008754,28.951795,360688.825066,0.258532,7311.222760,4.208660,5.594931,22379.315467,2626.791008,1687.713889,1303.981340,0.406189,3.671468,55.254819,27.943716,780.851276,61.918869,125.938605,2.700284,123.238321,0.416714,-0.600170,23.113249,958486.573644,0.379075,13722.418153,3.312698,4.032650,18808.264810,2668.617722,900.961229,364.244630,0.237409,3.589051,-0.652976,0.205908,0.042398,0.684672,0.199600,-0.935480,1.135080,1.875207,4.164317,0.139597,117.193960,-4.494917,164.178467,5.505131,6.622368,127.307880,26.186832,16.172410,13.590474,0.568201,4.063825,0.853855,0.116049,0.013467,0.861705,1.034100,0.542170,0.491930,-0.812594,-0.188121,0.093688,185.633857,-18.021420,212.547035,5.576474,7.007304,58.499102,10.839836,7.135671,7.439309,0.485614,3.810783,-0.012089,0.259837,0.067515,0.260118,0.296210,-0.583520,0.879730,-1.018385,-0.283544,0.210671,16.915326,-4.546929,51.133659,4.311452,6.152006,130.074984,18.353660,12.463845,9.140647,0.443068,3.647322,1.130318,0.036795,0.001354,1.130917,1.195633,1.045414,0.150219,-0.113258,-1.112490,0.031958,319.743143,-132.537209,281.457741,8.550014,7.722029,14.375281,6.707346,4.813151,4.165582,0.673914,4.251549
-1.027703,0.526845,0.277566,1.154876,0.269330,-2.369300,2.638630,0.148277,-0.583757,0.442498,333.434744,2.747407,258.436078,5.655214,6.220935,337.864950,82.205733,47.788812,33.366074,0.499624,4.058461,9.804782,0.992405,0.984868,9.854878,12.774000,8.103600,4.670400,0.788417,-0.131587,0.818420,24279.654606,2.692000,2441.915550,5.955686,5.187196,542.385255,226.607740,70.186883,58.953861,0.443678,3.983632,1.355288,0.540086,0.291693,1.458937,2.280900,-0.016670,2.297570,-0.482097,-0.605493,0.450533,532.124413,3.092597,337.507236,4.707016,5.625127,336.500628,79.118949,35.594934,24.456556,0.434101,3.912626,9.980933,0.980727,0.961825,10.029001,12.970785,8.416311,4.554475,0.805696,-0.069561,0.802347,25145.213763,2.763282,2485.760505,5.843995,5.163608,539.759655,215.359306,69.333381,55.655101,0.427688,3.968781,-1.947035,10.406659,108.298541,10.587232,15.653000,-28.545000,44.198000,-0.547053,-0.438947,8.661286,28022.371426,0.823981,2143.816192,3.158836,4.408496,6024.708740,572.045026,288.337095,209.483885,0.245291,3.399890,-12.178507,34.829981,1213.127565,36.897745,43.087000,-107.050000,150.137000,-0.431438,-0.639777,29.331033,340360.901643,0.323244,7496.431460,2.728964,3.767825,21670.488443,2478.871686,808.008995,358.459641,0.198304,3.385794,-1.695744,40.018857,1601.508938,40.054769,120.160000,-69.701000,189.861000,0.976718,0.654220,30.388315,401096.121622,0.260716,7656.764120,3.534786,5.098118,22966.806377,1952.092117,1126.241974,977.422568,0.324511,3.456104,48.676849,26.617324,708.481918,55.478983,125.938605,2.700284,123.238321,0.540386,-0.220840,21.621167,769479.394691,0.374332,12131.118180,3.182839,3.650794,18029.905907,2257.127529,769.582326,283.161103,0.208848,3.517817,-0.728589,0.092816,0.008615,0.734477,-0.576610,-0.935480,0.358870,-0.472816,-0.846895,0.077393,134.864129,-30.730672,181.511110,4.362727,6.361868,45.660696,5.704343,3.679860,3.417731,0.370921,3.504903,0.761574,0.113840,0.012959,0.770036,0.959840,0.514060,0.445780,-0.303369,-1.032940,0.098234,148.238726,-19.921552,189.653620,5.617354,6.690915,62.676552,14.246434,7.594766,7.137230,0.502773,3.953995,0.198815,0.164512,0.027064,0.258054,0.708240,-0.033408,0.741648,1.035016,1.126005,0.127217,16.647928,-8.469630,49.762770,5.489872,6.602324,95.922023,20.730724,12.307958,9.439297,0.560845,4.029662,1.094830,0.018740,0.000351,1.094990,1.141866,1.045414,0.096452,0.253370,-0.156671,0.014978,299.750783,-268.905773,272.598960,10.189780,7.483304,8.017474,6.313055,4.416185,3.771776,0.751854,4.502572
-1.065078,0.492431,0.242488,1.173405,0.269330,-1.893000,2.162330,0.667263,-0.142200,0.399085,344.219642,2.751332,267.513737,5.126097,6.021061,311.595712,58.623949,43.772538,24.017799,0.465723,3.967355,9.801636,0.897596,0.805679,9.842649,12.774000,7.544000,5.230000,0.593103,0.236856,0.726664,24219.436875,2.413750,2439.341200,6.506790,5.540999,565.938137,224.237876,113.881051,68.428491,0.529007,4.180614,1.248439,0.540310,0.291935,1.360344,2.126200,-0.016670,2.142870,-0.480761,-0.795094,0.453184,462.633898,3.104918,310.857224,4.263410,5.157942,319.073630,72.323466,32.628945,19.618535,0.348964,3.769901,9.966165,0.883586,0.780723,10.005257,12.970785,7.843980,5.126805,0.646108,0.267129,0.715602,25026.290414,2.386537,2480.279286,6.329381,5.539824,575.737518,212.921050,108.683423,65.579799,0.525403,4.185210,0.069263,8.374547,70.133034,8.374833,15.345000,-28.545000,43.890000,-0.949272,1.512792,6.495611,17534.457759,0.775306,1618.982744,4.022376,5.333011,5205.452866,613.144854,309.337593,287.172069,0.357494,3.659066,-18.531469,34.543181,1193.231365,39.200086,43.087000,-107.050000,150.137000,-0.252196,-0.606983,29.028904,384161.676623,0.322134,8106.739260,3.860438,5.420563,20671.377695,2272.709142,1335.291595,1039.336321,0.367004,3.605014,-1.077786,30.358382,921.631349,30.377508,86.400000,-50.030000,136.430000,0.851440,0.150440,23.907570,230698.242652,0.343959,5996.637130,4.642260,5.785445,18737.272643,3292.344895,1566.202202,1259.392759,0.451813,3.834163,45.691059,21.021529,441.904678,50.294905,107.680041,3.809229,103.870812,0.572566,0.039321,16.380443,632394.377034,0.423161,11366.962131,4.006091,4.853233,14299.146549,2322.472487,860.953845,600.516001,0.353134,3.768234,-0.558718,0.209611,0.043937,0.596743,-0.120970,-0.915320,0.794350,0.393803,-0.968941,0.180238,89.025623,-5.213990,139.248010,5.048138,6.521144,89.616898,16.980248,10.496270,8.969847,0.508358,3.737777,0.680707,0.094878,0.009002,0.687287,0.887550,0.508030,0.379520,0.404814,-0.773170,0.077797,118.090827,-28.270513,169.436700,6.249580,7.268120,48.538808,10.489270,7.722976,7.358213,0.538523,3.970383,0.498298,0.283878,0.080587,0.573487,0.861920,-0.033408,0.895328,-0.436277,-1.214739,0.256837,82.221900,-3.647804,124.540024,4.420766,6.301089,132.975447,19.986633,11.809477,9.906178,0.456622,3.641775,1.075592,0.021336,0.000455,1.075804,1.121401,1.014465,0.106936,-0.302729,-0.322311,0.017155,289.338350,-231.072714,267.824932,10.870405,7.530207,7.792021,5.863914,4.976094,4.743261,0.803569,4.531975
-1.082984,0.462510,0.213915,1.177612,0.324980,-2.328200,2.653180,0.353050,-0.168277,0.376345,346.692248,2.327077,271.257524,5.933075,6.252951,284.146783,75.291447,49.189245,35.047796,0.522776,4.114190,9.822235,0.857221,0.734829,9.859570,12.422000,7.544000,4.878000,0.492796,0.078951,0.696812,24302.781286,2.551397,2445.876650,5.862801,5.077958,560.478076,231.412452,80.205547,55.375368,0.459086,4.110251,1.196045,0.700867,0.491215,1.386268,2.675200,-0.555850,3.231050,-0.600990,0.049606,0.560702,480.434506,2.733352,311.713226,5.066388,5.889936,404.643156,101.425499,55.169402,32.140816,0.433109,3.918848,9.990350,0.844116,0.712531,10.025948,12.561545,7.843980,4.717565,0.564947,0.055748,0.688913,25129.908040,2.489680,2487.716745,5.735465,5.017381,559.034023,221.906243,77.024327,51.541992,0.448584,4.098250,1.369026,10.949775,119.897566,11.035026,50.781000,-16.255000,67.036000,1.680590,5.064966,7.756001,30442.949408,0.540615,1922.490542,3.242824,4.268788,7314.605943,612.111122,309.251733,213.787880,0.247503,3.525489,-23.400872,39.372322,1550.179741,45.801534,43.766000,-141.790000,185.556000,-0.530513,0.041170,31.563230,524445.133122,0.267240,9141.663800,3.739104,5.022236,23348.511319,3624.511649,1282.089964,983.796242,0.348389,3.646312,-1.273611,34.797047,1210.834451,34.820347,93.255000,-74.990000,168.245000,0.662365,-0.002043,27.249142,303114.134008,0.287845,6866.782390,2.780407,4.065940,19457.727745,1111.741756,511.818928,409.615082,0.192021,3.137905,52.230584,26.532526,703.974931,58.583350,142.822616,3.809229,139.013387,0.966815,0.957419,20.968853,858002.216538,0.331330,13016.891042,3.445543,4.002693,17385.978511,2958.415312,877.121724,483.087481,0.240400,3.608807,0.009258,0.442048,0.195406,0.442145,0.705650,-0.645160,1.350810,0.158783,-1.516716,0.406479,48.873018,1.044924,100.727839,4.885073,6.426877,212.857636,38.271922,23.566475,18.662618,0.510719,3.811698,0.664402,0.068853,0.004741,0.667960,0.859440,0.508030,0.351410,0.515672,0.401442,0.052731,111.542536,-37.498654,165.484920,7.644751,7.678325,34.643236,10.267344,7.986810,9.741421,0.607530,4.174234,0.664757,0.177809,0.031616,0.688127,0.868600,0.271710,0.596890,-0.997497,-0.159670,0.141908,118.379531,-13.560988,165.670375,4.031267,5.936181,78.228707,11.340131,6.672775,4.464708,0.402398,3.517158,1.055814,0.020896,0.000437,1.056021,1.095977,0.978025,0.117952,-0.745543,0.468172,0.016576,278.795084,-214.979822,262.898045,11.226541,7.344858,8.518318,6.952058,5.637562,7.345396,0.814920,4.612512
-1.093498,0.464050,0.215343,1.187889,0.324980,-2.328200,2.653180,-0.053788,-0.387350,0.380646,352.770249,2.377467,272.793785,5.463719,6.192473,299.776215,59.207607,36.021852,30.226236,0.478261,4.007190,9.803320,0.949757,0.902038,9.849220,13.718000,7.715900,6.002100,0.806284,0.799797,0.762076,24251.782316,2.158813,2440.148300,6.308929,5.387083,592.705208,259.567430,93.753240,62.535333,0.515980,4.161464,1.144147,0.839729,0.705145,1.419232,2.675200,-0.555850,3.231050,-0.560370,-0.648619,0.695732,503.554524,3.097581,313.550141,3.809481,5.002531,491.477483,85.752199,38.009937,25.075134,0.328763,3.669382,9.977867,0.935204,0.874607,10.021598,13.917901,8.098977,5.818923,0.906964,0.927557,0.750454,25108.107090,2.164420,2483.668822,6.324908,5.436914,576.753583,251.107377,92.207828,61.745583,0.518175,4.153707,-0.311270,12.143559,147.466017,12.147547,50.781000,-24.199000,74.980000,1.305455,3.523039,9.021689,36890.726571,0.501792,2253.693068,3.500441,4.768832,8261.818844,817.346053,417.785429,278.948131,0.296576,3.621320,-22.924019,40.591745,1647.689772,46.617598,43.766000,-141.790000,185.556000,-0.560919,-0.096838,32.757142,543300.107097,0.270510,8991.393100,2.534770,3.371057,24214.522070,2809.948150,690.702033,261.974134,0.156306,3.299488,-6.810636,37.510668,1407.050220,38.123942,93.255000,-74.990000,168.245000,0.758869,0.119158,28.933974,363358.746478,0.291908,7585.260105,2.377374,3.602052,22558.304442,982.475107,398.014142,315.664929,0.153177,3.135664,52.850257,31.321697,981.048679,61.434504,142.822616,3.824087,138.998530,0.519232,-0.385878,26.203423,943549.580146,0.340856,13170.166413,3.037903,3.803509,20229.767066,2630.611478,907.370223,444.920907,0.210470,3.488501,0.521282,0.213969,0.045783,0.563487,0.741940,-0.135080,0.877020,-1.437521,1.440080,0.161900,79.379414,-6.893171,132.428404,4.191580,6.204220,104.521703,13.317297,8.580259,7.381383,0.407989,3.556885,0.747662,0.099022,0.009805,0.754191,1.044200,0.574300,0.469900,0.854927,0.261363,0.079224,142.201034,-21.479672,186.082220,6.449688,7.192701,56.974390,14.375773,8.526991,9.094993,0.557131,4.114925,0.418281,0.241474,0.058310,0.482979,0.868600,-0.037862,0.906462,0.510845,-0.869022,0.205874,58.317172,-4.220668,104.322972,5.128498,6.516085,130.737804,24.427040,15.887870,12.530801,0.537274,3.926220,1.057811,0.025022,0.000626,1.058107,1.113524,0.978025,0.135498,-0.221876,-0.104611,0.019967,279.897620,-170.038060,263.392166,11.448793,7.411969,8.444621,8.113161,6.108884,7.002964,0.789726,4.559204
-0.850544,0.625509,0.391262,1.055788,1.056500,-2.067500,3.124000,0.308790,-0.353356,0.517496,278.671835,2.867188,225.987329,5.023727,5.819329,410.169400,92.693033,52.798020,29.704639,0.451078,3.980564,9.847330,1.082614,1.172054,9.906662,13.718000,7.715900,6.002100,0.882777,0.548646,0.860594,24535.488438,2.327813,2452.089350,5.871841,4.702305,648.435620,301.155380,104.255947,45.777437,0.418528,4.048049,1.275185,0.813742,0.662176,1.512704,3.190700,-0.517640,3.708340,-0.361193,-0.273958,0.648896,572.068511,3.008337,332.521781,4.793296,6.007948,433.074937,90.176330,47.972207,33.998375,0.441764,3.775744,10.021407,1.056560,1.116318,10.076950,13.917901,8.098977,5.818923,0.928622,0.583021,0.843056,25386.228784,2.362047,2495.426280,5.847879,4.673137,630.410310,285.052734,104.138845,44.021169,0.405845,4.030680,-0.158703,11.776612,138.688585,11.777681,37.433000,-24.199000,61.632000,0.809429,0.907338,9.129660,34678.442791,0.614841,2282.812788,3.087992,4.292370,6551.675389,713.959056,356.425032,168.897746,0.232019,3.327744,-17.667980,38.110528,1452.412344,42.006783,58.033000,-119.170000,177.203000,-0.379729,-0.364415,30.959290,441142.461651,0.281187,7991.490425,4.155850,5.554291,24483.128394,3958.343192,1904.817155,1323.294662,0.416630,3.796299,-3.232885,37.375911,1396.958698,37.515467,82.575000,-61.942000,144.517000,0.473534,-0.375883,29.438203,351852.560684,0.333023,7421.352635,3.342591,4.779705,22444.647388,1901.676490,1046.929693,692.961405,0.285823,3.418381,49.510534,29.315539,859.400838,57.538629,120.609475,3.824087,116.785388,0.493916,-0.669890,24.094407,827673.465126,0.397658,12314.741923,3.624677,4.551512,18284.941255,2531.889827,934.274761,539.655451,0.289576,3.573458,0.395508,0.299668,0.089801,0.496213,0.741940,-0.280240,1.022180,-0.658892,-0.764349,0.254178,61.556946,-2.037390,108.803363,4.560841,6.427492,135.993972,19.774901,13.248694,11.085089,0.465567,3.653675,0.858297,0.096489,0.009310,0.863704,1.060200,0.642570,0.417630,-0.441097,-0.689767,0.080879,186.495978,-27.331236,213.742925,6.474745,7.342503,46.037192,10.773331,7.377186,7.654972,0.540389,3.963143,-0.095608,0.357987,0.128155,0.370534,0.389760,-0.543430,0.933190,0.001043,-1.791439,0.341784,34.323847,-5.137844,84.966563,4.512641,6.251061,149.779709,24.155868,15.634689,11.090831,0.470301,3.626388,1.062536,0.022886,0.000524,1.062783,1.113524,1.006611,0.106913,-0.000044,-0.453389,0.018620,282.376771,-224.221516,264.578765,11.804477,7.300332,6.736277,7.109619,6.415078,6.383559,0.786797,4.552950
-0.797256,0.618266,0.382253,1.008896,1.056500,-2.182000,3.238500,0.248877,-0.446664,0.514671,254.467556,2.775482,212.982644,5.352303,5.833954,419.919748,104.191854,64.555913,34.590521,0.477499,4.073327,9.802871,1.197299,1.433526,9.875718,13.182000,6.927000,6.255000,0.767183,0.049784,0.959037,24382.452443,2.355461,2441.181000,5.708203,4.669924,706.679679,308.136776,99.036624,46.464081,0.421148,3.999713,1.384764,0.666722,0.444519,1.536909,3.190700,-0.139550,3.330250,0.063719,-0.163567,0.531020,590.522320,2.890561,345.485483,4.255625,5.308610,377.079477,75.080131,35.399384,19.306378,0.365104,3.727234,9.976921,1.170816,1.370809,10.045385,13.245653,7.315326,5.930327,0.765098,-0.043815,0.945221,25227.442319,2.449274,2484.457092,5.802004,4.684908,675.947694,295.459951,101.899236,46.527036,0.412544,3.979533,-0.140330,10.873716,118.237701,10.874622,37.433000,-19.040000,56.473000,1.268133,1.733543,8.182920,29564.348429,0.642051,2043.512621,3.440960,4.904738,6708.985646,698.648552,361.580438,248.507239,0.295750,3.515921,7.082741,44.844254,2011.007153,45.400136,84.613000,-119.170000,203.783000,-0.435230,-0.321978,36.025289,515293.093971,0.251761,9145.676625,3.251923,4.712087,28007.637803,3205.942492,1306.847147,922.843441,0.293978,3.534621,5.248410,41.999985,1763.998745,42.326641,108.300000,-79.934000,188.234000,0.125277,-0.503862,33.796957,447886.139394,0.269678,8398.907352,2.811262,4.163647,25913.285748,1807.942875,717.737555,644.479794,0.219830,3.310506,57.040195,26.784145,717.390431,63.015667,120.609475,6.748912,113.860562,0.301587,-0.555350,21.979984,992743.581794,0.406585,14220.213605,3.380386,3.845605,18066.657032,2855.289189,640.058619,360.863993,0.227224,3.595779,0.229928,0.264063,0.069729,0.350137,0.721770,-0.280240,1.002010,-0.285516,-0.874129,0.220049,30.649033,-0.814112,75.044324,3.722568,5.933094,115.514761,11.980148,7.184660,6.305018,0.362775,3.336199,0.936956,0.053613,0.002874,0.938488,1.092400,0.837350,0.255050,1.139159,0.946568,0.039953,220.190158,-66.489587,233.299195,7.919218,7.569066,30.231561,8.872398,7.861533,7.719512,0.646880,4.296447,-0.333443,0.204559,0.041845,0.391189,0.244990,-0.543430,0.788420,1.222577,0.557417,0.166926,38.257167,-8.735604,89.801699,3.480097,5.768882,83.252383,9.084090,4.918492,4.346034,0.339075,3.231547,1.074890,0.031582,0.000997,1.075354,1.161668,1.006611,0.155057,0.576654,-0.109659,0.025208,289.096357,-135.816467,267.610172,10.021199,7.859876,13.189478,7.613264,5.750093,5.843781,0.737234,4.447146
-0.837578,0.573220,0.328581,1.014947,0.610390,-2.182000,2.792390,0.227928,-0.319075,0.459444,257.529329,2.904666,220.701551,5.542153,6.061895,363.056757,87.481994,52.533429,36.107995,0.490232,4.040766,9.757276,1.261734,1.591972,9.838517,13.294000,6.927000,6.367000,0.785127,0.107431,0.999077,24199.103622,2.382517,2430.504450,5.495154,4.730240,776.027525,261.477624,96.711534,48.200744,0.393937,3.913598,1.413900,0.464750,0.215993,1.488323,2.326600,0.386530,1.940070,-0.098988,-1.123641,0.404187,553.776424,2.807759,352.499995,5.152616,6.106471,267.924491,63.933992,40.463772,19.957581,0.457410,3.916851,9.925632,1.234288,1.523466,10.002082,13.328916,7.315326,6.013590,0.792878,-0.004516,0.989639,25010.409376,2.490348,2472.449617,5.399849,4.677703,770.599000,254.577748,94.304223,46.152688,0.391811,3.919511,-2.563808,5.428572,29.469390,6.003541,10.334000,-12.742000,23.076000,0.207470,-0.699414,4.486122,9010.625211,1.312279,1248.594892,4.242175,5.048033,3620.128040,715.143234,314.010939,155.743402,0.360603,3.817005,38.298384,31.386497,985.112203,49.516446,98.371000,-48.483000,146.854000,-0.162680,-0.635912,26.129737,612969.613518,0.326630,10327.711570,4.350529,5.518371,20629.910883,3206.261906,1446.608416,1194.296730,0.409487,3.813066,4.568500,39.558669,1564.888268,39.821595,108.300000,-79.934000,188.234000,0.031935,-0.399420,32.312550,396439.864671,0.266079,8096.047322,4.533998,5.832129,22888.167435,3262.003148,2020.323672,1494.799896,0.435111,3.743257,59.262619,23.698574,561.622393,63.825390,120.298763,6.748912,113.549850,0.129792,-0.588717,19.606294,1018420.103400,0.400441,14746.974733,3.793295,4.591198,15366.391375,2521.907448,731.233990,483.300368,0.311601,3.694079,0.243299,0.306063,0.093675,0.390984,0.721770,-0.286290,1.008060,-0.299248,-1.164761,0.263560,38.217211,-0.666146,84.747009,2.847176,5.396086,109.055685,7.240410,4.993473,4.158455,0.255803,2.842941,0.908136,0.078178,0.006112,0.911495,1.092400,0.736950,0.355450,0.114930,-0.149103,0.061386,207.705805,-33.690532,226.165585,7.380395,7.735131,36.523852,10.221249,7.923496,7.396555,0.608774,4.111592,0.219350,0.497296,0.247303,0.543523,0.861920,-0.516700,1.378620,-0.045807,-1.544998,0.450540,73.854411,0.781472,118.386416,4.698506,6.380105,226.786370,38.088565,23.496788,18.988967,0.495349,3.729810,1.129865,0.050147,0.002515,1.130977,1.214088,1.021366,0.192722,-0.277492,-1.134154,0.043629,319.777427,-89.836236,281.350347,8.887938,7.857835,22.588168,9.029555,7.273567,7.365411,0.710356,4.354502
-0.638307,0.498996,0.248997,0.810206,0.610390,-1.793400,2.403790,0.070064,-0.139075,0.391760,164.108308,2.862131,172.769041,6.114798,6.373217,320.019431,83.749586,58.646025,41.613761,0.530302,4.137387,9.807782,1.138772,1.296803,9.873671,13.294000,7.418900,5.875100,0.738690,0.113222,0.923529,24372.345655,2.454735,2442.677550,5.572237,4.907257,715.148787,240.994268,94.749032,49.123005,0.437726,3.995670,1.546512,0.475201,0.225816,1.617874,2.908100,0.549310,2.358790,0.104014,-0.383344,0.395323,654.378754,2.674672,384.981220,4.558159,5.356438,304.016868,70.355963,32.808150,20.951729,0.400029,3.906746,9.975786,1.116702,1.247024,10.038094,13.328916,7.795749,5.533166,0.737352,-0.013449,0.914345,25190.832717,2.536501,2484.448467,5.609327,4.980585,707.241114,232.704201,96.243593,49.843802,0.442605,4.008375,-2.315614,6.513976,42.431885,6.913317,14.597000,-15.901000,30.498000,0.264846,-0.158836,5.111866,11948.488250,1.062857,1383.775704,4.185850,5.089868,4305.246906,674.052462,350.541198,192.763253,0.355324,3.767596,20.921136,36.869345,1359.348566,42.391538,98.371000,-68.783000,167.154000,-0.051448,-0.077147,28.587592,449260.626586,0.294776,8408.372910,2.722787,4.071343,21843.573979,1978.885989,768.020630,438.777292,0.222817,3.343366,-1.308796,33.210048,1102.907306,33.235828,69.695000,-76.895000,146.590000,-0.108442,-0.761061,27.706369,276155.063573,0.332220,6886.441790,4.228924,5.695040,19322.016775,2912.230010,1552.028504,1126.961562,0.412982,3.727375,48.612762,24.212727,586.256131,54.308901,100.182077,3.865956,96.316122,0.223357,-0.854076,20.155878,737364.178409,0.467209,12107.873330,3.574768,4.669116,15828.325301,2349.618685,798.131919,521.213843,0.306743,3.662203,-0.025363,0.309352,0.095699,0.310390,0.721770,-0.368950,1.090720,1.086913,-0.318606,0.262773,24.085513,-4.238146,67.202690,5.234147,6.585437,161.755907,32.352300,19.601667,16.330339,0.547223,3.934930,0.793799,0.088396,0.007814,0.798706,0.997990,0.586350,0.411640,0.240291,-0.546378,0.072075,159.482673,-25.762284,197.715805,7.207501,7.658165,38.814885,10.767694,7.615225,8.823084,0.587484,4.052219,0.770192,0.176220,0.031053,0.790094,0.935410,0.244990,0.690420,-1.581782,1.131928,0.133932,156.062197,-15.868011,191.961090,5.454979,6.671653,96.413842,20.670116,12.338089,10.125000,0.566448,4.004594,1.165340,0.022446,0.000504,1.165556,1.214088,1.068284,0.145804,-0.734415,1.711016,0.017175,339.630383,-166.736118,290.177020,11.402976,7.465135,8.685263,7.780804,6.683290,6.618725,0.785923,4.606620
-0.785957,0.458454,0.210180,0.909895,0.450150,-2.096800,2.546950,-0.115725,-0.289531,0.374096,206.977189,2.475663,198.694810,5.486306,6.073155,289.192549,72.413569,38.909378,26.980441,0.485243,4.030067,9.797055,1.090532,1.189260,9.857563,12.852000,7.969500,4.882500,0.655405,-0.406721,0.911876,24292.887687,2.795062,2440.400950,5.691661,5.113012,633.902500,193.938353,86.162462,49.705155,0.424275,3.935766,1.678312,0.430106,0.184991,1.732548,2.908100,0.607530,2.300570,0.090207,-0.206991,0.351503,750.430498,2.366274,418.002220,4.624540,5.094010,276.063281,75.257296,28.285275,19.015029,0.382140,3.932855,9.992039,1.077193,1.160345,10.049934,12.939082,8.176671,4.762411,0.648192,-0.426899,0.900705,25250.295373,2.828573,2488.943903,5.582031,5.108289,640.218821,186.627672,85.703545,49.093362,0.425575,3.949191,-2.177291,7.537177,56.809043,7.845358,14.597000,-15.901000,30.498000,0.080025,-0.859696,6.214663,15387.409545,1.084809,1590.817392,3.853587,4.924086,4590.955291,581.771639,322.549041,216.049170,0.333568,3.624157,18.055871,34.064948,1160.420682,38.554314,86.011000,-68.783000,154.794000,-0.212069,-0.030225,26.278674,371608.787420,0.312573,7719.405500,3.097944,4.608404,19052.083133,1903.323632,897.832129,561.300760,0.282776,3.412120,3.690997,41.007756,1681.636025,41.173529,79.260000,-103.360000,182.620000,-0.379043,-0.301473,32.918287,423814.870827,0.277869,8321.683500,3.805411,5.398685,22819.022184,2480.566423,1439.394681,1077.286103,0.351954,3.516999,50.573478,26.183346,685.567584,56.949489,104.848101,3.865956,100.982146,0.227674,-1.014302,22.518545,810811.067792,0.451917,12603.014182,3.030372,3.896462,16204.073392,1987.371523,644.486023,294.126852,0.222998,3.439795,-0.450629,0.248473,0.061739,0.514592,-0.143150,-0.969760,0.826610,-0.514086,-1.145971,0.222526,66.201318,-5.091915,112.201615,4.185779,6.237979,91.444437,12.878449,7.366626,6.295917,0.412067,3.377071,0.729012,0.097388,0.009484,0.735488,0.923690,0.431730,0.491960,-0.434614,0.155333,0.075652,135.235663,-19.655890,181.427670,5.464692,7.029747,48.844615,8.217877,6.362627,5.332314,0.414125,3.719948,0.644873,0.322358,0.103915,0.720955,0.935410,-0.100220,1.035630,-1.034293,-0.303360,0.279231,129.944039,-5.475829,163.268416,4.714272,6.330899,155.513461,26.134965,16.546379,12.944183,0.495087,3.767876,1.150999,0.026917,0.000725,1.151314,1.194798,1.073746,0.121052,-0.676022,-0.233395,0.021910,331.381020,-191.209103,286.626000,8.629119,7.562454,13.848699,5.598429,5.003321,4.214892,0.693549,4.385135
-0.894039,0.428968,0.184014,0.991625,0.101960,-2.096800,2.198760,-0.139802,-0.645455,0.357035,245.830064,2.506600,222.816975,5.552396,6.081501,293.691559,63.765511,36.725754,31.144251,0.490233,4.085872,9.733549,1.152226,1.327625,9.801510,12.852000,7.738100,5.113900,0.725303,-0.102002,0.938372,24017.401191,2.786510,2424.620450,5.556915,4.845176,720.387244,272.723759,95.151199,43.221915,0.416827,3.992283,1.640918,0.446255,0.199144,1.700516,2.368300,0.607460,1.760840,-0.442664,-0.594545,0.371528,722.938781,2.599569,408.635110,4.981583,5.591296,233.115295,82.140465,29.757592,20.376184,0.426326,3.895200,9.933494,1.127110,1.270377,9.997234,13.016656,8.059588,4.957068,0.737079,-0.107057,0.917846,24986.170036,2.839661,2474.388181,5.554314,4.874164,707.232800,262.101331,94.457137,43.019163,0.424066,4.002069,-1.665858,7.793984,60.746188,7.970023,13.481000,-17.016000,30.497000,-0.191960,-1.046752,6.667902,15880.318081,1.096999,1638.940049,3.945891,5.274959,4557.635450,640.988115,354.283573,232.513587,0.338984,3.640482,17.800895,32.537585,1058.694430,37.088628,86.011000,-50.731000,136.742000,0.073498,-0.355651,25.256508,343891.575456,0.349532,7362.224740,2.383693,3.514503,17233.875409,1501.730220,592.747097,229.668204,0.162304,3.142296,5.307272,40.655450,1652.865635,41.000400,79.260000,-103.360000,182.620000,-0.432320,-0.338647,32.640712,420258.192838,0.275454,8385.406490,3.507157,5.213992,21593.048558,2026.554803,1140.991233,966.640503,0.308408,3.370712,49.580616,25.727085,661.882911,55.858037,104.848101,2.487177,102.360925,0.247296,-0.835666,21.538590,780030.086374,0.444311,12364.460376,4.274107,5.463588,15823.597849,2456.333908,1118.442036,890.954774,0.398369,3.747140,-0.722556,0.135339,0.018317,0.735122,-0.370970,-0.969760,0.598790,0.526823,-0.182539,0.107007,135.101079,-12.596081,180.113885,4.400818,6.300571,69.745388,9.608505,6.077081,5.294093,0.413657,3.627156,0.721727,0.110518,0.012214,0.730140,0.923690,0.431730,0.491960,-0.318180,-0.763088,0.093199,133.275944,-18.383437,179.742945,5.752370,7.154983,51.107809,9.488020,6.412822,6.460522,0.467713,3.733685,0.218076,0.308617,0.095245,0.377891,0.933180,-0.146990,1.080170,1.008055,-0.173267,0.260324,35.700399,-2.005380,62.762820,4.993748,6.454280,165.844653,30.741053,19.587973,13.684253,0.524092,3.894413,1.101844,0.047435,0.002250,1.102864,1.193647,1.019186,0.174461,0.287584,-1.102475,0.040959,304.077422,-102.573683,274.363371,6.595682,7.356356,22.427028,6.036089,4.254796,3.480237,0.569921,4.046060
-0.967822,0.555731,0.308837,1.116027,0.097451,-2.231600,2.329051,-0.422680,-0.777231,0.466185,311.379283,3.111600,241.375054,5.192690,6.017500,345.833228,72.951595,39.458045,29.710773,0.457333,3.946750,9.815618,1.291119,1.666989,9.900169,15.072000,7.654800,7.417200,0.916900,0.976376,1.024366,24503.334539,2.091212,2444.924650,5.523695,4.796202,832.373611,340.312863,117.868281,43.345712,0.415847,4.034163,1.478021,0.511082,0.261204,1.563889,2.368300,-0.030852,2.399152,-0.405218,-0.487434,0.428160,611.437582,2.758817,368.168042,4.334652,5.172277,299.507762,83.036307,31.429956,17.134327,0.364901,3.816636,10.005284,1.264477,1.598903,10.084870,15.130951,7.793051,7.337900,0.921523,0.977499,1.004675,25426.151404,2.120389,2492.186299,5.462944,4.804784,827.529366,327.199047,114.230848,43.870038,0.411677,4.036236,-2.450560,8.846883,78.267339,9.180010,18.420000,-19.042000,37.462000,0.028027,-0.948221,7.663653,21068.145697,0.929529,1892.955615,4.156380,5.434046,5362.677071,791.627742,486.296008,230.754103,0.370057,3.716144,15.197673,39.109798,1529.576313,41.958856,95.443000,-92.046000,187.489000,-0.050364,-0.081520,30.025124,440136.393084,0.266261,8265.356090,3.930766,5.400486,23078.894911,3039.233669,1596.865627,1057.041042,0.373368,3.668469,1.271080,49.077033,2408.555216,49.093491,143.540000,-108.100000,251.640000,0.209511,0.236700,38.284801,602542.715327,0.209325,9556.025440,2.674334,4.002641,25737.231084,1697.393840,679.443611,372.510628,0.195343,3.103853,55.590443,34.127579,1164.691636,65.230277,159.821942,2.487177,157.334765,0.595429,-0.056765,27.891177,1063747.254108,0.307131,13839.734582,3.066584,4.221620,22180.469305,2430.230000,689.769846,574.569525,0.247070,3.503966,-0.664597,0.235065,0.055256,0.704943,0.183470,-0.943550,1.127020,1.675481,2.847768,0.167378,124.236119,-3.413997,167.752027,5.038086,6.441680,139.228075,25.324439,15.266537,12.708678,0.518206,3.935510,0.706618,0.105892,0.011213,0.714509,0.875500,0.419680,0.455820,-0.795556,-0.107081,0.087917,127.630608,-22.271085,175.807150,5.763472,7.219930,50.316003,9.265490,6.384917,5.514975,0.475763,3.778818,-0.143100,0.233066,0.054320,0.273492,0.155900,-0.587970,0.743870,-0.728590,-0.975482,0.197680,18.699406,-7.078894,47.620193,3.870668,5.924149,105.994105,13.902901,8.495815,6.513191,0.389337,3.443797,1.039909,0.029238,0.000855,1.040319,1.106534,0.947854,0.158680,0.020394,-0.469082,0.024003,270.566133,-135.786064,258.928592,7.749512,7.312312,14.596939,6.152200,4.573589,3.382437,0.662739,4.296016
-1.119188,0.621730,0.386548,1.280285,0.097451,-2.380200,2.477651,-0.064534,-1.284821,0.556119,409.782682,3.257867,278.525999,4.748189,5.389952,386.228230,79.965299,42.620098,25.531923,0.403971,3.877610,9.937279,1.333614,1.778528,10.026367,15.072000,7.454500,7.617500,0.688670,0.342554,1.090302,25132.009388,2.147534,2474.761450,5.512294,4.773804,875.816159,332.615566,106.644223,49.627545,0.412372,4.028414,1.495345,0.484791,0.235023,1.571966,2.545100,-0.030852,2.575952,-0.297093,0.242409,0.376644,617.769585,2.463553,372.502842,4.863922,5.439119,301.357081,97.773857,34.800901,18.575434,0.423748,3.972746,10.144935,1.310929,1.718536,10.229284,15.130951,7.793051,7.337900,0.633367,0.266358,1.076564,26159.561655,2.201103,2526.432664,5.468552,4.789916,863.780071,323.230192,104.772806,49.422859,0.413969,4.027937,-3.644646,10.496565,110.177873,11.111315,18.420000,-27.122000,45.542000,-0.099920,-0.827281,8.982291,30865.329449,0.801642,2267.783370,3.343352,4.452842,6401.106305,775.310495,347.338727,182.623925,0.269731,3.525831,31.809112,40.984037,1679.691251,51.879773,108.590000,-92.046000,200.636000,-0.423521,0.112010,32.211762,672877.710463,0.251972,10759.299460,4.105023,5.450421,24505.188336,4094.553732,1779.064776,1339.641639,0.403721,3.748681,1.570130,60.973166,3717.726949,60.993379,143.540000,-108.100000,251.640000,0.221399,-0.548120,48.936074,930048.064643,0.214758,12177.138550,3.624045,5.164535,33641.750338,3244.075570,1820.319878,1418.983292,0.332039,3.458846,72.996785,34.736635,1206.633781,80.840364,159.821942,4.470867,155.351074,0.154224,-0.533558,28.714664,1633791.104555,0.314440,18176.248742,5.164515,5.898648,25224.804094,4332.837982,2658.721542,1899.719942,0.509372,4.053040,-0.071693,0.548865,0.301253,0.553528,0.764110,-0.943550,1.707660,-0.058496,-1.443371,0.496773,76.598202,2.653156,123.105854,4.396996,6.240823,240.740076,37.318944,22.058607,18.261524,0.456109,3.591085,0.768016,0.124319,0.015455,0.778012,1.008000,0.419680,0.588320,-0.765668,0.630327,0.093769,151.325815,-13.584483,191.205710,5.227366,6.973473,61.179425,9.321877,7.225411,6.052635,0.424564,3.685040,-0.254245,0.240585,0.057881,0.350031,0.211580,-0.587970,0.799550,0.263163,-1.465911,0.220296,30.630438,-4.863170,72.519998,4.018380,6.131867,85.529025,11.506115,6.540774,5.682219,0.396975,3.301317,1.016750,0.020903,0.000437,1.016965,1.067050,0.947854,0.119196,-0.253437,0.251325,0.016588,258.554455,-208.686374,253.161278,11.379202,7.227875,6.113353,6.703792,5.866708,4.784109,0.733307,4.489791
-1.169410,0.548649,0.301015,1.291718,-0.263800,-2.444200,2.180400,-0.041859,-1.197740,0.488953,417.133681,2.708870,291.811220,5.186626,5.760145,290.629883,75.468113,35.178224,23.957785,0.461434,3.898300,9.838012,1.081466,1.169568,9.897274,12.972000,7.454500,5.517500,0.598069,-0.143357,0.880239,24489.010150,2.576722,2450.014800,5.649730,5.040983,691.413424,257.716522,100.116033,57.217905,0.446030,4.054218,1.510335,0.519837,0.270231,1.597292,2.570500,0.171040,2.399460,-0.217671,-0.110464,0.402613,637.835606,2.906769,376.073640,4.633230,5.209542,291.594347,91.315020,35.252289,18.886737,0.385496,3.867096,10.051483,1.069400,1.143617,10.108210,12.984879,7.818550,5.166329,0.535731,-0.215711,0.872970,25543.979437,2.731730,2503.247523,5.572340,5.059402,687.935178,247.369189,97.777683,55.902743,0.434042,4.040894,-3.293508,9.977324,99.547004,10.506864,16.430000,-27.122000,43.552000,-0.277269,-0.611487,8.180950,27598.549000,0.829971,2097.309616,3.725159,4.893531,5717.175755,673.399648,338.936186,227.386496,0.311029,3.557106,15.302983,42.483596,1804.855949,45.155700,108.590000,-79.130000,187.720000,-0.022396,-0.364890,34.036562,509759.307818,0.271185,9135.438700,3.871114,5.355954,23891.485126,3100.306135,1399.365707,1160.152221,0.372643,3.625576,-2.747988,56.163036,3154.286562,56.230223,128.050000,-102.380000,230.430000,0.374068,-0.524159,45.713208,790459.499437,0.228462,11437.177000,2.171631,3.098503,31895.486323,1776.151487,389.256979,342.565206,0.120123,3.065407,64.957211,33.042854,1091.830205,72.878457,143.699105,8.148672,135.550434,0.360881,-0.678745,27.795270,1327817.356255,0.353408,16199.356335,3.929542,5.044854,21769.993571,2628.568211,1276.187597,954.666143,0.343830,3.673408,0.494669,0.206248,0.042538,0.535944,0.764110,-0.092742,0.856852,-0.968120,0.313299,0.171358,71.808996,-5.473108,124.523211,2.964838,5.471443,98.821216,5.358938,3.951493,4.206823,0.235467,3.029699,0.821903,0.094182,0.008870,0.827282,1.018100,0.630520,0.387580,0.191115,-1.053088,0.080451,171.098816,-27.513367,204.544090,6.426771,7.184025,42.087765,10.202079,7.522023,6.423786,0.542360,3.954170,0.057363,0.317392,0.100738,0.322534,0.423160,-0.534520,0.957680,-0.642933,-1.133124,0.274108,26.007051,-3.351956,72.801766,4.544482,6.339795,136.855216,22.049675,14.123658,10.091687,0.473488,3.637372,1.036703,0.030094,0.000906,1.037140,1.090521,0.948237,0.142284,-0.287950,-0.723006,0.025389,268.914863,-150.031908,258.124750,10.109216,7.619565,12.106298,8.154020,6.674600,5.928574,0.759483,4.478512
-1.159076,0.455552,0.207527,1.245386,-0.383930,-2.444200,2.060270,-0.045528,-0.928288,0.394111,387.746376,2.208721,288.460985,5.610541,6.183888,286.740133,87.040033,36.442015,29.590634,0.514705,4.102056,9.803550,0.979006,0.958453,9.852312,13.167000,8.020900,5.146100,0.964562,0.831636,0.770018,24267.013391,2.510025,2441.428450,5.892464,5.006842,602.163779,231.071980,106.195308,50.967438,0.456479,4.067010,1.517500,0.578158,0.334267,1.623907,2.689200,0.004908,2.684292,-0.515495,-0.164349,0.459470,659.268295,3.012721,379.007526,4.656815,5.623324,299.272374,80.845240,35.781587,17.011949,0.374165,3.723233,10.016768,0.959412,0.920471,10.062610,13.289679,8.443690,4.845989,0.977160,0.882830,0.753468,25314.028063,2.522226,2494.611793,5.777083,5.032330,606.919271,215.548437,104.115356,48.145568,0.449566,4.066120,-1.736474,9.403182,88.419840,9.562174,21.687000,-24.598000,46.285000,0.111985,-0.159631,7.291661,22858.794959,0.783666,1884.566579,3.530283,4.894445,5724.651409,606.016384,313.745241,229.700443,0.303531,3.543363,-4.031953,37.863996,1433.682211,38.078063,93.305000,-99.392000,192.697000,-0.342946,-0.193326,29.906637,362484.713978,0.257984,7426.141020,5.645932,6.299635,22447.717936,4860.350409,2913.388349,2206.367107,0.559151,4.040350,-0.629996,45.582338,2077.749557,45.586692,111.470000,-80.163000,191.633000,0.351751,-0.590165,38.418777,519536.612841,0.267693,9534.022800,5.025050,6.087365,26054.633251,4644.327286,2660.959931,2124.495649,0.499728,3.897603,52.664788,29.085057,845.940548,60.162451,136.118669,4.242477,131.876192,0.432672,-0.810055,25.101620,904880.121779,0.353485,13058.613841,4.384885,5.236618,17950.547321,3443.007572,1172.513677,951.972212,0.389009,3.762659,0.586210,0.111828,0.012506,0.596781,0.739920,0.298390,0.441530,-0.919625,-0.305229,0.092833,89.036832,-23.397591,145.997985,4.220023,6.278527,53.363912,4.932185,4.238640,3.353207,0.346904,3.429957,0.844000,0.097017,0.009412,0.849558,1.024100,0.630520,0.393580,0.007226,-1.045272,0.082862,180.437098,-26.120838,210.104435,5.970083,7.245978,49.150174,8.477444,6.161741,6.637535,0.494508,3.889256,0.241122,0.100949,0.010191,0.261401,0.423160,-0.024499,0.447659,-0.021112,-0.724786,0.082638,17.082627,-24.372668,60.230427,4.563222,6.268501,53.490540,8.428769,5.020814,4.059324,0.436089,3.739640,1.070245,0.028308,0.000801,1.070620,1.145019,0.990779,0.154241,0.144069,-0.038268,0.022375,286.556557,-140.072663,266.490704,9.993219,7.795921,14.436612,7.513836,6.195032,6.023316,0.754866,4.523554
-1.070197,0.436969,0.190942,1.155969,-0.173030,-2.333100,2.160070,-0.145007,-0.597928,0.370885,334.065862,2.138918,266.429825,5.857848,6.353389,267.537507,68.657246,37.566856,30.437752,0.518513,4.075052,9.827312,0.957138,0.916112,9.873813,13.167000,7.834000,5.333000,0.686184,0.545630,0.760626,24373.045305,2.472333,2447.557700,5.618312,5.054649,634.169764,183.126330,80.733758,49.100588,0.419957,4.016383,1.406710,0.854091,0.729471,1.645693,3.032800,-0.712370,3.745170,-0.851176,0.075552,0.671348,677.076158,2.867016,370.940895,3.532761,4.890253,433.247380,73.256784,39.417496,15.694023,0.298004,3.476213,10.034792,0.916353,0.839703,10.076545,13.289679,8.352442,4.937237,0.770855,0.621615,0.731760,25384.187325,2.544054,2499.224493,5.631799,5.068243,606.418233,175.202746,78.328973,46.651364,0.420230,4.017250,2.388581,12.427239,154.436273,12.654706,29.991000,-24.598000,54.589000,0.369890,-0.565013,10.416696,40035.398418,0.699908,2538.032149,3.328712,4.703813,6878.291176,716.589297,367.090344,221.215868,0.288268,3.431848,-28.658665,43.121726,1859.483279,51.776466,42.379000,-158.530000,200.909000,-0.597993,0.000949,35.087297,670200.596009,0.252876,9910.792170,3.260272,4.943787,25231.056818,2240.201745,1191.419678,935.150142,0.295826,3.430331,-1.813601,37.949539,1440.167498,37.992850,94.314000,-56.153000,150.467000,0.493934,-0.776588,32.734603,360864.162059,0.321976,8214.594570,2.380344,3.662207,21361.570811,1099.574282,393.092718,346.031252,0.165278,3.109827,57.849962,30.623235,937.782518,65.455333,159.079320,4.242477,154.836844,0.785781,0.557821,24.687074,1071100.156486,0.305875,14418.863912,4.059283,5.308809,19618.045056,2655.509528,1208.182719,980.299358,0.375401,3.725292,0.286701,0.459802,0.211418,0.541863,0.739920,-0.731850,1.471770,-1.057098,-0.476224,0.383698,73.403845,-0.567452,129.520113,4.085457,6.046827,212.994026,29.035363,17.279263,15.312628,0.423103,3.542154,0.964563,0.112673,0.012695,0.971122,1.168700,0.712850,0.455850,-0.183906,-0.975327,0.095021,235.769421,-18.785859,240.163940,5.811272,7.500151,50.803803,8.116424,6.295459,6.694018,0.452506,3.706572,-0.059876,0.245286,0.060165,0.252488,0.280620,-0.483300,0.763920,-0.273880,-1.496228,0.223713,15.937597,-5.326777,55.600163,3.735498,5.993379,80.677335,9.897253,5.424616,4.972768,0.363917,3.108712,1.138396,0.067066,0.004498,1.140370,1.278909,1.008210,0.270698,0.282797,-0.962602,0.057254,325.110863,-51.925568,283.475799,7.722977,7.971891,26.862552,7.721292,6.515593,6.089817,0.571853,4.027064
-1.045097,0.542766,0.294595,1.177634,0.005023,-2.419400,2.424423,-0.394259,-0.657065,0.457545,346.705736,2.980792,259.693488,5.443867,6.105813,341.686585,82.676244,38.543483,32.174244,0.503625,4.047436,9.870128,0.972604,0.945958,9.917932,13.709000,7.756000,5.953000,0.578745,0.806402,0.770601,24591.344255,2.259892,2457.931250,5.595950,4.899387,625.088428,210.306602,84.105825,42.088965,0.435671,4.025809,1.366476,0.845734,0.715266,1.607023,3.032800,-0.712370,3.745170,-0.664697,-0.033577,0.681133,645.630991,2.990432,361.519410,3.974523,5.354406,491.577309,78.564308,34.263426,26.375388,0.338585,3.655228,10.072461,0.938218,0.880253,10.116063,13.901707,8.142298,5.759409,0.707052,1.028819,0.745499,25583.680981,2.297463,2508.280657,5.489985,4.815225,612.704573,200.626197,79.008575,39.688030,0.426689,4.020156,2.135955,12.202957,148.912168,12.388481,29.991000,-19.971000,49.962000,0.550534,-0.645175,10.343948,38368.618419,0.747413,2509.487080,2.883383,4.104971,7031.411520,649.067006,281.504004,169.448393,0.224695,3.314240,-26.509045,48.218195,2324.994336,55.024756,67.487000,-158.530000,226.017000,-0.406571,-0.257046,39.367903,756930.945424,0.229865,10570.229771,2.927441,4.350529,28704.766920,2442.697821,977.868228,721.844060,0.250233,3.391867,-1.000514,44.582735,1987.620269,44.593960,96.944000,-105.330000,202.274000,0.005309,-0.687631,37.725128,497155.324025,0.254405,9411.459830,2.351084,3.540996,26663.892562,1157.379496,540.669411,379.466508,0.165681,3.140830,64.681543,31.402508,986.117498,71.901457,159.079320,5.574157,153.505163,0.500069,0.013716,25.231810,1292454.887868,0.313072,16125.150662,3.669896,4.634162,22986.332638,2871.678656,1159.818655,754.478736,0.318248,3.722973,-0.358605,0.485090,0.235313,0.603250,0.588710,-0.891130,1.479840,0.874480,-0.784235,0.410130,90.977496,0.047274,142.434413,4.288484,6.220865,196.401377,29.675762,17.790787,14.742587,0.445107,3.495960,0.947198,0.144040,0.020748,0.958087,1.168700,0.566270,0.602430,-0.757372,-0.105461,0.115141,229.482826,-11.215282,235.834615,5.408550,7.274358,62.271164,8.361126,6.783058,7.771905,0.427850,3.558825,-0.101265,0.223661,0.050024,0.245517,0.365260,-0.483300,0.848560,0.126671,-0.807848,0.185071,15.069701,-3.838384,48.562372,2.312272,4.847771,81.349405,3.821716,2.624145,2.402639,0.189119,2.652424,1.156912,0.060627,0.003676,1.158499,1.278909,1.019355,0.259553,-0.210967,-0.631850,0.048388,335.530023,-56.511820,288.145712,7.201427,7.772203,27.508047,7.302129,4.999283,6.113794,0.563747,4.033833
-0.966858,0.581462,0.338099,1.128234,0.056038,-2.419400,2.475438,-0.441086,-0.815199,0.502209,318.228092,3.050818,240.489332,4.665475,5.436791,309.734173,67.812095,26.027342,23.728648,0.406989,3.810730,9.872546,1.021635,1.043738,9.925266,13.709000,7.756000,5.953000,0.782806,0.851717,0.805966,24627.725628,2.313508,2457.352750,6.581236,5.666792,669.062432,284.030579,118.077896,79.543518,0.545836,4.217043,1.714279,0.687805,0.473075,1.847113,2.892100,0.572660,2.319440,-0.092348,-1.340850,0.607729,852.956915,3.455459,427.037240,4.212285,5.233045,344.600043,70.126406,30.712891,19.824190,0.357872,3.647992,10.110090,0.990814,0.981713,10.158526,13.901707,8.131653,5.770054,0.845305,1.071084,0.771778,25798.910634,2.325911,2516.522859,6.585348,5.694307,650.252222,271.428400,114.984747,77.849494,0.551999,4.220270,-0.201070,10.568863,111.700860,10.570775,23.256000,-19.971000,43.227000,0.365785,-0.671129,8.554224,27935.322307,0.845942,2138.594363,3.810649,5.219470,5276.434505,617.783788,302.981927,235.128742,0.327196,3.483763,-9.751587,40.738765,1659.647003,41.889622,67.487000,-124.500000,191.987000,-0.771016,0.061088,31.958310,438685.115325,0.257602,7490.171551,4.109475,5.318602,21970.493500,3184.561454,1435.582987,1129.197659,0.381610,3.628615,1.053744,54.260695,2944.223007,54.270926,96.944000,-105.330000,202.274000,-0.205983,-1.153587,47.505068,736333.345939,0.260210,11873.714860,3.018578,4.561014,24715.980126,1722.860065,983.022775,696.859773,0.258970,3.150705,61.630786,31.834909,1013.461399,69.367248,128.724154,2.362071,126.362083,0.149014,-0.955621,26.676470,1202953.783571,0.378974,15352.168653,4.106998,4.940587,18995.975623,2498.473188,1160.504823,859.126212,0.346349,3.645322,-0.716935,0.132753,0.017623,0.729123,-0.437500,-0.987900,0.550400,0.084533,-0.924989,0.114877,132.904918,-12.950209,178.603810,4.034408,6.229893,56.087025,5.070568,3.272279,3.647597,0.333216,3.285953,0.772755,0.162520,0.026413,0.789660,1.050200,0.397590,0.652610,-0.460142,-0.757069,0.135909,155.890740,-8.037404,192.308230,5.321597,7.166197,69.924001,9.500896,6.741571,9.027094,0.421307,3.567456,0.206450,0.206267,0.042546,0.291835,0.610240,-0.071269,0.681509,0.479991,-0.943139,0.171136,21.291884,-7.826401,55.270608,4.542372,6.233893,106.993660,16.770528,10.954522,8.492146,0.464188,3.729102,1.112982,0.040269,0.001622,1.113710,1.219989,1.019355,0.200634,0.202675,-0.311470,0.032024,310.087542,-90.457674,277.103661,7.928439,7.967843,19.021188,5.731703,3.699447,5.250032,0.605025,4.158192
-0.951659,0.491027,0.241108,1.070870,0.056038,-2.259700,2.315738,-0.099341,-0.826401,0.421869,286.690568,2.634588,236.265799,5.059186,5.723558,276.073487,65.239506,27.398875,22.445922,0.461661,3.919728,9.839722,0.991631,0.983331,9.889563,13.305000,7.395700,5.909300,0.613310,0.906261,0.768625,24450.863131,2.294259,2450.800400,5.652285,4.744245,666.473842,247.327433,82.812960,49.506681,0.434595,4.084980,1.495556,0.881971,0.777874,1.736249,2.892100,-0.332670,3.224770,-0.249204,-1.145449,0.779357,753.640081,3.359999,376.837745,3.554547,5.097402,413.533475,65.845867,27.478289,16.394610,0.311870,3.415493,10.052207,0.958080,0.917917,10.097761,13.344451,7.840633,5.503818,0.670582,0.882565,0.743564,25491.193780,2.395312,2503.663748,5.644692,4.811364,652.636277,231.367057,80.341377,49.447541,0.437407,4.090101,2.139764,12.316699,151.701070,12.501186,30.332000,-17.471000,47.803000,0.552001,-0.634862,10.124113,39069.914884,0.788591,2461.428061,2.998995,4.120504,5914.457362,572.619734,246.375407,154.623517,0.224493,3.228894,-31.856321,37.154533,1380.459292,48.941643,28.520000,-129.290000,157.810000,-0.509005,-0.607153,31.305038,598821.112864,0.311865,9249.879060,3.369519,4.729069,22466.351055,2479.615675,1109.469058,719.487401,0.297738,3.508620,-6.150035,50.666486,2567.092769,51.038375,95.431000,-95.495000,190.926000,0.255411,-1.088660,43.762218,651228.924430,0.272203,11147.216660,1.983566,2.893940,21560.554370,1062.947690,269.053876,192.378108,0.111084,2.723700,65.290184,29.894343,893.671722,71.808633,129.575844,2.362071,127.213774,0.167834,-0.822418,24.750844,1289119.952179,0.373239,16274.840821,3.590127,4.526569,19187.885668,2308.939178,941.956244,593.890782,0.307190,3.607030,-0.495298,0.354356,0.125568,0.609006,0.493950,-0.987900,1.481850,1.055252,0.269875,0.285319,92.722114,0.028386,137.906238,4.597025,6.386044,176.651904,26.113602,18.369445,13.549781,0.467956,3.706347,0.654627,0.138687,0.019234,0.669156,0.951810,0.395580,0.556230,0.273861,-0.528261,0.110579,111.942519,-12.267953,162.873530,5.752711,7.056213,68.576296,12.328510,7.790087,9.414478,0.461258,3.844611,0.543332,0.259863,0.067529,0.602278,0.893100,-0.066815,0.959915,-0.520991,-0.934808,0.221668,90.684558,-2.945544,136.140276,4.583971,6.260093,127.330561,20.947355,12.871724,9.554992,0.474886,3.735418,1.086533,0.029016,0.000842,1.086921,1.155627,0.995654,0.159973,-0.165679,-0.201279,0.023213,295.349192,-133.680827,270.599952,9.876635,7.973775,11.460896,5.842022,5.086638,5.154041,0.727261,4.390864
-0.893628,0.498008,0.248012,1.023026,0.755640,-1.791700,2.547340,0.791266,0.719215,0.386816,261.645775,2.467707,232.647475,4.690250,5.747920,315.681415,65.660271,25.895024,22.978217,0.415377,3.859420,9.853629,0.995848,0.991713,9.903823,13.305000,7.395700,5.909300,0.610723,0.664582,0.785889,24521.428392,2.248224,2452.067200,6.100857,5.391960,629.171254,238.883997,87.814705,58.053570,0.490022,4.115941,1.123188,0.709968,0.504055,1.328762,2.514900,-0.332670,2.847570,0.018212,-0.870532,0.579437,441.401861,3.372902,283.183117,3.693556,4.887068,349.302966,73.901518,27.053600,15.081344,0.306675,3.497414,9.998152,0.966880,0.934856,10.044795,13.344451,7.840633,5.503818,0.694820,0.548117,0.774396,25224.476027,2.375992,2488.026061,6.093458,5.437236,618.933182,228.011292,86.690991,56.893842,0.488584,4.121268,1.957844,11.405325,130.081443,11.572147,30.332000,-14.775000,45.107000,0.806511,-0.270734,9.172872,33478.649264,0.802441,2208.122546,3.692707,5.145821,6843.256567,719.930465,391.486554,317.273231,0.325367,3.554526,-30.681173,40.272841,1621.901705,50.628412,51.993000,-129.290000,181.283000,-0.289560,-0.590053,33.225784,640809.023536,0.279235,10028.429640,3.148894,4.584775,23980.936208,2750.075631,955.191068,757.621901,0.272629,3.438289,-5.706966,38.922607,1514.969348,39.338770,95.431000,-67.095000,162.526000,0.613318,-0.290282,31.723561,386884.702621,0.304694,8118.976120,3.042975,4.626658,21382.298419,1288.183339,648.083815,885.910332,0.240517,3.239494,59.231131,27.136003,736.362659,65.151282,129.575844,13.289656,116.286188,0.492986,-0.534886,22.296144,1061172.375422,0.397612,14765.867537,3.430297,4.463125,18121.651455,2195.107796,717.982728,625.526897,0.283261,3.589719,0.169137,0.491808,0.241875,0.520079,0.739920,-0.683470,1.423390,-0.503907,-1.339235,0.446987,67.620487,0.251222,119.627983,4.707334,6.347823,217.953774,37.061725,23.232248,18.012035,0.493091,3.723721,0.705888,0.125460,0.015740,0.716950,0.971890,0.395580,0.576310,-0.270677,-0.146544,0.100513,128.504399,-12.534253,175.671730,5.807609,7.503769,53.320562,8.429994,7.527442,7.254977,0.457763,3.650155,0.517701,0.267318,0.071459,0.582643,0.893100,0.124720,0.768380,-0.135837,-1.642243,0.246736,84.868272,-6.159950,129.085615,3.669945,5.958666,82.535590,9.493807,6.467835,4.727055,0.351307,3.012084,1.059957,0.021552,0.000464,1.060176,1.112428,0.979957,0.132471,-0.551114,0.491761,0.017479,280.993158,-184.002205,263.905047,11.334304,7.426134,8.029284,7.417015,6.670428,5.298729,0.780230,4.583117
-0.905006,0.506585,0.256628,1.037142,0.755640,-1.813700,2.569340,0.662422,0.533775,0.406379,268.915862,2.501135,235.653610,5.253381,6.136990,288.666741,76.073375,31.039083,26.381243,0.474113,3.938466,9.844844,0.961084,0.923682,9.891645,12.760000,8.278400,4.481600,0.817643,0.157302,0.775720,24461.160715,2.823562,2450.725200,6.224828,5.650050,571.976723,212.157602,82.975430,62.505619,0.519652,4.107040,1.252031,0.514799,0.265018,1.353736,2.473100,0.095227,2.377873,0.050271,-0.403424,0.425126,458.150017,2.819450,311.912117,4.205722,5.365293,295.139183,64.968165,28.708400,14.751082,0.376124,3.749882,9.993216,0.942622,0.888536,10.037575,12.858832,8.391007,4.467824,0.806205,0.182714,0.759700,25188.226594,2.803513,2487.706169,6.175497,5.637428,565.437118,201.717179,82.304950,60.258272,0.513925,4.093508,-1.116980,9.086114,82.557462,9.154513,20.724000,-17.498000,38.222000,0.680869,-0.288147,7.301868,20951.276584,0.904364,1869.975468,3.170928,4.545601,5312.617592,519.492413,226.229370,198.487361,0.262997,3.445250,-6.728160,39.490607,1559.508072,40.059658,57.884000,-111.880000,169.764000,-0.736892,-0.266024,32.701382,401194.053149,0.289007,7813.382780,4.587724,5.983851,23581.595302,3875.781591,2050.158931,1662.167173,0.452974,3.818555,-4.120236,37.191933,1383.239850,37.419463,82.824000,-66.538000,149.362000,0.372457,-0.500503,30.675665,350054.049037,0.328776,7693.565030,4.256076,5.619382,22164.815581,2810.832090,1645.852671,1376.002477,0.410429,3.714360,49.978609,24.309178,590.936149,55.576951,112.855858,12.864621,99.991237,0.483653,-0.761027,20.711777,772199.378770,0.446075,12419.394420,3.559521,4.484237,16424.884589,1985.436301,718.500354,583.186313,0.293013,3.629112,0.584266,0.105494,0.011129,0.593714,0.739920,0.350810,0.389110,-0.589858,-0.823288,0.090145,88.123988,-26.883559,145.581650,3.829254,5.998015,51.210389,4.004348,2.857440,3.500361,0.306348,3.303821,0.837390,0.089793,0.008063,0.842190,1.054200,0.662650,0.391550,0.656577,-0.514180,0.074476,177.321155,-28.948187,208.516145,6.619964,7.183576,48.821984,12.201367,8.509310,7.873288,0.567277,4.117842,0.249736,0.113851,0.012962,0.274464,0.634740,0.109130,0.525610,1.806831,2.871177,0.077032,18.832586,-22.467801,61.997585,5.188777,6.599160,62.972373,11.276460,7.501022,6.056460,0.508823,3.895679,1.066009,0.027126,0.000736,1.066354,1.137229,0.979957,0.157272,0.077815,0.572696,0.020889,284.277729,-145.893682,265.414486,10.687120,7.491446,10.566132,8.826298,6.564104,6.442617,0.775533,4.531143
-1.158115,0.520200,0.270608,1.269582,0.548190,-2.046900,2.595090,0.545849,-0.151353,0.439159,402.959836,2.394637,292.084533,5.247856,6.137113,306.005171,67.292423,35.474580,29.234555,0.457520,3.941496,9.827062,0.897396,0.805319,9.867951,12.860000,7.936700,4.923300,0.902812,0.819547,0.689114,24344.114653,2.458175,2446.670100,5.678102,4.909509,593.105148,227.311554,76.606947,45.959759,0.439258,4.076294,1.220523,0.707538,0.500610,1.410775,2.489500,-0.485260,2.974760,-0.494909,-0.361826,0.580074,497.571758,3.202208,314.204220,5.126711,6.000077,366.459730,108.060807,50.868296,26.171575,0.461853,3.865363,10.011358,0.866770,0.751290,10.048810,12.961648,8.287249,4.674399,0.890682,0.835246,0.665356,25244.646247,2.554682,2492.611838,5.632787,4.897902,573.087736,212.294882,75.278554,43.475892,0.434033,4.064615,-0.602018,10.894743,118.695427,10.911363,33.555000,-20.562000,54.117000,1.167265,1.374991,7.909964,29764.463237,0.668310,2000.409955,4.331790,5.758210,6765.820356,1021.515539,589.395303,432.828746,0.416746,3.781798,-20.088730,51.617917,2664.409372,55.389227,64.952000,-148.510000,213.462000,-0.505746,-0.494646,43.023177,766991.606444,0.244000,10777.145780,4.560968,5.990344,31661.415319,4560.273060,2823.210488,2194.364073,0.456604,3.824694,-3.987029,36.102985,1303.425503,36.322471,82.824000,-66.538000,149.362000,0.453877,-0.323301,29.443347,329830.476534,0.326832,7478.443820,3.131059,4.747274,19608.280895,1572.332849,759.811444,658.792839,0.266108,3.320619,58.750165,32.477135,1054.764329,67.129324,148.649066,0.836476,147.812590,0.638846,-0.193018,25.979365,1126586.546216,0.324717,14604.296140,3.666534,4.918051,18560.426690,2037.675365,887.281975,698.020872,0.316536,3.514658,0.514137,0.209377,0.043839,0.555136,0.729840,-0.326610,1.056450,-1.810565,3.695317,0.158117,77.043966,-5.831488,131.978813,5.676373,6.626050,130.852803,30.583664,17.311319,15.157013,0.588969,4.119374,0.898852,0.095887,0.009194,0.903952,1.066300,0.730920,0.335380,-0.029806,-1.366940,0.085964,204.282159,-34.182916,223.777170,6.429879,7.378742,49.332243,10.216726,8.089983,7.775368,0.553247,4.013410,0.074405,0.314893,0.099158,0.323564,0.432070,-0.616930,1.049000,-1.078711,-0.277790,0.258084,26.173403,-3.775909,72.379657,4.145264,6.130402,146.394635,19.850467,12.116671,9.819713,0.429150,3.550771,1.108339,0.039777,0.001582,1.109053,1.212670,0.987785,0.224885,0.018256,-0.129069,0.032557,307.499528,-81.264810,275.946375,8.725503,7.726189,21.562398,8.221338,6.681531,6.888623,0.707595,4.419384
-1.031663,0.603515,0.364231,1.195223,0.548190,-2.046900,2.595090,0.286492,-0.793244,0.513825,357.139621,3.153818,261.769919,5.078887,6.160134,369.820886,75.683042,38.683640,34.584447,0.454394,3.944397,9.871708,0.876862,0.768888,9.910575,12.860000,7.936700,4.923300,0.533101,0.510476,0.678553,24554.874643,2.518033,2457.583900,5.989579,5.142768,583.897018,254.480804,95.019025,48.941371,0.478214,4.170534,1.045491,0.996838,0.993685,1.444554,3.154000,-0.951560,4.105560,-0.164580,-1.048534,0.858659,521.683961,3.127166,300.363213,3.283110,4.682143,517.474854,86.343457,30.899637,14.978379,0.276094,3.428759,10.051976,0.832211,0.692576,10.086367,12.961648,8.287249,4.674399,0.595667,0.553513,0.645587,25433.698225,2.561740,2502.481074,6.098284,5.139107,544.352409,240.702134,94.008571,47.295933,0.484579,4.173122,3.905741,14.118311,199.326700,14.648601,36.224000,-22.330000,58.554000,0.820406,-0.042144,10.832601,53645.378819,0.638488,2499.380565,2.911115,4.302550,7448.704047,669.475022,333.349461,211.853034,0.230206,3.238027,-46.771310,47.688451,2274.188316,66.796286,64.952000,-164.470000,229.422000,-0.025374,0.019887,36.931120,1115435.948039,0.226920,13700.361200,3.858995,5.455580,29113.038457,3813.377984,1873.357070,1460.654799,0.377253,3.657620,-4.012693,31.379600,984.679265,31.635122,79.457000,-74.629000,154.086000,0.171915,-0.191517,25.289707,250195.243323,0.311834,6344.364594,4.912728,6.090821,19291.806429,3510.327214,1920.517289,1553.812015,0.499184,3.924190,66.376436,35.654944,1271.275041,75.346574,165.350328,0.836476,164.513852,0.519300,-0.282986,28.787892,1419276.570181,0.300141,16519.312258,3.040105,4.306202,22163.076989,2017.440374,751.039180,588.878440,0.244255,3.419508,-0.079782,0.568321,0.322989,0.573894,0.707660,-0.772180,1.479840,0.161000,-1.729244,0.541054,82.338535,0.044608,136.366868,3.913554,6.011121,197.400682,25.333890,15.956227,12.401415,0.405509,3.289000,0.896457,0.110761,0.012268,0.903274,1.078300,0.596390,0.481910,-0.511605,-0.612073,0.094928,203.975872,-18.918509,223.224750,6.041869,7.353032,47.043519,9.440995,6.982623,6.388788,0.484842,3.782478,0.074227,0.434747,0.189005,0.441038,0.723830,-0.616930,1.340760,0.004565,-1.392461,0.389190,48.628565,1.328666,96.544549,3.488563,5.822256,132.899607,14.748090,8.775894,6.742765,0.352543,2.998001,1.156983,0.034108,0.001163,1.157485,1.234824,1.074671,0.160152,0.187215,-0.524557,0.027671,334.942972,-124.874921,288.117082,9.680574,7.829446,12.429037,6.895259,5.745239,5.108226,0.720918,4.344844
-0.885365,0.582112,0.338855,1.059587,0.230860,-2.498100,2.728960,-0.461827,-0.420254,0.471119,280.681314,2.962225,222.346673,5.852798,6.410535,333.946357,86.965049,53.718178,37.519437,0.538766,4.076856,9.937575,1.000414,1.000829,9.987804,14.102000,8.129400,5.972600,0.838763,1.321746,0.782112,24939.055506,2.249261,2474.029700,5.677254,4.948203,659.783046,245.477539,89.617174,47.667983,0.448707,4.075361,1.155491,0.870633,0.758001,1.446776,3.154000,-0.951560,4.105560,-0.472276,-0.206539,0.685941,523.290256,2.870118,317.786658,4.579303,5.909595,501.682442,98.991025,45.388992,35.074967,0.439709,3.822887,10.099865,0.982257,0.964829,10.147517,14.202479,8.381648,5.820831,0.897669,1.549807,0.755669,25743.027076,2.248928,2514.353276,5.562829,4.848528,654.139630,238.073105,85.294169,44.844661,0.442261,4.068971,3.532499,14.556203,211.883043,14.978705,36.224000,-22.330000,58.554000,0.458471,-0.491289,11.657186,56090.397715,0.675154,2898.244330,2.693196,3.986297,8450.140866,692.258131,282.722489,197.791523,0.205074,3.281028,-18.938623,54.338916,2952.717815,57.544672,93.498000,-164.470000,257.968000,0.016748,-0.206134,44.238619,827847.314079,0.206645,11689.317754,3.984095,5.593370,30482.907855,4222.564370,2205.968293,1656.888420,0.399818,3.642853,-0.485899,43.663839,1906.530832,43.666542,86.145000,-79.514000,165.659000,-0.000329,-0.966311,37.052059,476691.732340,0.304486,9240.024644,2.319854,3.632543,22904.327135,1110.411386,426.128768,351.761908,0.154079,3.020534,66.943739,31.000865,961.053610,73.773422,165.350328,6.138023,159.212305,0.252305,-0.001385,25.561955,1360629.444134,0.298934,16675.144563,4.503324,5.589358,21216.206401,3246.726683,1682.608900,1317.133887,0.439768,3.885988,-0.500226,0.162134,0.026287,0.525845,-0.191530,-0.772180,0.580650,0.012146,-1.168152,0.140432,69.128237,-10.157978,124.598740,3.711959,5.896860,62.569655,7.377471,4.396799,3.228995,0.331416,3.254768,0.787501,0.135656,0.018403,0.799100,1.078300,0.518070,0.560230,0.141139,-0.818620,0.109922,159.640298,-12.082951,195.892435,5.332823,7.058863,60.572514,10.115077,8.302610,6.011762,0.445998,3.645930,0.491412,0.417373,0.174200,0.644737,0.910910,-0.447660,1.358570,-1.028330,-0.477965,0.350762,103.921592,-0.712950,146.775067,4.228036,6.237933,173.268876,24.183729,15.194189,12.451378,0.439619,3.495840,1.153105,0.033323,0.001110,1.153586,1.234824,1.076006,0.158818,0.459353,-0.276191,0.026682,332.690127,-130.546197,287.107143,8.709953,7.749395,15.977026,6.614633,5.767554,4.323568,0.673142,4.351373
-1.090543,0.617026,0.380721,1.252998,0.230860,-2.498100,2.728960,-0.264739,-1.004837,0.537919,392.501053,3.012819,272.028947,5.057597,5.946147,335.001500,67.876224,39.441265,24.492032,0.440723,3.878952,9.906025,1.211248,1.467123,9.979802,14.102000,7.341500,6.760500,0.762593,0.576515,0.954065,24899.114444,2.268346,2466.171800,5.541567,5.065759,806.779972,251.416207,90.122598,54.639937,0.437052,4.028197,1.310912,0.485497,0.235708,1.397926,2.359300,0.030331,2.328969,-0.176544,-0.365394,0.390397,488.549484,2.789245,326.363655,4.876025,5.482847,282.550218,73.423831,36.121137,20.182626,0.418755,3.898133,10.084822,1.190393,1.417035,10.154834,14.202479,7.492441,6.710038,0.750921,0.680487,0.920156,25780.164981,2.288988,2510.629423,5.448139,5.051833,803.776564,243.308950,88.108868,53.777413,0.432154,4.026633,-0.574374,13.541216,183.364527,13.553392,25.646000,-24.683000,50.329000,0.047151,-1.200435,11.739136,45923.608070,0.770252,2930.037920,3.007514,4.378282,5865.741466,565.490901,305.545859,174.970609,0.230591,3.171450,14.579349,44.269917,1959.825567,46.608829,95.693000,-92.727000,188.420000,-0.303182,-0.374618,35.442951,543095.744107,0.270714,9647.703789,3.716924,5.162591,21518.221063,2530.887768,1153.961580,968.993643,0.335076,3.471799,2.364297,59.264608,3512.293801,59.311750,138.820000,-131.010000,269.830000,-0.079089,-0.792906,51.434279,879470.925153,0.198033,12896.520700,2.613802,4.019737,24542.231489,1377.990502,596.502977,568.334013,0.189850,2.866308,70.290837,30.547656,933.159285,76.641771,149.832022,8.947335,140.884687,0.023532,-0.578891,25.611370,1468490.277330,0.336683,17533.076489,3.650056,4.505702,19989.898560,2629.308526,816.060084,712.073649,0.299357,3.645580,-0.581629,0.225425,0.050816,0.623785,-0.191530,-0.965730,0.774200,-0.071860,-1.165141,0.192952,97.277064,-3.728935,144.908200,3.170877,5.671279,86.214475,7.235672,4.309124,4.320069,0.280049,2.981973,0.687671,0.143484,0.020588,0.702480,0.909640,0.295180,0.614460,-0.736482,-0.155679,0.117987,123.369640,-10.965766,171.122490,5.331975,6.890712,57.174163,9.503005,6.468651,5.817479,0.414082,3.544514,0.458690,0.351071,0.123251,0.577622,0.910910,-0.198220,1.109130,-0.310402,-1.354429,0.309773,83.411880,-0.944981,120.820746,4.714110,6.387469,161.357714,26.172781,16.755109,13.252571,0.490431,3.724323,1.102293,0.034424,0.001185,1.102830,1.158805,1.026419,0.132386,-0.286239,-1.117765,0.030012,304.058584,-158.084934,274.490954,8.756565,7.767832,15.237055,6.551253,5.125322,4.397722,0.689042,4.344071
-1.047311,0.673526,0.453638,1.245190,0.764400,-2.486800,3.251200,-0.001771,-0.702611,0.567840,387.624771,3.003900,266.328521,5.004512,5.972610,362.506704,75.957920,32.443627,28.060708,0.425432,3.847642,9.877725,1.257890,1.582286,9.957496,13.802000,7.341500,6.460500,0.705334,0.147015,1.009665,24787.933416,2.431152,2460.175400,5.289102,4.919793,834.978226,219.006160,97.383281,42.564628,0.384835,3.954184,1.351055,0.455108,0.207123,1.425648,2.359300,0.285570,2.073730,-0.041270,-0.606270,0.368211,508.118217,2.798619,335.818340,4.645525,5.276914,261.823270,69.603421,32.083218,15.331839,0.372375,3.810761,10.061194,1.227629,1.507073,10.135813,13.984585,7.492441,6.492144,0.690756,0.252892,0.971327,25683.676403,2.372100,2505.568669,5.223831,4.899926,824.515918,210.903040,95.625241,41.003085,0.388214,3.953838,-2.913288,13.454916,181.034751,13.766699,22.132000,-25.989000,48.121000,0.053581,-1.210577,11.860716,47380.499678,0.797558,2966.818690,2.927583,4.276309,6678.777487,595.130341,293.285704,169.167377,0.227092,3.260585,25.064469,41.131242,1691.779101,48.166448,95.693000,-80.287000,175.980000,-0.326175,-0.476065,33.528472,580001.678769,0.287104,10075.891523,2.771480,3.879160,18097.023518,2344.706200,472.632288,309.119121,0.199619,3.127633,1.679036,59.566647,3548.185402,59.590306,138.820000,-131.010000,269.830000,-0.006362,-0.711093,50.737277,887751.140915,0.198507,12692.209500,2.752096,4.131476,28280.062453,1731.922834,839.658175,605.998333,0.215086,3.086937,71.665532,30.406985,924.584752,77.849427,149.832022,9.475452,140.356570,0.132670,-0.590438,24.972090,1515133.319361,0.340699,17880.217019,3.251161,4.163285,20264.062825,2280.231551,700.581981,474.336298,0.240266,3.526550,-0.614887,0.296458,0.087887,0.682623,0.346770,-0.965730,1.312500,1.288568,1.402483,0.223088,116.493450,-0.925187,159.259153,4.800711,6.405817,154.344121,26.176774,16.516670,12.192600,0.492239,3.792952,0.700482,0.152310,0.023198,0.716850,0.905620,0.295180,0.610440,-0.954036,-0.235880,0.125506,128.468463,-12.768944,174.261135,4.527013,6.475127,69.840961,9.408521,5.202488,5.588459,0.364983,3.471620,-0.101123,0.323036,0.104352,0.338493,0.485520,-0.570160,1.055680,0.138253,-1.091658,0.270559,28.644445,-1.626119,69.475543,4.598847,6.292502,163.819467,27.072139,16.538657,13.435683,0.480823,3.742939,1.045524,0.036128,0.001305,1.046148,1.133796,0.966083,0.167713,0.294724,-0.661285,0.030304,273.606358,-116.698020,260.304418,7.129653,7.485238,18.712727,6.058923,3.073043,3.717708,0.580019,4.169382
-0.818607,0.676361,0.457464,1.061877,1.275600,-2.474300,3.749900,0.132694,0.120840,0.541981,281.895469,2.705647,222.889537,6.228273,5.946822,381.714424,175.378410,78.682782,54.812924,0.562563,4.209292,9.904301,1.212463,1.470067,9.978239,13.802000,7.057700,6.744300,0.788895,0.425689,0.967345,24891.312305,2.272980,2465.009050,6.048836,5.151673,689.107833,304.699753,113.490357,62.896158,0.458805,4.040063,1.412485,0.465230,0.216439,1.487129,2.359100,0.262730,2.096370,-0.149345,-0.707581,0.392301,552.888279,2.809661,351.326650,4.850970,5.435109,261.975283,72.680135,40.098547,20.184055,0.407581,3.901808,10.073474,1.195617,1.429499,10.144180,13.984585,7.168189,6.816396,0.784078,0.582558,0.943092,25726.096053,2.252482,2507.062041,6.006765,5.154419,688.855389,297.239093,113.936409,61.159422,0.456372,4.039745,-2.673514,12.845440,165.005328,13.120709,22.132000,-25.989000,48.121000,0.080984,-1.165993,11.348158,43038.251530,0.789127,2823.019070,3.452365,4.550241,6370.616816,817.915759,377.779685,213.876379,0.282688,3.415761,31.093136,38.123683,1453.415220,49.195512,109.250000,-59.457000,168.707000,-0.276857,-0.535638,30.934397,605049.589228,0.296394,10330.240718,3.620920,4.696906,19247.983085,3556.237105,868.734086,680.793427,0.307325,3.527654,2.578867,51.256458,2627.224463,51.321292,136.540000,-73.773000,210.313000,0.234719,-0.839124,43.804931,658468.755163,0.243527,10981.153858,2.673077,3.727983,25600.596058,1989.676569,534.114046,421.163984,0.180796,3.140786,67.152988,26.771302,716.702624,72.292644,140.895389,13.635427,127.259963,0.252392,-0.491026,21.745456,1306556.595921,0.366322,16746.931368,4.140529,4.878101,17338.612663,3783.923828,987.750524,771.650188,0.346125,3.784530,0.006137,0.537783,0.289211,0.537818,0.747980,-0.949600,1.697580,-0.247428,-1.355927,0.485030,72.312061,2.316489,120.803535,4.484508,6.277332,244.718962,38.246967,23.585110,18.500569,0.469654,3.656650,0.785470,0.112334,0.012619,0.793462,1.004000,0.409640,0.594360,-1.053967,1.717453,0.079902,157.395566,-15.694138,195.573340,5.225857,6.975724,54.843887,9.920673,5.396167,5.743304,0.439771,3.682342,-0.286753,0.202135,0.040858,0.350835,0.133630,-0.570160,0.703790,0.164874,-1.515166,0.187234,30.771385,-8.076424,72.907571,4.264093,6.195672,74.818866,10.043230,6.963055,5.210109,0.421261,3.428499,1.020532,0.020759,0.000431,1.020743,1.071531,0.947293,0.124238,-0.030118,0.248332,0.016114,260.479011,-199.295811,254.089317,11.007869,7.461150,6.889598,7.254307,4.233579,4.798634,0.778618,4.524826
-0.922689,0.583078,0.339980,1.091483,1.275600,-2.145700,3.421300,0.601430,0.974476,0.470625,297.833827,2.296656,242.005856,6.606340,5.979196,313.788758,175.009291,77.699182,54.666012,0.575031,4.253056,9.892145,1.131467,1.280218,9.956644,13.543000,7.057700,6.485300,0.647238,0.235382,0.913547,24783.688546,2.302008,2462.935800,5.527235,4.869666,733.286747,245.313020,114.020092,47.384909,0.421372,4.026519,1.475051,0.481652,0.231988,1.551697,2.619000,0.262730,2.356270,0.080774,-0.705482,0.404805,601.940750,2.652651,367.067820,5.026224,5.528279,245.002404,66.337712,41.272949,21.137396,0.406926,3.834354,10.073682,1.120175,1.254791,10.135771,13.703867,7.168189,6.535678,0.618054,0.372633,0.891562,25683.463123,2.285846,2508.048251,5.465894,4.894301,729.976425,236.271582,112.525564,45.058115,0.412471,4.016706,-1.985297,11.761447,138.331647,11.927827,21.150000,-23.340000,44.490000,0.117589,-1.119030,10.136747,35568.262830,0.845091,2568.184635,3.904584,5.063135,5289.991842,842.129908,433.336015,209.893081,0.342132,3.503658,17.417154,36.316148,1318.862619,40.276791,109.250000,-62.287000,171.537000,-0.097819,-0.552491,29.798129,405554.966826,0.289151,8232.326240,2.835342,3.524875,19424.372097,3065.194082,518.769406,344.896906,0.180184,3.336571,0.788235,49.589746,2459.142913,49.596010,136.540000,-87.684000,224.224000,0.257774,-0.752402,42.221378,614941.056979,0.232440,10522.439248,2.562389,3.688303,25754.502706,1911.177297,566.931959,419.295995,0.176053,3.124306,58.542204,28.232384,797.067525,64.994285,140.895389,1.763507,139.131883,0.238670,-0.349250,23.140138,1056064.286635,0.339724,14578.595945,3.560269,4.139524,17732.043848,3711.412137,786.668223,470.950902,0.258790,3.610533,0.511823,0.182860,0.033438,0.543507,0.768150,0.040323,0.727827,-0.615864,-0.360367,0.154877,73.850048,-7.237117,127.515142,3.627750,5.907083,88.260579,7.719573,4.859211,5.499889,0.322251,3.301101,0.844008,0.089317,0.007977,0.848721,1.040200,0.660640,0.379560,0.108469,-1.043731,0.077109,180.081862,-28.535631,210.232995,6.434345,7.331101,34.536063,9.174938,5.208125,5.989358,0.500883,3.779354,0.013737,0.270979,0.073429,0.271327,0.351890,-0.530070,0.881960,-0.579298,-1.021505,0.237265,18.404547,-3.472948,59.158129,5.159920,6.633818,134.351357,25.323952,15.671189,12.784347,0.538963,3.876806,1.043323,0.028702,0.000824,1.043717,1.092397,0.947293,0.145104,-0.251381,-0.592403,0.024121,272.336457,-152.967005,259.829914,9.959580,7.507371,11.906332,9.152779,5.348812,6.019063,0.745777,4.484211
-0.974479,0.571758,0.326907,1.129830,0.430580,-2.068700,2.499280,0.337210,-0.780978,0.490833,319.128881,2.909122,247.480143,5.482974,6.287029,300.554714,77.848170,35.236994,25.395234,0.474614,3.923008,9.851268,1.035199,1.071637,9.905509,12.988000,7.585300,5.402700,0.670558,0.145742,0.840015,24529.777530,2.521191,2453.724450,5.893510,4.899092,637.442834,281.819011,103.901185,43.879566,0.450037,4.085569,1.368951,0.672374,0.452087,1.525160,2.619000,-0.315170,2.934170,-0.542340,-0.214066,0.545501,581.528300,3.143246,345.219818,3.842011,4.841120,347.903679,73.609633,35.131350,13.499978,0.289426,3.571358,10.034109,1.019017,1.038395,10.085720,13.143471,7.990225,5.153246,0.663540,0.148770,0.819015,25430.434711,2.653824,2499.135320,5.791269,4.901476,634.394242,266.854979,100.484195,41.895020,0.441477,4.072218,-1.649454,11.519631,132.701887,11.637121,23.401000,-24.088000,47.489000,0.117305,-0.840195,9.684905,33855.646330,0.794425,2458.418910,3.677973,4.924628,5352.173585,687.416599,370.000807,196.520329,0.307198,3.459728,-4.610435,36.668108,1344.550132,36.956816,64.939000,-94.844000,159.783000,-0.258326,-0.573198,29.835956,341451.561356,0.308372,7386.628211,4.650371,5.934695,20765.569029,3681.706275,1972.731516,1477.048516,0.466936,3.841545,-2.068191,40.546815,1644.044230,40.599528,99.137000,-87.684000,186.821000,0.207486,-0.537081,34.221513,412080.411293,0.270451,8561.177800,2.229144,3.582761,19840.510687,955.659529,377.475715,302.285216,0.156371,2.960652,49.436333,26.563122,705.599452,56.120856,113.732195,1.763507,111.968689,0.349603,-0.731989,22.229046,787387.618979,0.412632,12301.728085,2.993322,3.622525,17864.563508,2085.269289,592.055721,315.157481,0.198065,3.478419,0.576105,0.118005,0.013925,0.588066,0.768150,0.247980,0.520170,-0.590573,-0.186135,0.095089,86.455506,-16.065586,143.397170,4.070062,5.998170,57.285984,6.262629,4.625654,3.576422,0.353926,3.465838,0.861864,0.088142,0.007769,0.866360,1.040200,0.660640,0.379560,0.017085,-1.012254,0.076140,187.644797,-29.127566,214.615675,6.422214,7.059774,39.383607,11.372763,6.696539,5.626033,0.557166,3.986324,0.240205,0.132438,0.017540,0.274296,0.478840,-0.184860,0.663700,-1.017045,1.349589,0.095437,18.809564,-12.126429,63.399805,4.551434,6.272672,60.740845,9.818608,6.116225,4.773182,0.455087,3.646151,1.081996,0.030407,0.000925,1.082423,1.150175,1.005217,0.144958,0.004051,-0.343150,0.024275,292.909866,-145.948568,269.420050,9.164315,7.462896,13.900503,9.728790,5.567010,4.909028,0.717757,4.450101
-0.919465,0.554136,0.307067,1.073538,0.430580,-1.883700,2.314280,0.457860,-0.688750,0.461446,288.120744,3.015054,235.259061,5.089145,6.058921,356.907696,80.218088,39.596340,25.597955,0.465506,3.989615,9.828680,0.962194,0.925818,9.875665,12.988000,7.585300,5.402700,0.786851,1.037162,0.723727,24382.192094,2.397971,2447.219250,5.770377,4.706691,660.317721,291.273596,96.075899,41.886192,0.410298,4.125032,1.212449,0.837824,0.701949,1.473765,2.657300,-0.551640,3.208940,-0.379939,-0.875499,0.711111,542.995656,3.407852,318.546137,3.450608,4.752440,426.035819,69.144336,32.072111,13.647668,0.290560,3.435000,9.998508,0.939718,0.883070,10.042571,13.143471,7.990225,5.153246,0.875514,1.053352,0.710318,25213.308495,2.488247,2489.575542,5.756927,4.707858,646.071403,278.486746,93.963378,40.948001,0.408843,4.115553,0.137969,11.059623,122.315262,11.060484,23.401000,-24.088000,47.489000,0.156713,-0.745480,9.330542,30583.574369,0.782738,2320.420490,3.651399,4.961338,6486.494012,888.151637,435.677756,263.721445,0.320373,3.588581,-37.231304,39.569163,1565.718648,54.331286,45.219000,-132.890000,178.109000,-0.042704,-0.483282,32.311924,737972.161427,0.282480,11211.337901,3.680365,5.158885,22668.403880,3061.158897,1330.467121,971.231014,0.347843,3.575918,-8.180779,27.503694,756.453162,28.694569,51.207000,-70.760000,121.967000,0.077403,-0.696136,22.844806,205844.578077,0.381542,6075.549450,5.453097,6.341846,17618.931742,3366.340198,2107.230623,1736.427946,0.549424,4.047133,55.946079,27.706272,767.637484,62.430772,134.427038,7.685706,126.741332,0.579692,-0.002992,22.444445,974400.313874,0.365643,13916.133752,2.713332,3.584161,17112.971171,2137.905282,608.092270,271.655329,0.184044,3.383975,0.159895,0.545596,0.297675,0.568544,0.735890,-0.848790,1.584680,-0.610299,-1.412972,0.501752,80.810457,-0.703305,136.076587,4.785146,6.430095,241.616369,41.884437,25.563958,20.653232,0.501171,3.730088,0.931422,0.092384,0.008535,0.935992,1.110400,0.740960,0.369440,-0.267721,-0.858038,0.077995,219.020254,-29.932690,232.058205,6.839296,7.777180,39.093190,9.002438,7.115891,6.427013,0.532340,3.886526,-0.014013,0.302920,0.091760,0.303244,0.478840,-0.516700,0.995540,-0.003732,-1.320248,0.269091,22.989198,-0.676196,67.219415,2.850266,5.409513,86.017937,6.308928,4.334880,3.446964,0.256423,2.591050,1.135500,0.043813,0.001920,1.136345,1.234575,1.051623,0.182953,0.251489,-0.741126,0.036374,322.819910,-97.994097,282.767753,9.003950,7.915789,17.638302,7.136692,5.923024,5.803281,0.697980,4.281670
-1.068084,0.454314,0.206402,1.160692,0.198410,-2.056600,2.255010,0.235553,-0.386093,0.373240,336.801320,2.599088,266.960394,4.889623,5.948948,288.581655,59.991666,28.556559,20.554224,0.449248,3.937868,9.854593,0.884064,0.781569,9.894169,12.830000,7.918600,4.911400,1.056864,1.668963,0.646555,24473.643917,2.381140,2454.107200,5.753563,4.853234,574.884332,269.709205,79.709343,48.267770,0.449419,4.117705,1.321928,0.753958,0.568453,1.521823,2.657300,-0.551640,3.208940,-0.618109,-0.280584,0.611803,578.986668,3.163258,341.032813,3.951290,5.373272,446.934073,76.710995,31.412141,22.975279,0.363867,3.680040,10.039987,0.869711,0.756398,10.077585,13.027122,8.382054,4.645068,1.154308,1.828265,0.632230,25389.431905,2.453101,2500.314577,5.617555,4.826210,580.693071,254.585768,78.015977,45.996335,0.444874,4.115434,0.113603,10.329844,106.705684,10.330469,20.335000,-21.420000,41.755000,0.042085,-0.592409,8.437220,26679.647472,0.868407,2090.291969,4.887107,6.062290,6636.940224,1109.200210,674.369955,492.805726,0.469296,3.921691,-30.020947,41.375806,1711.957356,51.119611,44.485000,-132.890000,177.375000,-0.222615,-0.503594,34.414823,653303.650705,0.282909,10204.948480,2.016494,2.995223,22445.456485,1720.535258,427.858096,218.295399,0.119294,3.039687,-5.212038,35.303638,1246.346867,35.686303,74.609000,-70.760000,145.369000,0.211146,-0.496009,28.726159,318378.051053,0.332430,7301.521240,4.429125,5.907308,19381.071242,2759.755430,1645.459303,1303.260704,0.437543,3.712922,56.554389,28.196570,795.046538,63.193713,134.427038,4.828653,129.598386,0.349640,-0.107348,22.773759,998361.349230,0.358318,14068.479001,2.923393,4.187383,18169.181692,1525.228679,592.605501,456.213608,0.232444,3.402290,-0.497790,0.398365,0.158695,0.637566,0.564520,-0.949600,1.514120,1.561254,1.182458,0.295399,101.622604,-1.039232,151.384107,5.053296,6.521652,215.107963,39.284803,24.823672,19.794039,0.529056,3.900039,0.904007,0.122554,0.015020,0.912277,1.110400,0.566270,0.544130,-0.673285,-0.250558,0.099517,208.062191,-14.856099,225.132340,6.272533,7.475001,58.820298,11.296264,8.782049,8.682458,0.508320,3.895800,-0.090227,0.217168,0.047162,0.235166,0.224940,-0.516700,0.741640,-0.462141,-1.027458,0.189705,13.825716,-5.320092,45.321852,4.325787,6.347770,91.790322,12.003371,8.024021,6.846278,0.431706,3.508066,1.136591,0.046935,0.002203,1.137560,1.234575,1.037928,0.196647,-0.059013,-0.880654,0.039125,323.510512,-88.630182,283.010976,9.112387,8.096661,16.608169,6.572782,5.485900,6.133747,0.658150,4.192956
-1.195660,0.479049,0.229488,1.288057,-0.272520,-2.356700,2.084180,-0.065073,-0.913813,0.411627,414.772855,2.674282,298.059475,5.238806,6.004032,254.542871,61.768091,31.930218,19.961200,0.450304,3.901835,9.856578,0.835546,0.698137,9.891930,12.830000,8.504600,4.325400,1.218747,1.847326,0.630965,24462.568793,2.476482,2454.522750,5.860833,5.125562,544.452314,218.505768,94.608552,50.088635,0.468876,4.129583,1.474194,0.635633,0.404029,1.605390,2.604300,0.025828,2.578472,-0.383284,-0.981115,0.545560,644.319347,3.220508,367.876299,4.316845,5.217616,345.017186,77.067594,36.646755,18.963970,0.381231,3.743308,10.069744,0.828800,0.686910,10.103794,13.027122,8.605126,4.421996,1.152949,1.783628,0.620102,25521.660995,2.518515,2507.735616,5.750368,5.117169,545.006212,206.542619,92.707006,48.094959,0.463109,4.118091,0.502956,11.557452,133.574687,11.568390,24.931000,-21.420000,46.351000,0.151709,-0.754084,9.375388,33456.913026,0.812003,2339.173019,3.389669,4.673370,5332.913064,776.842221,242.345523,213.510110,0.277350,3.365224,-12.704683,30.694013,942.122461,33.219444,44.485000,-94.146000,138.631000,-0.424363,-0.228689,24.421073,275882.857712,0.343960,6272.225609,3.312936,4.615454,18562.260883,2198.894815,701.537691,606.630869,0.288836,3.538449,-0.146075,43.488841,1891.279283,43.489086,82.246000,-78.916000,161.162000,0.072323,-1.055008,37.289204,472825.155322,0.313275,9268.078200,2.152359,3.230848,21881.373091,1085.768108,324.713943,267.590924,0.135046,2.942057,49.891961,25.287387,639.451927,55.934423,103.937501,4.828653,99.108849,0.013141,-1.167335,22.053769,782164.926059,0.455333,12399.979440,2.854486,3.438490,16607.736606,1493.886176,346.816305,270.184554,0.184837,3.378003,-0.721435,0.124770,0.015568,0.732145,-0.425400,-0.961690,0.536290,0.268422,-0.263901,0.099336,134.009164,-15.255310,179.711695,5.372019,6.585064,68.673768,13.346285,9.077716,5.985977,0.530161,3.952314,0.735598,0.141550,0.020036,0.749094,0.995980,0.391570,0.604410,-0.370135,-0.589209,0.117114,140.285308,-10.309670,183.221845,5.302356,6.923726,65.827418,11.548124,7.415155,7.875752,0.452331,3.682598,0.271234,0.233379,0.054466,0.357817,0.792870,-0.035635,0.828505,0.598703,-0.830519,0.192174,32.008338,-5.135463,67.973242,4.731629,6.415003,113.579600,19.186062,12.102235,9.102140,0.484877,3.751793,1.106521,0.028663,0.000822,1.106893,1.177664,1.037928,0.139735,0.092148,-0.328301,0.023275,306.302809,-154.136025,275.507658,9.141334,7.709448,13.319245,6.337620,4.811415,4.944574,0.681852,4.394889
-1.146736,0.440465,0.194009,1.228419,-0.272520,-2.356700,2.084180,-0.256157,-0.447356,0.367536,377.253152,2.411144,285.599205,4.706639,5.691158,262.393636,59.174653,29.932142,15.057042,0.420734,3.854898,9.780962,0.709359,0.503190,9.806651,12.459000,8.243900,4.215100,0.994113,1.556610,0.538585,24042.601901,2.289412,2435.724250,5.787095,4.955734,448.341224,195.827498,84.538412,38.678904,0.444091,4.121809,1.348973,0.885404,0.783941,1.613589,2.840900,-0.480390,3.321290,-0.430820,-0.975528,0.765402,650.917329,3.361943,349.380615,4.085447,5.496167,465.347273,70.229105,46.682746,23.021640,0.371235,3.615406,9.990396,0.689260,0.475079,10.014144,12.535568,8.664775,3.870792,1.042659,1.381306,0.532781,25070.772383,2.434723,2487.888227,5.707176,4.980950,447.169783,184.891170,81.646942,37.371976,0.438874,4.122836,3.447217,12.556357,157.662108,13.020960,29.655000,-16.047000,45.702000,0.409704,-0.958110,10.581609,42386.352789,0.813310,2565.141704,3.250708,4.744633,6441.126370,664.149826,350.766945,222.836753,0.273035,3.328975,-34.257975,33.144938,1098.586909,47.667555,22.519000,-116.400000,138.919000,-0.477429,-0.570428,27.469142,568048.940009,0.347141,9290.768629,3.696038,5.259906,19651.892317,2344.550540,1203.739880,882.948798,0.354777,3.605521,-4.277251,38.643441,1493.315542,38.879434,82.246000,-78.916000,161.162000,0.179094,-0.724286,32.585799,377902.605506,0.309641,8194.051330,3.656832,5.253594,22468.731512,2327.035653,1296.287892,994.757262,0.352077,3.536775,56.924824,26.700488,712.916058,62.875684,119.533502,10.199889,109.333613,0.267504,-0.767746,22.399582,988337.898304,0.421677,14182.771148,4.339903,5.512624,18167.850639,2521.859050,1341.838212,1020.921035,0.419442,3.841213,-0.214661,0.563073,0.317052,0.602604,0.705650,-0.961690,1.667340,0.267638,-1.562238,0.520167,90.782797,1.839120,137.066462,4.667722,6.312324,258.702202,44.217777,27.033946,21.310980,0.491338,3.738322,0.677253,0.122529,0.015013,0.688248,0.925700,0.391570,0.534130,-0.098072,-0.701351,0.099751,118.421230,-13.834284,168.593350,5.446978,7.080593,55.535900,9.376861,6.823214,7.377175,0.430468,3.653306,0.537381,0.236128,0.055756,0.586971,0.935410,0.187080,0.748330,0.109789,-1.419698,0.212222,86.133596,-5.507216,134.116915,2.537599,5.359527,67.480795,3.666384,2.539198,2.671363,0.202429,2.391766,1.086483,0.030076,0.000905,1.086899,1.148214,0.979413,0.168801,-0.380717,-0.138675,0.024608,295.337622,-126.430932,270.559277,9.617411,7.773897,13.106406,6.900347,5.725207,5.353573,0.720190,4.421885
-1.082959,0.371153,0.137754,1.144795,-0.297370,-1.854700,1.557330,-0.072545,-1.056260,0.320609,327.638737,2.010197,269.363900,5.171683,5.568024,212.118336,57.547481,25.277570,13.704548,0.428221,3.913728,9.735933,0.775506,0.601409,9.766770,12.443000,8.243900,4.199100,0.988565,1.153777,0.598921,23847.449130,2.594121,2424.436250,5.730145,4.848300,507.630785,201.023653,82.826249,34.165574,0.442922,4.102730,1.380551,0.782264,0.611937,1.586776,2.840900,-0.480390,3.321290,-0.791964,0.018150,0.595209,629.464490,2.835984,357.843025,3.965914,5.353730,419.820404,69.507175,38.674342,20.954297,0.356492,3.584544,9.932624,0.749124,0.561187,9.960834,12.605945,8.664775,3.941170,1.062251,1.200178,0.580110,24804.552358,2.542686,2473.448749,5.665368,4.858493,493.073344,193.305917,80.668918,31.757533,0.439008,4.104263,1.834735,11.080858,122.785416,11.231726,29.655000,-15.208000,44.863000,0.783939,-0.053503,8.700788,31537.917025,0.802321,2093.177809,3.058393,4.643324,6111.503218,593.843858,289.304180,192.437487,0.256782,3.313460,-20.405140,40.579776,1646.718213,45.421228,45.701000,-116.400000,162.101000,-0.405490,-0.779538,34.528783,515771.983711,0.307246,9032.242400,4.219750,5.765666,22376.141204,2620.259083,1782.970186,1335.283986,0.397740,3.639907,-3.370065,31.269088,977.755851,31.450170,51.555000,-64.918000,116.473000,0.052796,-1.096276,27.183680,247278.297553,0.401586,6856.717250,4.256919,5.689433,16975.548588,2039.632934,1274.516446,996.507162,0.415258,3.665474,50.302717,25.455637,647.989442,56.376882,119.533502,2.703737,116.829766,0.645538,0.014802,20.178062,794588.198290,0.389279,12514.673158,3.785943,5.052680,16307.491466,2045.041311,903.866946,680.477671,0.344105,3.642212,0.429476,0.263117,0.069230,0.503666,0.705650,-0.403230,1.108880,-1.578417,1.675290,0.192748,63.419975,-3.605685,117.322552,5.247953,6.508240,149.220238,30.442492,18.318435,14.564441,0.548955,3.990870,0.780907,0.123634,0.015285,0.790634,0.985940,0.491970,0.493970,-0.482952,-0.701457,0.102167,156.275460,-16.356236,194.501960,5.718786,7.131619,57.679775,11.087171,8.058021,7.922028,0.497933,3.799660,0.428766,0.264176,0.069789,0.503616,0.935410,0.153670,0.781740,0.818525,-1.043035,0.235245,63.407363,-8.524646,106.645855,4.066173,6.122719,114.233247,14.796589,9.330513,7.585363,0.417963,3.479718,1.063941,0.020991,0.000441,1.064148,1.106912,0.979413,0.127499,-0.597015,0.609099,0.016641,283.102797,-193.904049,264.903328,11.440351,7.207853,7.116655,7.408709,6.218728,5.540987,0.784436,4.571546
-1.011195,0.552328,0.305066,1.152208,0.713160,-2.097800,2.810960,0.704142,0.616816,0.443996,331.895631,2.630238,262.748906,5.396118,6.333749,338.404781,63.173434,35.826787,35.004485,0.488251,3.982483,9.768716,0.975464,0.951530,9.817298,13.053000,7.696200,5.356800,0.787449,0.315966,0.788422,24094.833736,2.437527,2432.245450,5.687412,4.848224,646.555885,237.527176,88.482039,45.885101,0.431139,4.060847,1.528312,0.360126,0.129690,1.570168,2.397400,0.834780,1.562620,0.152552,-0.705601,0.295986,616.357218,2.172022,380.271820,5.145120,5.473611,226.549260,61.684409,35.715188,18.105362,0.461993,4.035043,9.962515,0.959497,0.920635,10.008614,13.288075,7.899646,5.388428,0.768740,0.347536,0.770699,25043.086585,2.415737,2480.478556,5.616146,4.825224,635.328429,227.865488,86.495395,42.850007,0.419016,4.040745,-2.086931,9.147936,83.684733,9.382964,18.590000,-22.670000,41.260000,0.208846,-0.326275,7.132534,22010.002896,0.862020,1860.567144,4.371541,5.590268,5220.399306,753.956004,416.280058,319.876179,0.413234,3.761255,6.474809,30.663661,940.260115,31.339803,75.210000,-69.262000,144.472000,-0.615478,0.103932,23.881780,245545.815905,0.324450,6370.427049,4.242576,5.432133,18273.065401,2242.941310,1188.406750,994.781006,0.396925,3.739508,0.551033,32.989768,1088.324775,32.994369,67.595000,-62.556000,130.151000,0.007458,-1.024101,28.292953,272157.103199,0.369558,7060.421103,2.445027,3.360185,16215.563166,1097.963314,254.905873,190.234233,0.148061,3.009857,41.681731,20.530099,421.484959,46.463445,91.656509,2.703737,88.952773,0.192396,-0.891169,17.487057,539712.922000,0.485584,10373.924666,5.147014,5.856718,13006.555968,2374.025307,1191.008069,1004.886711,0.479031,3.931733,0.589686,0.081878,0.006704,0.595343,0.709680,0.399190,0.310490,-0.613524,-0.732732,0.068941,88.608270,-41.451135,146.747005,4.542267,6.437404,37.806092,4.734392,3.076182,3.110174,0.385305,3.505502,0.868779,0.065913,0.004344,0.871276,1.016100,0.730920,0.285180,0.119380,-0.935068,0.055625,189.780406,-48.594284,216.410640,7.491301,7.500422,26.925822,8.563987,4.886272,7.248974,0.570660,4.046174,0.274779,0.063055,0.003976,0.281921,0.530070,0.153670,0.376400,1.303877,3.119027,0.045466,19.869881,-40.934188,68.312830,5.890710,6.750380,39.896116,9.256260,5.865525,4.755969,0.581599,4.150453,1.091566,0.038964,0.001518,1.092261,1.181459,1.002742,0.178716,0.348144,-0.527958,0.032059,298.258557,-105.021695,271.779418,8.776988,7.536859,17.887353,9.218025,5.462538,6.981303,0.703853,4.375751
-0.809685,0.731498,0.535089,1.091182,0.713160,-2.199200,2.912360,0.041079,-1.043123,0.633782,297.669811,3.472968,223.057879,5.251220,6.529627,465.950406,63.655672,43.256915,44.401509,0.460053,3.896770,9.784422,1.085449,1.178199,9.844445,13.053000,7.416400,5.636600,0.505661,-0.089419,0.875208,24228.276327,2.604154,2436.369650,5.770396,4.905322,693.423066,234.451275,103.057539,41.908718,0.428732,4.026437,1.518163,0.402884,0.162315,1.570711,2.414900,0.564170,1.850730,0.170094,-0.495997,0.322213,616.783497,2.398206,377.997820,4.657957,5.065558,264.654318,72.744751,34.732782,13.495069,0.397709,3.950785,9.972163,1.061548,1.126885,10.028505,13.288075,7.899646,5.388428,0.522960,-0.108372,0.856935,25142.729635,2.624100,2483.122400,5.672794,4.891570,686.089438,225.061828,101.868748,40.474677,0.426595,4.024616,-2.940487,9.153187,83.780832,9.613912,18.590000,-22.670000,41.260000,0.334957,-0.304650,7.319174,23106.824347,0.863859,1943.851778,3.307857,4.337266,5454.894144,599.211661,289.827218,149.361546,0.262896,3.487388,33.988478,45.772596,2095.130574,57.011816,129.380000,-67.805000,197.185000,0.118324,-0.671900,37.893772,812586.799207,0.261126,11191.347019,2.524369,3.904917,24096.013062,2197.473766,701.005773,396.130022,0.202012,3.214059,2.044085,35.162687,1236.414562,35.222051,67.595000,-79.266000,146.861000,-0.315860,-0.672680,28.796757,310148.211790,0.332383,7234.138053,3.244417,4.831221,21055.967653,1853.816586,853.172225,729.249185,0.279379,3.415015,60.157653,31.055178,964.424098,67.700571,131.574234,4.677769,126.896465,0.261801,-0.709570,25.977578,1145841.835344,0.374632,14990.460084,3.279296,4.509520,17868.558089,2729.930000,729.139415,502.848643,0.278306,3.504253,0.138895,0.598516,0.358221,0.614421,0.709680,-1.014100,1.723780,-0.698034,-1.198421,0.539291,94.378225,0.185481,144.008035,4.591296,6.313202,275.294886,45.173147,26.846271,22.595281,0.482371,3.709105,0.804988,0.105786,0.011191,0.811909,1.016100,0.520080,0.496020,-0.264813,-0.623550,0.087070,164.799179,-17.816568,200.501070,5.720424,6.977683,54.522589,11.354373,6.707351,7.877198,0.497081,3.897417,0.465211,0.262986,0.069162,0.534400,0.993320,0.204900,0.788420,0.949601,-0.747076,0.228454,71.395826,-8.713487,116.026680,2.275537,5.187839,84.188806,3.064889,2.586146,2.506013,0.172213,2.339729,1.149229,0.039560,0.001565,1.149910,1.212108,1.002742,0.209365,-0.651994,-0.123869,0.033093,330.573231,-92.372031,286.184552,8.866463,7.705164,16.728519,7.013619,4.995091,6.368771,0.676499,4.304634
-0.827972,0.675126,0.455796,1.068332,0.506380,-2.202300,2.708680,-0.205186,-0.878778,0.568858,285.333118,3.442746,217.703933,5.012448,6.283871,428.350561,64.806453,34.904566,31.981280,0.430167,3.895889,9.831411,1.089052,1.186034,9.891545,13.097000,7.416400,5.680600,0.498428,0.200373,0.864170,24460.668045,2.579770,2448.264400,5.584902,4.832541,732.483274,212.432376,103.773325,43.499931,0.403514,4.001268,1.501444,0.594122,0.352980,1.614719,2.908500,0.109210,2.799290,-0.138815,-0.183129,0.459964,651.829007,2.981546,373.960585,4.232324,5.004635,355.769342,72.921234,32.841780,18.096432,0.352621,3.763671,10.022922,1.064124,1.132360,10.079252,13.255048,7.633316,5.621732,0.523708,0.184303,0.843652,25397.830169,2.576320,2496.026065,5.520844,4.865514,726.158151,199.377748,102.161781,43.001372,0.403077,4.002946,-1.852860,10.336792,106.849272,10.501541,18.965000,-22.073000,41.038000,0.254841,-0.854088,8.587818,27570.591044,0.882596,2217.104684,3.988658,5.418367,6589.672843,805.100616,494.254204,338.159535,0.369993,3.715489,29.944289,51.870996,2690.600269,59.893745,129.380000,-93.580000,222.960000,-0.140115,-0.691699,42.871987,896815.185458,0.237371,12223.946030,3.818275,5.474872,28685.644027,3659.661272,1739.198361,1450.734996,0.379238,3.602997,0.703929,39.542577,1563.615410,39.548842,88.272000,-79.266000,167.538000,0.120958,-0.599197,32.155334,391027.731418,0.297973,8026.050379,3.588741,5.196397,21840.972999,2202.251871,1209.268117,934.943327,0.326252,3.465610,66.720642,28.460674,810.009955,72.537260,131.574234,5.137499,126.436735,0.069417,-0.666175,23.690551,1315413.507920,0.369816,16610.441365,3.110063,4.324549,17978.656592,2118.839956,583.019483,433.306297,0.253410,3.490404,-0.541153,0.418054,0.174769,0.683824,0.653230,-1.014100,1.667330,1.458689,0.924664,0.322777,116.903928,0.152477,160.246910,5.178843,6.501375,224.029548,44.423045,27.117236,22.395458,0.542703,3.942647,0.767614,0.099770,0.009954,0.774071,0.933730,0.520080,0.413650,-0.265365,-1.026749,0.086704,149.796501,-24.887350,191.176710,6.141981,7.142993,49.362263,11.327519,7.821106,6.503231,0.521869,3.921848,0.338779,0.361124,0.130411,0.495159,0.993320,-0.131400,1.124720,0.593558,-1.048638,0.309265,61.295503,-1.074984,91.312899,2.841706,5.322294,131.110993,10.921063,5.940598,5.463781,0.269542,2.857299,1.144682,0.041074,0.001687,1.145419,1.212108,1.031725,0.180383,-0.332339,-0.929287,0.035701,327.995931,-105.557842,285.045075,8.135703,7.585005,16.533770,7.623072,4.859623,4.642945,0.669852,4.237083
-0.999055,0.455762,0.207719,1.098103,0.152640,-2.202300,2.354940,-0.188806,-0.458479,0.384023,301.457432,2.385900,249.748334,5.893819,6.190941,245.824996,72.289323,39.417912,27.652161,0.512579,4.041810,9.861617,1.089082,1.186101,9.921572,13.621000,7.505100,6.115900,0.658633,0.368848,0.879241,24609.396642,2.356092,2454.260700,5.500808,4.741669,646.789262,241.644646,96.022626,41.899907,0.393450,3.961357,1.418653,0.628371,0.394850,1.551589,2.908500,0.109210,2.799290,0.023839,-0.460239,0.504932,601.856769,3.202803,353.806170,4.318329,5.288398,364.097461,74.494529,34.343801,19.960993,0.376066,3.747883,10.045415,1.067931,1.140477,10.102022,13.718980,7.633316,6.085664,0.645762,0.440304,0.850901,25512.710844,2.368644,2500.163158,5.381653,4.698636,648.561938,231.811118,92.245378,39.124081,0.387496,3.955392,0.098240,11.441560,130.909295,11.441982,20.631000,-22.864000,43.495000,-0.091146,-1.058902,9.768900,32729.736589,0.845557,2426.494946,4.610684,5.804824,5980.789793,999.335024,619.074201,381.587117,0.437320,3.738779,2.359688,35.146250,1235.258866,35.225374,86.764000,-93.580000,180.344000,-0.411307,-0.109182,27.744385,310206.748230,0.272497,6990.355530,3.367160,4.592871,19013.985971,2676.013878,948.538375,586.467177,0.286811,3.461144,1.858514,40.109928,1608.806333,40.152963,88.272000,-63.453000,151.725000,0.403660,-0.693238,32.472874,403065.101895,0.325300,8064.369209,4.490994,5.807992,23012.652189,3127.916778,1925.053544,1520.452400,0.441576,3.762095,48.683599,24.777278,613.913512,54.626059,97.907063,3.587747,94.319316,-0.027997,-1.111254,21.304337,746001.586714,0.477997,12105.743637,3.117908,3.887882,15672.259160,2115.906884,580.973838,267.310133,0.218853,3.475575,-0.734193,0.095724,0.009163,0.740407,-0.578630,-0.945560,0.366930,-0.335321,-1.061046,0.081986,137.050769,-29.775078,182.697545,5.481802,6.860197,39.705662,6.573009,4.406989,4.245455,0.472306,3.702065,0.780297,0.099866,0.009973,0.786662,0.933730,0.532130,0.401600,-0.719863,-0.685415,0.084829,154.709258,-27.613512,194.422725,6.703947,7.523041,45.452927,9.588242,7.527322,7.571083,0.543357,3.945071,0.036321,0.109632,0.012019,0.115492,0.285080,-0.131400,0.416480,0.285234,-1.130622,0.096678,3.334612,-23.551780,24.339608,4.835276,6.283761,54.138886,9.361790,4.918412,4.375643,0.454688,3.759251,1.085958,0.032773,0.001074,1.086452,1.170341,1.009631,0.160710,0.504428,-0.492373,0.027325,295.094638,-130.255251,270.394092,8.094483,7.688980,15.493403,5.493301,3.998587,4.342760,0.642662,4.256398
-1.052671,0.384192,0.147603,1.120589,-0.173800,-1.901800,1.728000,0.024480,-0.980090,0.332392,313.929704,1.985232,262.455780,5.677247,5.899423,224.445186,80.269741,34.511145,24.798994,0.497214,4.091166,9.795205,1.023960,1.048494,9.848580,13.621000,8.060000,5.561000,0.976846,0.992708,0.799749,24248.632839,2.416068,2439.564100,5.897525,4.834333,598.891657,260.685510,107.306006,45.488432,0.431751,4.040424,1.285492,0.552435,0.305184,1.399169,2.610700,0.177720,2.432980,-0.064503,-0.719339,0.459910,489.418737,3.110818,320.360670,4.360326,4.983626,279.797944,84.526280,30.746087,16.418596,0.351622,3.728693,9.960082,1.002343,1.004692,10.010391,13.718980,8.373760,5.345220,0.972099,1.044101,0.780770,25051.981280,2.432026,2480.698813,5.804393,4.863060,601.350047,248.534565,106.192326,43.118047,0.430891,4.047036,0.595004,10.719610,114.910033,10.736110,29.644000,-22.864000,52.508000,0.234384,-0.499406,8.753341,28816.015435,0.715395,2170.465146,3.210791,4.588458,5655.126571,635.961564,353.983650,187.548304,0.269552,3.411385,-12.645987,35.846522,1284.973137,38.011763,51.051000,-90.538000,141.589000,-0.383090,-0.821689,30.017803,361223.532630,0.342668,7438.408770,2.943501,4.426607,19732.048554,2636.939068,748.837507,500.760525,0.261189,3.368239,0.061695,34.779648,1209.623898,34.779702,81.402000,-57.451000,138.853000,0.447589,-0.669525,28.358376,302406.925986,0.347389,7060.242260,3.078193,4.522028,19438.956112,1640.191316,715.448494,575.501024,0.265172,3.347037,46.391082,24.852633,617.653390,52.628755,94.058407,3.587747,90.470660,-0.026118,-1.195596,21.348106,692446.474051,0.493887,11540.679124,2.837821,3.629196,16441.912665,2020.175182,498.056149,225.356935,0.193143,3.457456,-0.727492,0.104015,0.010819,0.734890,-0.417340,-0.913310,0.495970,0.268987,-0.421787,0.087441,135.015870,-19.142657,181.233825,5.909277,6.661436,57.760237,12.975334,9.096596,6.540173,0.583743,4.088748,0.720024,0.100599,0.010120,0.727018,0.883530,0.491970,0.391560,-0.279003,-1.084334,0.088691,132.138724,-26.369648,179.394580,5.851218,7.416897,47.842647,8.459947,5.691389,6.507275,0.461732,3.742983,0.107029,0.213320,0.045506,0.238665,0.746100,-0.118040,0.864140,1.349619,1.033300,0.163067,14.240191,-6.613605,39.229399,4.541356,6.307693,104.691289,16.619708,10.398915,7.544825,0.466343,3.696812,1.060842,0.013879,0.000193,1.060933,1.091156,1.009631,0.081525,-0.348065,-0.030502,0.011188,281.394785,-354.160104,264.147518,11.254981,7.427473,5.076768,5.227452,3.391712,4.169692,0.794997,4.595737
-1.002522,0.443027,0.196273,1.096049,-0.141450,-1.968900,1.827450,-0.297945,-0.661418,0.364923,300.330964,2.618806,249.653285,5.020879,5.809441,264.024097,64.568008,26.869528,24.355039,0.431221,3.903531,9.797803,0.837020,0.700603,9.833491,12.962000,8.159200,4.802800,1.210900,2.230271,0.633316,24174.387513,2.351846,2439.669150,6.248955,5.154563,522.457935,252.440583,114.650867,46.040261,0.500462,4.190813,1.123901,0.773521,0.598335,1.364364,2.519400,-0.852840,3.372240,-0.518710,-0.260688,0.637105,465.372176,2.954097,300.710669,4.000058,5.376597,428.169315,86.947646,35.717353,21.552293,0.359300,3.659205,9.954774,0.814149,0.662839,9.988011,13.130407,8.598646,4.531761,1.265934,2.429014,0.611526,24940.090652,2.336090,2478.750661,6.160290,5.104258,511.999343,239.386927,111.933203,43.018624,0.488345,4.181063,1.885368,11.234386,126.211425,11.391490,29.644000,-20.673000,50.317000,0.284468,-0.519835,9.066884,32441.509242,0.750402,2219.380089,4.184851,5.550055,6234.779622,1016.653845,519.869869,351.826885,0.387351,3.648967,-37.686239,42.628268,1817.169218,56.898346,35.582000,-153.460000,189.042000,-0.318527,-0.170102,34.737591,809355.457037,0.265454,11483.780450,3.602646,5.349019,20919.773440,2602.128657,1264.882804,936.672067,0.344278,3.465434,-5.157644,31.537338,994.603676,31.956298,65.155000,-62.353000,127.508000,0.194931,-0.600090,25.717268,255301.243175,0.372173,6439.194300,3.756617,5.280655,18063.163236,1979.370896,1072.155292,822.274883,0.352823,3.543862,58.345092,31.372649,984.243075,66.244946,154.414955,5.995770,148.419185,0.692453,0.716043,24.423292,1097098.209454,0.317506,14540.659959,2.684174,3.861049,18770.145422,2115.848934,514.855043,302.667934,0.201775,3.352810,-0.172887,0.601211,0.361455,0.625575,0.667340,-0.889110,1.556450,0.207664,-1.736755,0.573076,97.836138,0.470148,147.173315,4.609976,6.362683,253.440275,40.910648,25.945728,19.948076,0.483883,3.660525,0.712482,0.097991,0.009602,0.719189,0.955820,0.491970,0.463850,0.094059,-0.496084,0.081685,129.308109,-20.632270,177.338310,6.343164,7.603571,43.507432,8.795899,5.982959,7.481416,0.511492,3.833300,0.341648,0.296613,0.087979,0.452441,0.866370,-0.109130,0.975500,0.242871,-1.162306,0.255825,51.175741,-0.789672,89.859717,2.882818,5.597627,82.545323,6.185307,4.020570,3.852561,0.260388,2.538734,1.054980,0.017222,0.000297,1.055121,1.091156,0.972201,0.118955,-0.969992,2.193316,0.013279,278.319988,-226.158723,262.680306,11.699276,7.333526,6.354594,6.483991,4.815180,6.108993,0.821917,4.640742
-0.852892,0.612866,0.375605,1.050252,0.743960,-1.968900,2.712860,0.083830,-0.687783,0.516084,275.757250,3.102143,223.534283,4.423543,5.494519,357.271602,61.257359,33.117809,30.642656,0.375974,3.780929,9.830473,0.898696,0.807655,9.871467,12.774000,8.347500,4.426500,0.970408,1.044432,0.700868,24361.464668,2.678233,2447.559000,5.658021,4.707716,599.686473,216.738950,102.698310,35.901875,0.433685,4.086642,1.134012,0.763379,0.582748,1.367015,2.519400,-0.852840,3.372240,-0.567503,-0.114103,0.628034,467.182808,2.999652,302.926579,3.874143,5.257228,429.762318,67.607827,37.396544,20.714405,0.348396,3.628728,9.982553,0.875355,0.766247,10.020859,12.892695,8.499757,4.392938,0.977095,1.175439,0.672247,25104.404726,2.673217,2485.428986,5.660246,4.723425,582.720616,206.444561,100.466319,34.982510,0.430187,4.078072,0.695977,9.864747,97.313227,9.889267,27.353000,-20.673000,48.026000,0.283516,-0.032812,7.570545,24449.402896,0.755349,1889.611248,2.956245,4.083600,5919.140182,562.096683,302.952407,144.876219,0.227128,3.386916,-22.674204,44.406112,1971.902765,49.860027,43.000000,-153.460000,196.460000,-0.861623,0.330880,36.683941,621505.569380,0.254846,9165.690240,3.441014,5.295767,23670.407015,2520.645000,1410.880450,1021.319405,0.330926,3.429608,-2.239784,31.880402,1016.360033,31.958984,86.697000,-62.353000,149.050000,0.171423,0.159326,24.513788,255344.166724,0.314710,6122.171400,2.973596,4.404303,16578.653606,1323.589361,589.241546,478.713302,0.242174,3.245893,49.652304,33.761595,1139.845273,60.043289,154.414955,3.594730,150.820225,0.999783,0.815384,26.889497,901299.139001,0.313300,12372.602292,2.909001,4.368492,21278.099057,2008.311119,745.569241,527.976714,0.248180,3.415834,0.503089,0.244891,0.059972,0.559526,0.719760,-0.435480,1.155240,-2.153307,4.373802,0.172106,78.267417,-5.333776,133.460659,5.543851,6.618618,147.052224,31.982080,19.169719,15.674022,0.572268,4.059985,0.784771,0.091926,0.008450,0.790137,0.985940,0.558230,0.427710,-0.217518,-0.298916,0.072273,156.079012,-24.633849,195.490975,6.507921,7.342022,45.017578,11.200430,6.558283,8.469767,0.542547,3.999402,0.338806,0.237763,0.056531,0.413909,0.866370,0.120270,0.746100,1.144127,-0.222770,0.199140,42.830216,-11.374920,84.232750,4.367359,6.192760,111.584839,17.463568,10.574993,8.082437,0.450997,3.629965,1.052757,0.020242,0.000410,1.052951,1.086312,0.972201,0.114111,-0.999374,1.390929,0.015380,277.176644,-226.595413,262.136352,12.174689,7.018407,6.289948,7.925698,6.030776,7.400673,0.826243,4.639996
-0.666765,0.638153,0.407239,0.922938,0.743960,-1.917300,2.661260,-0.123877,-0.960030,0.543647,212.953726,3.260736,185.418672,5.232599,6.264345,368.825581,69.557229,40.810253,38.282582,0.473769,3.920717,9.811091,1.029163,1.059176,9.864922,13.349000,8.219700,5.129300,1.080546,0.837034,0.813862,24329.171684,2.509552,2443.356800,6.044765,5.123736,652.203654,209.053979,109.307986,44.757974,0.457471,4.053439,1.285555,0.512201,0.262350,1.383836,2.458300,0.169890,2.288410,-0.158995,-0.972874,0.439358,478.750329,2.870219,319.559340,4.652629,5.170023,264.550216,70.742387,28.181806,18.301454,0.390721,3.801985,9.952533,1.015177,1.030584,10.004174,13.511792,8.417022,5.094770,1.080304,0.922281,0.797149,25020.875739,2.508832,2478.481438,5.920835,5.097078,653.666803,201.116710,107.241649,42.777650,0.450174,4.051610,-2.146799,8.423073,70.948161,8.692348,18.052000,-24.111000,42.163000,0.050995,-0.004459,6.471263,18889.226791,0.836805,1693.063254,3.924260,4.952758,4347.220178,550.462232,344.297615,201.756217,0.316383,3.540653,3.199301,27.650789,764.566120,27.835259,44.786000,-66.014000,110.800000,-0.628068,-0.350803,22.399922,193700.411265,0.412985,5720.451949,2.913032,3.536853,13772.381947,1953.784396,515.286625,188.218926,0.183075,3.292058,0.610665,31.566911,996.469868,31.572817,86.697000,-56.715000,143.412000,0.280285,-0.014755,24.801083,249210.694981,0.328510,6166.309010,3.010416,4.359421,15707.664388,1258.781763,508.406025,375.930303,0.230913,3.202123,37.084677,21.723906,471.928071,42.979080,96.806887,3.594730,93.212157,0.544925,-0.535262,18.294148,461800.333037,0.465404,9224.395306,3.333141,4.150746,14018.774117,1824.161605,518.106189,348.705698,0.246476,3.531774,0.625661,0.075089,0.005638,0.630151,0.731850,0.401210,0.330640,-1.057474,0.380409,0.060681,99.272618,-42.144404,155.758085,5.284044,7.029817,33.016789,3.886150,3.222049,3.716894,0.413078,3.569714,0.843534,0.069953,0.004893,0.846430,1.014100,0.708840,0.305260,0.552427,-0.617250,0.058327,179.110803,-44.386430,210.046170,7.074355,7.411581,29.741899,8.614751,5.597329,6.054769,0.553478,3.992154,0.199733,0.052735,0.002781,0.206577,0.320710,0.093541,0.227169,0.150795,-0.739174,0.044126,10.668534,-69.941567,49.690425,5.021042,6.741762,27.534824,3.887463,2.779243,2.508511,0.429920,3.712844,1.074801,0.031782,0.001010,1.075271,1.158196,0.979482,0.178713,0.253179,0.364083,0.024033,289.051955,-117.065079,267.607019,9.248881,7.618253,16.348921,8.268542,5.871973,6.178116,0.707182,4.460737
-0.499832,0.668886,0.447408,0.835009,1.262100,-2.122900,3.385000,-0.035336,-0.044579,0.533279,174.309886,2.940088,165.282756,5.222536,6.163858,372.319011,86.067347,44.630444,34.092243,0.474681,3.924288,9.806490,0.955674,0.913313,9.852947,13.537000,7.325300,6.211700,1.032075,2.378838,0.692921,24270.141774,2.020820,2441.754150,6.957658,5.295460,580.543421,352.259183,167.453662,64.054009,0.543787,4.284568,1.217966,0.596342,0.355624,1.356122,2.391900,-0.274570,2.666470,-0.235840,-0.897035,0.518029,459.766609,2.896502,303.797860,4.260668,5.324673,358.748263,81.310507,35.629039,20.693198,0.380718,3.803526,9.935694,0.948081,0.898857,9.980825,13.626169,7.525336,6.100833,1.127474,2.651480,0.681549,24904.218270,2.046140,2473.908464,6.872397,5.309414,587.007572,342.840613,163.951971,62.976341,0.537064,4.281793,-1.851248,8.980500,80.649385,9.169324,18.052000,-24.111000,42.163000,0.259845,-0.205937,6.982745,21019.126235,0.839053,1849.142545,3.754273,4.871442,5689.458951,760.878827,463.810479,225.394598,0.320760,3.659701,28.707527,41.067599,1686.547708,50.106585,141.140000,-66.014000,207.154000,0.389539,0.526310,30.347233,627667.456402,0.241739,9755.612799,2.363233,3.557322,20338.265565,2055.412267,658.994059,213.633997,0.164439,3.103617,2.626243,26.324106,692.958559,26.454786,60.842000,-52.788000,113.630000,-0.141897,-0.216278,20.480165,174963.927576,0.400676,5181.916561,3.628328,4.990835,15238.427378,1639.788521,818.133008,609.791381,0.316566,3.564915,48.550090,30.618472,937.490812,57.398624,143.242812,6.385532,136.857280,1.030859,0.731077,23.649781,823650.510213,0.338765,12114.045059,2.589397,3.734616,17957.652395,2125.810734,513.400320,276.986192,0.175512,3.296304,0.328960,0.477100,0.227624,0.579516,0.731850,-0.639110,1.370960,-1.063072,-0.582359,0.409279,83.959716,-2.747957,138.781272,4.602878,6.337042,226.255022,37.187999,22.851347,17.744692,0.481529,3.710766,0.819719,0.071138,0.005061,0.822800,1.014100,0.658630,0.355470,0.828073,0.128287,0.055446,169.249939,-38.724718,204.143595,6.468740,7.524098,33.182511,7.799263,5.794095,4.839250,0.497104,3.873700,0.443492,0.265454,0.070466,0.516867,0.939870,0.093541,0.846329,0.408515,-1.353284,0.243206,66.787839,-4.095679,110.468830,4.184984,6.211207,100.009930,14.214866,8.692265,6.939217,0.424762,3.414388,1.130462,0.045226,0.002045,1.131366,1.208389,1.025638,0.182751,-0.233423,-1.082394,0.039350,319.997494,-98.463683,281.506117,8.294636,7.610020,20.230554,8.804582,5.902460,5.364645,0.684138,4.305455
-0.602777,0.579161,0.335428,0.835923,1.262100,-2.122900,3.385000,0.628200,1.630622,0.413246,174.691895,2.109235,182.460327,4.841117,6.053121,352.145044,74.013434,43.909133,29.597815,0.450092,3.905837,9.791674,0.646868,0.418438,9.813017,13.537000,7.325300,6.211700,1.141916,9.960969,0.351576,24073.827458,1.270613,2437.810800,7.852672,5.278348,315.686124,338.276747,152.766665,59.488103,0.613650,4.399620,0.963590,0.503809,0.253824,1.087349,2.391900,-0.274570,2.666470,0.724938,0.588815,0.360357,295.582133,1.759765,240.581445,4.298005,5.407422,336.564027,65.623849,29.851188,19.686167,0.381746,3.856417,9.887448,0.644039,0.414786,9.908401,13.626169,7.525336,6.100833,1.505738,10.788173,0.351159,24544.101485,1.170333,2461.654545,7.753820,5.323293,325.610061,331.428937,149.162421,58.582570,0.606196,4.398756,-1.232821,6.149243,37.813187,6.271605,17.931000,-17.034000,34.965000,0.425684,1.240319,4.384350,9833.258734,0.908320,1128.008255,4.574811,5.453277,4086.565304,807.379694,492.671526,231.195946,0.418369,3.911128,26.551970,36.909217,1362.290323,45.467543,141.140000,-9.462500,150.602500,1.399059,1.072685,29.578959,516824.363950,0.296792,7010.542852,2.675459,4.363447,17754.182977,1824.477891,742.687149,391.653181,0.233770,3.196143,2.820470,14.501655,210.297995,14.773390,51.129000,-45.520000,96.649000,0.451990,2.856395,9.317754,54563.262137,0.404485,2330.820782,4.843430,6.007355,9691.351868,1669.514198,933.121890,708.116067,0.463187,3.931915,31.664651,36.362527,1322.233400,48.217046,143.242812,1.043369,142.199443,1.403595,0.970717,29.083704,581220.884821,0.300385,7886.053209,3.358927,5.238787,17348.147548,1996.756263,1049.885469,682.608142,0.321994,3.376584,-0.321242,0.505304,0.255332,0.598773,0.699600,-0.707660,1.407260,1.111940,-0.481069,0.428245,89.632153,-3.776524,143.569582,4.667816,6.367111,235.520213,39.338870,24.306379,19.520460,0.491152,3.722300,0.768089,0.033358,0.001113,0.768813,0.881530,0.658630,0.222900,0.498979,0.835211,0.025711,147.768177,-90.229562,191.205865,8.752096,7.664797,18.249878,7.998473,5.529406,5.028330,0.696713,4.407838,0.638619,0.126800,0.016078,0.651086,0.939870,0.287310,0.652560,0.184276,0.897433,0.091022,105.978144,-14.063641,159.201540,4.645913,6.378986,62.204651,9.977304,6.355239,5.091578,0.456623,3.697606,1.171812,0.019275,0.000372,1.171970,1.208389,1.082279,0.126110,-1.065880,2.023323,0.015206,343.378474,-207.063897,291.790224,10.799585,7.623772,7.384332,5.873031,4.731964,4.366951,0.773676,4.529230
-0.821077,0.128725,0.016570,0.831107,-0.275630,-1.139700,0.864070,0.588145,1.951305,0.096404,172.684514,-7.760317,204.677520,7.245191,6.793015,81.760705,27.945770,17.247073,15.438189,0.613844,4.300434,9.759953,0.115619,0.013368,9.760638,10.086000,9.343300,0.742700,-0.190748,1.260886,0.085808,23817.513535,-10.247344,2430.081450,7.254566,5.996896,73.593239,41.649837,21.552880,9.746738,0.620977,4.382001,0.879515,0.153220,0.023476,0.892761,1.253000,0.390270,0.862730,-0.375714,0.330116,0.118620,199.255648,-5.643135,218.814965,4.962433,5.348590,104.959155,14.003785,13.058063,7.244375,0.400602,3.890470,9.835878,0.115437,0.013326,9.836555,10.140869,9.413268,0.727600,-0.269066,1.263154,0.086180,24189.453698,-11.224361,2448.984612,7.397193,6.093524,71.995175,40.922511,21.551790,10.196795,0.629687,4.381592,-1.391393,2.306417,5.319559,2.693610,4.534500,-6.955700,11.490200,-0.203185,-0.406513,1.874767,1813.883558,1.920231,525.539661,3.971883,4.679900,1648.157123,243.913756,83.455632,54.480900,0.318462,3.757330,1.033681,4.485961,20.123848,4.603514,12.031000,-9.969400,22.000400,0.198650,-0.084838,3.555916,5298.086168,1.300724,887.023378,4.859793,5.284743,3257.882885,646.593354,320.611812,149.834572,0.425753,3.960622,0.317244,4.247149,18.038270,4.258980,10.544000,-19.819000,30.363000,-0.667276,2.423761,3.230844,4534.728511,0.920299,800.018674,4.925351,5.548918,3148.884662,525.026762,220.880121,159.527571,0.421928,3.939065,5.951529,3.341571,11.166095,6.825452,22.733065,1.043369,21.689696,1.383962,2.937668,2.545531,11646.698237,1.132351,1472.273372,6.532224,6.100499,2092.840911,1062.877273,381.677387,204.496960,0.586912,4.272757,-0.673000,0.013902,0.000193,0.673144,-0.625000,-0.709680,0.084680,0.204885,0.462905,0.010916,113.280607,-338.894435,167.601845,9.854854,7.705073,7.042516,3.941840,2.574483,2.966863,0.767449,4.522109,0.752329,0.018930,0.000358,0.752567,0.795180,0.698800,0.096380,-0.323685,-0.451423,0.015821,141.589436,-269.875028,187.306225,11.412353,7.102616,5.828722,6.725499,5.517712,4.515950,0.790791,4.560333,0.603501,0.012416,0.000154,0.603628,0.639200,0.567930,0.071270,-0.044071,-0.082394,0.009918,91.091818,-415.984853,150.266045,9.563678,7.685475,6.312413,2.995670,2.767757,2.297284,0.717688,4.460124,1.176302,0.012653,0.000160,1.176370,1.206445,1.134903,0.071542,-0.336856,-0.560525,0.010753,345.961860,-418.805500,292.894618,12.263439,6.606871,2.731195,4.567259,4.059670,3.281039,0.750352,4.530917
-0.657391,0.071781,0.005153,0.661298,-0.480030,-0.814750,0.334720,0.054993,-0.665466,0.059792,109.328907,-37.484337,163.736950,7.903593,7.398114,44.240195,13.834215,11.381288,11.253424,0.639660,4.365090,9.758831,0.031905,0.001018,9.758883,9.864400,9.670600,0.193800,-0.041978,0.598115,0.024371,23808.951081,-107.487754,2429.952750,11.086544,6.679701,11.329455,13.603239,12.544284,10.482738,0.825881,4.654658,1.018558,0.042994,0.001848,1.019465,1.146000,0.903030,0.242970,-0.087730,0.299171,0.034214,259.827051,-72.671349,253.633260,7.996900,6.899583,27.066417,9.419132,7.565798,5.356478,0.661515,4.387823,9.834193,0.032885,0.001081,9.834248,9.948597,9.740011,0.208586,-0.033759,0.763033,0.024872,24178.107040,-96.405703,2448.722117,11.101331,6.761039,12.427828,13.084889,12.512153,11.035467,0.816829,4.648579,-1.136444,0.466134,0.217281,1.228327,0.659100,-2.288600,2.947700,0.545596,1.534936,0.355737,377.196779,2.078108,286.962639,6.606294,6.569079,331.201388,89.350612,57.166257,51.025685,0.582107,4.272054,-0.282466,0.984335,0.968916,1.024062,2.774000,-2.686800,5.460800,0.497799,0.410430,0.753259,262.175633,2.485270,202.921689,6.697907,6.023945,562.687719,265.979555,193.763112,68.303656,0.563424,4.262220,0.620020,1.070505,1.145980,1.237095,3.983500,-1.903500,5.887000,0.395877,0.351235,0.800787,382.601182,2.373485,233.897859,6.185903,6.588371,707.314114,151.848211,124.899671,65.433167,0.550915,4.147182,1.893774,0.708178,0.501515,2.021854,4.522726,0.696039,3.826687,1.026963,0.716428,0.558485,1021.973593,2.420678,471.892424,7.124821,6.851765,470.041033,177.041145,108.996723,64.763617,0.634201,4.349872,-0.643831,0.012224,0.000149,0.643947,-0.618950,-0.693550,0.074600,-0.405679,0.249149,0.009810,103.666930,-405.611501,160.311570,11.038819,7.543498,4.639618,3.408208,2.670094,3.215210,0.760545,4.512200,0.752128,0.019875,0.000395,0.752391,0.783130,0.686750,0.096380,-0.565006,-0.067105,0.016532,141.523017,-275.502204,187.268030,12.396084,6.727912,5.306704,7.343300,6.716084,7.269633,0.815240,4.629701,0.636277,0.009978,0.000100,0.636355,0.659240,0.608020,0.051220,-0.251766,-0.302537,0.008063,101.236855,-629.584249,158.428825,11.396776,7.711699,3.875156,3.109384,2.211340,2.569201,0.776830,4.573078,1.177083,0.013531,0.000183,1.177161,1.202797,1.129304,0.073492,-0.524674,0.265317,0.010968,346.426803,-404.147317,293.082625,12.591986,6.660793,3.282211,5.410051,4.319151,4.783076,0.811721,4.628027
-0.522936,0.111867,0.012514,0.534767,-0.288660,-0.814750,0.526090,0.282049,-0.987304,0.097942,71.493963,-17.716160,130.218490,7.990629,7.904544,49.532314,12.321448,14.073692,9.889985,0.628690,4.169233,9.764588,0.030559,0.000934,9.764636,9.841700,9.670600,0.171100,-0.237034,0.428998,0.023524,23837.030114,-123.549955,2431.367750,11.178139,7.038464,12.368464,9.162134,12.868062,9.718649,0.804512,4.628001,1.029410,0.041107,0.001690,1.030231,1.146000,0.903030,0.242970,-0.133828,0.355389,0.032228,265.343820,-73.571434,256.336650,8.146002,6.927984,26.753521,10.019993,8.789567,5.911674,0.701133,4.447467,9.833335,0.031453,0.000989,9.833386,9.927068,9.740011,0.187057,-0.228936,0.560728,0.023981,24173.867896,-109.922673,2448.488255,11.159919,7.064522,13.728225,8.841092,12.849642,10.263834,0.797174,4.630993,-1.127233,0.496605,0.246616,1.231775,0.659100,-2.304900,2.964000,0.406172,1.123506,0.373602,379.317445,2.253461,284.626611,6.848125,6.900178,339.878401,81.412902,60.258032,51.579017,0.605750,4.252069,-0.025840,1.083711,1.174430,1.084019,3.514800,-2.686800,6.201600,0.474353,0.611826,0.814637,293.774426,2.339584,203.205437,6.504444,5.940588,676.932610,309.538225,214.935969,74.557262,0.541684,4.275186,0.726692,1.037418,1.076236,1.266617,4.309000,-1.823000,6.132000,0.742081,1.259327,0.775900,401.079377,2.240459,235.677894,6.450507,6.937062,674.014298,172.899213,120.244207,68.841591,0.559380,4.183694,1.908166,0.809683,0.655587,2.072845,4.419058,0.318028,4.101030,0.826681,0.323324,0.646767,1074.171247,2.710228,475.135934,7.031386,6.719874,511.645816,215.613258,115.633685,76.584015,0.618218,4.332311,-0.629871,0.011745,0.000138,0.629981,-0.604840,-0.667340,0.062500,-0.280422,-0.288530,0.009450,99.218946,-483.368220,156.835765,11.083696,7.465201,4.214415,3.463817,2.834703,2.763595,0.733965,4.501068,0.759791,0.021842,0.000477,0.760105,0.795180,0.676710,0.118470,-0.728651,0.625704,0.017979,144.439824,-212.531136,189.194720,11.942658,6.957165,6.564441,8.849049,6.959356,7.410521,0.805908,4.623807,0.642477,0.008374,0.000070,0.642531,0.659240,0.608020,0.051220,-0.893427,1.838488,0.006532,103.211668,-674.011877,159.981135,11.987819,7.529353,3.126183,3.344810,2.039111,2.574677,0.819550,4.646119,1.177824,0.014586,0.000213,1.177914,1.202797,1.126177,0.076620,-0.787293,0.893448,0.011656,346.870437,-383.919591,293.283753,12.476931,6.789898,3.664188,6.469027,4.552278,5.219378,0.829546,4.649117
-0.480192,0.117961,0.013915,0.494469,-0.192020,-0.909470,0.717450,-0.881874,1.318202,0.092283,61.124824,-11.170932,119.443040,8.039123,7.399153,73.075846,20.678458,22.240826,16.624053,0.688535,4.400975,9.766495,0.040803,0.001665,9.766580,9.914900,9.621000,0.293900,-0.118040,1.024384,0.030851,23846.523349,-61.753325,2431.814650,10.849721,7.029010,18.840509,15.025348,16.181387,7.654477,0.826025,4.646105,1.033247,0.060723,0.003687,1.035030,1.177800,0.791940,0.385860,-0.459243,1.638975,0.044606,267.821777,-37.364451,257.312970,7.018444,6.422344,41.209715,16.841439,9.774313,7.526403,0.617291,4.364741,9.833624,0.041559,0.001727,9.833711,9.996961,9.687574,0.309387,0.122160,1.278711,0.031161,24175.469951,-57.677602,2448.527317,11.007879,7.013737,18.764547,15.211027,16.062990,8.306284,0.825394,4.646016,-1.141127,0.769457,0.592064,1.376312,1.332400,-4.465900,5.798300,-1.308401,4.155888,0.531986,473.558891,1.775276,289.401580,5.794121,6.219289,535.440221,125.430783,66.747582,55.341379,0.521959,4.129434,0.372093,2.503454,6.267282,2.530955,11.666000,-7.475400,19.141400,1.391657,4.637802,1.631009,1601.433874,1.145500,396.785666,5.561442,5.404736,1872.227647,506.615563,382.643824,149.849360,0.485580,4.197815,0.648965,1.848050,3.415291,1.958685,6.018300,-7.636200,13.654500,-0.354603,3.922236,1.227769,959.111628,1.369584,333.695496,5.859300,6.264434,1238.177803,347.988360,200.476908,105.164666,0.513143,4.148611,2.773216,2.108481,4.445691,3.483736,11.701594,0.318028,11.383565,1.897352,3.449080,1.490037,3034.104394,1.566056,689.533716,6.115364,5.870337,1389.355541,518.645111,298.064443,190.168657,0.533416,4.233740,-0.629258,0.012869,0.000166,0.629390,-0.604840,-0.673390,0.068550,-0.551816,-0.110203,0.010398,99.032934,-437.029586,156.685570,11.039231,7.686550,4.979822,3.929199,2.854596,3.067570,0.773483,4.535996,0.762209,0.021586,0.000466,0.762514,0.795180,0.676710,0.118470,-0.782296,0.690338,0.017675,145.356978,-215.224081,189.796125,11.988427,7.182299,6.765236,8.543695,6.304505,7.037855,0.806055,4.621089,0.641051,0.008932,0.000080,0.641113,0.657020,0.608020,0.049000,-0.574002,0.288348,0.007270,102.756630,-694.654975,159.623620,11.254561,7.537272,3.698581,3.613159,2.178198,2.443024,0.820131,4.629440,1.178296,0.014295,0.000204,1.178383,1.200941,1.126177,0.074765,-0.782141,0.640447,0.011782,347.146542,-394.566137,293.400920,12.322604,6.935917,3.861958,6.375488,4.077183,4.809576,0.815897,4.634610
-0.477977,0.139727,0.019524,0.497982,-0.132980,-0.909470,0.776490,-0.222130,0.331486,0.108181,61.996403,-7.443901,119.026440,8.145058,6.963640,86.213855,38.850528,29.588688,21.778880,0.672099,4.443608,9.767435,0.052016,0.002706,9.767573,9.947100,9.586100,0.361000,0.164267,0.807205,0.040457,23851.372047,-43.136665,2432.091400,10.230108,6.993180,25.003734,22.262667,18.129299,10.022324,0.789852,4.636182,1.044015,0.103527,0.010718,1.049136,1.388300,0.766130,0.622170,0.453303,0.924853,0.079188,275.171492,-14.340100,259.988630,6.281145,6.080058,72.857187,26.000757,12.421947,9.205512,0.536950,4.258775,9.836225,0.053286,0.002839,9.836369,10.007604,9.651485,0.356118,0.160596,0.471367,0.041816,24188.539943,-42.975604,2449.225038,10.409206,7.009465,25.428160,21.861539,18.487435,10.926561,0.789042,4.633915,-1.149674,2.051308,4.207865,2.351513,8.246300,-7.551800,15.798100,0.449023,6.216431,1.224756,1382.403921,1.134864,406.024951,3.991281,4.691523,1455.467408,234.537007,82.573912,63.762708,0.311726,3.762579,0.061926,4.759620,22.653981,4.760023,20.875000,-14.887000,35.762000,1.159553,4.427422,3.041116,5664.453973,0.791156,757.530367,5.267628,4.817289,3535.159840,1177.033066,562.272183,203.630432,0.398867,4.118627,0.573223,2.170498,4.711063,2.244916,6.591200,-7.636200,14.227400,0.048392,1.595474,1.597996,1259.911825,1.498785,411.356214,5.974889,6.538182,1520.753503,314.844029,209.578644,142.512960,0.516205,4.138128,4.373058,3.755455,14.103446,5.764293,20.880211,0.544485,20.335726,1.982916,4.388313,2.794457,8306.769718,1.111975,1091.522002,6.092164,5.557933,2381.152100,1205.537565,524.992719,252.411724,0.496701,4.224915,-0.635661,0.014687,0.000216,0.635831,-0.592740,-0.677420,0.084680,0.005843,-0.054249,0.011798,101.070241,-335.274571,158.296370,10.101468,7.721320,6.617361,4.071876,2.862571,3.136477,0.726226,4.489926,0.762104,0.019684,0.000387,0.762358,0.797190,0.694780,0.102410,-0.607313,0.305788,0.015942,145.297571,-250.487450,189.756970,11.871172,7.119887,6.734184,8.566523,5.548648,6.893770,0.865238,4.680819,0.634895,0.014655,0.000215,0.635064,0.685970,0.592430,0.093540,-0.066729,0.360327,0.011414,100.826694,-300.276714,158.076825,9.530788,7.983580,7.202886,3.388081,2.432379,2.616668,0.721598,4.440841,1.178389,0.013284,0.000176,1.178464,1.205633,1.133312,0.072322,-0.702239,0.388078,0.010882,347.194505,-416.465898,293.416976,12.436299,6.938574,3.813080,5.895217,3.771505,4.793055,0.850659,4.671632
-0.291616,0.307402,0.094496,0.423717,0.590030,-0.742820,1.332850,1.365195,1.005670,0.220697,44.884005,-1.203394,99.615835,5.938526,6.750626,182.633133,40.733948,27.009055,26.633447,0.515501,4.040825,9.775122,0.061025,0.003724,9.775313,10.019000,9.586100,0.432900,0.396168,1.731771,0.046164,23889.185505,-33.366872,2434.003000,9.511513,6.764672,30.033597,28.906646,15.687228,13.260582,0.782844,4.601269,1.043014,0.116818,0.013646,1.049536,1.388300,0.734650,0.653650,0.006994,0.503005,0.089451,275.381219,-11.556113,259.823970,6.313307,6.135711,77.794908,28.814528,13.916031,9.467731,0.541248,4.219852,9.840433,0.060724,0.003687,9.840620,10.077739,9.651485,0.426254,0.222540,1.357636,0.046478,24209.450728,-32.618906,2450.273779,9.676321,6.802606,29.623780,27.686775,15.625943,13.726985,0.782672,4.598024,-0.960597,2.295508,5.269355,2.488393,8.246300,-7.551800,15.798100,0.345560,3.148632,1.584388,1548.025279,1.332511,456.533787,3.768793,4.550916,1586.324597,227.700373,85.459977,64.979857,0.295177,3.691989,-0.958618,7.826705,61.257311,7.885192,20.875000,-25.319000,46.194000,-0.477832,1.242127,5.322404,15544.064763,0.705370,1332.978206,4.260285,4.808428,5273.075354,1215.272332,518.594173,190.093004,0.341460,3.865681,0.826814,3.606013,13.003328,3.699588,17.828000,-7.479600,25.307600,1.715058,5.082164,2.458213,3421.737367,1.007047,606.343030,5.299902,6.163685,2612.279279,483.255725,205.587226,200.574627,0.452826,4.020251,6.854894,5.921633,35.065737,9.058439,29.488072,0.544485,28.943587,1.437595,1.907781,4.719201,20513.827410,0.961201,1705.402090,4.800421,5.290583,3910.598448,1192.412430,499.549330,243.728944,0.402656,3.995399,-0.603024,0.049014,0.002402,0.605013,-0.473790,-0.677420,0.203630,0.962669,-0.284991,0.040609,91.510142,-94.375939,150.159285,6.308197,7.437574,19.588240,4.356536,3.256133,3.175603,0.521442,3.792945,0.773654,0.022256,0.000495,0.773974,0.827310,0.706830,0.120480,-0.112544,-0.217132,0.018265,149.759118,-200.463558,192.621435,11.355907,7.272551,8.284395,7.893742,6.424229,6.645924,0.817571,4.614485,0.652721,0.033437,0.001118,0.653577,0.728290,0.592430,0.135860,0.697040,-0.469419,0.027196,106.790801,-159.666106,162.527780,7.171682,7.919505,13.719018,3.479394,2.367441,3.015665,0.580766,3.959755,1.179850,0.013928,0.000194,1.179932,1.207002,1.127795,0.079207,-0.620605,0.572680,0.011316,348.060062,-369.863940,293.774075,12.365215,6.878504,4.051034,5.645965,4.310554,4.871751,0.848496,4.658863
-0.172425,0.262660,0.068990,0.314199,0.590030,-0.703500,1.293530,1.114334,0.941441,0.185268,24.680214,-1.388248,70.420742,5.798012,7.080973,168.545020,18.781264,19.841417,24.365875,0.471009,3.961338,9.783714,0.054016,0.002918,9.783863,10.019000,9.598500,0.420500,0.248497,2.793256,0.039757,23930.994351,-36.778603,2436.161650,9.670763,6.809782,26.633403,25.775049,13.003125,12.355442,0.802542,4.612339,0.990652,0.091529,0.008378,0.994871,1.251400,0.734650,0.516750,0.156903,0.258139,0.072571,247.442172,-20.162151,246.670300,6.099989,6.116895,63.702094,21.902738,12.048562,6.518507,0.539047,4.246657,9.839188,0.053310,0.002842,9.839333,10.077739,9.657786,0.419953,0.331512,2.733048,0.038719,24203.116737,-36.455612,2449.976572,9.734815,6.840692,26.088087,24.651702,12.476004,12.177319,0.795658,4.601363,-0.906224,1.309683,1.715268,1.592642,3.520800,-3.891200,7.412000,0.628362,1.238794,0.947146,634.127341,2.118318,329.258864,4.360891,5.423856,902.265946,115.157461,62.308628,54.268729,0.362094,3.796485,-1.087398,6.863304,47.104942,6.948912,12.154000,-25.319000,37.473000,-1.129700,2.308929,4.569902,12071.844051,0.820166,1093.551152,3.202833,4.625817,3912.290581,480.012358,247.286304,130.475371,0.276674,3.459347,0.522367,3.586949,12.866202,3.624785,17.828000,-7.479600,25.307600,1.810992,5.953562,2.303093,3284.767292,0.988600,567.607014,4.480084,5.213392,2369.998661,485.670977,171.450387,117.967092,0.362895,3.813753,5.628097,5.682208,32.287483,7.997684,29.488072,0.565866,28.922206,1.867864,3.636473,4.323881,15990.738684,0.889113,1405.284603,3.485985,4.727853,3474.010774,414.087705,217.922817,124.246664,0.292439,3.601508,-0.563621,0.035810,0.001282,0.564757,-0.473790,-0.643150,0.169360,-0.260456,-0.183162,0.027218,79.737735,-126.506718,140.311490,6.517724,7.495815,16.494332,3.380638,3.198631,2.767381,0.531356,3.915847,0.780562,0.021603,0.000467,0.780861,0.827310,0.702810,0.124500,-0.555771,0.206576,0.017573,152.435958,-198.510985,194.384495,11.617381,7.323342,8.063021,7.248914,6.897583,6.670411,0.804563,4.618720,0.682155,0.024328,0.000592,0.682589,0.728290,0.610240,0.118050,-0.486051,-0.424627,0.019461,116.481987,-205.803356,169.880740,7.978899,8.029465,11.198790,2.981524,2.820109,2.679642,0.615047,4.144850,1.180850,0.014667,0.000215,1.180941,1.207364,1.127795,0.079569,-0.698956,0.525943,0.012003,348.655680,-364.164629,294.047323,12.876620,6.892927,3.673457,5.191460,5.096004,4.911026,0.811247,4.629703
-0.885969,0.729306,0.531888,1.147532,1.915300,-2.041400,3.956700,1.194119,2.236118,0.560619,329.207257,2.344873,251.344358,4.143619,5.548586,445.326042,49.009719,36.471171,25.559810,0.359455,3.687311,9.935380,0.954128,0.910360,9.981089,12.902000,8.412200,4.489800,0.667978,-0.075804,0.780902,24905.535969,2.789460,2473.447550,6.310058,5.504594,552.717826,261.443636,95.680946,60.280242,0.525512,4.138312,1.032476,0.574376,0.329907,1.181488,2.066500,-0.195780,2.262280,-0.310137,-0.977623,0.484469,348.978492,3.138501,258.663642,4.376980,5.101180,289.574503,65.334764,29.399658,13.642160,0.362405,3.681058,10.071693,0.946512,0.895884,10.116071,13.020150,8.587116,4.433034,0.653853,0.020184,0.769731,25583.721717,2.792601,2507.497743,6.285676,5.544174,551.085757,252.585003,95.564255,59.823115,0.527760,4.138531,-0.775862,11.129758,123.871511,11.156768,21.790000,-22.751000,44.541000,0.182736,-0.627750,9.065736,31118.368178,0.835730,2280.060291,3.138229,4.241172,5608.813461,508.715091,246.575558,170.145761,0.236946,3.305112,-4.424478,39.865065,1589.223373,40.109841,68.062000,-89.743000,157.805000,-0.513685,-0.559686,32.114412,402199.845112,0.312241,7779.298430,4.541948,5.694165,18959.319122,3075.883341,1498.267282,1241.552698,0.430848,3.664872,-2.601018,47.553007,2261.288442,47.624088,113.090000,-77.074000,190.164000,0.457167,-0.721834,40.831082,567013.433572,0.269232,10216.229390,3.766488,5.220452,24044.083469,2430.491872,1327.926604,1103.406155,0.344393,3.470197,56.696817,28.049911,786.797524,63.256040,115.026073,3.984129,111.041945,0.023594,-1.110844,24.009357,1000331.646862,0.418147,14117.511343,4.182000,5.024502,16086.237700,2300.478787,930.537843,745.348495,0.358893,3.642339,-0.707347,0.128416,0.016491,0.718909,-0.500000,-0.953630,0.453630,-0.182448,-1.113974,0.109625,129.207627,-18.376363,176.063555,3.995706,6.090739,52.627818,5.110643,3.734934,3.650058,0.328645,3.270334,0.794249,0.124329,0.015458,0.803921,0.983940,0.487950,0.495990,-0.674573,-0.720010,0.106321,161.572383,-17.768108,197.835390,5.744042,7.007970,63.241072,11.000919,8.608560,6.672244,0.495555,3.884399,-0.001372,0.112095,0.012565,0.112103,0.365260,-0.178170,0.543430,0.265413,-0.253025,0.093375,3.141790,-17.893524,23.080132,4.725949,6.339318,51.062341,8.458486,4.675370,4.029977,0.444948,3.657510,1.084083,0.021268,0.000452,1.084291,1.150977,1.018967,0.132010,0.312718,0.420816,0.016488,293.921799,-186.349207,269.915101,9.890385,7.811201,9.759400,5.569755,4.096580,3.709005,0.733671,4.465235
-1.021853,0.454199,0.206297,1.118249,0.160560,-2.041400,2.201960,-0.091763,-0.628160,0.370937,312.620007,2.697164,254.951379,5.725735,6.446002,277.478482,67.123951,39.745673,30.679817,0.516773,4.066107,9.932050,0.856678,0.733898,9.968928,12.879000,8.038700,4.840300,0.747213,0.679197,0.667977,24844.880689,2.481312,2473.801600,5.527395,4.819167,612.258661,227.323668,75.280353,38.359645,0.427985,4.102001,0.954917,0.819840,0.672138,1.258573,2.750600,-0.900420,3.651020,-0.257143,-0.532231,0.666236,396.001335,3.134479,267.611033,3.288966,4.559335,426.859040,73.217114,31.148311,12.492440,0.263710,3.422005,10.074788,0.844191,0.712659,10.110094,12.975087,8.200934,4.774152,0.695363,0.686883,0.654710,25553.502031,2.540319,2509.387134,5.462866,4.777941,610.611485,221.455458,74.518876,37.498056,0.419665,4.098159,2.665048,15.334401,235.143852,15.564265,46.637000,-22.751000,69.388000,0.872783,0.273158,12.468277,60561.583264,0.579727,3009.804210,3.530960,5.037758,9200.511385,911.655238,517.509435,380.502661,0.324250,3.537298,-34.198514,49.763385,2476.394494,60.381561,68.062000,-139.900000,207.962000,-0.264317,-0.708007,41.097583,911483.219022,0.252011,11655.986720,2.654172,4.342073,26378.222123,2225.516481,926.176351,623.884303,0.226860,3.186586,-2.553755,42.320106,1790.991340,42.397087,113.090000,-71.632000,184.722000,0.707814,-0.169337,35.182387,449378.250799,0.270744,8871.059400,2.594832,3.985011,24050.802847,1521.030404,605.755021,509.766092,0.203747,3.209402,67.884205,32.824182,1077.426898,75.403529,140.770226,4.796709,135.973517,0.267017,-0.794310,28.110745,1421423.053085,0.354830,16930.593798,2.491638,3.383865,20526.376724,2042.803019,485.341577,268.616882,0.164264,3.305668,-0.463605,0.467717,0.218760,0.658551,0.659270,-0.953630,1.612900,1.249137,0.268913,0.370703,108.422275,0.184586,153.124029,4.902126,6.429528,245.623740,44.095514,26.922891,21.249374,0.515682,3.858030,0.694940,0.126652,0.016041,0.706387,0.935740,0.443780,0.491960,0.085480,-0.950812,0.104994,124.745661,-15.842675,173.085440,5.692273,7.139953,61.799863,9.505815,8.197456,5.915150,0.469660,3.797424,0.320971,0.328395,0.107843,0.459201,0.924280,-0.175950,1.100230,0.267657,-1.151067,0.291121,52.716412,-0.439754,88.547869,2.683388,5.261237,108.607729,7.012013,5.050063,3.751537,0.245314,2.686563,1.069198,0.018815,0.000354,1.069363,1.111164,1.010709,0.100455,-0.708169,0.456007,0.014752,285.884348,-260.943135,266.260906,11.299820,7.632254,7.285892,6.130589,4.789277,4.180677,0.796150,4.572448
-0.952469,0.567861,0.322466,1.108902,0.399490,-2.142400,2.541890,0.013353,-0.641248,0.471954,307.416125,3.000075,242.453039,5.103383,6.214012,337.472962,63.211416,38.303346,26.926122,0.439852,3.892433,9.916878,0.797808,0.636498,9.948918,12.947000,8.038700,4.908300,0.823825,1.303812,0.608652,24745.241911,2.290328,2468.725000,6.471656,5.660235,554.140413,224.017552,90.820114,63.252234,0.549084,4.245379,1.114614,0.878668,0.772057,1.419303,2.893700,-0.900420,3.794120,-0.331178,-0.462681,0.706960,503.605251,3.159647,307.670802,4.209033,5.544038,493.506333,93.634999,45.002318,24.368876,0.394554,3.720313,10.080172,0.784341,0.615191,10.110641,13.136127,8.200934,4.935192,0.812524,1.364803,0.600466,25556.263288,2.285990,2509.406575,6.540305,5.722425,547.537245,222.840253,92.403374,63.441823,0.558808,4.265335,2.596073,16.148772,260.782823,16.356113,46.637000,-26.818000,73.455000,0.688884,-0.006410,13.017007,66880.604222,0.556765,3200.266160,2.842386,4.163026,9232.622769,727.176447,325.821550,242.429172,0.229673,3.288914,-29.809509,61.604600,3795.126786,68.437808,102.590000,-163.940000,266.530000,-0.079726,-0.706477,50.129058,1170933.407738,0.205894,13707.139813,3.160982,4.935719,33089.628667,3161.914714,1536.111948,1167.850033,0.302210,3.382237,-1.093386,49.120843,2412.857211,49.133010,118.460000,-103.460000,221.920000,-0.030828,-0.530271,40.753524,603513.175949,0.235484,10166.176570,2.937854,4.531642,30290.419469,1882.440555,1101.080672,870.807918,0.248101,3.343838,78.936024,33.681046,1134.412856,85.821377,167.199180,12.246833,154.952346,0.251299,-0.713963,28.579300,1841327.187909,0.315502,19681.369840,3.772646,4.897093,22306.079810,2991.538979,1125.229888,866.494174,0.331045,3.673148,0.177073,0.538367,0.289839,0.566739,0.798390,-0.864920,1.663310,-0.711205,-0.989100,0.463578,80.298403,1.626472,129.598769,4.842294,6.432741,263.427674,45.698510,28.316256,22.346858,0.505576,3.789510,0.747614,0.150760,0.022728,0.762663,1.060200,0.443780,0.616420,0.160025,-0.685222,0.121022,145.413827,-9.824088,186.274000,5.451034,7.475433,61.510053,7.901968,6.785861,6.279233,0.418657,3.495801,0.315189,0.335155,0.112329,0.460079,0.924280,-0.146990,1.071270,0.258913,-1.252618,0.296942,52.918262,-1.193853,87.812931,2.072368,4.817465,102.910195,2.991771,2.663423,2.918322,0.159506,2.308484,1.055506,0.020692,0.000428,1.055709,1.090968,0.979892,0.111076,-0.684334,0.552671,0.016617,278.630491,-229.975729,262.808264,12.275764,7.550648,6.716793,6.363906,5.274167,5.657012,0.780700,4.578016
-0.992190,0.635621,0.404014,1.178327,0.399490,-2.142700,2.542190,-0.013989,-1.122275,0.564083,347.113847,2.972172,251.654729,5.215082,6.112861,273.395243,67.432408,27.204104,22.084497,0.442865,3.748076,9.972815,0.969185,0.939320,10.019799,12.947000,7.713700,5.233300,0.415055,-0.150318,0.788864,25099.090783,2.591339,2483.838450,5.503520,5.151102,647.229896,211.945303,66.931741,49.488427,0.431896,4.027945,1.347657,0.600535,0.360642,1.475405,2.893700,-0.061837,2.955537,0.117666,-0.265700,0.482473,544.205236,2.953479,335.744295,4.854684,5.856474,353.249955,76.006621,37.153273,25.220757,0.446891,3.872329,10.151000,0.958566,0.918848,10.196158,13.136127,7.852509,5.283618,0.400299,0.054508,0.772587,25990.409866,2.514443,2528.117471,5.369348,5.144731,649.791889,202.779148,64.315644,46.587007,0.423841,4.017430,-0.812425,12.059777,145.438213,12.087111,28.229000,-26.818000,55.047000,0.011377,-0.448312,9.803585,36524.561784,0.697379,2425.850480,2.757959,3.717897,7029.683505,486.713191,201.726887,139.727005,0.184346,3.255509,5.766361,55.793629,3112.929031,56.090819,103.280000,-163.940000,267.220000,-0.603578,0.299945,44.161059,786544.988479,0.199592,11069.255903,3.174362,4.711456,26652.984823,2651.292785,1088.473726,861.052750,0.269267,3.247230,2.032705,66.920381,4478.337422,66.951246,144.990000,-117.500000,262.490000,-0.051205,-0.970632,56.901959,1120617.327863,0.207662,14267.256285,2.626175,3.871849,28419.612200,1548.055780,724.266145,585.225395,0.183737,2.881872,80.312431,36.395892,1324.660988,88.174529,167.199180,5.074444,162.124736,-0.120856,-0.655894,30.333070,1943686.878126,0.304228,20031.212574,3.273240,3.850535,22657.370972,2846.294079,754.588032,411.277899,0.222389,3.468258,0.527976,0.175115,0.030665,0.556259,0.798390,0.108870,0.689520,-0.567971,-0.792544,0.149010,77.355968,-7.348339,131.404235,3.582750,5.766625,66.244337,4.092479,3.141472,3.747231,0.264126,3.004942,0.859180,0.113319,0.012841,0.866621,1.064300,0.662650,0.401650,0.096433,-1.254681,0.099543,187.757916,-23.237492,214.002850,7.073050,7.861935,36.556191,6.983445,5.144575,7.652562,0.517276,3.697840,0.185479,0.204460,0.041804,0.276055,0.554570,-0.146990,0.701560,0.007988,-1.353964,0.180985,19.051621,-6.703507,55.287336,3.128525,5.522995,81.372989,6.624002,3.789959,3.765055,0.289452,3.041034,1.065772,0.028131,0.000791,1.066144,1.130960,0.979892,0.151067,-0.092076,0.003975,0.022438,284.165505,-144.880250,265.352937,10.691929,7.849531,11.742075,7.738628,5.432164,7.507889,0.769159,4.518076
-0.301164,1.280326,1.639236,1.315270,2.666600,-2.142700,4.809300,1.010988,-0.001060,0.943396,432.483936,2.380685,272.645406,4.459706,6.095885,694.588213,107.194260,63.210212,50.237527,0.432657,3.739283,9.914353,0.971042,0.942923,9.961793,13.135000,7.713700,5.421300,0.598118,0.253331,0.776572,24809.330593,2.441483,2467.722900,5.980188,5.453859,634.971400,277.430157,80.645222,60.391070,0.471523,4.146630,1.148959,0.748015,0.559527,1.370997,2.524900,-0.775660,3.300560,-0.450187,-0.323645,0.606227,469.908345,3.134801,302.204828,4.118832,5.557040,457.395801,75.704701,36.896982,27.433457,0.384424,3.739719,10.095216,0.966184,0.933511,10.141346,13.202125,7.852509,5.349616,0.508872,0.346286,0.759331,25711.722873,2.513972,2512.732792,5.958807,5.498220,641.155907,268.876515,82.731861,61.090409,0.477702,4.151569,-3.606767,11.563438,133.713104,12.112880,18.201000,-30.927000,49.128000,-0.460905,-0.401648,9.477921,36680.468100,0.770045,2360.199880,3.480168,5.035513,7471.745750,784.282958,367.063504,321.217875,0.309777,3.588195,-10.816647,46.323008,2145.821091,47.569118,103.280000,-93.711000,196.991000,0.445870,-0.291285,36.424022,565705.235499,0.258545,9519.031710,3.550428,5.310804,25648.517033,2831.523833,1606.254992,1141.193236,0.337308,3.480994,-0.806508,57.677081,3326.645673,57.682719,144.990000,-117.500000,262.490000,0.152682,-0.208723,44.613819,831824.032127,0.205089,11140.905700,2.310135,3.722957,31040.928988,1510.572755,709.583366,526.813801,0.176765,3.032061,66.972092,35.377647,1251.577902,75.741923,154.406936,5.074444,149.332492,0.128517,-0.848232,29.886765,1434209.735725,0.323348,16699.228022,3.437340,4.392725,23116.878963,2559.208075,1025.201437,670.452054,0.276371,3.551992,0.616395,0.192162,0.036926,0.645654,0.927420,0.108870,0.818550,-0.430451,-0.293403,0.147573,104.217394,-5.338993,153.374060,2.785430,5.232473,93.360087,4.603312,3.204743,3.747700,0.221253,3.014217,0.814907,0.117188,0.013733,0.823290,1.064300,0.638550,0.425750,0.504410,-1.020927,0.100679,169.451692,-22.174285,202.969780,5.438098,7.188433,57.001471,8.514912,6.152168,7.066135,0.452060,3.705924,0.294976,0.216044,0.046675,0.365631,0.559020,-0.414250,0.973270,-1.583014,2.149611,0.154373,33.421450,-5.207827,85.997817,5.037989,6.430554,117.360315,22.217093,13.417916,10.919314,0.525858,3.913279,1.107793,0.034017,0.001157,1.108315,1.164392,1.003703,0.160689,-0.348487,-0.470517,0.028711,307.090536,-127.965400,275.835021,9.912110,7.874065,14.419937,8.091728,5.950446,6.623970,0.742204,4.453100
-0.029467,1.180296,1.393099,1.180664,2.666600,-1.985200,4.651800,0.926882,-0.222904,0.928348,348.491718,2.609708,234.212570,3.735752,5.480394,561.155755,80.889068,44.887109,27.774784,0.345657,3.469264,9.860263,0.806630,0.650652,9.893201,13.135000,8.109900,5.025100,1.229437,2.327394,0.604331,24468.858693,2.216142,2455.805250,5.953154,5.032148,504.964233,266.574845,86.849299,51.087923,0.461931,4.154353,0.983825,0.815275,0.664674,1.277727,3.040200,-0.775660,3.815860,0.091441,-0.627970,0.682975,408.146525,3.065384,262.961187,4.431145,6.035672,469.216292,67.027696,41.976797,34.483473,0.408066,3.719554,10.013410,0.795994,0.633606,10.044998,13.202125,8.146186,5.055939,1.185244,2.396678,0.593704,25225.496936,2.185367,2493.886195,5.972969,5.040447,495.364328,258.001245,86.669882,51.504601,0.456692,4.150966,-4.712074,12.088867,146.140715,12.974758,20.231000,-30.927000,51.158000,-0.287213,-0.191150,9.337283,42086.088882,0.738614,2481.057200,4.354799,5.803386,7512.841593,1130.462743,652.970666,507.303683,0.428231,3.793348,-43.634214,38.493335,1481.736821,58.186609,25.311000,-128.100000,153.411000,-0.128522,-0.892748,33.164756,846420.362510,0.322113,11819.138256,2.864743,4.049594,22261.167224,3151.885783,816.024348,378.182797,0.225096,3.391552,-7.398338,34.591311,1196.558792,35.373637,98.240000,-94.519000,192.759000,0.106061,0.805905,25.892828,312823.548301,0.250841,6748.008440,4.647475,6.031863,22162.825253,2797.576252,2000.868588,1549.586128,0.458682,3.844451,61.926625,31.151455,970.413121,69.320415,128.871498,5.618716,123.252782,0.198655,-0.893772,26.881776,1201329.999692,0.378676,15421.073374,3.737428,4.885290,20045.350115,3125.685132,1078.804031,708.664091,0.325903,3.651116,0.155153,0.651471,0.424415,0.669692,0.927420,-0.822580,1.750000,-0.319644,-1.626826,0.610118,112.121831,1.274138,158.296419,4.489031,6.301387,259.951728,41.198531,24.833272,19.374935,0.470850,3.591558,0.852747,0.116027,0.013462,0.860604,1.022100,0.638550,0.383550,-0.237359,-1.344163,0.103435,185.159779,-26.302396,212.437675,5.318113,7.121320,50.560707,9.073519,6.509303,5.052584,0.431863,3.591656,-0.003056,0.367328,0.134930,0.367341,0.559020,-0.679290,1.238310,-0.271235,-1.078111,0.311103,33.734840,0.843193,77.414307,2.425982,4.921485,116.533631,7.947206,4.576237,3.766638,0.222013,2.591009,1.150317,0.028942,0.000838,1.150681,1.227621,1.077540,0.150080,0.095375,0.061476,0.022334,331.016450,-143.757677,286.450621,9.484742,7.658775,11.572687,7.558152,5.596237,4.253571,0.694917,4.384624
-0.721682,0.720379,0.518945,1.019691,1.712300,-2.251400,3.963700,0.369262,0.444608,0.567324,259.942546,2.539695,211.995060,5.677246,6.355517,394.859241,105.999349,55.049264,38.122724,0.505021,4.014734,9.941208,0.933860,0.872094,9.984975,13.076000,7.980300,5.095700,0.813221,0.650230,0.737656,24924.929663,2.510477,2476.224200,5.746869,5.216228,654.658936,232.625040,86.273594,46.066747,0.452709,4.115561,1.353950,0.819540,0.671645,1.582664,3.040200,-0.264860,3.305060,0.152517,-0.990489,0.698668,626.206484,3.380534,340.120259,3.366761,4.716667,452.118293,59.752615,37.335546,14.858829,0.285456,3.470629,10.117829,0.934803,0.873857,10.160921,13.438471,8.393395,5.045076,0.927021,0.913881,0.742978,25811.078693,2.509324,2520.267204,5.618749,5.215256,666.309408,225.150362,86.107493,45.549012,0.440769,4.110288,-0.356291,12.550752,157.521374,12.555808,34.562000,-30.719000,65.281000,0.310710,0.516770,9.569017,39412.079405,0.589854,2399.120840,2.907435,4.188054,7611.520403,736.372906,290.127265,177.308110,0.223236,3.370324,-24.186422,50.796676,2580.302263,56.260868,70.373000,-128.100000,198.473000,-0.065924,-0.930985,43.359788,791321.312341,0.262791,11505.275276,2.306539,3.289738,28346.411678,3091.817387,602.841560,273.453527,0.149514,3.189002,-7.494446,50.351485,2535.272003,50.906176,106.900000,-104.420000,211.320000,0.182852,-0.468386,40.347317,647859.681970,0.245952,10343.352540,3.028289,4.892542,24721.034085,1841.472042,914.267892,851.040218,0.258945,3.195031,69.671465,32.561622,1060.259208,76.904956,135.904157,8.042493,127.861664,-0.012455,-1.075001,28.217888,1478593.073716,0.374017,17337.635806,3.145085,4.088867,22183.262856,2899.242248,732.892477,532.024710,0.222872,3.551338,-0.554161,0.351332,0.123434,0.656147,0.665320,-0.941530,1.606850,1.784437,2.876255,0.242975,107.632096,-0.373923,154.673314,5.438508,6.550051,212.560664,44.808402,28.769688,21.723478,0.571723,4.061302,0.866651,0.135235,0.018289,0.877139,1.042200,0.495980,0.546220,-1.084713,0.184898,0.106330,192.343048,-15.913766,215.908685,5.340029,6.963356,59.241257,10.318498,7.155686,5.832814,0.429892,3.620870,-0.082307,0.273555,0.074832,0.285669,0.345210,-0.679290,1.024500,-0.772343,-0.218487,0.206700,20.401712,-2.325628,51.056826,3.885212,6.057797,119.252961,14.614583,7.904277,7.913874,0.390298,3.414922,1.131151,0.044772,0.002004,1.132037,1.227621,1.027613,0.200008,-0.009508,-0.997967,0.038344,320.376857,-88.114862,281.668316,8.236798,7.769535,15.595541,6.683767,4.290169,4.648192,0.624133,4.106458
-0.951853,0.673488,0.453586,1.166024,0.471990,-2.253600,2.725590,-0.013894,-1.149867,0.591081,339.902712,3.311085,244.396554,5.356017,6.472242,357.688493,71.130568,34.787857,26.111518,0.450974,3.867992,9.912985,1.009472,1.019033,9.964252,13.076000,7.980300,5.095700,0.567799,-0.031831,0.818387,24821.577168,2.680959,2468.831600,6.036252,5.478037,616.508403,216.501918,90.402224,45.952117,0.479567,4.057265,1.554824,0.772791,0.597206,1.736285,2.919400,-1.506300,4.425700,-0.682117,1.116118,0.626755,753.671045,2.399779,398.819966,4.530084,5.604012,449.212177,75.505951,50.844868,25.244499,0.406734,3.784427,10.131804,1.003567,1.007147,10.181385,13.438471,8.279946,5.158526,0.585734,0.122410,0.806347,25915.150925,2.654809,2523.460051,5.869941,5.426383,628.258866,210.794074,88.886490,44.395303,0.480542,4.058906,0.284491,11.842529,140.245501,11.845946,34.562000,-28.504000,63.066000,0.203493,0.767881,9.016655,35081.609114,0.603691,2231.633780,3.168264,4.526635,6507.652518,637.416714,284.856304,203.102979,0.253902,3.349674,-10.524687,44.269267,1959.767989,45.503154,70.373000,-116.690000,187.063000,-0.307415,-0.573946,36.271191,517634.256705,0.274157,9126.107631,3.822348,5.260051,23542.751383,3608.040328,1451.148875,1077.265290,0.367012,3.579470,-1.024488,56.376849,3178.349050,56.386156,107.190000,-104.420000,211.610000,0.140285,-0.974516,48.132201,794849.656617,0.249990,11968.332800,2.668624,4.196460,25814.342767,1451.461487,610.357292,547.445879,0.199585,3.027168,66.489275,31.135805,969.438338,73.418404,135.904157,5.198523,130.705634,0.002115,-1.098824,27.273748,1347565.522437,0.363409,16526.534427,3.280733,4.123792,21738.545184,2329.231361,779.054516,486.214817,0.231749,3.573654,-0.711766,0.152018,0.023109,0.727819,-0.407260,-0.967740,0.560480,0.163176,-1.229114,0.132939,132.429990,-11.085528,177.275120,4.852048,6.361397,68.572398,11.294147,7.127502,5.439862,0.455060,3.657096,0.756972,0.147235,0.021678,0.771158,1.042200,0.439760,0.602440,0.064663,-1.157863,0.127697,148.671309,-10.776214,188.614560,5.308807,7.024512,66.376018,9.752280,7.004088,7.370134,0.432502,3.649760,0.164347,0.205308,0.042151,0.262986,0.832960,-0.144770,0.977730,1.009793,0.849466,0.163350,17.290350,-3.749633,47.122456,4.584056,6.483484,98.712031,14.352513,8.940915,8.057356,0.458862,3.663920,1.092297,0.021314,0.000454,1.092505,1.161162,1.027613,0.133549,0.379852,0.640733,0.016398,298.391650,-183.698236,271.941953,9.506077,7.587155,10.354632,5.516731,4.284204,4.349543,0.705954,4.440516
-0.956165,0.644371,0.415214,1.153024,0.333080,-2.253600,2.586680,-0.015610,-1.047059,0.547700,332.366120,3.275682,243.658034,4.716198,5.829780,382.247120,73.690046,38.544664,24.762424,0.418808,3.820984,9.858239,0.919103,0.844751,9.900991,12.984000,8.082900,4.901100,0.864122,0.796674,0.705116,24507.407778,2.514496,2454.877650,6.102873,5.156326,603.064522,266.936715,104.483688,52.366614,0.491503,4.169223,1.410689,0.923338,0.852554,1.686000,2.919400,-1.506300,4.425700,-1.161464,1.071260,0.716335,710.649214,2.638558,385.077060,3.860005,5.252114,546.787788,77.374553,41.565593,25.487853,0.352896,3.653435,10.069313,0.900346,0.810623,10.109485,13.258385,8.279946,4.978439,0.871180,0.926268,0.690729,25550.423111,2.526369,2507.437529,6.104775,5.202015,605.150521,256.157972,103.615562,53.660833,0.504010,4.187528,1.190438,12.940396,167.453840,12.995037,40.544000,-28.504000,69.048000,0.696872,1.458788,9.496858,42217.745647,0.552581,2332.536280,2.676891,3.907905,7395.049480,642.022290,283.888666,142.562996,0.188524,3.266009,-25.648845,44.122048,1946.755140,51.035462,48.969000,-118.520000,167.489000,-0.476764,-0.866640,37.136338,651154.599089,0.300607,9773.183261,2.923001,4.420022,25802.286412,2575.451982,1001.468903,675.431775,0.258957,3.379921,-0.024308,48.542025,2356.328146,48.542031,107.270000,-108.530000,215.800000,0.166566,-0.335323,39.578020,589082.184199,0.241904,9845.186020,2.946319,4.565746,29094.375624,1847.303598,1110.395803,868.140573,0.259795,3.335070,63.138500,33.813429,1143.347996,71.622749,126.957600,5.198523,121.759077,0.221801,-1.238635,29.589293,1282454.528934,0.389544,15728.920512,3.937249,5.033224,23396.802655,3147.337975,1327.732701,990.374191,0.357723,3.758682,-0.332790,0.424386,0.180104,0.539308,0.336690,-0.967740,1.304430,0.055478,-1.641064,0.400187,72.713247,0.419340,108.358845,4.834464,6.404569,196.578693,34.858942,20.376148,16.275321,0.500871,3.770455,0.668281,0.108904,0.011860,0.677097,0.961850,0.415660,0.546190,0.807478,0.677878,0.080507,114.614993,-17.382688,166.461885,5.930256,7.425482,52.730952,8.263752,6.763976,7.114484,0.460125,3.775287,0.551519,0.342309,0.117176,0.649114,0.926500,-0.064588,0.991088,-0.464130,-1.472680,0.320265,105.337108,-5.231693,138.174784,4.595912,6.389352,143.460856,23.769916,14.246828,10.950009,0.477796,3.638168,1.081830,0.017495,0.000306,1.081971,1.115176,1.021235,0.093941,-0.760036,0.590202,0.014090,292.665348,-287.597467,269.384972,11.592153,7.442098,6.343652,5.591729,5.012602,3.940486,0.783937,4.567738
-0.973154,0.591971,0.350430,1.139061,0.333080,-2.514500,2.847580,-0.182531,-0.463865,0.485712,324.364760,2.970727,246.179664,4.591992,5.726025,337.048856,68.284188,28.087286,24.507706,0.418414,3.824543,9.949150,0.853355,0.728214,9.985680,12.984000,8.270200,4.713800,1.059829,1.300303,0.648918,24928.452029,2.435028,2477.740400,5.637286,4.866798,617.507866,223.959291,86.513791,40.782425,0.437264,4.132891,1.358869,1.149769,1.321968,1.780026,3.761700,-1.392100,5.153800,-0.274590,-0.639444,0.971544,792.123298,2.694110,373.978370,5.299281,6.367620,644.043650,101.583342,78.581532,59.542235,0.513197,3.913666,10.172242,0.839798,0.705260,10.206849,13.258385,8.726907,4.531478,1.239555,1.556329,0.648748,26044.940087,2.317488,2533.233516,5.624477,4.866998,600.216400,211.471213,84.715272,40.082719,0.430155,4.116272,4.422525,16.389575,268.618153,16.975773,51.146000,-19.442000,70.588000,0.957167,0.132507,13.336173,72044.219128,0.565803,3118.504011,2.589472,4.042991,9572.535013,740.232529,328.303161,226.460519,0.204895,3.229919,-30.691405,46.947546,2204.072046,56.089521,40.013000,-160.970000,200.983000,-0.690547,-0.443281,39.481196,786508.600437,0.253418,10262.027990,4.189425,5.587914,27422.587358,4185.211726,2009.959462,1498.597223,0.409216,3.732095,-5.442820,54.299990,2948.488955,54.572092,122.180000,-108.530000,230.710000,0.249998,-0.778928,46.470525,744528.310886,0.229347,11652.610570,4.330526,5.727370,27621.208804,3688.644147,2220.710194,1658.246088,0.418555,3.627687,70.932802,37.159953,1380.862083,80.076991,165.646449,5.349715,160.296734,0.249750,-0.947171,32.169588,1603081.130450,0.306058,17645.261284,3.143769,4.335585,24341.739837,2578.884426,779.313591,592.511814,0.244909,3.473083,0.247637,0.240494,0.057837,0.345197,0.659270,-0.483870,1.143140,-0.418099,0.130329,0.191630,29.790328,-1.631457,71.444500,5.587473,6.616550,132.821151,29.411336,19.660936,13.952177,0.579850,4.053631,0.692056,0.130732,0.017091,0.704296,1.044200,0.415660,0.628540,0.986583,0.400184,0.099676,124.008100,-13.532662,172.311200,5.659620,6.961273,72.231715,12.977789,9.781424,7.591774,0.501592,3.938365,0.653149,0.320869,0.102957,0.727710,0.926500,-0.260580,1.187080,-1.684732,1.637456,0.237223,132.390302,-5.405114,170.304061,4.887493,6.464518,176.532240,31.188210,18.106410,15.111376,0.511176,3.869704,1.069764,0.018954,0.000359,1.069932,1.101187,0.985209,0.115978,-0.879067,1.140955,0.014977,286.188730,-229.203280,266.370785,11.684565,7.268859,6.746726,7.031973,5.820091,4.956622,0.803143,4.618804
-1.065771,0.683094,0.466617,1.265893,0.288680,-2.669700,2.958380,-0.438178,-0.738585,0.584698,400.621335,3.058826,266.204189,5.099740,6.017821,342.920344,93.274937,41.711363,28.585586,0.437946,3.831961,10.103967,1.026716,1.054146,10.155998,13.954000,7.470700,6.483300,0.546580,0.635001,0.808717,25786.074717,2.183484,2516.109150,5.503187,5.069242,731.596354,294.032669,74.412848,44.850136,0.434067,4.114369,1.280456,0.986236,0.972662,1.616239,3.761700,-0.508100,4.269800,0.286820,-0.299809,0.797742,653.057158,2.986384,331.645319,3.851818,5.182628,536.365209,69.914542,37.954134,29.248157,0.329273,3.565940,10.311970,1.011084,1.022291,10.361419,14.249254,7.705401,6.543853,0.603567,0.849410,0.791111,26839.753210,2.140378,2567.843665,5.525664,5.075306,714.555022,282.119518,72.920709,44.916476,0.430279,4.102117,3.107903,15.966697,254.935416,16.266360,51.146000,-22.143000,73.289000,0.849166,0.182651,12.936048,66148.618571,0.551276,3132.680691,3.063888,4.460376,9076.549101,684.501946,386.719916,328.334874,0.252742,3.347823,-19.522575,54.583776,2979.388597,57.969988,112.630000,-160.970000,273.600000,0.024630,0.258230,40.899411,840129.879878,0.194458,10944.353520,3.962536,5.417959,30760.986970,4026.222947,1968.091647,1647.368446,0.378859,3.636384,-6.447736,72.939021,5320.100761,73.223453,165.060000,-128.890000,293.950000,0.310004,-0.876597,63.386856,1340418.515190,0.189509,15929.760660,2.944867,4.320202,34957.961957,2610.990751,1053.546603,986.718243,0.226478,3.141320,85.649584,40.631722,1650.936833,94.798671,173.037662,7.234219,165.803443,0.006837,-1.086582,35.632181,2246697.013638,0.299998,21341.244486,4.246628,5.265880,27898.502295,3341.700659,1748.718135,1394.150405,0.380711,3.767446,0.321565,0.279376,0.078051,0.425975,0.661290,-0.362900,1.024190,-0.939143,-0.108719,0.218533,45.363603,-2.587619,96.988849,2.748571,5.159879,122.654388,6.635754,4.296394,4.154273,0.215321,2.882966,0.830987,0.132171,0.017469,0.841433,1.044200,0.512050,0.532150,-0.554400,-0.834040,0.112431,177.002290,-14.887316,207.005860,5.760581,7.091461,63.666666,12.565016,8.589154,7.871051,0.506764,3.842355,0.049363,0.476729,0.227270,0.479277,0.850780,-0.472160,1.322940,0.505506,-1.500236,0.442235,57.426713,-1.547258,107.826341,4.498009,6.266710,207.670907,32.771131,19.750670,16.146948,0.472616,3.650180,1.057709,0.020555,0.000422,1.057909,1.098469,0.985209,0.113260,-0.369153,-0.125271,0.016413,279.792605,-222.077987,263.364889,10.995560,7.454584,8.128871,7.229957,5.519122,5.164380,0.812113,4.596525
-1.126923,0.673431,0.453509,1.312808,0.057132,-2.669700,2.726832,-0.244508,-1.122117,0.607107,430.866325,2.987009,280.877101,5.383314,6.109060,324.561287,90.746712,44.607274,29.153907,0.492303,3.916501,10.054122,1.120604,1.255754,10.116379,13.954000,7.470700,6.483300,0.538070,0.139366,0.901748,25585.280866,2.302460,2504.185600,5.389886,4.907738,745.724975,253.209615,85.603941,45.474938,0.420412,4.017141,1.313359,0.573962,0.329432,1.433298,2.601300,-0.002381,2.603681,-0.147847,-0.487135,0.464841,513.585983,3.092750,326.461137,4.584772,5.453558,328.321120,73.027074,41.395019,20.837780,0.393800,3.798527,10.242031,1.104413,1.219727,10.301404,14.249254,7.705401,6.543853,0.542997,0.352842,0.870953,26529.733174,2.272942,2550.896278,5.296085,4.871757,741.008826,245.562332,83.339465,43.867821,0.414829,4.009247,-0.852774,12.137441,147.317473,12.167362,30.946000,-22.143000,53.089000,0.470950,-0.385660,9.960923,37011.174331,0.720746,2508.425360,2.908831,4.190965,7436.503257,677.906439,271.853968,183.116891,0.226116,3.406020,12.016798,51.941075,2697.875317,53.313026,112.630000,-125.760000,238.390000,-0.053755,-0.455493,42.297157,710569.685245,0.222269,10568.702530,3.785774,5.271414,26628.668872,3669.754020,1482.526429,1245.605135,0.354451,3.545025,-0.677050,72.814899,5302.009497,72.818046,165.060000,-128.890000,293.950000,0.191420,-0.831500,60.840478,1325616.973466,0.190631,15130.931110,2.291805,3.452822,34588.106103,1454.996424,601.380276,510.872928,0.142996,2.912985,81.292231,41.041010,1684.364493,91.064764,173.037662,7.234219,165.803443,0.056827,-1.087645,35.602087,2073197.833042,0.302048,20224.167261,3.540673,4.579821,27578.020134,2659.043943,1202.617801,940.380919,0.298596,3.604352,0.343911,0.309693,0.095910,0.462801,0.725810,-0.362900,1.088710,-0.741233,-0.627281,0.260747,53.546180,-0.677920,102.453578,2.480260,4.994973,124.127632,3.881103,3.387092,4.166326,0.175754,2.671550,0.937774,0.094101,0.008855,0.942484,1.140600,0.734940,0.405660,0.389212,-0.553319,0.075465,222.068825,-26.317774,233.501770,5.952636,7.214933,42.836891,7.911896,5.947737,6.303669,0.479917,3.795937,-0.171261,0.235137,0.055289,0.290894,0.405350,-0.472160,0.877510,0.838293,-0.578386,0.189126,21.154846,-5.376663,67.215983,4.954280,6.519563,104.423136,19.035390,11.398932,10.157058,0.506472,3.742936,1.088365,0.050407,0.002541,1.089532,1.213191,1.008151,0.205039,0.640021,-0.516086,0.042851,296.769851,-84.898702,270.969292,7.654061,7.619784,23.794426,8.028220,5.424925,5.874320,0.646700,4.218716
-1.098561,0.608501,0.370273,1.255830,-0.082979,-2.832000,2.749021,-0.313842,-0.919472,0.542141,394.277311,2.548897,273.576354,4.989831,5.809510,367.199762,93.305248,36.136253,24.480874,0.447646,3.942926,9.920708,1.182817,1.399057,9.990971,13.716000,7.827700,5.888300,0.774793,0.258671,0.956907,24954.874076,2.554571,2470.097300,5.818020,5.125068,753.080031,284.421363,109.328898,58.858403,0.467196,4.075189,1.483851,0.525465,0.276113,1.574143,2.601300,0.317960,2.283340,-0.087760,-0.550233,0.431101,619.481345,3.073448,369.691720,4.172259,5.025763,340.204785,73.146867,34.121742,15.796321,0.363657,3.821596,10.126164,1.155563,1.335325,10.191886,14.064800,8.395162,5.669638,0.829009,0.359377,0.930519,25968.632732,2.527953,2521.291912,5.689043,5.124992,753.760351,270.288849,106.477330,56.427303,0.460275,4.074990,-3.556098,9.732880,94.728956,10.362181,16.709000,-26.589000,43.298000,-0.034079,-0.362019,7.682050,26843.697762,0.836512,2065.444911,3.425065,4.569179,5607.732100,806.677798,336.946357,180.944443,0.282266,3.533261,37.233063,49.082147,2409.057141,61.606478,137.340000,-63.210000,200.550000,0.066698,-0.767060,40.366830,948839.538603,0.260123,12285.110460,3.906456,5.439595,23935.705776,4156.799502,1619.619449,1202.030407,0.378227,3.544694,-0.469343,62.151493,3862.808086,62.153265,124.110000,-126.700000,250.810000,0.037577,-0.789228,51.435453,965757.092154,0.217276,12812.962670,1.901513,2.903955,33708.227646,1173.649804,264.551731,219.739445,0.096752,2.875344,79.922534,37.123441,1378.149870,88.123557,159.583314,9.706266,149.877048,0.024107,-1.018340,31.865995,1941440.328519,0.330333,19902.355057,3.769458,4.890546,24845.791244,3824.569632,1315.923288,992.381671,0.343319,3.702770,0.164492,0.471718,0.222518,0.499575,0.725810,-0.860890,1.586700,-0.684917,-0.859326,0.408094,62.393906,1.660402,112.031246,4.480911,6.136338,241.032901,38.027348,24.265343,17.903128,0.469437,3.743347,0.887847,0.139298,0.019404,0.898708,1.140600,0.429720,0.710880,-0.488015,0.979341,0.103719,201.918840,-10.628641,221.256820,5.504523,6.768259,77.559693,14.917667,9.749629,8.942124,0.514285,3.955871,0.376517,0.401204,0.160964,0.550208,0.926500,-0.291760,1.218260,-0.187171,-1.481856,0.365397,75.682280,-0.147016,115.511103,4.791309,6.486273,160.094961,27.394023,16.408672,14.143403,0.497303,3.654577,1.165052,0.051323,0.002634,1.166182,1.244017,1.011071,0.232946,-0.518494,-0.587171,0.043453,339.995026,-72.453624,290.154729,8.663716,7.817232,19.714476,8.649883,6.517597,6.761906,0.670361,4.241901
-1.141809,0.606142,0.367408,1.292724,-0.082979,-2.832000,2.749021,-0.396944,-0.722929,0.520089,417.783962,3.007802,285.012139,5.519881,6.510343,352.710297,81.604899,29.737989,34.447828,0.455342,3.936630,9.906251,1.110523,1.233261,9.968303,13.716000,7.827700,5.888300,0.823196,0.648427,0.882765,24841.766463,2.483141,2467.490450,5.458508,4.863905,760.927138,250.290065,88.661715,52.570967,0.408727,4.037663,1.573833,0.537181,0.288564,1.662983,2.677700,0.275290,2.402410,-0.440721,-0.211624,0.429087,691.378357,3.028696,391.954000,4.179954,4.970178,314.860162,72.038751,29.670374,12.236291,0.347223,3.731479,10.130153,1.087983,1.183707,10.188411,14.064800,8.419171,5.645629,0.861113,0.683162,0.866880,25950.928782,2.457062,2523.328885,5.393662,4.848693,747.532475,240.142635,87.972120,49.812110,0.409068,4.032486,-2.209900,8.737195,76.338569,9.012337,16.246000,-26.589000,42.835000,-0.232587,0.162276,6.819403,20305.556727,0.820622,1756.951463,3.864534,4.968645,5083.305661,816.809734,349.233071,244.560835,0.336752,3.667131,32.966696,51.653613,2668.095697,61.277229,137.340000,-84.657000,221.997000,0.026349,-0.654191,40.591477,938724.692216,0.234688,12549.155400,4.355812,5.755012,27002.206892,4859.010064,2283.416717,1694.010763,0.425502,3.704761,0.956337,63.680994,4055.268943,63.688174,123.490000,-126.700000,250.190000,-0.290794,-1.011911,54.744882,1014045.880997,0.216614,13654.909870,4.069215,5.637334,33701.915502,3706.335080,2404.780350,1894.442072,0.389557,3.562496,82.093049,33.956380,1153.035775,88.838643,159.583314,14.587656,144.995659,-0.064118,-0.936550,29.197608,1973076.129941,0.333914,20428.923642,4.276332,5.419210,21337.191554,3494.954558,1592.544684,1147.998171,0.380825,3.725685,-0.440314,0.442842,0.196109,0.624489,0.532260,-0.951610,1.483870,1.060724,-0.166234,0.362905,97.496511,-0.051245,143.871991,5.056958,6.489007,230.161215,43.335514,26.715259,20.419756,0.528785,3.887529,0.782048,0.132499,0.017556,0.793193,1.006000,0.429720,0.576280,-0.860582,-0.137612,0.104016,157.288744,-14.474165,194.784065,6.416224,7.082118,74.935016,18.374414,11.860781,9.493586,0.580168,4.110960,0.471599,0.309844,0.096003,0.564277,0.926500,-0.071269,0.997769,-0.139387,-1.401863,0.281270,79.602236,-1.024640,118.827419,2.914130,5.472056,109.884560,8.335103,5.640807,3.795491,0.272742,2.840166,1.155202,0.055300,0.003058,1.156525,1.244017,1.045244,0.198773,-0.145410,-1.256535,0.048753,334.387490,-83.955964,287.667140,8.032926,7.808703,22.776235,7.750094,6.392244,5.081581,0.654785,4.191196
-1.076122,0.641379,0.411367,1.252759,1.074700,-2.410700,3.485400,0.530168,0.280819,0.517502,392.351354,2.612169,281.308239,5.843292,6.764359,337.509692,68.065062,36.917950,38.052605,0.517091,3.963550,9.920360,0.937537,0.878975,9.964563,12.890000,8.004600,4.885400,0.905737,0.546604,0.738063,24823.127498,2.584261,2470.204500,6.076194,5.339165,579.620819,216.411234,93.621077,54.011171,0.446260,4.055341,1.524772,0.640190,0.409843,1.653715,2.956800,0.139240,2.817560,-0.121180,-0.447100,0.507217,683.693483,3.165226,379.989165,4.461888,5.327013,367.739694,69.022014,34.758132,19.501054,0.388535,3.763735,10.134354,0.944221,0.891554,10.178246,13.185906,8.134828,5.051079,0.841668,0.574237,0.737750,25899.172335,2.554643,2523.601735,5.993203,5.341575,581.213123,210.247409,92.295829,52.142201,0.451085,4.037072,-0.533113,9.578223,91.742356,9.593048,19.932000,-23.239000,43.171000,-0.024026,-0.693308,8.037004,23006.641277,0.835763,2009.731237,3.520517,4.753147,4999.991453,532.917450,301.653157,185.239908,0.292116,3.444637,8.545122,45.476256,2068.089870,46.272119,113.490000,-85.211000,198.701000,-0.171407,-0.477565,37.327925,535277.243587,0.257761,9728.632220,4.024190,5.401094,22160.091634,2323.572628,1557.603511,1105.587627,0.363874,3.529440,2.541194,58.545096,3427.528261,58.600221,137.740000,-105.720000,243.460000,-0.074332,-1.052736,51.631205,858496.482440,0.218542,12917.153675,3.702787,5.173134,27352.598588,2567.411044,1529.870684,1169.654207,0.331233,3.367554,69.137484,29.784724,887.129762,75.280286,138.042231,9.937232,128.104999,-0.117040,-0.848401,24.515749,1416780.367304,0.367739,17222.553650,3.455292,4.034576,19601.996047,2670.904503,819.215962,482.917169,0.242491,3.561016,-0.713346,0.136540,0.018643,0.726296,-0.477820,-0.951610,0.473790,-0.047993,-1.179456,0.116787,131.876588,-15.927421,177.477750,4.015235,6.240684,51.995868,4.742661,3.554962,2.870625,0.312102,3.178953,0.771606,0.140438,0.019723,0.784283,0.961850,0.443780,0.518070,-0.573083,-0.896609,0.121378,153.774805,-15.208061,192.340355,5.722549,7.059712,52.052115,8.495609,6.765901,6.197844,0.450804,3.592953,0.095991,0.179749,0.032310,0.203774,0.648110,-0.164810,0.812920,0.850791,0.735181,0.137541,10.380957,-6.567743,38.487756,4.881002,6.462060,93.633920,15.107410,9.806854,7.927693,0.495051,3.803140,1.087735,0.031018,0.000962,1.088177,1.171826,1.023197,0.148630,0.704516,-0.160717,0.025036,296.032350,-144.775699,270.805900,8.302550,7.762118,14.143525,5.392906,4.221381,3.422319,0.676394,4.273043
-1.021160,0.720404,0.518982,1.249700,1.198800,-2.606300,3.805100,0.577165,0.307197,0.569600,390.437300,2.745760,276.611049,5.086388,5.855783,410.909124,91.264841,50.315988,35.755315,0.437917,3.921098,9.960498,1.003305,1.006621,10.010902,12.890000,6.932800,5.957200,0.373922,0.481149,0.783161,25054.537464,2.328663,2480.985900,5.573664,4.852729,681.829573,221.296827,101.156660,41.549054,0.406213,4.032847,1.282382,1.101656,1.213646,1.690606,3.682300,-1.850200,5.532500,-0.573214,0.308251,0.868055,714.537458,2.587629,367.705461,3.578269,5.022723,595.380101,84.692674,44.276764,23.118261,0.320534,3.534699,10.181245,0.990101,0.980300,10.229274,13.185906,7.235173,5.950733,0.367582,0.416653,0.765392,26159.512221,2.284081,2536.065933,5.472418,4.855368,687.680160,213.553624,98.609497,40.305804,0.404149,4.037193,2.703164,13.869783,192.370873,14.130746,41.684000,-23.239000,64.923000,0.676901,0.549812,10.835866,49919.492216,0.602601,2721.371234,3.148430,4.532595,8028.252015,708.130148,447.242684,211.069287,0.267259,3.427326,-27.310402,54.271975,2945.447222,60.756113,61.181000,-167.580000,228.761000,-0.434767,-0.476312,45.766655,922826.313785,0.230599,11793.983410,4.318886,5.826567,31572.159386,4335.577830,2643.297043,2019.678807,0.434190,3.746716,-1.550931,52.136833,2718.249346,52.159896,137.740000,-86.459000,224.199000,0.229983,-0.897978,45.373692,680163.683014,0.231912,11339.022255,2.959270,4.369749,29199.589956,2237.900112,1025.673890,757.506506,0.247932,3.330350,73.345467,35.101002,1232.080372,81.311979,167.611749,9.937232,157.674518,0.432190,-0.201866,27.891569,1652909.489016,0.310929,18240.707760,4.573370,5.451009,24501.723623,5238.943029,2045.880809,1273.263567,0.445988,3.954517,-0.553145,0.350200,0.122640,0.654683,0.328630,-0.949600,1.278230,1.253468,0.587650,0.265066,107.152338,-0.801077,152.131046,5.189878,6.520104,192.295116,36.511117,24.167065,18.232690,0.538865,3.935130,0.702105,0.144541,0.020892,0.716828,0.951810,0.419680,0.532130,0.043230,-1.218069,0.126310,128.460693,-12.576686,174.941790,5.339781,6.833440,68.559401,11.781967,9.074249,6.427727,0.471949,3.761082,0.262895,0.365582,0.133650,0.450294,0.902000,-0.164810,1.066810,0.700028,-1.087906,0.317269,50.691073,-3.806856,78.946546,3.595551,5.774111,150.077277,17.092172,10.929238,7.795466,0.367147,3.303018,1.070043,0.014954,0.000224,1.070148,1.098914,1.019494,0.079420,-0.430129,-0.144288,0.012505,286.304104,-359.983306,266.448073,11.073478,7.510860,5.512972,5.856356,3.926385,2.881845,0.763539,4.555392
-1.027744,0.818217,0.669479,1.313673,1.198800,-2.606300,3.805100,0.419761,-0.235391,0.654358,431.434486,3.052750,285.405405,4.425046,5.529854,468.273119,92.003239,41.061928,33.587999,0.373257,3.742952,10.025186,0.963290,0.927927,10.071360,12.973000,6.932800,6.040200,0.184276,0.556225,0.750730,25358.072308,2.243778,2497.073200,5.480364,4.694625,632.708906,227.394692,83.875451,31.911331,0.408589,4.017588,1.127024,1.124021,1.263424,1.591731,3.682300,-1.850200,5.532500,-0.328185,-0.008978,0.892262,633.401838,2.685952,337.979192,3.137544,4.389669,539.160911,74.743438,36.382838,14.405485,0.240120,3.296873,10.238139,0.933886,0.872143,10.280644,13.097119,7.235173,5.861946,0.219121,0.549634,0.723433,26422.908632,2.216212,2550.184695,5.490295,4.749919,617.573734,213.620250,81.749573,31.071215,0.411887,4.020454,4.912840,14.730282,216.981205,15.527949,41.684000,-22.538000,64.222000,0.591395,-0.351669,12.059590,60279.300861,0.618847,2999.043924,3.398014,4.807873,8757.403311,875.314101,495.183309,322.745502,0.292584,3.475885,-33.965921,55.932742,3128.471659,65.438181,75.319000,-167.580000,242.899000,-0.339047,-0.499661,45.995042,1070538.867545,0.221183,12785.503010,2.144449,2.904898,30848.201664,2907.000700,584.377664,258.650019,0.118170,3.107368,-2.430317,53.017834,2810.890708,53.073507,132.020000,-93.019000,225.039000,0.270859,-0.711338,44.972495,704199.287470,0.233586,11245.563240,2.242806,3.395847,31835.667387,971.104054,549.735436,445.509216,0.140292,3.101995,77.670121,36.158293,1307.422144,85.674207,167.611749,12.695243,154.916507,0.483172,-0.614412,30.352848,1835017.455876,0.317410,19350.873414,2.944372,3.878332,22850.321210,3186.677985,718.232887,415.969306,0.213068,3.437025,0.087524,0.595369,0.354464,0.601768,0.794350,-0.941530,1.735880,-0.474087,-1.352620,0.536019,90.531209,1.702079,138.590806,4.703549,6.380544,279.297099,46.267805,29.644999,22.012975,0.486914,3.728769,0.710338,0.141819,0.020113,0.724356,1.060200,0.419680,0.640520,0.317229,-0.381371,0.114120,131.172992,-9.589241,176.930765,5.341809,7.083296,65.538897,11.467055,7.259763,6.212167,0.444951,3.674202,0.403492,0.285088,0.081275,0.494046,0.902000,0.069042,0.832958,0.586081,-1.214097,0.250201,61.020300,-5.730829,100.659279,2.363429,4.966944,99.420045,5.744554,2.974541,2.911034,0.204072,2.615191,1.063255,0.019676,0.000387,1.063437,1.095489,0.969410,0.126079,-1.181881,2.415561,0.015140,282.724501,-208.240333,264.744276,11.553126,7.371258,6.855501,7.384776,5.518643,5.141909,0.787105,4.595042
-1.025950,0.764380,0.584277,1.279395,0.978370,-2.472100,3.450470,0.307664,-0.477664,0.639164,409.212594,3.041130,275.234563,5.169300,5.858426,364.761891,101.094242,50.603934,32.464314,0.459164,3.866970,10.058216,1.010485,1.021080,10.108847,13.879000,7.736700,6.142300,0.818421,0.873590,0.801247,25547.199208,2.241781,2504.155600,5.634168,4.871780,683.244441,233.395098,97.652192,45.552977,0.417059,4.048463,1.226330,0.738224,0.544975,1.431384,3.460600,-0.537750,3.998350,-0.118570,0.044352,0.578968,512.214709,2.582755,314.811416,4.804953,5.544645,380.606141,98.220985,41.629297,24.864805,0.422360,3.800284,10.240268,1.005692,1.011416,10.289534,14.087257,7.851212,6.236045,0.791093,1.023453,0.789613,26468.626511,2.228835,2549.487617,5.552973,4.849204,680.166170,220.646394,97.932906,43.424561,0.402728,4.030682,1.711768,15.685937,246.048630,15.779061,32.145000,-31.452000,63.597000,0.165173,-0.892152,13.189901,62244.695288,0.636779,3270.205174,2.993284,4.417548,8207.848121,690.553513,397.906879,182.918876,0.239823,3.300040,-4.914955,49.663480,2466.461250,49.906092,76.864000,-157.520000,234.384000,-0.683057,0.056890,39.676738,622654.508042,0.222848,9710.429990,5.094888,6.037038,24785.911151,5049.247337,2625.257076,1947.808939,0.488313,3.821026,1.690594,60.934672,3713.034198,60.958119,132.020000,-101.060000,233.080000,0.132185,-0.993817,52.185604,928973.076265,0.231372,13028.981240,2.554920,3.833798,27285.471253,1407.770814,771.744198,508.803332,0.183311,2.987879,72.316665,35.011272,1225.789146,80.346059,157.900409,4.521897,153.378512,0.035389,-0.969106,29.945998,1613872.279595,0.319611,17987.135338,5.567477,5.999663,19814.195160,4960.434688,2428.495760,1739.303373,0.517061,3.987656,0.572661,0.168431,0.028369,0.596917,0.794350,0.199600,0.594750,-0.632490,-0.804979,0.142556,89.077469,-10.900105,142.599765,5.103973,6.499306,75.035384,12.445968,8.348301,6.624577,0.485025,3.751859,0.834403,0.122640,0.015041,0.843367,1.072300,0.592370,0.479930,0.289791,-1.050876,0.104562,177.817103,-17.438813,207.866725,5.795463,7.346098,49.255900,8.470703,6.623846,6.157766,0.443462,3.633365,0.246726,0.113926,0.012979,0.271759,0.699330,0.084633,0.614697,1.287581,2.371339,0.086075,18.463216,-15.251040,61.196021,5.265081,6.590199,67.393709,12.873528,7.904116,6.536233,0.531995,3.973046,1.068050,0.026474,0.000701,1.068378,1.130099,0.969410,0.160689,-0.164125,0.644148,0.020164,285.357789,-140.277971,265.925025,10.553693,7.598342,11.357035,8.091984,6.515627,6.117768,0.754418,4.532980
-1.150185,0.634800,0.402971,1.313734,0.027814,-3.327000,3.354814,-0.500410,0.039690,0.529395,431.473941,2.576140,285.868570,5.136569,5.675452,326.138774,84.972685,45.421841,25.486325,0.442123,3.902932,9.975326,1.015941,1.032136,10.026927,13.879000,7.692500,6.186500,0.810014,1.221539,0.795451,25134.816266,2.190492,2484.055850,5.862341,4.968042,642.301094,239.611875,96.277343,55.358496,0.449042,4.058716,1.069255,0.804921,0.647898,1.338358,2.930100,-0.659450,3.589550,-0.203834,-0.686842,0.669514,447.800701,3.197213,286.232860,3.850792,4.879828,384.510310,81.695586,32.111171,16.104587,0.314119,3.540617,10.150520,1.011589,1.023313,10.200802,14.087257,7.851212,6.236045,0.794282,1.205030,0.791598,26014.090908,2.213680,2527.685907,5.754570,4.971621,649.313526,228.661225,97.599434,53.422500,0.445305,4.054119,0.527785,17.576048,308.917466,17.583971,40.595000,-31.452000,72.047000,0.392553,-0.860161,15.034026,77299.005576,0.576420,3724.527479,2.968152,4.214770,7076.489505,542.495358,348.824802,190.796347,0.221740,3.043870,-19.745741,46.214992,2135.825439,50.256539,76.864000,-114.560000,191.424000,-0.090099,-0.700551,37.988870,631429.936115,0.270146,9959.623020,2.787214,3.767745,23724.436177,3240.154673,678.028789,422.774307,0.192704,3.243601,-2.310458,60.259293,3631.182444,60.303571,113.450000,-101.060000,214.510000,0.280778,-1.069673,51.890749,909130.165096,0.248457,12967.686540,2.536408,3.777193,27731.910446,1549.089266,758.370149,491.972079,0.180140,2.972190,73.222824,33.314479,1109.854543,80.445239,122.922548,4.521897,118.400651,-0.261937,-1.190031,29.140081,1617859.106786,0.398914,18234.434728,3.484130,4.047593,20053.231157,2970.016773,765.375465,482.627915,0.242303,3.501225,0.443774,0.280736,0.078813,0.525117,0.782260,-0.229840,1.012100,-0.719128,-0.573583,0.237713,68.936960,-2.344719,116.220705,4.434368,6.196883,144.188163,21.966207,13.375669,10.482871,0.453276,3.683030,0.922875,0.118468,0.014035,0.930448,1.124500,0.692770,0.431730,-0.291768,-1.239118,0.105006,216.433214,-21.171769,229.796065,5.894959,7.111436,61.248800,11.836436,7.671657,8.461084,0.521049,3.933595,-0.038521,0.337773,0.114091,0.339962,0.347440,-0.668150,1.015590,-0.737942,-1.045211,0.298888,28.893603,-3.234243,71.858597,4.634914,6.401595,151.159076,24.050873,15.158788,12.118297,0.483628,3.683375,1.120035,0.050757,0.002576,1.121185,1.238911,1.005641,0.233270,0.396929,-0.675921,0.041845,314.263777,-70.273551,278.865900,8.140418,7.741765,25.267982,8.405815,6.874477,6.554444,0.659235,4.282946
-1.031531,0.674038,0.454327,1.232227,0.885650,-3.327000,4.212650,-0.022175,1.071485,0.519107,379.595861,2.317378,268.312051,4.558725,5.420662,397.948260,94.879322,41.146371,24.770786,0.407380,3.835919,9.992851,1.009020,1.018122,10.043665,13.323000,7.692500,5.630500,0.501695,0.432335,0.795647,25218.799198,2.474937,2488.497800,5.433254,4.641275,711.427107,238.581246,84.198864,46.998779,0.409106,4.061210,0.868578,0.967909,0.936847,1.300491,2.930100,-1.053000,3.983100,0.116076,-0.768878,0.790940,422.818926,3.275772,263.623373,3.293379,4.492361,467.146167,79.169792,30.103011,14.078185,0.268368,3.382919,10.154974,0.980488,0.961356,10.202199,13.350455,8.125381,5.225074,0.535335,0.354664,0.774794,26021.213984,2.583511,2528.784422,5.398923,4.661830,701.029057,230.880488,83.991916,45.404609,0.410430,4.071040,2.898891,17.945189,322.029817,18.177827,42.617000,-26.196000,68.813000,0.598559,-0.696123,15.238157,82608.346277,0.594468,3694.220390,3.283471,4.840810,9685.080531,855.770700,431.619439,359.352390,0.283593,3.340185,-36.730802,48.964046,2397.477784,61.209718,74.947000,-175.660000,250.607000,-0.490974,0.218941,38.894865,936657.407966,0.209084,11659.604970,3.063272,4.362513,30928.086554,3696.018725,1092.635169,845.406762,0.255335,3.476415,-5.479425,58.577082,3431.274556,58.832802,129.120000,-100.650000,229.770000,0.540966,-0.816857,50.078799,865324.662388,0.232033,12702.306670,3.106219,4.453866,32668.079993,2522.240930,1123.716364,989.821685,0.257222,3.301213,80.059745,33.597602,1128.798882,86.823739,176.798301,16.775237,160.023064,0.281085,-0.095868,27.078804,1884590.416631,0.303184,19964.563547,3.262091,3.766885,23270.820384,3133.681781,820.549558,407.918502,0.218254,3.568683,-0.184419,0.583738,0.340751,0.612177,0.776210,-1.012100,1.788310,0.202893,-1.377645,0.518991,93.690243,2.526676,133.407165,4.431480,6.262928,261.446693,40.040900,24.565876,19.507861,0.462785,3.627723,0.940745,0.140192,0.019654,0.951133,1.124500,0.528110,0.596390,-0.966225,0.245556,0.115464,226.163707,-13.324227,234.294685,5.135457,6.770390,76.111205,11.347843,8.922323,7.729155,0.403670,3.753559,-0.134637,0.322799,0.104199,0.349751,0.331850,-0.668150,1.000000,-0.342443,-1.390406,0.291551,30.581520,-2.103810,70.145903,2.545002,5.019611,106.934633,7.137594,4.142114,3.361721,0.225247,2.699973,1.182848,0.051122,0.002613,1.183952,1.315690,1.050668,0.265022,0.426219,-0.154460,0.040953,350.435470,-60.498433,294.562736,8.420819,7.943441,19.285214,6.156639,6.237796,6.189315,0.612945,4.121287
-0.980877,0.648477,0.420523,1.175859,0.885650,-2.278900,3.164550,0.317178,-0.231007,0.541850,345.660808,2.770693,255.646219,4.914632,5.704400,320.129646,85.771243,39.688166,24.111601,0.411674,3.822484,10.082446,1.151621,1.326232,10.148003,13.732000,7.802700,5.929300,0.598963,0.227042,0.933512,25745.489259,2.514203,2511.350800,5.063305,4.421900,800.643988,231.377511,76.021574,35.504036,0.344319,3.922220,1.001430,0.839714,0.705120,1.306898,2.783500,-1.053000,3.836500,-0.134527,-0.174890,0.656381,426.995421,3.015819,277.495592,3.472515,4.640570,491.915961,84.647037,33.987190,16.327802,0.288949,3.571069,10.236890,1.130779,1.278662,10.299154,13.881973,7.928537,5.953437,0.619706,0.378027,0.905845,26518.145488,2.518756,2549.705848,5.013630,4.399619,784.705322,224.172972,75.416229,33.757002,0.344963,3.917187,1.983782,17.779935,316.126072,17.890262,42.617000,-28.059000,70.676000,0.426140,-0.717323,14.998535,80015.365483,0.584469,3679.066780,3.993974,5.543955,9182.827972,1021.421809,660.212125,492.447126,0.382769,3.579760,-16.151234,53.178306,2827.932202,55.576925,93.595000,-175.660000,269.255000,-0.628479,0.782745,39.799755,772198.643759,0.196324,10156.371976,4.565469,5.900738,30352.667129,4928.804467,2671.817405,1981.267081,0.457172,3.810149,-2.124897,65.604939,4304.008080,65.639342,149.980000,-100.650000,250.630000,0.492027,-0.872487,56.752454,1077130.816489,0.216161,14215.834810,2.598321,3.774210,30129.012887,1236.207632,683.271989,578.200567,0.174511,2.916096,80.019055,36.253691,1314.330076,87.848616,176.798301,6.502004,170.296297,0.172519,-0.215484,28.751753,1929344.825731,0.289192,19927.520154,3.593857,4.489583,22619.205275,3094.126859,1047.586813,607.376694,0.285536,3.593316,-0.709290,0.198198,0.039282,0.736461,-0.046371,-1.012100,0.965729,0.711043,0.670208,0.160451,135.593663,-3.786405,176.988827,5.374798,6.539381,87.597386,18.542161,10.872891,7.797041,0.527169,3.847336,0.839461,0.192511,0.037061,0.861253,1.122500,0.321290,0.801210,-0.581887,-0.619754,0.161134,185.439006,-4.794180,208.895475,5.077168,6.923732,77.838926,10.640012,8.237375,7.928855,0.414951,3.474499,0.099893,0.213751,0.045690,0.235941,0.371940,-0.583520,0.955460,-1.626237,2.642625,0.145079,13.917050,-5.407997,47.541166,4.754614,6.247908,114.868147,20.058683,11.147350,10.077018,0.484191,3.818485,1.155688,0.064687,0.004184,1.157497,1.315690,1.047459,0.268230,0.640241,-0.541734,0.053520,334.949720,-54.847270,287.777054,6.927112,7.643519,25.808974,6.771782,5.163436,5.412030,0.564629,3.918690
-1.091484,0.657627,0.432473,1.274288,0.736150,-2.804800,3.540950,-0.084238,-0.303279,0.548141,405.952501,2.638482,277.971972,5.050164,5.754454,347.249236,98.044376,42.605175,33.700494,0.449596,3.904293,10.039862,1.147606,1.317000,10.105238,13.732000,7.841600,5.890400,0.706566,0.159991,0.941892,25528.957235,2.491720,2500.111800,5.182307,4.535450,759.146810,223.507806,75.741271,36.948537,0.375245,3.919276,0.961567,0.817074,0.667609,1.261833,2.822200,-0.868730,3.690930,-0.239830,-0.670880,0.681707,398.055356,3.027955,265.583143,3.847579,5.032568,419.818806,81.699160,30.223579,17.127340,0.336135,3.596137,10.199962,1.136939,1.292629,10.263131,13.881973,7.928537,5.953437,0.712087,0.292083,0.919353,26332.965092,2.476537,2539.872010,5.104603,4.531424,757.483483,214.249817,74.485966,35.936347,0.367380,3.906347,0.151398,16.806920,282.472550,16.807602,32.711000,-28.624000,61.335000,0.149237,-1.039638,14.158074,70623.867784,0.665692,3517.221620,2.933106,4.395086,7186.333764,616.693943,275.807634,183.319672,0.233846,3.095632,-18.139231,47.276533,2235.070613,50.636966,93.595000,-160.750000,254.345000,-0.357960,1.016039,35.021836,641025.577907,0.203202,9501.618966,3.173035,4.476335,27981.328600,3153.506710,1052.138459,875.168051,0.280969,3.494203,-4.070049,62.266867,3877.162664,62.399743,149.980000,-91.835000,241.815000,0.627310,-0.655354,52.998884,973431.989970,0.220819,13313.865010,2.399952,3.561499,30290.813762,1510.659795,531.461218,505.896802,0.164872,2.984142,74.221400,35.092869,1231.509479,82.099487,160.935118,6.502004,154.433114,0.212637,-0.443325,28.857551,1685081.435661,0.316608,18491.159434,3.194142,3.745726,23016.208776,3346.507898,660.985767,457.684819,0.212962,3.513405,-0.668774,0.189961,0.036085,0.695229,-0.161290,-1.006000,0.844710,0.452560,-0.270170,0.154129,120.835977,-4.692495,166.820525,4.311431,6.143502,98.252005,14.397327,8.747992,6.808899,0.420016,3.623653,0.722803,0.182954,0.033472,0.745598,1.048200,0.321290,0.726910,-0.100027,-1.234660,0.161633,138.979056,-5.938672,179.874455,5.362860,6.726876,76.135339,13.155463,9.111561,7.725362,0.465833,3.683953,0.325790,0.269177,0.072456,0.422606,0.919820,-0.037862,0.957682,0.761573,-0.218310,0.214622,44.648932,-2.501689,81.812847,4.821514,6.417686,134.054225,22.473943,14.124855,11.200731,0.497168,3.779980,1.103362,0.021193,0.000449,1.103565,1.169740,1.045280,0.124460,0.348353,0.421489,0.016411,304.463965,-199.176677,274.713376,9.198802,7.466004,10.477828,5.775380,3.811524,4.119403,0.720148,4.435664
-1.050489,0.635501,0.403862,1.227758,0.736150,-2.804800,3.540950,0.011505,0.174627,0.507394,376.847262,2.557546,270.363555,5.888618,6.343535,357.607164,125.972888,46.853674,44.942584,0.535668,4.087837,9.986518,1.036571,1.074479,10.040170,13.671000,7.842400,5.828600,0.765540,0.411811,0.827334,25201.255077,2.413845,2487.173500,5.298699,4.630392,732.884487,233.990885,85.553757,42.527262,0.408293,4.036740,0.906449,1.018864,1.038083,1.363720,3.243000,-1.020700,4.263700,-0.066756,-0.905356,0.873337,464.932979,3.017064,279.648892,3.923889,5.092269,521.477111,76.894123,41.591134,19.596952,0.338994,3.596117,10.157100,1.002729,1.005465,10.206475,13.790679,8.151422,5.639257,0.808924,0.544826,0.790909,26043.035317,2.415943,2529.460156,5.310212,4.678169,712.894430,227.904401,85.166598,42.284844,0.413375,4.050494,0.424075,17.371600,301.772499,17.376776,43.302000,-30.465000,73.767000,0.365570,-0.471362,14.068618,75488.084664,0.562201,3478.524550,3.478737,5.090610,8413.911226,832.592761,451.585169,343.350984,0.316731,3.356700,-33.887878,42.436995,1800.898538,54.307337,82.053000,-160.750000,242.803000,-0.879687,0.740391,32.445756,737321.710135,0.208562,9810.676180,4.801423,5.813193,25284.994781,4911.422468,2422.660038,1776.990296,0.474356,3.881398,-8.556509,51.069787,2608.123163,51.781628,112.650000,-93.605000,206.255000,0.542595,-0.777311,44.012058,670334.250606,0.251104,11339.909260,3.176980,4.637680,28727.285363,2095.591327,1059.930447,898.357927,0.278247,3.372623,70.135863,31.836094,1013.536910,77.023218,160.935118,12.801821,148.133297,0.601316,0.045711,25.899139,1483144.045405,0.323488,17446.925117,2.926828,3.461120,20578.380360,2259.675372,574.094178,219.732392,0.172439,3.387945,-0.230427,0.434989,0.189216,0.492252,0.512100,-0.921370,1.433470,0.020258,-1.342817,0.387974,60.578106,1.769145,100.502997,4.753048,6.428492,192.723829,32.359794,20.976739,16.077904,0.493402,3.702906,0.678048,0.124701,0.015550,0.689420,0.953820,0.190760,0.763060,-0.050779,0.355531,0.092930,118.824871,-10.263779,168.629490,7.587606,7.847896,61.110267,15.014612,13.690119,14.788121,0.644222,4.160947,0.631777,0.261043,0.068144,0.683583,0.919820,-0.008909,0.928729,-0.947248,-0.131443,0.221353,116.821485,-4.726950,157.720439,3.461049,5.662496,109.442430,10.423373,7.232124,6.340481,0.338824,3.256588,1.088170,0.027986,0.000783,1.088530,1.142852,0.823508,0.319344,-3.508734,30.483507,0.018408,296.224463,-71.719384,270.953521,11.044200,7.466646,11.784225,9.387515,7.766287,8.691389,0.865706,4.654395
-1.043727,0.615852,0.379274,1.211875,0.505810,-2.333800,2.839610,0.002636,-0.874951,0.528442,367.160137,2.990639,263.861125,5.001505,5.764843,304.616140,87.951802,28.297679,19.611998,0.433464,3.833559,10.017043,0.979134,0.958704,10.064783,13.671000,8.010200,5.660800,1.018241,1.425853,0.750707,25324.964628,2.324268,2494.255850,5.593295,4.713821,640.961552,244.406567,92.495785,36.882213,0.406144,4.045490,1.058875,0.986803,0.973781,1.447411,3.243000,-1.020700,4.263700,-0.200222,-0.786906,0.831887,523.749340,3.091270,302.365714,3.503835,4.425951,465.052790,76.329679,33.189680,14.839227,0.276671,3.456652,10.195406,0.957705,0.917199,10.240288,13.790679,8.112355,5.678323,1.032473,1.543507,0.734437,26215.874105,2.251134,2538.601430,5.516366,4.694591,633.796593,233.100932,91.151631,35.991792,0.399236,4.038021,1.139877,18.920900,358.000467,18.955205,43.302000,-36.822000,80.124000,0.276335,-0.557355,15.223581,89824.946955,0.533674,3749.396182,2.677953,4.077317,8625.918522,689.917344,318.195097,201.713851,0.198732,3.080317,-22.468436,42.472298,1803.896092,48.049211,76.310000,-127.910000,204.220000,-0.618166,0.075149,33.057754,577181.673926,0.246207,8597.858652,2.808895,3.762037,24214.308486,2456.627349,660.482144,439.118015,0.196758,3.301732,-5.596700,58.376567,3407.823565,58.644238,125.300000,-97.255000,222.555000,0.320621,-1.079913,51.275125,859786.653930,0.238542,12926.575000,3.292793,4.739923,26450.206064,2252.562301,1165.309935,824.963387,0.271156,3.179100,71.208282,32.195553,1036.553641,78.148404,136.709329,12.012066,124.697262,0.079275,-0.924128,27.576296,1526793.274811,0.381214,17701.501140,4.037178,4.957236,20779.983499,2959.057532,1266.959474,847.956028,0.338137,3.707212,0.368105,0.285812,0.081688,0.466036,0.812500,-0.143150,0.955650,-0.092649,-1.237846,0.243875,54.297363,-0.999613,96.144152,3.932951,5.900975,123.877359,16.644879,9.832286,7.957586,0.394852,3.442674,0.754787,0.137421,0.018885,0.767195,1.086300,0.190760,0.895540,0.675572,0.695914,0.111527,147.146984,-9.820646,187.850360,7.203541,7.619955,72.790157,17.214135,14.468794,15.351768,0.603681,4.166212,0.477666,0.332572,0.110604,0.582039,0.875280,-0.080178,0.955458,-0.201288,-1.530931,0.305237,84.692279,-4.063118,120.991075,4.943084,6.476563,153.028125,28.202176,17.357258,13.620185,0.516621,3.799569,1.069504,0.026583,0.000707,1.069835,1.111385,0.823508,0.287877,-3.610383,28.210321,0.017847,286.136626,-83.006157,266.279749,11.708016,7.129230,9.836027,10.231990,8.501988,9.498147,0.866491,4.682837
-1.091077,0.773943,0.598988,1.337699,0.505810,-3.154200,3.660010,-0.213726,-0.840276,0.670459,447.359321,2.888501,278.541022,5.520978,6.308635,329.340921,80.502311,43.169056,36.011199,0.493189,3.830628,10.079562,1.068176,1.141001,10.136004,14.580000,7.922800,6.657200,1.039402,1.701158,0.828035,25684.644781,2.086951,2509.776200,6.001444,4.900496,640.110594,258.761214,130.972234,43.531148,0.443499,4.049432,1.172377,0.731847,0.535600,1.382052,2.671300,-0.527710,3.199010,-0.363638,-0.396857,0.582467,477.516971,3.235955,302.565246,4.187960,5.286273,394.897696,68.997968,34.519424,21.676729,0.361038,3.669635,10.260661,1.075607,1.156930,10.316883,14.842643,7.985683,6.856960,1.021341,1.857728,0.831511,26609.521073,2.053564,2554.798691,5.859500,4.879453,647.573792,248.122023,128.002599,40.981496,0.426702,4.021552,0.078927,19.371148,375.241372,19.371309,40.272000,-42.866000,83.138000,-0.070479,-0.689840,15.597736,93811.900336,0.521076,3862.116412,2.852067,4.257185,8458.603361,661.597335,378.652693,223.309633,0.215449,3.037390,-3.065314,47.944338,2298.659552,48.042228,100.400000,-116.340000,216.740000,-0.305379,-0.107428,36.647778,577013.925056,0.238155,9062.618772,3.976578,5.368445,23125.452897,2808.516723,1465.860890,1142.311773,0.354800,3.480092,-0.804098,69.201382,4788.831334,69.206054,127.240000,-119.320000,246.560000,0.209523,-1.237350,61.387094,1197369.477005,0.220399,15264.983860,3.143145,4.456800,26579.047619,1877.314853,1119.696102,644.294837,0.237730,2.958129,78.632269,35.913053,1289.747404,86.445250,134.554346,4.181971,130.372376,-0.395905,-1.018608,30.563570,1868195.302397,0.369725,19552.106147,4.139569,4.745752,19911.969162,2985.846120,1153.939978,730.126563,0.326956,3.599529,0.568774,0.210068,0.044129,0.606327,0.854840,0.098790,0.756050,-0.552427,-0.948898,0.181903,91.908171,-5.228626,141.691555,3.293330,5.577957,70.781072,4.195315,3.166766,3.151530,0.240682,2.794878,0.872786,0.148894,0.022170,0.885396,1.148600,0.578310,0.570290,0.080490,-1.176211,0.129929,195.981400,-10.959051,217.257835,5.664692,7.167132,51.533033,10.299630,5.043517,6.566344,0.438671,3.529115,0.069354,0.166833,0.027833,0.180674,0.427620,-0.193760,0.621380,0.609752,-0.464934,0.133193,8.160776,-10.263998,33.945433,4.559889,6.403642,74.974435,11.874144,6.828894,5.746562,0.451225,3.631766,1.087680,0.033960,0.001153,1.088210,1.178081,0.986173,0.191908,0.142131,0.291672,0.026817,296.050347,-104.340942,270.809358,9.054480,7.808735,16.236292,8.616989,4.688354,5.674128,0.671984,4.376468
-0.871063,1.065586,1.135474,1.376309,2.413300,-3.154200,5.567500,0.612917,0.886873,0.818769,473.556499,2.489704,282.389983,3.671935,5.213165,601.263399,68.960612,43.242195,29.496684,0.327358,3.537214,10.045660,1.048267,1.098864,10.100206,14.580000,7.922800,6.657200,1.015233,1.573746,0.828245,25503.539114,2.044589,2501.025600,5.616256,4.934291,740.425836,252.344579,114.106843,50.054676,0.437194,4.102242,1.284898,0.542022,0.293787,1.394543,2.835400,0.141790,2.693610,0.158242,-0.061487,0.416699,486.187247,2.795404,319.519630,4.153066,4.945171,338.094000,73.430047,29.802130,18.805484,0.334369,3.753417,10.233512,1.062241,1.128356,10.288495,14.842643,7.985683,6.856960,1.005444,1.714338,0.828373,26463.282861,2.076345,2547.808912,5.438625,4.909112,758.674303,241.871643,112.289594,46.780075,0.424628,4.080577,-2.059414,16.712452,279.306064,16.838861,35.276000,-42.866000,78.142000,0.032074,-0.379685,13.536573,70886.812527,0.537050,3398.296034,4.282177,5.663790,9104.711432,1246.832511,803.965350,554.137146,0.415861,3.699318,37.758755,58.981057,3478.765063,70.032054,165.360000,-103.650000,269.010000,0.083605,-0.206190,46.558928,1226122.160533,0.200308,13532.948330,2.038170,2.969312,30300.772191,2335.176572,422.362947,289.047703,0.118810,2.995201,3.810796,64.498075,4160.001710,64.610555,127.240000,-119.320000,246.560000,0.003526,-1.100168,55.972906,1043630.968719,0.220433,13997.349060,3.495126,4.992310,32229.706809,2872.171857,1589.934698,1334.245009,0.319400,3.396018,87.752870,40.767556,1661.993594,96.760321,165.834550,4.181971,161.652579,-0.192428,-0.856626,33.913310,2340639.941779,0.310466,21852.239963,4.036989,5.204786,26994.361301,3629.833592,1735.790345,1303.002974,0.361037,3.716246,0.313412,0.526999,0.277728,0.613152,0.862900,-0.907260,1.770160,-1.006864,-0.214672,0.420698,93.988831,1.364610,140.711769,4.178909,6.063177,265.474388,36.490663,22.330782,17.951632,0.434953,3.615811,0.837148,0.146678,0.021514,0.849900,1.148600,0.520080,0.628520,0.278981,-0.482430,0.118880,180.582651,-10.404063,208.499780,5.345494,6.710855,82.843238,15.524664,9.400082,8.305995,0.505603,3.912038,0.275510,0.357462,0.127779,0.451315,0.939870,-0.193760,1.133630,0.397857,-1.297372,0.326804,50.921258,-0.618332,83.377475,4.004993,6.030989,132.959855,17.613544,10.675615,8.708535,0.406746,3.346138,1.140330,0.040234,0.001619,1.141039,1.216317,1.039927,0.176390,-0.124334,-0.901229,0.034410,325.492740,-106.114060,283.962379,8.614828,7.795989,18.226138,8.331145,5.049822,5.556312,0.673014,4.314523
-0.781016,0.965989,0.933135,1.242224,2.413300,-2.773200,5.186500,0.905948,1.661941,0.722880,385.780391,2.394775,259.371275,4.157618,5.795639,564.205143,81.795229,41.723638,28.674553,0.373186,3.652006,10.022751,1.010377,1.020862,10.073550,13.471000,8.138500,5.332500,0.891001,0.558757,0.801987,25369.100955,2.510397,2495.971500,5.500231,4.910457,704.690459,206.040082,94.732651,47.700260,0.412399,4.044472,1.356287,0.644574,0.415476,1.501663,2.848100,0.141790,2.706310,0.169834,-0.588338,0.516705,563.747671,3.286642,337.590350,3.915356,4.691172,361.061286,69.068554,33.762594,15.152202,0.307922,3.650767,10.209473,1.020384,1.041184,10.260337,13.763121,8.284654,5.478467,0.915829,0.748063,0.799806,26318.629017,2.476248,2542.521089,5.362344,4.897383,721.865401,203.596032,92.720684,46.534341,0.406769,4.035054,-3.236166,16.029494,256.944679,16.352903,35.276000,-38.323000,73.599000,0.132056,-0.546467,13.205119,66854.362608,0.564364,3329.051324,4.934796,6.104967,8364.876593,1616.082190,864.841001,657.589837,0.477609,3.804639,37.478765,56.994081,3248.325240,68.212778,165.360000,-114.060000,279.420000,0.165484,0.027589,43.867358,1163245.772938,0.192498,13101.190516,3.027295,4.665409,31323.244152,2986.941947,1275.855464,971.845588,0.276835,3.373302,0.379493,60.991904,3720.012381,60.993085,116.950000,-127.240000,244.190000,-0.241010,-1.118155,52.862188,930039.098987,0.219663,13136.254400,4.535410,5.859649,35744.064822,5508.940900,3098.151913,2404.382556,0.456512,3.802408,84.449566,38.843632,1508.827778,92.954596,165.834550,5.020092,160.814458,0.119053,-0.641388,31.171919,2160139.234533,0.308853,21014.616466,3.780280,5.187045,24541.288870,3512.825635,1443.969820,1092.575407,0.346790,3.654602,-0.343145,0.608367,0.370110,0.698469,0.862900,-0.973790,1.836690,0.904004,-0.779955,0.528110,121.964593,1.152478,165.302479,4.549510,6.375743,281.312295,42.919846,26.206380,21.078197,0.474087,3.670179,0.765421,0.132846,0.017648,0.776864,1.008000,0.343370,0.664630,-0.546534,-0.199488,0.107045,150.879467,-9.956558,190.652555,6.387916,7.048917,81.155353,21.334450,11.367732,9.762368,0.596712,4.175376,0.381746,0.280496,0.078678,0.473717,0.939870,-0.017817,0.957687,0.367655,-0.979456,0.241061,56.102031,-1.230327,95.356311,2.963649,5.341767,104.655726,7.762638,5.459419,4.710288,0.267785,2.960790,1.146483,0.036893,0.001361,1.147076,1.216317,1.056113,0.160204,-0.292055,-0.673702,0.030614,328.946091,-121.702626,285.499631,9.188767,7.986411,14.097911,7.074219,4.150639,5.197903,0.679888,4.303265
-0.971724,0.736401,0.542287,1.219235,0.595040,-2.676500,3.271540,-0.018367,-0.910600,0.634193,371.633603,2.994403,255.237626,5.434805,6.414659,385.184562,89.554856,41.194232,31.538933,0.477982,3.913333,10.082938,1.059089,1.121670,10.138407,13.471000,8.102100,5.368900,0.646470,0.018343,0.856709,25696.825080,2.658418,2510.567700,5.825793,5.340669,642.277692,195.852649,85.034249,56.898218,0.446155,3.989753,1.413921,0.749082,0.561124,1.600093,2.985200,-0.250390,3.235590,-0.083349,-0.685871,0.605926,640.074170,3.253555,353.996908,4.009145,4.791181,381.314556,74.105560,31.423951,14.446071,0.320090,3.586039,10.280244,1.072715,1.150717,10.336060,13.763121,8.245683,5.517438,0.649410,0.188904,0.854655,26708.532853,2.593664,2559.783304,5.655658,5.299650,656.563979,189.969909,82.893696,55.483881,0.432940,3.969053,-0.942532,19.396278,376.215582,19.419164,39.087000,-38.323000,77.410000,0.118081,-0.983834,16.364328,94275.986908,0.552681,4083.724400,3.046718,4.467898,8111.829565,741.381375,376.745028,219.762095,0.238998,3.128203,6.159544,43.352576,1879.445852,43.787965,90.812000,-114.060000,204.872000,-0.420933,-0.265878,35.240893,479346.459493,0.251155,8973.039876,3.392677,4.257152,20329.251284,3086.567933,768.386043,565.220738,0.257959,3.359233,-1.753200,70.917844,5029.340558,70.939511,122.500000,-127.240000,249.740000,-0.046815,-1.339207,62.818997,1258103.567085,0.218330,15672.374080,2.669245,4.122016,30008.770540,1824.579357,836.940957,746.800415,0.197801,2.905515,78.895581,33.202278,1102.391289,85.597337,144.136986,5.020092,139.116893,-0.308164,-0.763525,27.558405,1831726.013487,0.347721,19689.439200,3.860031,4.459481,19353.057930,3231.771343,1054.915246,521.303033,0.283689,3.568853,-0.732081,0.165740,0.027470,0.750608,-0.377020,-0.979840,0.602820,0.318084,-0.998669,0.140523,140.852993,-9.488731,182.094790,3.467836,5.760922,63.707195,4.621663,3.403324,3.185218,0.255173,2.995792,0.748554,0.178783,0.031963,0.769608,0.989960,0.301200,0.688760,-0.645700,-0.755128,0.152398,148.074085,-7.697312,186.627450,5.222870,6.882764,67.559274,8.717762,7.816741,6.814291,0.407364,3.461978,0.107635,0.164875,0.027184,0.196898,0.514480,-0.238310,0.752790,-0.046900,-0.265316,0.134414,9.692225,-6.781592,38.811797,4.827661,6.414766,78.529512,13.772376,8.357076,6.118286,0.472522,3.725448,1.092236,0.038696,0.001497,1.092921,1.186553,0.998731,0.187822,0.505478,-0.635689,0.032754,298.619303,-104.155505,271.937975,7.944712,7.804780,17.204202,5.416169,4.490939,4.356656,0.628795,4.184361
-1.130401,0.882649,0.779070,1.434181,0.758510,-3.718900,4.477410,-0.208561,-0.382514,0.732548,514.218961,2.759729,298.837947,5.080825,5.768592,389.874627,142.446579,38.860593,32.318624,0.428977,3.793136,10.143890,0.973509,0.947719,10.190496,13.680000,8.102100,5.577900,0.628459,0.429716,0.763007,25961.553773,2.392338,2526.488650,6.065725,5.327083,563.744416,205.515686,95.655267,56.270997,0.451741,4.011793,1.225290,1.170949,1.371122,1.694833,4.532400,-1.449100,5.981500,-0.102778,-0.078149,0.930871,718.114603,2.514752,355.492570,3.479655,4.807139,640.339610,83.293163,46.882570,20.104445,0.297707,3.493417,10.380765,1.007607,1.015271,10.429552,13.903912,8.245683,5.658229,0.595842,0.406287,0.778676,27193.887336,2.472291,2585.624391,5.742957,5.242503,606.035969,203.839887,91.592799,54.141934,0.434651,3.993540,2.644421,21.076681,444.226485,21.241927,52.212000,-33.258000,85.470000,0.313944,-0.773869,17.810494,112804.861351,0.509578,4434.016340,3.886457,5.308528,10727.178529,1462.536997,667.919588,504.137958,0.359424,3.545815,-18.592124,56.647565,3208.946588,59.620581,90.812000,-165.620000,256.432000,-0.488579,-0.220532,45.678812,888653.413795,0.209910,11678.832230,3.161675,4.502710,29035.117806,4179.126065,1256.597536,810.793260,0.276388,3.397637,-0.711655,69.836443,4877.128816,69.840069,122.500000,-110.530000,233.030000,0.116675,-1.407704,62.949728,1219408.817272,0.231404,15694.147830,2.485244,3.752126,28039.892183,1577.174120,651.751382,570.314993,0.170788,2.852169,87.012452,36.225703,1312.301593,94.252153,166.271762,7.940890,158.330873,-0.247504,-0.618103,29.963505,2220867.092418,0.310371,21678.627431,3.944119,4.776327,20825.090374,3432.689987,1143.984952,856.381110,0.318532,3.613384,-0.675557,0.215265,0.046339,0.709024,-0.010081,-0.979840,0.969759,0.560516,0.040992,0.182087,125.678884,-4.030286,168.400221,5.549455,6.536643,135.265008,28.259108,17.959752,13.462703,0.570186,4.090956,0.689702,0.185657,0.034468,0.714253,0.971890,0.301200,0.670690,-0.205611,-1.236658,0.163578,127.539467,-7.122371,171.976825,4.950887,6.741189,76.252533,9.375992,7.589119,7.515539,0.393325,3.502085,0.169933,0.304862,0.092941,0.349024,0.935410,-0.238310,1.173720,0.862282,0.056702,0.243363,30.454469,-0.223709,62.864194,4.013041,6.024686,136.926054,18.340917,11.713222,8.446616,0.405654,3.485322,1.065114,0.014939,0.000223,1.065219,1.097970,0.998731,0.099239,-0.743181,0.936998,0.011920,283.672821,-285.185785,265.205057,11.208852,7.512792,6.120691,4.657659,4.033304,4.103758,0.803037,4.589601
-1.057892,0.840300,0.706104,1.351014,1.137700,-3.718900,4.856600,-0.184364,0.438057,0.647660,456.309968,2.489411,284.392570,4.554499,5.385221,495.434723,139.773153,42.027433,28.849974,0.388203,3.860504,10.093871,0.883613,0.780773,10.132473,13.680000,8.125700,5.554300,0.875184,1.247041,0.681111,25666.752144,2.191791,2513.420400,5.402836,4.736600,640.751537,209.868348,94.359164,42.037896,0.414482,4.099418,1.188600,1.210704,1.465804,1.696636,4.532400,-1.449100,5.981500,-0.008260,-0.392739,1.007380,719.643327,2.552735,346.157484,3.480793,4.820597,547.050769,78.096140,42.408119,18.808940,0.283111,3.295904,10.323381,0.893656,0.798620,10.361989,13.903912,8.526631,5.377282,0.941449,1.252863,0.685105,26842.705439,2.262907,2570.692372,5.211375,4.685641,661.428775,207.116201,89.292105,39.779955,0.391396,4.080052,4.323855,19.537724,381.722678,20.010457,52.212000,-31.503000,83.715000,0.396127,-0.543939,16.151660,100104.599135,0.514633,4014.179883,3.229972,4.797841,10211.259839,958.370744,505.077913,365.425160,0.281873,3.333576,-36.442136,54.642568,2985.810239,65.679826,63.502000,-165.620000,229.122000,-0.285384,-0.459973,43.916867,1078459.883454,0.232614,12842.665855,3.561350,5.053464,29140.213177,4467.873188,1676.721544,1180.029958,0.328987,3.490071,-3.143554,54.064678,2922.989406,54.155991,106.740000,-90.832000,197.572000,0.215852,-1.200010,47.813172,733217.833638,0.263410,11980.125880,3.095490,4.658406,29939.401744,2364.242255,1201.826587,963.645984,0.276371,3.360312,79.576582,36.258749,1314.696845,87.447866,166.271762,4.590002,161.681760,0.232980,-0.424551,29.267912,1911782.316227,0.306544,19824.382213,4.512118,5.661422,23035.685659,4076.376652,1948.524356,1439.117474,0.429558,3.829904,-0.071581,0.610577,0.372804,0.614758,0.741940,-0.965730,1.707670,-0.047825,-1.664539,0.572291,94.481971,1.332774,141.928432,4.800707,6.406114,270.379733,47.157556,28.147288,23.099641,0.503489,3.745411,0.692570,0.143329,0.020543,0.707246,0.951810,0.317270,0.634540,-0.261481,-0.517027,0.116199,125.049143,-9.260306,172.481875,5.433703,6.855984,77.023145,12.317864,9.400939,8.865094,0.489818,3.852701,0.385693,0.312110,0.097412,0.496156,0.935410,-0.202670,1.138080,-0.049056,-0.807192,0.254204,61.542782,0.365675,105.163722,2.217716,4.834163,106.931819,4.511797,3.507749,3.042492,0.185533,2.525739,1.060159,0.018928,0.000358,1.060328,1.097970,0.990852,0.107118,-0.963972,1.257119,0.014777,281.073895,-245.820313,263.961097,11.344136,7.462679,7.447146,6.421851,5.116174,5.585357,0.776232,4.595939
-0.916055,0.616470,0.380035,1.104170,1.137700,-2.099100,3.236800,0.475112,0.123025,0.513584,304.798029,2.621737,240.411852,5.210162,6.166025,335.173833,69.206574,21.828767,28.897192,0.447492,3.875132,9.990090,0.875421,0.766362,10.028373,12.622000,8.147800,4.474200,0.575861,-0.224736,0.721962,25142.065078,2.704008,2487.886750,6.030979,5.380639,564.122454,215.189923,83.077218,50.644598,0.468668,4.095906,1.392374,0.768720,0.590930,1.590483,2.948800,-0.135590,3.084390,-0.134820,-0.832514,0.648692,632.408816,3.376327,349.240987,3.658652,4.850184,392.488870,85.040711,28.032615,13.845343,0.304643,3.514357,10.177544,0.857141,0.734691,10.213574,12.789051,8.199897,4.589153,0.527303,-0.195905,0.706813,26079.271923,2.642204,2534.664455,5.892569,5.377943,571.927743,205.362008,80.854051,48.409673,0.462622,4.105139,3.197473,16.321706,266.398082,16.631955,41.521000,-25.631000,67.152000,0.328239,-0.928606,13.890625,69155.479474,0.610069,3389.452743,3.649363,5.428431,8945.676091,1020.854954,604.220287,400.994816,0.331580,3.464667,-12.891086,47.568819,2262.792545,49.284609,58.625000,-142.520000,201.145000,-0.608870,-0.241146,39.170447,607243.161833,0.254954,9540.910679,2.183943,2.940672,28179.018548,2188.128423,446.714853,216.778423,0.118316,3.152502,-0.978788,54.967671,3021.444888,54.976385,115.040000,-103.330000,218.370000,0.201513,-1.096104,48.264780,755600.728424,0.241582,12032.403880,2.637823,4.024538,26001.364367,1795.654478,667.952878,533.698815,0.206471,3.060300,68.800231,31.536101,994.525661,75.683535,145.713091,4.590002,141.123089,0.142643,-0.626147,25.551169,1431999.369731,0.341536,17114.382309,3.321873,4.087541,19588.941568,2811.168445,720.758653,429.122826,0.242044,3.508742,0.536686,0.188537,0.035546,0.568839,0.802420,-0.016129,0.818549,-0.908853,0.295609,0.150906,80.894367,-5.224034,133.901216,5.147071,6.531664,99.511645,18.643487,10.906192,9.234289,0.514721,3.874049,0.782513,0.123968,0.015368,0.792272,1.044200,0.516060,0.528140,0.218914,-0.921089,0.105179,156.923819,-14.017768,194.947640,5.810357,7.067346,65.957624,12.781489,9.668013,7.735179,0.506673,3.934307,0.346664,0.210007,0.044103,0.405313,0.913140,0.133630,0.779510,1.331970,0.513813,0.163718,41.069603,-9.967332,86.087930,4.982049,6.518143,109.912373,18.763773,12.580008,9.779744,0.512605,3.843601,1.055969,0.021922,0.000481,1.056197,1.104303,0.989765,0.114537,-0.616346,0.403241,0.017358,278.887789,-214.306126,262.938566,12.104277,7.276225,7.648376,7.145188,7.674452,6.479474,0.834329,4.647418
-0.929376,0.611163,0.373520,1.112322,0.853760,-2.099100,2.952860,0.338835,-0.078897,0.507283,309.315138,2.610037,244.478716,5.243539,6.198777,322.404492,71.817821,22.666118,26.546244,0.434490,3.856901,9.932494,0.828131,0.685800,9.966958,12.373000,8.147800,4.225200,0.557950,-0.221704,0.676620,24835.061339,2.796778,2473.339500,6.077459,5.441113,587.500767,209.075104,91.526006,55.129831,0.496906,4.188553,1.443107,0.622905,0.388010,1.571804,2.678900,0.323700,2.355200,0.022983,-1.080743,0.533038,617.642272,3.411316,360.126590,3.940497,4.925261,339.812902,82.404893,28.377109,14.151004,0.312466,3.641565,10.117732,0.824361,0.679571,10.151260,12.550780,8.199897,4.350883,0.489389,-0.232903,0.675839,25762.018749,2.736893,2519.588475,5.958519,5.452477,589.968999,197.845502,90.615779,53.056582,0.494938,4.180368,-0.478959,13.745796,188.946904,13.754138,30.296000,-26.702000,56.998000,0.182749,-0.827594,11.506092,47294.076463,0.697515,2865.212075,3.100179,4.610134,6541.739484,556.926341,309.731597,196.238448,0.234191,3.190633,-5.368119,45.127781,2036.516582,45.445938,70.360000,-126.940000,197.300000,-0.454535,-0.469909,37.281199,516333.319614,0.260592,9140.994954,2.479280,3.594961,25425.750340,1961.805549,605.936361,359.334007,0.175508,3.209061,0.319181,56.558204,3198.830433,56.559105,115.040000,-103.330000,218.370000,0.273923,-1.089959,49.029948,799733.077350,0.242736,12207.876560,2.609626,3.993689,25886.481073,1643.590286,672.610045,536.426856,0.193887,2.999411,67.563866,29.808822,888.565857,73.847423,129.936628,8.614744,121.321884,0.039906,-0.961846,25.134307,1363360.473427,0.390663,16767.058243,3.034106,3.602390,19145.535056,2329.244533,576.866823,302.912995,0.194303,3.445142,0.581242,0.147498,0.021756,0.599665,0.802420,0.237900,0.564520,-0.579185,-0.820596,0.125824,89.899469,-12.293205,144.712700,3.867153,6.104508,60.256112,4.103477,3.876940,3.263358,0.289853,3.158077,0.853903,0.114884,0.013198,0.861596,1.054200,0.592370,0.461830,-0.239959,-0.999724,0.097711,185.587099,-18.938684,212.620300,6.400977,7.642699,46.370226,7.315437,7.501782,6.954998,0.493606,3.728461,0.222102,0.115544,0.013350,0.250360,0.465480,-0.193760,0.659240,-0.344610,1.304696,0.086191,15.669987,-12.981254,57.200435,5.386430,6.610451,61.286272,12.116875,8.596284,6.297923,0.531667,3.949480,1.078768,0.029756,0.000885,1.079178,1.139751,0.989765,0.149986,-0.278058,-0.133954,0.023865,291.156554,-141.519346,268.629191,11.108994,7.750674,11.669950,6.806400,8.018571,6.679859,0.762138,4.519907
-0.850884,0.647569,0.419346,1.069275,0.866550,-1.952600,2.819150,0.593316,-0.087780,0.516477,285.837229,3.030505,236.315003,4.249104,5.342135,373.853525,73.902307,27.676644,19.218860,0.358220,3.726387,9.929492,0.787261,0.619780,9.960652,12.453000,8.129800,4.323200,0.616868,0.575800,0.620963,24803.645943,2.611377,2471.877200,5.892288,5.120780,549.415664,190.791545,95.497041,45.516758,0.476031,4.151573,1.172477,0.948041,0.898781,1.507807,2.670600,-1.312800,3.983400,-0.658113,-0.145061,0.781536,568.370723,3.016537,332.049611,3.525458,5.161493,518.709426,67.136194,37.921136,23.165128,0.317467,3.492826,10.100977,0.775684,0.601686,10.130716,12.604240,8.503590,4.100651,0.659426,0.527534,0.615900,25657.853896,2.693466,2514.563887,5.874690,5.139502,541.031473,184.641448,95.530435,44.570447,0.473229,4.147829,0.630298,12.903776,166.507429,12.919160,25.375000,-26.702000,52.077000,-0.089213,-0.918375,10.733025,41726.176257,0.747129,2681.572311,3.391515,4.848817,7984.235717,788.580850,441.550859,293.167459,0.305478,3.519032,-30.990109,60.597780,3672.091000,68.062309,70.360000,-198.130000,268.490000,-0.561417,-0.150292,48.565131,1158119.465095,0.201005,12774.048350,3.550749,5.309737,34917.310273,3899.539750,2008.126867,1542.843449,0.350726,3.546510,-5.718279,46.546190,2166.547808,46.896125,93.279000,-99.281000,192.560000,0.428236,-0.820218,39.516486,549811.629606,0.263784,10186.754960,3.885898,5.516715,26955.625450,2958.794009,1782.559533,1432.923633,0.380102,3.594050,73.940124,39.134220,1531.487144,83.657809,199.216202,7.600168,191.616034,0.938867,0.840210,30.103403,1749657.270958,0.259509,18404.734847,2.553296,3.542302,23952.861176,2277.911188,709.422101,371.497302,0.182660,3.310501,0.067000,0.598346,0.358018,0.602085,0.750000,-0.848790,1.598790,-0.342580,-1.632454,0.563603,90.626691,0.659140,143.072567,4.236310,6.097400,251.949545,36.788788,23.284547,17.493201,0.443426,3.552710,0.886095,0.099428,0.009886,0.891656,1.054200,0.664660,0.389540,-0.361273,-0.946004,0.084810,198.762642,-26.220088,220.657335,6.209350,7.488256,44.479294,8.275890,6.072598,6.480034,0.504977,3.814691,0.013630,0.254572,0.064807,0.254937,0.465480,-0.465480,0.930960,0.030494,-1.075580,0.221633,16.248157,-1.739507,55.439829,3.851691,6.136481,97.328212,10.782132,7.258759,5.289786,0.380327,3.291091,1.105479,0.021584,0.000466,1.105690,1.145090,1.018816,0.126275,-0.766875,0.772353,0.016940,305.637489,-195.670770,275.286893,11.057860,7.608927,9.106866,6.829117,5.757829,5.661075,0.795670,4.590442
-0.835233,0.671459,0.450858,1.071668,0.866550,-2.022100,2.888650,0.285288,-0.580449,0.552244,287.117818,3.237076,228.749777,4.447667,5.483712,326.829245,55.936611,23.682238,18.325502,0.364615,3.634986,9.977814,1.023684,1.047929,10.030189,13.177000,7.955500,5.221500,0.698587,0.629043,0.789174,25151.173233,2.638575,2484.407300,5.955919,4.869299,641.095768,287.896816,104.407183,46.053033,0.451696,4.087239,1.350224,0.952478,0.907215,1.652368,2.842600,-1.312800,4.155400,-1.085892,0.533821,0.748658,682.580253,2.780544,377.284321,3.209477,4.731931,507.646309,71.930051,32.832355,18.778507,0.265834,3.393625,10.172947,0.997311,0.994630,10.221716,13.399874,8.338870,5.061004,0.769595,0.709688,0.769517,26120.871304,2.621560,2533.115885,5.886317,4.869696,636.752370,274.672895,102.463751,43.995032,0.449206,4.090463,-0.052894,14.548888,211.670152,14.548984,25.375000,-31.292000,56.667000,-0.145689,-1.010118,12.295200,52918.237451,0.699993,3057.135907,3.061219,4.194393,9123.022566,945.978075,321.528545,225.132358,0.236044,3.458825,-12.008525,67.618871,4572.311741,68.676899,81.198000,-198.130000,279.328000,-0.686395,-0.168044,54.135363,1179129.101731,0.194230,13282.100640,4.592272,6.106685,39160.276520,5870.037173,3549.949414,2827.848269,0.471147,3.815222,-3.763150,57.701737,3329.490486,57.824318,107.940000,-119.410000,227.350000,0.072473,-0.950183,49.225266,835912.945203,0.234804,12352.052210,3.926981,5.485148,29644.074422,3544.816879,1967.969571,1559.032254,0.371338,3.536014,82.158294,39.010972,1521.855907,90.949663,199.216202,5.859441,193.356761,0.537443,0.236016,30.877671,2067960.284384,0.260044,20417.629805,2.806529,3.728463,25102.709191,2595.952511,824.061200,455.218361,0.196785,3.401673,-0.390355,0.343334,0.117878,0.519861,0.570560,-0.848790,1.419350,0.834246,-0.108561,0.277529,67.563772,0.898660,116.016106,4.285285,6.104915,157.494339,21.912216,13.505867,11.340384,0.430357,3.547787,0.903750,0.083842,0.007030,0.907630,1.036100,0.720880,0.315220,-0.487986,-0.884956,0.071194,205.948237,-39.414372,225.013715,6.804790,7.506977,34.009303,8.557360,5.129529,5.842620,0.517994,3.864829,-0.266236,0.148774,0.022134,0.304984,0.089087,-0.492200,0.581287,0.482059,-0.338604,0.121108,23.253838,-13.053491,68.454285,4.023709,6.057864,64.403809,7.485057,4.518284,4.755706,0.370666,3.372001,1.089074,0.031322,0.000981,1.089524,1.145090,1.018774,0.126316,-0.288150,-0.956096,0.027190,296.765847,-171.629634,271.196936,8.966315,7.660541,13.105388,7.070722,4.190135,4.387600,0.680536,4.332109
-0.878566,0.785796,0.617475,1.178708,0.684990,-2.336000,3.020990,0.027502,-1.175940,0.685321,347.338224,3.223259,239.707220,4.987998,5.909087,332.667689,80.654823,33.201850,26.432159,0.443633,3.713467,10.063828,1.181869,1.396813,10.132988,13.885000,7.821300,6.063700,0.626435,0.037870,0.949071,25669.363831,2.499457,2505.490600,5.999042,4.684559,706.191262,329.897185,140.974178,45.921335,0.433579,4.090441,1.728836,0.649123,0.421360,1.846682,3.396600,0.379370,3.017230,0.116884,-0.375916,0.521501,852.558519,3.046353,429.973060,4.082915,4.593521,395.774900,87.549195,37.883396,17.290624,0.306529,3.706577,10.301856,1.161385,1.348815,10.367113,14.164289,7.929939,6.234350,0.637605,0.194214,0.924429,26869.260573,2.443383,2564.741616,5.895984,4.676999,703.778590,314.753055,139.053436,42.732003,0.426888,4.081018,-1.507216,15.197716,230.970576,15.272271,25.051000,-31.292000,56.343000,-0.038984,-1.125607,13.202458,58310.568824,0.710232,3295.459685,2.970513,3.877826,8813.946553,936.844984,389.202035,159.411233,0.223349,3.405224,12.408615,48.550941,2357.193899,50.111552,84.090000,-112.570000,196.660000,-0.316726,-0.795272,41.787228,627791.906153,0.259387,10527.441540,3.107315,4.057734,22098.957692,3574.807623,741.252938,453.296383,0.225264,3.252158,1.769654,73.585463,5414.820351,73.606739,107.940000,-133.040000,240.980000,-0.213636,-1.351533,64.790272,1354488.006916,0.224755,16135.877610,2.649540,4.182920,26379.340215,1590.923073,750.141968,534.909595,0.200034,2.769475,83.620231,34.205540,1170.018955,90.345791,144.975876,5.859441,139.116435,-0.373891,-0.779022,28.719181,2040590.481894,0.347248,20802.933458,4.144276,4.799657,19475.132132,3115.163545,1179.545843,684.412455,0.337034,3.648263,-0.133081,0.325980,0.106263,0.352099,0.528230,-0.745970,1.274200,0.138594,-0.833605,0.275983,30.993362,1.207006,74.009072,4.317435,6.184680,157.086222,21.915357,13.404509,10.621940,0.431111,3.597380,0.890803,0.066137,0.004374,0.893255,1.032100,0.744980,0.287120,-0.322563,-0.517676,0.054029,199.475929,-48.012343,221.783030,6.953157,7.620769,33.769585,8.148323,5.616622,6.444725,0.502418,3.990583,-0.332169,0.092112,0.008485,0.344704,-0.140310,-0.492200,0.351890,0.217341,-0.920482,0.075540,29.705268,-33.745203,82.789525,4.904906,6.591332,49.602792,7.645894,4.204116,4.345228,0.464611,3.787458,1.018544,0.057147,0.003266,1.020146,1.116897,0.837860,0.279037,-0.657487,0.085629,0.047398,260.174559,-55.302995,253.579112,7.191727,7.628891,26.332281,7.774430,4.684422,5.265798,0.581164,4.090463
-0.981955,0.862634,0.744137,1.307048,0.684990,-2.944600,3.629590,-0.134749,-1.236091,0.772976,427.093317,3.031945,259.036670,5.207437,5.963780,326.614287,97.787795,34.683202,28.415592,0.421879,3.665698,10.155114,1.188528,1.412598,10.224429,13.885000,7.814500,6.070500,0.473158,-0.296643,0.974203,26134.736725,2.542645,2527.548100,5.880293,4.894995,743.740583,309.890020,136.952692,48.580606,0.428305,4.068827,1.635514,0.819423,0.671455,1.829306,3.499200,0.093772,3.405428,0.060206,-0.912843,0.697031,836.590339,3.262442,407.294467,4.741700,5.467118,453.572946,106.497327,45.833337,28.326784,0.417109,3.819095,10.402280,1.177392,1.386252,10.468700,14.164289,7.929939,6.234350,0.478939,-0.150910,0.960973,27398.420381,2.471527,2589.175794,5.719487,4.839684,741.635676,287.964037,133.547093,43.715561,0.406240,4.036271,0.409293,16.471309,271.304023,16.476394,32.682000,-29.718000,62.400000,0.047175,-0.963001,13.943840,67867.885948,0.658609,3466.817604,4.714974,5.898916,7744.869130,1293.735690,754.659614,555.251023,0.449799,3.696656,-2.031791,48.832046,2384.568742,48.874297,88.801000,-131.400000,220.201000,-0.220177,-0.223160,38.789689,597174.229242,0.236044,9682.418750,3.048897,3.768049,22743.422048,2741.270471,719.797847,367.894280,0.206284,3.213386,-0.075515,81.168372,6588.304667,81.168407,122.270000,-143.660000,265.930000,-0.120533,-1.509819,73.958225,1647077.592325,0.206701,18400.239200,2.201611,3.260435,27243.233516,1467.205592,424.217166,391.432930,0.130031,2.497257,88.078582,38.608836,1490.642241,96.169012,153.661096,3.688219,149.972877,-0.418684,-0.971477,33.065956,2312119.707515,0.328781,21906.973407,3.454517,3.876199,19253.175268,2549.037754,736.502315,406.334762,0.233322,3.363194,0.069758,0.300694,0.090417,0.308680,0.570560,-0.495970,1.066530,-0.015921,-1.254699,0.262384,23.820832,0.319001,66.877070,2.982890,5.475964,94.148818,4.949879,3.493140,3.953019,0.213783,2.582845,0.873373,0.053693,0.002883,0.875022,0.971890,0.732930,0.238960,-0.672399,-0.363988,0.044026,191.415897,-68.177595,217.426625,8.587858,7.825746,24.613543,9.676609,6.230750,7.241580,0.642754,4.242110,-0.306058,0.060616,0.003674,0.312003,-0.155900,-0.458800,0.302900,-0.044751,0.232743,0.044828,24.336441,-48.456294,76.134740,5.409489,6.905200,35.600620,5.512878,3.700974,3.184709,0.476012,3.894888,0.978352,0.033456,0.001119,0.978924,1.056426,0.837860,0.218566,-1.432556,3.147307,0.024011,239.573170,-96.908354,243.585719,9.204046,7.916176,17.350622,8.312958,5.295049,6.364231,0.688619,4.415311
-1.012488,0.784618,0.615626,1.280921,0.382550,-2.944600,3.327150,-0.242053,-1.112892,0.693475,410.189361,3.014525,257.091445,5.149250,6.027399,308.780351,83.806143,31.024785,23.955675,0.438762,3.694040,10.080648,1.184060,1.401997,10.149948,13.322000,7.746700,5.575300,0.456231,-0.367535,0.966248,25755.363244,2.735906,2510.008200,5.782018,4.785326,744.950888,294.468270,117.653059,47.774760,0.418921,4.040028,1.668489,0.690411,0.476667,1.805691,3.499200,0.093772,3.405428,-0.162806,-0.375557,0.568968,815.130420,2.861082,415.460272,4.181343,4.886171,394.685624,88.032398,32.847174,17.457606,0.345018,3.722046,10.322450,1.170366,1.369758,10.388587,13.605367,7.839617,5.765750,0.447956,-0.249519,0.952994,26980.683025,2.602758,2570.281811,5.661875,4.752376,734.183840,280.972061,114.156470,43.764560,0.400355,4.011498,-0.164258,17.106419,292.629570,17.107208,32.682000,-30.942000,63.624000,0.100195,-1.048845,14.545442,73164.137690,0.647497,3620.964700,2.805451,4.232768,7084.081484,662.998512,362.926296,171.249438,0.211251,3.062315,3.859401,47.440563,2250.606980,47.597289,88.801000,-131.400000,220.201000,-0.413155,-0.229457,38.560574,566375.489404,0.236217,9624.745600,2.706455,3.340296,23004.702721,2613.733972,514.112265,275.618262,0.163762,3.189918,0.838376,75.295322,5669.385498,75.299989,122.270000,-143.660000,265.930000,-0.028461,-1.412573,67.584723,1417522.093213,0.206963,16796.062890,2.169787,3.227946,27250.158522,1213.375976,387.761369,420.964889,0.126276,2.608464,82.650114,37.379212,1397.205521,90.709685,153.661096,3.688219,149.972877,-0.292856,-0.948669,31.688057,2057061.720306,0.328181,20532.425380,3.217088,3.762813,20220.400412,2493.927523,655.568446,411.292620,0.214239,3.388229,0.047879,0.290578,0.084436,0.294496,0.570560,-0.495970,1.066530,-0.056130,-1.159336,0.253383,21.682040,0.293234,64.008112,3.242917,5.798126,86.625506,5.130396,3.957944,3.926393,0.237829,2.552344,0.897751,0.053080,0.002818,0.899318,0.997990,0.732930,0.265060,-0.864878,0.626460,0.041004,202.193433,-60.907707,223.535050,8.380279,7.906551,26.260145,7.976220,7.994785,6.559439,0.630763,4.230530,-0.271501,0.058865,0.003465,0.277809,-0.124720,-0.378620,0.253900,0.694597,-0.340550,0.048877,19.294488,-62.240881,67.622475,5.903391,6.893799,31.470452,6.795305,4.105123,3.698007,0.552513,4.011848,0.985786,0.030104,0.000906,0.986245,1.035656,0.873738,0.161918,-0.794760,0.704205,0.023903,243.169960,-133.588599,245.498896,10.148743,7.816540,14.044859,7.042791,7.115003,6.393937,0.754837,4.499901
-0.818534,0.679353,0.461521,1.063728,0.926970,-2.263500,3.190470,0.012261,-0.796755,0.571468,282.879526,3.012858,218.915875,4.536266,5.757975,377.886154,68.860017,22.225162,22.696145,0.405538,3.783767,9.925527,1.124868,1.265329,9.989065,13.322000,7.575800,5.746200,0.587883,0.006341,0.898865,24945.352733,2.533907,2470.502200,5.637345,4.525249,717.451251,336.504653,112.660522,38.975061,0.397603,4.065312,1.582882,0.495758,0.245776,1.658702,2.923900,0.215680,2.708220,0.061111,-0.254661,0.413809,687.822833,2.385387,393.898940,4.921733,5.775592,288.337244,75.341169,32.180424,20.781884,0.457675,3.913963,10.121655,1.102866,1.216314,10.181563,13.605367,7.839617,5.765750,0.628801,0.167503,0.875265,25916.055091,2.468372,2519.340955,5.509465,4.491644,716.929639,322.739080,111.692891,36.688221,0.386810,4.061304,-1.021018,13.160746,173.205224,13.200292,27.672000,-30.942000,58.614000,0.047093,-0.654191,11.015172,43561.925572,0.675391,2749.340572,4.561226,5.825738,6751.612430,1157.672327,605.635844,468.919736,0.429689,3.709940,36.765477,46.601740,2171.722202,59.358424,127.690000,-81.698000,209.388000,-0.196710,-0.007064,36.078965,880855.628945,0.245857,12177.990700,2.133812,3.111844,22008.797671,1993.154803,338.460395,222.950499,0.127924,2.966022,3.668575,56.226506,3161.419956,56.346059,109.970000,-101.330000,211.300000,-0.092654,-1.128402,48.812081,793719.599822,0.250987,12202.763690,2.844958,4.491318,24370.476592,1779.081576,889.249932,694.594374,0.234578,3.026768,75.960011,33.205804,1102.625394,82.900836,136.307869,4.711576,131.596292,0.009099,-1.022126,28.569323,1718137.154340,0.363802,18899.077000,3.495470,4.619827,20370.773497,2251.960571,897.507336,680.865233,0.295616,3.516622,0.115613,0.242254,0.058687,0.268428,0.556450,-0.427420,0.983870,-0.326424,-0.690521,0.202534,18.013364,-1.662595,58.121017,2.897048,5.572836,100.597547,4.065219,4.287634,4.154702,0.219584,2.815028,0.849116,0.088115,0.007764,0.853676,0.997990,0.640560,0.357430,-0.335701,-1.100017,0.077267,182.190774,-33.023475,211.463855,7.270809,7.653176,41.848122,11.261534,9.301285,8.112249,0.630158,4.145634,0.035314,0.341477,0.116607,0.343299,0.628060,-0.363030,0.991090,0.552520,-1.236763,0.305456,29.463483,-2.525399,74.809602,4.702548,6.389308,161.731894,26.628645,16.659087,13.189454,0.493747,3.748427,0.957469,0.043856,0.001923,0.958473,1.035656,0.846283,0.189373,0.023590,-0.776067,0.036711,229.667621,-97.111748,238.398793,10.109954,8.029772,15.140654,7.674299,7.398490,6.271121,0.711045,4.336010
-0.846366,0.572624,0.327899,1.021877,0.926970,-1.976900,2.903870,0.324985,0.071593,0.456015,261.058361,2.753894,224.096595,4.351941,5.563874,366.778965,65.874381,25.986313,19.591382,0.373590,3.780517,9.875797,1.012120,1.024387,9.927525,13.084000,7.575800,5.508200,0.679681,0.284196,0.791390,24638.939322,2.458499,2458.412300,5.685303,4.479908,619.582675,334.468155,93.894042,37.539495,0.403049,4.063258,1.315020,0.753321,0.567493,1.515510,2.568500,-0.914640,3.483140,-0.758289,0.435893,0.585206,574.192656,2.904222,343.507305,4.659449,5.808496,423.068096,84.348760,43.961730,27.823368,0.444403,3.838521,10.046079,0.986437,0.973058,10.094393,13.255208,7.966482,5.288726,0.762486,0.370629,0.773802,25474.190340,2.506369,2500.918733,5.619012,4.506726,616.619625,319.544394,94.582687,37.387355,0.398909,4.072290,-2.320434,12.649072,159.999020,12.860149,27.635000,-35.467000,63.102000,-0.143682,0.131689,10.045984,41345.858041,0.614126,2520.459102,4.187664,5.516438,6690.805519,1059.775673,505.093682,366.528663,0.373157,3.619327,14.436186,67.744448,4589.310217,69.265530,127.690000,-138.910000,266.600000,-0.438468,-0.479332,53.989004,1199428.421034,0.205506,14390.420410,5.012046,6.321945,37163.610818,6952.243458,3968.362216,3216.910913,0.520922,3.905786,0.659516,38.733848,1500.310970,38.739462,91.713000,-73.230000,164.943000,-0.168228,-1.037082,32.920412,375186.482758,0.297430,8195.935600,5.114957,6.338880,20755.627056,3955.222678,2420.996925,1837.333440,0.509857,3.853237,72.716456,34.295190,1176.160043,80.398029,141.307905,5.289976,136.017929,0.347874,-0.949447,29.025666,1615960.761833,0.351347,18042.041202,2.197052,3.257437,20004.018357,1758.626462,412.572507,215.624092,0.143379,3.165093,0.071548,0.261272,0.068263,0.270891,0.556450,-0.328630,0.885080,0.173104,-1.347210,0.236033,18.345510,-2.939276,59.840795,3.599484,5.903983,89.259044,10.245179,6.257634,4.821280,0.346306,3.120020,0.771084,0.052119,0.002716,0.772844,0.889560,0.640560,0.249000,0.053223,-0.397131,0.042152,149.321871,-63.681545,191.941770,8.054847,7.753932,27.011937,9.217264,7.293660,6.068978,0.638858,4.262757,0.483706,0.241508,0.058326,0.540646,0.775060,-0.164810,0.939870,-1.054532,0.015001,0.197141,73.074501,-4.176669,123.263942,4.497621,6.286525,113.210098,17.667027,10.552741,8.854238,0.466027,3.668511,0.979167,0.064808,0.004200,0.981309,1.104217,0.846283,0.257933,0.390162,-0.978335,0.055329,240.741883,-58.899346,243.838173,8.090041,7.790895,24.555099,9.092061,7.365297,5.489333,0.645291,4.145357
-0.840567,0.420330,0.176677,0.939803,0.170450,-1.976900,2.147350,-0.551771,-0.027274,0.340051,220.807557,2.235173,210.006992,4.734781,5.749132,273.073238,64.220358,22.686816,18.710124,0.429467,3.928616,9.834104,0.833514,0.694746,9.869364,12.615000,8.132700,4.482300,0.738736,0.678087,0.646694,24351.086944,2.609143,2448.081350,6.368817,5.399264,533.451169,221.241762,101.033236,48.433540,0.527110,4.185276,1.331153,0.907970,0.824409,1.611327,3.364100,-0.914640,4.278740,-0.254008,-0.331121,0.741510,649.094049,2.833128,350.998799,2.981273,4.531479,478.218558,55.583979,29.384416,13.674235,0.254902,3.315327,10.011029,0.814403,0.663252,10.044100,12.905334,8.301773,4.603561,0.834211,0.846335,0.632944,25220.988550,2.485495,2492.149114,6.311286,5.381517,524.769942,209.712972,97.314590,45.862879,0.517823,4.168874,1.279171,14.723920,216.793809,14.779380,30.622000,-35.467000,66.089000,-0.033960,-0.094658,11.031229,54607.521730,0.596741,2762.173324,2.244330,3.395408,7801.108345,562.778822,210.118159,101.082168,0.149772,3.064104,-27.481865,60.732689,3688.459513,66.661176,89.406000,-138.910000,228.316000,0.206252,-0.940140,50.167325,1110928.108694,0.233214,14354.784790,1.774043,2.810610,25649.625666,1886.969768,311.546026,175.074200,0.104906,2.787513,-4.878622,34.001487,1156.101148,34.349703,59.557000,-68.040000,127.597000,-0.035265,-0.977992,28.998136,294975.525236,0.375824,7145.196473,2.063409,3.167073,19637.811785,968.016576,265.083104,209.358925,0.118417,3.022850,69.893244,30.935078,956.979027,76.433269,141.307905,5.289976,136.017929,0.354807,-0.481755,24.928631,1460511.155660,0.348949,17405.118652,2.229064,3.212214,17957.272409,1435.679706,354.442799,157.890116,0.139171,3.152014,0.008016,0.227886,0.051932,0.228027,0.473790,-0.328630,0.802420,0.340967,-1.234900,0.205207,12.999125,-4.400495,50.969787,4.013339,6.102452,99.907938,12.461323,8.107869,6.823379,0.395034,3.434114,0.824273,0.072458,0.005250,0.827452,0.971890,0.642570,0.329320,-0.036775,-0.614470,0.059493,171.169129,-37.754984,205.268100,7.328604,7.722716,30.243618,7.815033,5.862342,7.848865,0.575179,4.015070,0.245889,0.418760,0.175360,0.485614,0.775060,-0.289530,1.064590,-0.134125,-1.785078,0.400493,58.955320,-4.039604,106.894175,4.504761,6.316173,155.907556,24.907131,15.773042,11.755605,0.465955,3.531085,0.984114,0.063363,0.004015,0.986151,1.104217,0.862398,0.241818,0.235225,-0.982853,0.052999,243.123574,-61.351898,245.074571,8.179637,7.924145,20.534564,6.822870,5.661184,6.417765,0.593391,3.996440
-0.826352,0.423024,0.178950,0.928336,0.170450,-2.109900,2.280350,-0.621262,0.311732,0.335745,215.451900,2.186444,206.721387,4.967120,6.141451,280.617026,59.677598,23.162229,17.252557,0.447079,3.950445,9.825284,0.965014,0.931252,9.872560,13.288000,7.909000,5.379000,0.784836,0.660424,0.761565,24366.862429,2.458056,2445.447900,5.607723,4.849412,627.206492,147.187940,101.577602,41.338141,0.422131,3.974098,1.429972,0.737706,0.544210,1.609046,3.364100,-0.560710,3.924810,0.065862,-0.093638,0.592491,647.257384,2.796754,360.453694,4.968651,6.094409,444.629071,82.975324,50.031630,34.267799,0.493507,3.927713,10.002232,0.934687,0.873640,10.045809,13.305566,8.100508,5.205058,0.842018,0.772912,0.733106,25229.571713,2.455019,2489.583571,5.621443,4.880500,611.879274,143.684458,100.170481,40.797220,0.422452,3.984387,1.684467,12.126072,147.041632,12.242510,30.622000,-22.370000,52.992000,0.449136,-0.119370,9.335748,37469.765158,0.715466,2299.424108,3.597182,5.258791,7144.165978,804.212499,466.422201,337.466101,0.328153,3.563854,1.204653,57.322978,3285.923764,57.335634,96.007000,-134.140000,230.147000,-0.292316,-1.036781,49.624983,821843.737944,0.231472,12348.574670,5.265346,6.459994,30201.868015,6431.438619,3736.716024,2893.852705,0.542279,3.940064,-1.941494,42.629917,1817.309861,42.674105,96.256000,-80.657000,176.913000,0.137483,-0.868002,35.996733,455269.814955,0.287542,8977.477643,3.471937,5.064902,25970.545464,2130.194397,1294.750467,1059.994964,0.320768,3.494005,67.720844,25.927216,672.220551,72.514366,138.654544,6.178069,132.476475,0.069516,-0.293689,21.184960,1314583.318057,0.351387,16820.940124,4.173125,5.356504,17103.986102,2452.683266,1273.230340,904.732394,0.392443,3.772672,0.204073,0.196780,0.038722,0.283493,0.491940,-0.270160,0.762100,-0.816733,-0.127629,0.154012,20.092018,-5.966050,63.649174,2.768957,5.425616,84.599055,3.953081,3.279260,3.540955,0.214642,2.875378,0.848096,0.060875,0.003706,0.850278,0.971890,0.692770,0.279120,-0.314602,-0.289783,0.048742,180.743275,-51.775708,211.242945,8.279895,8.090586,28.204384,8.489442,7.137512,8.402683,0.604000,4.170434,-0.028294,0.205989,0.042432,0.207923,0.389760,-0.289530,0.679290,0.240350,-1.525785,0.188874,10.808016,-9.629955,47.690384,3.772922,6.256825,65.744533,6.112252,4.909016,3.744562,0.349203,3.049712,0.919352,0.036949,0.001365,0.920094,1.022680,0.812770,0.209910,0.162963,0.193945,0.028320,211.643309,-91.088135,228.891526,10.479150,7.853525,14.318581,9.006442,7.451297,7.883949,0.757181,4.481439
-0.956370,0.579858,0.336235,1.118427,0.609540,-2.237600,2.847140,0.274744,0.134559,0.460548,312.719758,2.864706,249.067668,4.196058,5.582534,368.026764,58.523885,18.884819,19.735172,0.358643,3.730359,9.866995,1.046065,1.094253,9.922290,13.288000,7.909000,5.379000,0.843024,0.311975,0.842684,24612.959768,2.520912,2456.344000,6.194097,5.334258,715.387355,267.272104,115.887813,59.190743,0.519632,4.188295,1.295690,0.479761,0.230170,1.381659,2.612200,-0.069229,2.681429,0.132376,0.063089,0.380299,477.245653,2.557548,322.813165,4.772931,5.557778,303.982380,65.293762,32.880887,20.837015,0.434740,3.927837,10.028433,1.020895,1.042227,10.080263,13.305566,8.100508,5.205058,0.917785,0.442576,0.821866,25402.925179,2.496809,2496.509110,6.108641,5.326093,706.724945,261.912208,113.216646,55.986458,0.515605,4.189278,-4.270622,10.114023,102.293456,10.978692,15.534000,-26.958000,42.492000,-0.079406,-0.882492,8.473185,30132.917100,0.856152,2212.702629,3.229329,4.423120,6126.263921,636.617671,354.156360,176.687050,0.265108,3.505987,44.201831,48.888394,2390.075062,65.908095,158.260000,-72.779000,231.039000,0.013092,0.034741,37.632478,1085969.235934,0.225403,13546.313500,2.257033,3.720794,23776.066671,2111.385100,551.579043,348.678103,0.170679,2.995389,5.046338,46.158426,2130.600246,46.433455,96.256000,-81.877000,178.133000,-0.108686,-1.040250,39.227187,539016.443680,0.288238,9885.917670,2.294881,3.562832,24606.374303,1101.016078,390.102532,385.313245,0.152838,2.984572,74.252894,33.271341,1106.982107,81.366298,159.231907,6.178069,153.053838,0.416230,-0.140631,26.585312,1655118.596713,0.316978,18493.053154,2.463624,3.573506,21378.742760,1711.447707,432.866572,310.433449,0.168438,3.294859,0.179895,0.306676,0.094050,0.355545,0.493950,-0.588710,1.082660,-1.309173,0.505292,0.235025,31.603146,-3.141795,82.582625,4.459404,6.296793,149.184422,21.664724,14.111894,11.432140,0.452906,3.644639,0.765205,0.078167,0.006110,0.769187,0.909640,0.584340,0.325300,-0.123877,-0.793818,0.066150,147.912054,-37.132101,190.517025,7.342407,7.844138,38.491413,10.005546,7.744259,8.464393,0.580994,4.084014,0.258040,0.220758,0.048734,0.339586,0.663700,-0.213810,0.877510,-0.208768,-0.424755,0.168602,28.829725,-3.732609,73.455544,4.577209,6.433136,97.707286,14.706483,9.456652,7.873832,0.459626,3.595971,0.912503,0.026808,0.000719,0.912896,0.965284,0.812770,0.152514,-0.988421,1.334145,0.020504,208.344925,-149.380050,227.202708,11.562732,7.596015,10.070431,8.980047,7.037459,7.725797,0.827340,4.617114
-1.027562,0.724232,0.524512,1.257138,0.609540,-2.715200,3.324740,0.012955,-0.295184,0.586183,395.099150,3.046566,271.426880,4.156164,5.485801,428.151644,73.817436,29.837502,22.374974,0.361102,3.675626,9.888346,1.022273,1.045042,9.941048,13.429000,7.721200,5.707800,0.883314,0.698549,0.803508,24706.107138,2.337701,2462.485100,5.951278,5.101006,700.729421,246.890913,115.290293,54.994504,0.475847,4.137306,1.255174,0.628795,0.395383,1.403868,2.493000,-0.312800,2.805800,-0.438701,-0.157191,0.498275,492.711242,3.142312,317.673952,4.629000,5.698754,357.513833,70.368410,36.758109,23.833901,0.419237,3.807626,10.068332,1.002176,1.004357,10.118086,13.696261,7.984659,5.711602,1.001849,0.937402,0.789012,25593.917531,2.247766,2507.340311,5.930593,5.154246,693.325651,242.523270,114.265725,55.460006,0.483045,4.149937,-4.163878,9.937656,98.757014,10.774734,17.285000,-27.868000,45.153000,-0.237116,-0.283257,7.774619,29023.723090,0.804867,2084.650917,3.210125,4.340604,6240.465189,643.129682,347.066940,179.978793,0.267139,3.520568,32.481028,60.601048,3672.487000,68.756848,158.260000,-112.080000,270.340000,-0.262487,-0.237542,47.549920,1181876.046993,0.200703,14330.384190,3.470973,5.368268,33060.769393,3265.639674,1875.657138,1474.530189,0.340426,3.465765,0.588660,48.758441,2377.385568,48.761994,83.801000,-92.440000,176.241000,-0.071746,-1.160737,41.701891,594433.022188,0.291575,10388.944370,3.506184,5.251027,28348.223877,2568.452834,1534.217422,1258.409839,0.327443,3.467305,77.834327,34.104965,1163.148657,84.978416,159.231907,8.297176,150.934731,0.214099,-0.416011,27.203423,1805332.792271,0.324615,19388.006998,2.649445,3.726309,22246.762084,2386.964092,533.791623,312.413346,0.187683,3.382435,-0.205145,0.369719,0.136692,0.422820,0.493950,-0.671370,1.165320,0.688205,-1.034417,0.318321,44.694244,-0.792095,98.642160,4.728836,6.385740,165.520268,28.620223,17.006203,13.636151,0.488384,3.701770,0.736771,0.073211,0.005360,0.740400,0.883530,0.584340,0.299190,0.016628,-0.860592,0.060963,137.047899,-42.916941,183.498000,6.862884,7.569419,38.689364,9.876834,6.751172,6.761711,0.572685,4.075537,0.240383,0.215478,0.046431,0.322823,0.663700,-0.060134,0.723834,0.358872,-1.043255,0.184882,26.053708,-5.724798,62.368680,3.179961,5.820505,75.934783,5.840811,4.095622,3.224147,0.291015,2.910732,0.911267,0.027864,0.000776,0.911693,0.965284,0.798852,0.166432,-1.201719,2.008608,0.020768,207.795851,-137.228935,226.961915,9.856378,7.754213,13.655402,7.348088,5.748683,6.045933,0.765178,4.518896
-0.765009,1.039926,1.081447,1.291002,1.737400,-2.715200,4.452600,0.517623,-0.104148,0.798158,416.671502,2.931336,276.351115,4.012914,5.491516,635.960081,81.896300,54.663159,36.330988,0.370608,3.690794,9.915636,1.001940,1.003884,9.966129,13.429000,7.721200,5.707800,0.584672,0.552497,0.773064,24830.932342,2.409466,2468.006600,6.321355,5.397191,633.240137,241.947209,127.599460,57.288866,0.497970,4.135479,1.135230,1.078070,1.162235,1.565562,2.896200,-1.652200,4.548400,-0.635966,-0.435694,0.913667,612.745743,2.952810,338.628194,3.008273,4.423473,555.188310,74.261120,33.157182,16.156624,0.251662,3.348433,10.124909,0.963131,0.927621,10.170614,13.696261,7.984659,5.711602,0.674875,0.815067,0.735761,25860.349587,2.312886,2520.250651,6.373802,5.473305,607.266150,234.582393,125.340246,56.631690,0.510877,4.147902,-2.074157,12.205456,148.973151,12.380439,32.420000,-27.868000,60.288000,0.500884,0.283369,9.492859,38318.819765,0.640269,2464.626396,2.892432,4.150931,7057.493948,587.060069,345.614447,181.458100,0.223423,3.349754,-26.750897,60.803600,3697.077762,66.428068,107.360000,-157.460000,264.820000,-0.162811,-0.741263,50.527439,1103172.058879,0.206198,13435.034690,3.583889,5.348175,32806.959456,3390.714498,1911.877158,1473.125497,0.350610,3.504682,-4.437397,41.674234,1736.741816,41.909812,83.801000,-92.440000,176.241000,0.150926,-0.539145,33.037322,439108.077208,0.285817,8398.560720,4.380875,5.925528,19095.728457,2476.832847,1569.333099,1301.488159,0.409811,3.484602,70.518009,36.736988,1349.606274,79.513495,157.914164,8.297176,149.616988,0.246232,-0.749596,30.698562,1580598.955852,0.327081,17557.825538,2.492560,3.389640,23621.548583,2483.877608,545.094085,235.091277,0.160128,3.327842,-0.262347,0.324472,0.105282,0.417263,0.306450,-0.671370,0.977820,0.735090,-1.095406,0.281466,43.527007,-4.878619,97.295368,4.423560,6.252514,149.662708,22.912028,14.029697,11.593014,0.454565,3.611626,0.744522,0.066185,0.004380,0.747458,0.883530,0.568270,0.315260,-0.356488,-0.092860,0.050541,139.673336,-44.313691,185.367440,7.482972,7.873832,30.652671,7.534945,6.093077,6.956643,0.547019,4.014854,0.237675,0.264418,0.069917,0.355536,0.763920,-0.060134,0.824054,0.553809,-1.269664,0.239577,31.601499,-6.692486,62.181504,2.438883,5.085494,93.444287,4.964757,3.202801,3.115966,0.204644,2.602280,0.924512,0.066973,0.004485,0.926934,1.108594,0.787540,0.321053,0.710479,0.399592,0.049361,214.801842,-44.187100,230.184830,7.116215,8.004718,27.230333,5.814429,4.936788,6.008954,0.511207,3.830020
-0.783927,1.028901,1.058638,1.293514,1.737400,-2.852100,4.589500,0.549091,0.068210,0.787662,418.294823,2.829787,276.916575,3.884029,5.356717,608.619184,81.302199,54.418918,36.103888,0.347978,3.641130,9.876490,0.889386,0.791007,9.916454,12.111000,7.813600,4.297400,0.197080,-0.382179,0.720779,24584.017370,2.990700,2459.459000,5.984446,4.911634,577.381992,247.588192,103.924773,40.525028,0.454031,4.121257,1.279807,1.025901,1.052474,1.640238,2.896200,-1.652200,4.548400,-0.928726,0.481687,0.804424,672.595260,2.846128,369.936987,2.960710,4.329689,573.966724,83.299672,32.167602,14.682004,0.243536,3.395024,10.098266,0.851263,0.724649,10.134083,12.232341,8.214029,4.018312,0.238908,-0.369298,0.682878,25674.907453,3.018584,2514.805331,5.893279,4.988081,573.701838,233.331961,100.537253,39.214814,0.460096,4.146790,-1.507288,12.103355,146.491198,12.196849,32.420000,-26.071000,58.491000,0.534971,0.182420,9.627967,37190.778612,0.654787,2459.277504,3.011232,4.440950,7104.134156,737.858044,343.435011,204.335287,0.256546,3.401287,-25.235248,54.155016,2932.765724,59.745991,51.905000,-157.460000,209.365000,-0.608349,-0.455999,44.137880,892395.865898,0.248782,11523.850610,2.374684,3.913348,28124.320904,2729.355735,725.725716,481.329216,0.197801,3.153087,0.126997,37.483360,1405.002274,37.483575,72.072000,-81.049000,153.121000,0.048071,-0.694521,30.904270,351254.600592,0.323777,7676.144940,2.362426,3.661466,20835.451073,1274.911286,387.896448,366.169723,0.164958,3.119246,62.502514,34.882670,1216.800701,71.577685,157.914164,9.668981,148.245183,0.714020,-0.050480,28.243219,1280841.245103,0.324452,15553.290783,2.965012,4.226224,21324.591408,2453.793953,740.328144,478.275104,0.244196,3.454448,0.119710,0.324772,0.105477,0.346132,0.550400,-0.556450,1.106850,-1.139785,-0.183653,0.259860,29.951777,-4.954450,80.257113,4.910812,6.468966,175.139867,29.682101,19.354739,15.559542,0.509027,3.854247,0.741879,0.053991,0.002915,0.743841,0.853410,0.568270,0.285140,-0.636532,0.473681,0.041717,138.325028,-54.557309,184.793150,8.246515,7.768440,27.654437,8.956660,8.559577,6.105994,0.639389,4.278680,0.449559,0.188248,0.035437,0.487382,0.763920,-0.035635,0.799555,-1.393214,1.464590,0.125698,59.385195,-10.909441,112.923167,4.300266,6.089266,95.767654,13.764110,9.383874,6.162866,0.431748,3.642478,0.952163,0.063507,0.004033,0.954279,1.108594,0.787540,0.321053,-0.061535,0.233924,0.047011,227.661999,-44.438714,237.124425,7.574090,7.558075,34.064626,10.076793,9.121926,5.706634,0.620940,4.234286
-1.158610,0.638613,0.407827,1.322953,0.139570,-2.852100,2.991670,-0.558721,-0.163640,0.507377,437.551185,2.995037,288.864556,5.100049,6.082474,373.784761,77.319345,40.219640,32.566769,0.452776,3.911778,9.843707,0.848181,0.719411,9.880181,12.366000,7.813600,4.552400,0.326971,-0.027770,0.679020,24404.495561,2.662541,2450.178900,6.322686,5.426453,539.900491,229.332873,104.849268,49.071247,0.532001,4.193879,1.167078,1.070687,1.146372,1.583807,3.319700,-2.295800,5.615500,-0.787474,0.769480,0.842256,627.110873,2.516128,342.670078,2.818975,4.055604,576.693379,72.456412,29.092202,12.907621,0.216854,3.335827,10.060137,0.818700,0.670270,10.093395,12.584648,8.278246,4.306402,0.458918,0.042123,0.653266,25469.157619,2.715857,2504.130639,6.422366,5.543308,525.448302,218.471909,105.526480,50.952521,0.548349,4.211565,2.983051,14.985455,224.563854,15.279478,51.328000,-26.071000,77.399000,0.997642,1.616265,11.212280,58365.611136,0.518040,2789.208927,2.541333,3.784884,8230.781958,607.572915,329.335987,145.926313,0.188513,3.191968,-31.783294,58.823841,3460.244320,66.861215,59.791000,-155.740000,215.531000,-0.282143,-1.111028,50.984925,1117605.529339,0.246856,13498.742239,2.428320,3.867256,28669.298101,3001.031587,832.213371,523.381195,0.189282,3.117424,-3.796622,38.275480,1465.012399,38.463317,72.072000,-81.049000,153.121000,0.076742,-0.841204,32.039133,369856.683856,0.324062,8015.620600,3.302264,4.959945,19419.595124,1706.879152,903.645994,757.547098,0.299235,3.336292,70.389231,35.052354,1228.667492,78.634034,156.679231,7.291265,149.387966,0.420463,-0.607915,29.136080,1545827.824331,0.326709,17561.604722,3.630449,5.097968,21190.039335,2754.774901,1199.976615,888.711105,0.345702,3.612735,0.082226,0.382337,0.146182,0.391079,0.596770,-0.649190,1.245960,-0.722504,-0.886454,0.328953,38.235733,-0.942230,89.053481,4.319796,6.207968,159.039622,23.757695,15.075899,11.947692,0.447397,3.534842,0.839478,0.131723,0.017351,0.849750,1.132500,0.594380,0.538120,0.756611,-0.696740,0.109575,180.518737,-16.947332,209.096500,5.674284,7.422205,53.193734,8.622023,7.793640,6.059753,0.431681,3.585499,0.208285,0.308118,0.094937,0.371913,0.545660,-0.436530,0.982190,-0.523129,-1.118540,0.284237,34.579867,-4.824458,78.475533,4.019337,6.072431,126.068174,16.605189,10.185553,8.222641,0.409687,3.432099,1.004009,0.072825,0.005304,1.006647,1.168998,0.871379,0.297619,0.620988,-0.702418,0.060273,253.334337,-46.311785,250.062594,8.161002,8.023481,25.248307,8.366281,7.329693,5.888263,0.605634,4.036745
-1.216753,0.649725,0.422143,1.379359,0.493980,-2.802800,3.296780,-0.403233,-0.301165,0.525667,475.657538,2.799887,304.113260,5.096143,5.242426,394.374540,139.094278,56.062308,31.798437,0.443544,4.036863,9.815664,0.797834,0.636539,9.848035,12.366000,7.908300,4.457700,0.569678,0.461608,0.624483,24245.949812,2.560417,2444.058600,5.580312,4.664983,543.448969,218.015961,80.922094,34.052290,0.416336,4.092310,1.060022,1.112143,1.236863,1.536395,3.319700,-2.295800,5.615500,-0.509959,0.084213,0.915980,590.127498,2.559081,318.648465,2.872474,4.162845,620.418629,60.383059,32.065161,15.310482,0.225996,3.333520,10.029817,0.806043,0.649706,10.062154,12.602239,8.278246,4.323993,0.787520,0.842964,0.625162,25311.734848,2.515225,2497.416024,5.473304,4.707599,562.547610,218.340709,79.866950,33.926412,0.408800,4.094115,4.017697,15.288082,233.725466,15.807193,51.328000,-24.986000,76.314000,0.759758,1.096698,11.585321,62466.838761,0.529108,2972.534413,2.650944,3.871505,9453.576700,760.693595,281.321917,170.388406,0.195828,3.311712,-39.025837,61.981459,3841.701231,73.244229,109.480000,-155.740000,265.220000,0.247023,-0.755265,51.878430,1341179.286710,0.206172,15232.185527,3.443721,5.016107,36986.132853,4710.364794,1828.341827,1440.545812,0.324727,3.550406,-3.574544,41.495512,1721.877483,41.649188,126.370000,-64.842000,191.212000,0.692501,0.156035,33.220737,433663.711030,0.260436,8430.551406,3.767927,5.080816,25187.044716,2370.450378,1288.647209,1047.820068,0.340817,3.600293,77.966928,35.642635,1270.397431,85.727705,156.679231,7.291265,149.387966,-0.039919,-0.816510,29.982337,1837309.836501,0.329109,19422.947627,3.783701,4.687717,24504.560767,4622.412078,1282.351022,766.021551,0.321191,3.770257,-0.370129,0.374478,0.140234,0.526526,0.596770,-0.752020,1.348790,1.350382,0.596304,0.296020,69.307367,-1.206717,123.454636,4.386438,6.241702,181.036363,26.575686,16.724807,14.000286,0.456402,3.649304,0.817406,0.161185,0.025981,0.833146,1.198800,0.510040,0.688760,0.254520,-0.737483,0.130289,173.533259,-8.820008,203.523165,7.250953,7.973427,69.527764,13.582759,14.420673,14.514804,0.602965,4.003111,0.036748,0.188385,0.035489,0.191936,0.458800,-0.436530,0.895330,-0.665565,0.280878,0.145229,9.209870,-4.013588,37.603577,4.517866,6.231368,101.749251,15.375317,9.632191,7.699507,0.463590,3.755560,1.001185,0.076356,0.005830,1.004093,1.358409,0.892452,0.465957,1.087076,0.808118,0.063562,252.050496,-31.706136,249.286909,9.568187,8.083854,30.071975,12.106959,11.402681,12.377109,0.761301,4.376095
-0.927100,0.824313,0.679491,1.240567,1.835300,-2.802800,4.638100,0.543927,1.458125,0.610750,384.751614,2.420331,266.699552,5.323250,6.021230,499.893608,143.280861,67.097567,42.194798,0.486409,4.013326,9.803674,0.858722,0.737404,9.841211,12.537000,7.740300,4.796700,0.629497,0.198099,0.685750,24212.356979,2.523162,2440.952900,6.083584,5.425146,596.363615,232.206891,92.700372,54.050864,0.510915,4.199212,1.421152,0.749881,0.562322,1.606859,2.799300,-0.315050,3.114350,-0.349199,-0.607142,0.610398,645.498896,3.318868,357.305274,3.695121,4.610973,446.666218,71.972204,35.355719,15.765175,0.303001,3.603924,10.010921,0.867117,0.751891,10.048404,12.602239,8.112118,4.490121,0.687224,0.296907,0.691304,25242.607490,2.693636,2492.542890,6.114112,5.526328,602.760479,232.303483,95.173138,56.964260,0.525857,4.209684,-2.501350,11.496685,132.173769,11.765650,22.646000,-25.214000,47.860000,-0.119183,-0.643725,9.233824,34607.629703,0.783816,2363.564672,2.995951,4.149487,7261.316336,723.369506,310.281107,186.271227,0.238607,3.452355,29.590031,60.696414,3684.054617,67.524992,134.610000,-118.760000,253.370000,-0.400702,-0.592294,50.175079,1139906.143751,0.214465,14132.347719,3.158169,4.721723,34099.390540,3489.590559,1496.502391,1102.324635,0.291475,3.439677,5.341155,43.957459,1932.258232,44.280765,126.370000,-64.842000,191.212000,0.248394,-0.650803,37.643765,490196.542658,0.263532,9413.867706,2.495580,3.335514,26113.613892,1532.315034,462.650036,367.085937,0.151572,3.208477,75.200424,31.681816,1003.737480,81.601723,138.293668,8.374365,129.919302,-0.172031,-0.849449,26.092071,1664710.316113,0.368296,18758.293243,4.254757,5.078071,22744.255094,4342.109721,1423.759548,1062.719971,0.380001,3.872753,-0.258282,0.435032,0.189253,0.505927,0.540320,-0.752020,1.292340,0.740243,-1.080110,0.384874,63.990657,-1.024108,119.285323,4.384700,6.249154,199.141854,30.070490,17.909310,14.804825,0.457210,3.632221,0.803213,0.126822,0.016084,0.813163,1.198800,0.510040,0.688760,-0.489477,-0.344300,0.104017,165.308686,-11.768123,200.024105,7.805241,7.960152,57.074880,14.904743,13.734523,13.924111,0.659831,4.153610,0.048882,0.175085,0.030655,0.181780,0.363030,-0.311800,0.674830,-0.433437,-0.863538,0.149781,8.261018,-7.673175,39.702664,4.606187,6.246220,88.842462,14.370692,8.703220,6.778090,0.470434,3.755389,0.973806,0.044077,0.001943,0.974803,1.358409,0.892452,0.465957,2.822151,21.311805,0.032386,237.560361,-39.446916,242.481521,11.082245,7.668618,17.819701,12.704542,11.100162,11.542639,0.861511,4.616865
-0.762669,0.865772,0.749561,1.153787,1.835300,-3.306100,5.141400,0.088893,1.242275,0.632733,332.806052,2.302252,237.125340,4.623482,5.801292,574.188959,94.641484,58.017563,42.282556,0.424480,3.884409,9.876039,0.923036,0.851995,9.919079,13.142000,7.740300,5.401700,0.601369,0.542632,0.723932,24597.034290,2.419140,2459.157850,5.280785,4.969663,691.474232,172.911332,98.310103,47.603752,0.432151,4.082778,1.456952,1.091276,1.190884,1.820327,3.177400,-1.757200,4.934600,-0.945447,0.679779,0.847078,828.398044,2.751526,409.195968,3.268889,4.598356,630.434599,70.571048,44.342664,20.426056,0.270002,3.489407,10.110609,0.899187,0.808537,10.150515,13.509553,8.112118,5.397436,0.724252,0.874488,0.699162,25758.238386,2.348242,2517.590954,5.266520,4.984290,663.635672,167.169156,95.030904,45.436766,0.430795,4.069824,-1.497761,13.470632,181.457931,13.553642,47.002000,-25.214000,72.216000,0.972177,2.474945,9.675193,45925.305025,0.526137,2421.504050,4.535768,5.884640,8431.643665,1398.273626,711.381336,563.480041,0.441617,3.828292,19.651076,71.040311,5046.725816,73.708145,134.610000,-134.300000,268.910000,-0.634018,-0.443756,56.323131,1358222.650318,0.201990,15617.555640,3.767422,5.595320,36942.691562,4583.636433,2489.044981,2022.503597,0.375123,3.528661,-2.109965,44.546198,1984.363767,44.596140,74.243000,-87.281000,161.524000,-0.111060,-1.140182,39.026989,497203.930205,0.312515,9757.892280,2.215525,3.706932,26344.269028,1046.188900,576.725901,417.795839,0.164528,3.088241,79.948055,34.838428,1213.716032,87.208988,151.065512,10.293215,140.772297,0.205603,-0.821383,28.899139,1901351.885548,0.345687,19913.774989,4.057182,5.347997,21720.823205,4092.536347,1562.331856,1089.478078,0.381125,3.754073,0.228548,0.347323,0.120633,0.415773,0.733870,-0.514110,1.247980,-0.847199,-0.446707,0.281870,43.216868,0.122390,95.632030,2.377726,5.024306,132.773436,6.282104,4.070199,3.911715,0.194235,2.612340,0.862419,0.086539,0.007489,0.866750,1.052200,0.646590,0.405610,-0.178027,-0.440861,0.070458,187.813701,-25.930341,214.653835,6.115834,7.463611,41.883233,7.247317,5.815361,6.477427,0.474154,3.813167,0.130726,0.293447,0.086111,0.321249,0.518930,-0.347440,0.866370,-0.163292,-1.528901,0.266799,25.800162,-3.780203,70.486618,3.194302,5.576499,105.654094,10.156418,5.546767,4.665857,0.307632,3.020313,1.012635,0.043518,0.001894,1.013569,1.142369,0.895439,0.246930,0.694282,0.535725,0.033880,256.830731,-71.226913,252.135087,8.562975,7.909999,20.605734,7.215520,5.500663,6.274657,0.679241,4.286770
-0.718141,0.792486,0.628033,1.069467,0.865820,-3.306100,4.171920,-0.581410,0.954214,0.587502,285.940161,2.561670,213.437828,4.215363,5.607285,466.179260,79.541369,43.948619,28.457684,0.368667,3.721801,9.832304,0.731779,0.535500,9.859498,13.142000,8.263700,4.878300,1.151500,3.156327,0.511164,24302.423645,1.996271,2448.860450,6.053607,5.356627,519.746753,209.098129,112.643827,54.902582,0.482633,4.241626,1.547621,1.119963,1.254318,1.910353,3.528700,-1.757200,5.285900,-0.808744,0.872732,0.843103,912.362047,2.578842,431.549506,2.960286,4.350142,590.571976,54.606484,40.616340,18.060634,0.220401,3.261128,10.073320,0.728789,0.531134,10.099649,13.509553,8.774265,4.735289,1.474448,3.777336,0.519138,25500.725853,1.978666,2508.966025,6.002149,5.390789,513.759840,204.794766,110.669043,53.599408,0.484843,4.231984,3.596350,13.393436,179.384132,13.867872,47.002000,-24.539000,71.541000,1.126570,2.155066,9.213163,48079.466344,0.530331,2365.848690,2.803347,4.404804,7406.355271,637.690378,408.940447,244.161566,0.227997,3.252002,-15.536838,51.922136,2695.908258,54.196878,73.941000,-134.300000,208.241000,-0.846776,-0.321319,43.053627,734325.400493,0.242953,9873.547950,3.468276,5.071517,28500.292786,4158.518224,1426.066749,1134.758690,0.319980,3.498286,-5.466283,38.063899,1448.860418,38.454397,74.243000,-87.281000,161.524000,-0.133706,-0.350075,29.844883,369685.167402,0.307544,7481.658400,2.702593,4.188804,21059.307276,1349.083664,597.791488,468.237443,0.218943,3.215434,54.747148,40.138634,1611.109960,67.884904,151.065512,2.161652,148.903860,0.827817,-0.244894,32.706457,1152090.034239,0.325051,13643.096937,3.880560,5.308554,21120.666727,4292.677919,1468.453222,1027.742035,0.364868,3.623517,0.124831,0.302400,0.091446,0.327152,0.733870,-0.278230,1.012100,0.456988,-1.194988,0.276895,26.757065,-2.345177,66.344718,3.951888,6.040542,128.249063,17.301115,9.431036,7.798332,0.393995,3.398158,0.853543,0.078481,0.006159,0.857143,1.052200,0.646590,0.405610,-0.121960,0.321222,0.059136,183.673673,-29.943893,212.570445,6.690238,7.673499,37.974041,8.109472,6.233042,6.517581,0.539418,3.938615,-0.081613,0.433761,0.188148,0.441372,0.518930,-0.525610,1.044540,0.337809,-1.786435,0.418654,48.702207,-7.324462,107.783936,4.304274,6.219444,174.821735,25.441865,15.905995,13.070590,0.448425,3.521471,1.017350,0.039114,0.001530,1.018102,1.142369,0.895439,0.246930,0.856034,1.460713,0.028143,259.132946,-77.252811,253.349339,8.967267,8.035885,17.644871,6.948130,5.169062,5.801282,0.685181,4.315192
-0.636560,0.451460,0.203816,0.780400,0.865820,-1.239100,2.104920,1.424104,1.626441,0.334138,152.256115,1.542235,180.543661,5.614828,6.564166,267.211373,63.098406,37.831483,26.228581,0.517071,4.030590,9.733255,0.307946,0.094831,9.738125,12.342000,8.941500,3.400500,3.100894,22.780058,0.182626,23707.769878,0.127931,2423.710850,8.114898,5.333723,152.373540,152.023090,89.145858,44.144492,0.631867,4.454333,1.426703,0.589882,0.347961,1.543840,3.528700,0.635110,2.893590,2.047426,4.028385,0.391074,595.860728,1.610809,354.846680,3.845684,5.324940,339.538012,52.705240,30.818951,19.252892,0.356815,3.638439,9.885167,0.327149,0.107026,9.890579,12.441705,9.047094,3.394611,2.965225,17.854460,0.194873,24455.886721,0.207519,2461.481121,7.564547,5.573767,190.688433,146.288099,88.625679,43.757841,0.636798,4.464525,1.806859,9.025780,81.464697,9.204859,44.859000,-13.878000,58.737000,2.111106,6.608181,5.930818,21182.358775,0.572743,1428.444237,5.831654,6.565047,6034.175744,1423.955434,953.107280,645.775762,0.598604,4.179928,-2.357839,23.095371,533.396170,23.215417,46.666000,-99.618000,146.284000,-2.022007,5.845971,13.803226,134738.893027,0.283304,3337.499408,5.363141,6.281621,16400.059661,3465.668756,1828.742179,1523.510321,0.545484,4.112565,1.668731,12.988484,168.700722,13.095243,31.564000,-30.782000,62.346000,0.012528,0.191426,9.852982,42871.346455,0.622153,2498.405500,3.096458,4.243289,9077.631248,643.467845,317.519559,212.041594,0.231581,3.466040,19.727357,20.149486,406.001774,28.198766,109.824627,2.104854,107.719773,2.406775,6.223428,13.878547,198792.598257,0.355732,4875.507366,5.954537,6.507681,13723.325173,3654.228142,2022.366667,1588.540581,0.597515,4.206958,-0.109734,0.056170,0.003155,0.123274,-0.040323,-0.278230,0.237907,-1.452261,1.569524,0.041955,3.799149,-76.109638,27.287320,5.475313,6.869484,29.980434,5.823315,3.643303,3.607928,0.485326,3.884901,0.868458,0.030775,0.000947,0.869003,0.985940,0.771080,0.214860,0.355670,1.031017,0.023292,188.791568,-96.513401,216.220910,9.903959,7.643242,15.660257,9.305419,7.144377,6.895377,0.767535,4.557430,-0.488784,0.041514,0.001723,0.490544,-0.342980,-0.536750,0.193770,1.814062,2.710027,0.029958,60.158280,-115.633073,121.765025,6.225189,7.050544,23.662089,5.812710,3.720759,3.577150,0.573434,4.120924,1.005327,0.017714,0.000314,1.005483,1.062804,0.944896,0.117909,-0.330496,0.691466,0.014211,252.748998,-222.836999,250.320794,11.143605,7.357694,7.147769,6.602279,5.096010,4.975168,0.799666,4.618907
-0.275693,0.272570,0.074294,0.387687,0.351270,-0.931770,1.283040,-0.067010,-0.512619,0.229921,37.575255,0.251802,78.186327,4.258491,6.248975,147.755319,14.132699,12.747918,9.960535,0.349885,3.539367,9.786496,0.057850,0.003347,9.786667,9.964300,9.610300,0.354000,0.434477,0.521531,0.044916,23944.710686,-40.625851,2436.838550,8.325349,6.982329,35.835554,17.039700,14.997716,8.056039,0.703123,4.489048,0.927246,0.124525,0.015506,0.935570,1.196500,0.589310,0.607190,-0.017637,-0.113586,0.098827,218.822995,-12.267261,230.797905,5.141024,6.598098,71.798396,8.039316,8.564641,6.477381,0.432596,3.802583,9.838763,0.056391,0.003180,9.838925,9.994211,9.663708,0.330504,0.206430,0.245818,0.043929,24201.108937,-44.519692,2449.842931,8.595987,7.024450,33.046602,16.571970,14.783982,8.275926,0.710204,4.485562,-0.752557,1.902401,3.619129,2.045842,2.472800,-6.321600,8.794400,-0.749674,0.342624,1.495638,1046.367650,2.207713,384.030623,3.250397,5.162203,1132.525505,77.581511,49.984971,45.824893,0.276297,3.401890,-3.246365,10.811785,116.894685,11.288648,13.248000,-27.656000,40.904000,-0.289573,-0.953322,9.139950,31858.392749,0.879806,2314.570518,2.168068,4.079200,4614.861852,240.287365,194.601894,89.219552,0.179871,2.815955,0.730782,3.872946,14.999714,3.941289,10.210000,-9.173700,19.383700,0.351514,0.292967,2.908427,3883.438925,1.367994,719.026218,3.334411,4.592270,2343.608181,201.593083,110.039806,61.032211,0.249453,3.398571,10.363370,6.305027,39.753360,12.130655,27.862502,0.266674,27.595828,0.657440,-0.054682,4.938241,36788.199324,1.133905,2587.632632,2.793299,4.475774,3444.032663,240.717862,155.485488,89.238639,0.237538,3.248096,-0.231718,0.070533,0.004975,0.242215,-0.076613,-0.336690,0.260077,1.043514,-0.254168,0.056862,14.667044,-65.455867,57.777269,5.611690,6.978890,30.328901,6.650614,4.144521,3.965314,0.482999,3.787498,0.839551,0.023380,0.000547,0.839876,0.877510,0.757030,0.120480,-0.666317,0.283301,0.019191,176.348095,-203.179979,209.037325,11.097734,7.353831,8.434877,9.329823,4.833301,7.155730,0.722236,4.526621,-0.474530,0.030346,0.000921,0.475499,-0.416480,-0.532290,0.115810,-0.074205,-1.153612,0.026307,56.524895,-189.539991,118.130260,7.430413,7.843762,11.465252,3.274702,2.472207,2.891232,0.541457,3.916577,0.994946,0.015598,0.000243,0.995068,1.024901,0.940240,0.084661,-0.486524,-0.182153,0.013124,247.540033,-332.520817,247.734722,11.657882,7.193491,4.890573,6.420194,3.613171,4.970011,0.771817,4.570450
-0.154126,0.166713,0.027793,0.227042,0.351270,-0.588650,0.939920,0.022199,0.913398,0.120398,12.886999,-5.447904,45.849761,5.269124,6.902009,95.604995,11.055944,10.815139,10.264966,0.449777,3.805227,9.796725,0.050709,0.002571,9.796856,9.964300,9.667600,0.296700,0.488665,0.865981,0.038010,23994.599010,-55.686165,2439.368900,8.738855,6.979222,28.805651,16.703617,14.099685,8.915555,0.750999,4.532855,0.865148,0.077579,0.006018,0.868619,1.038100,0.589310,0.448790,-0.967121,1.540228,0.056737,188.624838,-28.275884,215.424880,5.763614,6.960721,47.502031,5.824986,6.676279,5.512748,0.485249,3.948145,9.837785,0.049284,0.002429,9.837908,9.994211,9.714824,0.279387,0.452549,0.652564,0.037169,24196.110847,-58.143962,2449.593668,8.944536,6.998120,27.052465,16.477396,13.976936,9.124781,0.757867,4.540802,-1.299652,1.508920,2.276839,1.991465,2.065100,-6.321600,8.386700,-1.002681,1.924189,1.081623,991.483366,1.987742,376.139731,4.405133,5.939262,956.914205,126.458092,89.071343,65.033565,0.410551,3.788199,0.134046,7.416472,55.004056,7.417683,13.248000,-20.637000,33.885000,-0.641723,0.865822,5.134173,13755.506051,0.905758,1269.846228,3.906365,5.743060,3813.558048,540.388119,301.492763,226.167246,0.384406,3.538966,0.717446,2.654632,7.047069,2.749872,8.631100,-4.998600,13.629700,0.915265,1.613917,1.785766,1890.449398,1.575144,452.120504,4.124237,5.374888,1640.444517,201.919129,118.855536,70.529102,0.349577,3.666499,6.221005,5.277201,27.848849,8.157803,21.147917,0.173282,20.974635,1.030487,0.207445,4.413239,16637.438815,1.294864,1547.093441,3.050209,4.878840,2779.729097,239.181900,143.847076,87.087170,0.259680,3.337303,-0.251532,0.027837,0.000775,0.253068,-0.207660,-0.336690,0.129030,-0.822655,-0.363320,0.023077,16.010824,-184.060992,62.614875,8.408480,7.968098,12.268583,4.940092,3.362872,3.506159,0.634959,4.219558,0.835800,0.022400,0.000502,0.836100,0.871490,0.757030,0.114460,-0.635508,0.167659,0.018486,174.765769,-218.165162,208.137700,11.417074,7.119992,8.241438,9.713857,5.843118,7.013342,0.822124,4.633382,-0.473015,0.022063,0.000487,0.473529,-0.416480,-0.514480,0.098000,0.785330,-0.105599,0.017316,56.057546,-262.582237,117.776080,8.329457,7.938997,9.159445,3.125812,2.681180,2.892417,0.601389,4.117148,0.993532,0.015166,0.000230,0.993648,1.024360,0.940240,0.084120,-0.409043,-0.277426,0.013010,246.834139,-338.994583,247.403331,11.870598,6.902802,4.653953,6.715651,3.803369,4.940241,0.809937,4.610577
-0.109435,0.067989,0.004623,0.128835,0.089452,-0.327780,0.417232,-0.068041,0.500182,0.052782,4.149635,-30.337436,28.088645,7.997989,7.685242,40.381479,12.638661,9.943625,5.890108,0.634214,4.308073,9.791293,0.032050,0.001027,9.791345,9.908700,9.705800,0.202900,0.124433,0.368242,0.024898,23967.610469,-102.002659,2438.063750,9.954407,7.022020,16.851842,11.771818,11.174743,6.823031,0.816648,4.636758,0.902070,0.066851,0.004469,0.904543,1.015100,0.685410,0.329690,-0.721816,0.335742,0.054362,204.549665,-42.609472,224.592580,6.273883,7.097151,37.123927,6.189823,6.675136,4.061498,0.504827,4.020346,9.833829,0.032245,0.001040,9.833882,9.947977,9.752381,0.195596,0.138217,0.463402,0.024970,24176.309768,-103.739617,2448.651097,10.015610,7.019960,16.628022,11.561739,11.039837,6.864419,0.812730,4.626811,-1.185962,0.719349,0.517463,1.387072,0.739630,-3.081700,3.821330,-0.363276,0.149528,0.560340,480.992343,2.708473,301.494060,5.458428,6.540554,469.853996,83.114366,46.461835,51.830715,0.494357,3.991338,-0.783258,1.739448,3.025681,1.907662,4.447000,-6.670400,11.117400,-0.329064,1.214236,1.288106,909.793619,1.723502,353.462995,5.748982,6.511459,1030.968566,213.904219,220.932710,96.277921,0.523122,4.038618,0.421890,1.004244,1.008506,1.089265,3.441000,-2.429900,5.870900,0.084800,0.374619,0.780394,296.624292,2.419236,214.231642,5.837719,6.394945,640.114716,172.962681,98.700626,52.447911,0.508499,4.074950,2.301355,1.205573,1.453407,2.598007,7.660890,0.173282,7.487608,1.549183,3.639258,0.905554,1687.410253,1.911642,572.040942,5.606034,6.271312,784.599479,181.911081,135.778003,65.676456,0.492867,4.088254,-0.245032,0.015447,0.000239,0.245519,-0.207660,-0.296370,0.088710,-0.259387,-0.168082,0.012599,15.069848,-312.684932,61.015115,10.070360,7.762579,7.376514,4.373730,3.154316,3.397090,0.722735,4.512668,0.839462,0.021460,0.000461,0.839737,0.871490,0.761040,0.110450,-0.762947,0.391926,0.017676,176.289411,-233.587263,209.013190,11.846540,6.926819,6.897731,9.575906,5.891526,7.782553,0.802292,4.631976,-0.470352,0.014038,0.000197,0.470561,-0.443210,-0.512250,0.069040,-0.151087,-0.811745,0.011995,55.356921,-415.964484,117.129100,9.968926,7.700328,5.588518,3.177785,2.486303,2.688269,0.756176,4.459194,0.993297,0.015027,0.000226,0.993411,1.017500,0.939554,0.077945,-0.530430,-0.037788,0.012655,246.716180,-374.121988,247.325876,11.788322,6.908380,4.713067,6.732488,3.830817,5.448534,0.795037,4.613503
-0.117048,0.065176,0.004248,0.133971,0.089452,-0.277320,0.366772,0.466037,0.105975,0.052644,4.487028,-35.947645,29.969898,7.893919,7.820321,37.311846,9.075162,10.775987,6.088554,0.619621,4.248316,9.787046,0.026294,0.000691,9.787082,9.887800,9.716600,0.171200,0.288128,0.545046,0.020307,23946.742146,-130.808690,2436.936300,11.085678,7.392528,11.705212,8.961618,9.394858,6.064657,0.859024,4.662408,0.954746,0.037130,0.001379,0.955468,1.039000,0.852920,0.186080,-0.250542,0.017816,0.028850,228.229699,-103.617092,237.782385,7.993592,7.468323,22.291679,5.011861,6.855840,4.817824,0.638698,4.306656,9.834486,0.027010,0.000730,9.834523,9.943637,9.757360,0.186277,0.175969,0.711025,0.020762,24179.458872,-118.252974,2448.753139,11.000293,7.427493,11.978179,8.728835,9.293125,5.927867,0.836977,4.634158,-1.153656,0.600437,0.360524,1.300557,0.404490,-2.998800,3.403290,-0.434407,0.579781,0.457374,422.861841,2.596820,289.070845,5.770689,6.624029,347.798698,71.903060,51.875678,37.380365,0.503153,3.982976,-0.313682,1.534873,2.355835,1.566598,3.459600,-6.670400,10.130000,-1.091977,3.122095,1.054766,613.557696,1.639252,256.264342,5.478885,6.001292,952.340653,237.799753,204.946118,74.447229,0.506808,4.084065,0.323651,0.927535,0.860322,0.982381,3.441000,-2.429900,5.870900,0.200230,1.002441,0.695853,241.267934,2.260825,185.104885,6.350968,6.497421,601.156606,168.720375,103.363901,61.159452,0.533778,4.164008,1.931921,1.174065,1.378429,2.260697,7.660890,0.255593,7.405297,1.866928,4.966206,0.863550,1277.687471,1.793618,478.664850,5.730150,6.295762,809.706995,215.605938,132.667519,71.096332,0.523795,4.165186,-0.260452,0.012004,0.000144,0.260728,-0.231850,-0.298390,0.066540,-0.337199,0.534526,0.009181,16.994785,-458.964386,64.845770,11.463948,7.523777,4.669314,3.813165,3.769992,3.309324,0.795269,4.595980,0.841213,0.022344,0.000499,0.841510,0.871490,0.761040,0.110450,-1.026090,1.129199,0.017963,177.034765,-236.419212,209.485045,12.796159,7.035038,6.317941,7.984413,6.892205,8.744810,0.819026,4.641094,-0.456383,0.008766,0.000077,0.456467,-0.436530,-0.483300,0.046770,-0.339666,0.004513,0.007007,52.090555,-705.092722,113.622460,11.280114,7.458364,3.574044,3.092214,2.349489,2.570897,0.815316,4.618795,0.992087,0.015639,0.000245,0.992210,1.017500,0.933146,0.084354,-0.814912,0.574896,0.012901,246.120105,-338.837203,247.038203,12.868836,7.050456,4.232922,5.723269,4.422616,6.304671,0.819558,4.635716
-0.195353,0.072232,0.005218,0.208279,-0.015239,-0.443910,0.428671,-0.584116,0.599226,0.055064,10.845087,-28.866645,48.560485,8.776706,7.864473,37.710465,10.124109,15.403959,9.143877,0.673404,4.341853,9.785291,0.029930,0.000896,9.785337,9.910600,9.658700,0.251900,0.204775,3.343467,0.021091,23938.202958,-83.310134,2436.483600,10.955082,6.797881,11.729460,11.988371,12.779065,7.703753,0.834521,4.663051,0.958543,0.033425,0.001117,0.959126,1.039000,0.869630,0.169370,0.130679,-0.162988,0.026831,229.980574,-120.618359,238.644090,8.321462,7.427962,21.819492,5.793299,6.749616,5.439045,0.679497,4.422369,9.834389,0.030071,0.000904,9.834435,9.960277,9.715067,0.245210,0.342990,3.067058,0.021148,24179.028619,-85.712347,2448.703035,10.884856,6.843674,12.123719,11.827592,12.573355,7.624773,0.830517,4.657539,-1.113624,0.516842,0.267126,1.227715,0.404490,-2.624100,3.028590,-0.098013,0.223722,0.397806,376.820842,2.528309,278.174736,6.266573,6.776635,345.421482,70.870752,61.908583,39.151882,0.559609,4.168890,0.731123,1.981378,3.925857,2.111966,8.823100,-1.426300,10.249400,1.941754,3.221751,1.382622,1115.099650,1.576885,302.363035,5.450640,6.247640,1168.432787,208.215535,276.383621,96.406750,0.494526,3.991150,0.333426,0.665269,0.442583,0.744148,2.334400,-2.451300,4.785700,-0.102722,1.369056,0.492638,138.439008,2.066601,142.090395,6.978246,6.672585,479.286564,149.695486,96.139764,69.010682,0.625551,4.344973,2.006368,1.579849,2.495924,2.553711,8.907676,0.255593,8.652084,2.076764,4.053391,1.089944,1630.359500,1.645902,497.588399,5.301906,6.391992,895.296680,143.053753,186.576641,71.799015,0.471257,3.903533,-0.266702,0.011199,0.000125,0.266937,-0.233870,-0.298390,0.064520,-0.191066,0.172239,0.008967,17.813795,-487.660054,66.420370,11.461256,7.301148,4.237370,3.724627,3.758129,2.984673,0.793775,4.599362,0.840402,0.021090,0.000445,0.840667,0.871490,0.761040,0.110450,-0.799571,0.544158,0.017550,176.680092,-237.010542,209.266170,12.740989,7.040084,5.848727,8.463963,6.321101,7.107615,0.824196,4.644490,-0.454289,0.009329,0.000087,0.454385,-0.432070,-0.489980,0.057910,-0.439817,0.445150,0.007271,51.616480,-570.515968,113.104655,10.437054,7.380889,4.066463,3.259193,2.357771,2.227948,0.754520,4.547587,0.992079,0.014871,0.000221,0.992190,1.015181,0.933146,0.082035,-0.687779,0.314191,0.012424,246.110367,-354.121253,247.029534,12.956556,7.064566,3.867696,6.054250,4.210858,5.104958,0.815815,4.636745
0.158112,1.200792,1.441900,1.211156,3.377400,-2.461800,5.839200,-0.220542,-0.774382,1.013956,366.724969,2.616332,258.407652,4.504409,5.495285,708.250135,137.613689,79.247584,50.044580,0.388623,3.781821,9.709315,1.738403,3.022044,9.863713,14.577000,6.425900,8.151100,0.751833,-0.149942,1.401022,24323.209416,2.250361,2417.970400,5.193299,5.202359,1075.048150,334.785604,116.287775,61.316238,0.427960,3.955730,2.036599,0.712431,0.507558,2.157613,3.970300,0.836920,3.133380,0.621957,-0.397788,0.585239,1163.823929,3.107643,507.211210,4.718953,5.476853,442.540711,97.216417,45.258532,30.020635,0.406207,3.865236,10.009492,1.795856,3.225100,10.169318,15.005816,6.587122,8.418694,0.699623,-0.189979,1.441829,25853.758314,2.197203,2492.727895,5.043330,5.112455,1078.279427,314.508002,110.697262,59.702284,0.398190,3.887472,1.007786,7.853492,61.677334,7.917889,17.784000,-28.663000,46.447000,-0.763351,1.516757,6.020698,15673.241302,0.738893,1522.970359,4.553124,5.168625,5648.955442,1132.145855,492.588153,327.896196,0.397832,3.941823,40.925968,53.466527,2858.669547,67.332046,148.160000,-68.196000,216.356000,-0.118934,-0.996038,46.073425,1133401.091283,0.244739,13921.352463,3.348945,4.348110,31573.146610,4723.570095,1435.790535,803.890437,0.277743,3.552948,10.494026,37.222713,1385.530382,38.673699,90.415000,-86.820000,177.235000,-0.420437,-0.035392,29.823044,373913.740697,0.278377,7937.454040,2.494206,3.677231,19877.461501,1531.664067,584.978499,297.281868,0.178389,3.157604,68.751832,36.947773,1365.137937,78.050960,171.245288,5.083236,166.162052,0.302025,-0.808317,32.519684,1522988.073282,0.293011,17161.695515,3.443211,4.200745,26145.172348,4191.770454,1221.020740,654.295236,0.267045,3.680943,0.148419,0.475054,0.225677,0.497700,0.804440,-0.677420,1.481860,-0.090288,-1.516839,0.437176,61.926272,1.668267,111.607888,4.806886,6.356373,231.011102,40.837030,24.061472,19.728698,0.500301,3.768549,0.960216,0.116971,0.013682,0.967315,1.100400,0.610440,0.489960,-1.171788,0.760958,0.093843,233.924361,-21.550204,239.321130,5.935343,7.231409,51.245660,10.685456,8.092259,6.329206,0.503388,3.806555,-0.242895,0.269182,0.072459,0.362570,0.563470,-0.581290,1.144760,1.117643,0.807685,0.209137,32.864215,-1.408421,80.481019,3.719106,5.849394,113.819697,12.946627,8.380333,6.351015,0.373149,3.326111,1.145836,0.043816,0.001920,1.146673,1.227904,1.034360,0.193545,-0.062442,-1.165274,0.038417,328.714848,-94.425307,285.367349,9.028567,7.815225,15.121564,7.167526,5.266124,5.156246,0.688281,4.237549
0.054633,1.342745,1.802964,1.343856,3.377400,-2.653800,6.031200,-0.043539,-0.588977,1.110234,451.487071,2.713568,278.144128,4.193184,5.359584,838.479512,133.292004,76.870390,53.957330,0.362557,3.762638,9.584124,1.869577,3.495319,9.764771,16.766000,6.195400,10.570600,1.245179,1.467708,1.393546,23837.688066,1.766479,2388.084500,5.439908,4.801199,1149.863416,460.386100,182.379088,63.364156,0.406670,4.045240,1.953026,0.782275,0.611953,2.103869,4.436700,0.123460,4.313240,0.254357,0.096554,0.627190,1106.566008,2.672540,486.713640,4.602016,5.298337,518.580529,120.803756,56.775870,32.122458,0.403494,3.930108,9.897189,1.904895,3.628624,10.078837,17.407965,6.463343,10.944622,1.281101,1.610796,1.406247,25395.741145,1.703694,2466.173616,5.354224,4.828885,1159.293521,425.739400,175.347465,64.264881,0.408015,4.013125,-1.640575,10.087863,101.764989,10.220395,14.556000,-32.192000,46.748000,-0.962636,0.585780,7.954523,26114.118797,0.766662,1925.488433,3.831272,4.551554,7260.134533,1260.419198,600.867878,245.621262,0.310391,3.822022,40.646815,57.356572,3289.776378,70.298933,148.160000,-110.360000,258.520000,-0.121388,-0.909654,49.021289,1235484.980386,0.207425,14498.285340,3.059304,4.048809,32664.843428,5339.496362,1259.638863,707.257445,0.237440,3.457812,10.881450,32.151498,1033.718808,33.942964,90.415000,-70.837000,161.252000,0.208738,-0.421450,26.224718,288031.192852,0.300582,6774.643010,4.029667,5.482282,18378.266704,2508.081725,1260.962617,958.337537,0.369856,3.603361,67.913154,39.828691,1586.324649,78.730688,171.245288,3.963929,167.281359,0.382446,-0.933058,34.938481,1549630.292034,0.294844,16932.696930,4.029175,5.023355,26617.403148,4745.859706,1893.944666,1151.648843,0.361606,3.787311,0.214807,0.424357,0.180079,0.475627,0.804440,-0.372980,1.177420,0.006311,-1.678092,0.399015,56.555148,-0.397356,102.997028,2.362456,4.878799,134.896257,7.584540,4.451033,3.924094,0.208066,2.514208,0.762618,0.161982,0.026238,0.779631,1.076300,0.192770,0.883530,0.223746,-0.815922,0.143836,151.956268,-7.628063,189.744955,7.283644,7.976013,70.458779,17.122797,11.882030,13.973153,0.604326,4.054685,0.347207,0.631732,0.399085,0.720859,1.044500,-0.581290,1.625790,-0.232715,-1.720409,0.598314,129.909362,-0.003383,161.697077,4.653091,6.365370,265.613624,43.465940,27.584060,21.765663,0.488986,3.666283,1.162689,0.042871,0.001838,1.163479,1.269458,1.029786,0.239672,0.063714,-0.217935,0.034623,338.420779,-73.155900,289.433315,10.140589,7.868377,14.884975,8.538155,6.221659,6.985137,0.734340,4.377186
-0.001875,1.221931,1.493114,1.221932,3.189000,-2.653800,5.842800,0.278446,-0.004828,0.933479,373.279498,2.657752,232.257482,4.084008,5.358815,793.667534,106.482127,59.745179,49.875099,0.358408,3.738513,9.754471,2.094076,4.385153,9.976716,16.766000,5.997400,10.768600,1.148165,1.108623,1.541324,24883.713302,1.838887,2430.081500,5.656897,5.137122,1181.054167,454.901522,223.587815,81.266013,0.411404,3.987420,1.670411,0.895298,0.801558,1.895212,4.436700,-0.250920,4.687620,0.444813,0.706307,0.693273,897.957454,2.611798,416.218864,4.050470,4.714158,557.481880,111.293406,47.747013,32.119123,0.316714,3.755947,10.002206,2.139082,4.575672,10.228382,17.407965,6.092985,11.314980,1.224188,1.325998,1.558791,26154.950255,1.745028,2491.593004,5.587162,5.171549,1208.947565,420.454312,218.482356,81.992661,0.418672,3.969925,-2.204102,9.099689,82.804339,9.362820,16.114000,-32.192000,48.306000,-0.852632,0.945113,7.063977,21915.601049,0.734497,1749.315920,4.083159,4.853810,6382.845430,1161.280488,661.054600,301.421686,0.359711,3.863236,52.269776,49.360094,2436.418913,71.892617,139.160000,-110.360000,249.520000,-0.663892,-0.029340,40.982747,1292137.106219,0.207848,15365.585470,3.024623,4.106184,25430.956005,4281.918112,1222.894105,555.782438,0.244171,3.408595,8.677172,26.589564,707.004888,27.969594,67.815000,-46.049000,113.864000,0.225818,-0.477226,21.298608,195574.551435,0.405018,5465.396350,3.191402,4.221289,15062.734592,1798.994050,723.472353,406.605001,0.242908,3.425464,69.012705,35.717721,1275.755559,77.707844,144.334243,3.963929,140.370314,0.005233,-1.027388,30.629356,1509627.258702,0.346093,17191.116318,3.445280,4.391998,19651.627622,3828.246076,1030.995326,588.661276,0.275343,3.582582,-0.263024,0.376569,0.141804,0.459332,0.725810,-0.782260,1.508070,0.724168,-0.033139,0.291654,52.746578,1.090990,99.476856,2.432772,4.948269,139.919210,8.742053,4.656125,5.027125,0.207044,2.653023,0.789509,0.184621,0.034085,0.810808,1.136500,0.192770,0.943730,0.278306,-0.960938,0.160620,164.352464,-5.974133,196.545035,7.059219,7.722659,78.800919,19.445614,14.427797,13.965745,0.619928,4.066222,0.593496,0.525764,0.276428,0.792885,1.044500,-0.523390,1.567890,-1.083628,-0.390090,0.441360,157.166463,-1.126144,183.182598,3.983097,6.056847,212.620764,27.583562,17.412127,14.040705,0.415900,3.409073,1.222064,0.060179,0.003621,1.223545,1.327433,1.029786,0.297647,-0.275288,-0.681777,0.050919,374.265505,-49.891202,304.357023,8.677910,7.937813,22.747090,8.395684,6.911176,6.774302,0.676013,4.225289
0.251344,1.043919,1.089766,1.073750,2.823300,-1.877600,4.700900,0.200308,-0.234807,0.802670,288.234905,2.884835,206.929454,3.973432,5.290032,626.963686,84.955716,46.626897,36.060994,0.341930,3.674515,9.909109,2.055584,4.225427,10.120073,15.952000,5.997400,9.954600,0.892267,0.136998,1.622911,25603.968126,2.020691,2469.242450,5.180401,4.843123,1172.653859,414.158229,147.499347,84.116516,0.406539,3.943564,1.843328,0.939371,0.882417,2.068882,4.371400,-0.250920,4.622320,0.233325,-0.197293,0.742894,1070.068530,2.849037,459.214484,3.985879,4.924400,573.023942,102.071642,43.291592,30.165242,0.323947,3.669624,10.167228,2.115790,4.476569,10.385041,16.393147,6.092985,10.300162,0.888282,0.161290,1.663281,26962.271560,1.991024,2533.327850,5.060802,4.838242,1222.418755,397.920584,145.745097,83.534792,0.398050,3.920539,0.013533,8.128121,66.066357,8.128133,18.744000,-23.983000,42.727000,-0.324954,0.025247,6.520670,16516.635069,0.809782,1620.413140,4.257939,4.832033,5423.519654,956.561143,469.103927,263.370740,0.352599,3.800040,39.552217,50.374273,2537.567415,64.046431,131.590000,-62.692000,194.282000,-0.440959,-0.944902,42.904505,1025486.320438,0.265121,13967.720515,3.677565,5.308382,26375.233414,4198.323821,1652.194047,1193.212225,0.360151,3.537843,6.699494,29.967153,898.030277,30.706897,59.984000,-69.740000,129.724000,-0.423486,-0.269055,23.755718,235728.373905,0.362350,6152.427510,3.476636,4.636878,17092.603739,2210.304867,858.029781,578.253350,0.303995,3.546916,65.257404,29.195831,852.396522,71.490736,133.227830,5.504641,127.723189,-0.023509,-0.477262,23.492361,1277731.329412,0.368367,16264.295227,4.695425,5.782734,17991.222672,3838.300598,1715.550228,1232.619649,0.454808,3.899108,-0.040637,0.501997,0.252001,0.503639,0.665320,-0.782260,1.447580,-0.172454,-1.559123,0.462855,63.413125,1.424333,114.004044,3.968936,6.022326,208.285510,27.989740,16.120128,13.780062,0.410636,3.440652,0.969107,0.098927,0.009787,0.974143,1.136500,0.726910,0.409590,-0.723414,-0.328441,0.080243,237.238704,-26.046621,241.469500,6.074809,7.384496,41.030316,10.272780,5.753844,6.358491,0.497106,3.793130,-0.099777,0.532783,0.283858,0.542046,0.984410,-0.579060,1.563470,1.042637,-0.567080,0.459738,73.453440,-0.785924,123.565648,4.411328,6.221969,245.398679,37.947125,23.066095,18.199329,0.463470,3.645890,1.221887,0.058416,0.003412,1.223283,1.327433,1.064482,0.262952,-0.146797,-0.771656,0.049943,374.105269,-57.329177,304.290820,6.831489,7.452355,29.233785,7.027729,5.491696,5.121060,0.541551,4.072745
0.211742,1.149837,1.322125,1.169171,2.756400,-2.354800,5.111200,-0.051020,-0.417812,0.911781,341.739927,2.934495,233.231707,3.971281,5.406687,676.594167,72.413034,59.937586,37.425528,0.331409,3.631574,9.629243,1.863826,3.473848,9.807965,15.878000,6.212900,9.665100,1.006344,0.611780,1.440850,24049.043068,1.953694,2397.530750,5.129921,4.755701,1156.018929,391.258641,192.851708,70.894207,0.378182,3.995620,1.910938,0.940550,0.884634,2.129863,3.833000,-0.747430,4.580430,-0.420659,0.010820,0.747892,1134.079288,2.800383,485.182548,4.072127,5.436305,576.435669,99.109133,51.922719,29.289951,0.363937,3.704756,9.927954,1.880205,3.535171,10.104427,16.233966,6.340873,9.893093,1.002496,0.648186,1.437297,25524.862283,1.930463,2471.893630,5.173581,4.763572,1126.525652,379.358975,190.192498,69.491690,0.376872,3.973315,1.140430,8.655679,74.920786,8.730485,24.821000,-23.983000,48.804000,-0.265598,0.298152,6.689936,19055.341488,0.727676,1719.350148,4.171797,5.047589,5839.213940,904.881039,623.495419,246.192261,0.365224,3.812497,37.156050,57.705614,3329.937907,68.633155,165.090000,-62.692000,227.782000,0.148528,-0.878491,48.766379,1177627.494097,0.234593,14045.361570,3.446684,5.259530,25122.526232,3844.565989,1621.362408,1082.309565,0.320606,3.278555,6.807933,31.334837,981.872041,32.065870,55.994000,-69.740000,125.734000,-0.469457,-0.663122,26.276222,257054.998847,0.376119,6798.523900,2.987088,4.288741,18687.599585,1847.522155,687.736817,467.264571,0.244095,3.423559,66.416036,37.468139,1403.861457,76.255828,171.260986,3.909582,167.351404,0.642479,0.097156,29.133222,1453737.834432,0.294549,16551.043997,3.099757,4.434386,21008.718056,3271.883362,1113.343624,571.017737,0.274270,3.476898,0.290573,0.371423,0.137955,0.471580,0.858870,-0.354840,1.213710,-0.376784,-1.104127,0.318141,55.596877,0.815724,103.228790,4.072761,6.077385,182.214961,23.902610,14.531750,11.613286,0.417425,3.554119,0.830594,0.176609,0.031191,0.849162,1.088400,0.542170,0.546230,-0.089330,-1.528876,0.162182,180.269160,-12.825111,206.774970,5.118580,6.834907,78.810494,14.159030,7.030929,7.944339,0.462709,3.719594,0.089194,0.626464,0.392457,0.632782,0.988860,-0.579060,1.567920,0.459482,-1.585482,0.582416,100.103195,-0.714411,141.409799,4.481394,6.316601,253.867942,39.215881,25.052821,20.132820,0.470818,3.585149,1.158460,0.042994,0.001848,1.159257,1.265395,1.040318,0.225076,-0.202238,0.075877,0.033718,335.969231,-78.108491,288.385980,8.909344,7.900587,15.628104,7.430000,4.800024,5.528942,0.629701,4.192640
0.099226,1.025918,1.052508,1.030705,2.756400,-2.354800,5.111200,0.106155,0.258922,0.785141,265.588360,2.715605,195.643625,4.245578,5.537912,686.507170,78.912149,59.076817,45.876544,0.361609,3.756936,9.667107,2.264391,5.127467,9.928768,17.820000,6.212900,11.607100,1.264737,1.381507,1.671691,24645.107187,1.756689,2407.897200,5.848399,5.212057,1378.745936,534.958988,304.353703,120.253260,0.466487,4.123744,1.618481,1.042611,1.087037,1.925232,4.859600,-0.747430,5.607030,0.110867,0.364196,0.816743,926.629353,2.471903,417.390568,5.105351,5.902305,653.022987,124.488699,69.846860,53.099469,0.465020,3.929254,9.900328,2.309287,5.332806,10.166086,18.523325,6.340873,12.182452,1.324505,1.627090,1.677632,25837.324899,1.672395,2465.888934,5.789498,5.182530,1388.643258,516.596084,294.714288,117.036807,0.457391,4.091367,1.156881,9.377274,87.933276,9.448368,35.116000,-23.283000,58.399000,0.277294,1.150549,6.998033,22317.912549,0.618052,1754.333521,5.198171,5.726324,6528.000039,1416.280190,941.473985,515.393178,0.467614,4.050971,55.009447,52.465819,2752.662127,76.017770,165.090000,-33.925000,199.015000,-0.016675,-1.155256,46.201408,1444675.356571,0.259570,15368.126040,2.545323,3.463465,25674.175237,3146.752520,976.854968,273.503626,0.157616,3.188528,6.796208,22.185800,492.209716,23.203408,55.188000,-49.377000,104.565000,0.076015,-0.488993,17.866824,134599.538506,0.427873,4593.472140,3.185993,4.170518,13997.860428,1951.081453,585.990097,331.306743,0.234983,3.505815,67.941441,42.312312,1790.331765,80.039810,171.260986,3.909582,167.351404,0.320905,-0.892310,36.805073,1601592.807626,0.296148,16888.222138,2.859633,4.015997,22037.238504,2682.517073,1006.918022,490.413198,0.211992,3.340437,-0.163137,0.509368,0.259456,0.534855,0.858870,-0.818550,1.677420,0.811089,-0.584834,0.412027,71.517439,1.199237,120.510062,4.095395,6.033676,234.222910,33.342995,19.600552,15.794090,0.422655,3.541154,0.762635,0.133999,0.017956,0.774318,1.036100,0.542170,0.493930,0.372670,-0.949239,0.111484,149.891919,-16.375322,189.706935,6.022079,7.413367,52.000972,9.863146,7.042391,7.083878,0.517367,3.766574,0.624036,0.433899,0.188269,0.760059,0.988860,-0.391980,1.380840,-0.959076,-0.552214,0.376532,144.422364,-2.226496,169.750604,1.764082,4.472196,127.193749,3.900238,2.850237,2.834152,0.129067,2.011103,1.207287,0.076066,0.005786,1.209680,1.347595,1.040318,0.307277,-0.130115,-1.125918,0.066575,365.831722,-41.402149,300.657815,6.959099,7.692700,30.479718,7.422754,5.711076,5.632237,0.584846,3.966611
0.279363,1.128656,1.273865,1.162716,3.748800,-1.898300,5.647100,0.504682,0.012598,0.889295,337.977005,2.625435,225.462967,4.539738,5.640535,725.829924,98.756658,78.983360,45.400463,0.417243,3.833311,9.851654,2.181783,4.760177,10.090355,17.820000,6.338500,11.481500,1.099475,1.079147,1.649696,25453.815774,1.773734,2453.354600,5.924129,5.184754,1263.123456,539.149410,267.694079,110.602390,0.476331,4.123677,1.741966,1.017579,1.035467,2.017402,4.859600,-0.553800,5.413400,0.368073,0.324638,0.775676,1017.478179,2.555586,438.793105,3.967792,4.866735,663.203131,104.362225,52.319903,27.735215,0.315356,3.696316,10.105506,2.261819,5.115825,10.355534,18.523325,6.440814,12.082511,1.107012,1.112098,1.713119,26809.270959,1.719675,2516.618829,5.793682,5.159991,1306.290896,516.846059,257.822668,106.023198,0.463762,4.085819,0.095045,8.660634,75.006586,8.661156,35.116000,-23.283000,58.399000,0.458645,1.904828,6.431456,18753.905005,0.604436,1599.957292,4.653036,5.143327,5974.831520,1186.386980,769.132341,343.974552,0.397693,3.928067,36.114778,56.108182,3148.128061,66.726346,125.950000,-76.387000,202.337000,-0.168777,-1.329000,50.364757,1113101.318607,0.257668,14096.560220,2.997587,4.247117,32506.620256,3696.743107,1412.942121,763.742304,0.249198,3.433840,4.773250,29.347839,861.295676,29.733476,56.963000,-84.097000,141.060000,-0.745618,0.783644,22.166943,221019.898325,0.331272,5723.646340,3.525271,4.865812,18188.539597,2397.784408,963.274271,669.750744,0.309355,3.583933,65.419647,33.641794,1131.770299,73.562902,126.860515,7.819627,119.040888,-0.028953,-1.336732,29.748361,1352875.121937,0.397292,16308.730932,3.332176,4.161713,19701.461268,3538.843283,1003.297541,527.816599,0.257800,3.574544,-0.114072,0.491924,0.241990,0.504977,0.758060,-0.818550,1.576610,0.299873,-1.232737,0.431433,63.750556,2.324712,112.891177,3.688695,5.887293,185.763825,21.223788,13.203552,10.428645,0.371397,3.209760,0.932915,0.126315,0.015956,0.941428,1.140600,0.640560,0.500040,-0.356581,-0.929854,0.106863,221.571504,-15.446360,232.407475,6.552520,7.543574,48.401918,10.738141,7.740390,7.656616,0.560531,3.888957,0.079127,0.619537,0.383826,0.624570,0.973270,-0.585750,1.559020,0.442436,-1.591456,0.580011,97.521837,-0.693590,141.220525,4.634742,6.362695,257.542364,43.111769,26.167828,20.821169,0.486977,3.658133,1.236393,0.052034,0.002708,1.237488,1.347595,1.116298,0.231297,-0.147448,-0.766445,0.042807,382.843898,-69.208114,307.908805,8.110568,7.934379,20.301443,6.646717,5.327669,5.500982,0.601968,4.107612
0.140369,1.446206,2.091511,1.453002,4.325700,-2.942400,7.268100,0.473793,0.028960,1.158694,527.803510,2.398211,287.582273,3.602015,5.018471,835.229728,95.302668,67.030952,27.641452,0.304557,3.541148,9.624574,1.489238,2.217829,9.739109,14.329000,7.103400,7.225600,0.918256,0.514364,1.136294,23712.563338,2.319252,2396.255850,5.187160,5.185473,1028.892760,344.780393,113.461644,75.203706,0.428492,4.059409,1.880311,0.854858,0.730782,2.065515,3.995500,-0.287370,4.282870,-0.338020,0.027395,0.653947,1066.588285,2.792899,470.645422,4.930225,5.930542,582.573528,130.424005,61.144337,46.176485,0.479423,4.005953,9.946018,1.518072,2.304541,10.061204,14.955828,7.201014,7.754814,1.042477,0.858977,1.133783,25306.955133,2.166590,2476.416317,5.166067,5.236335,1031.059791,326.404092,111.887554,73.965137,0.419954,4.037752,0.362671,11.462045,131.378483,11.467782,27.524000,-29.416000,56.940000,-0.205990,0.458275,8.613057,32877.503322,0.656182,2143.001436,4.287894,5.651717,7281.501046,1132.228696,567.743622,460.779844,0.401729,3.782857,49.248921,59.971285,3596.555033,77.601619,150.410000,-76.387000,226.797000,-0.346116,-1.043983,51.758319,1505502.808215,0.235551,16725.794550,3.502241,5.200822,29644.702874,3837.275983,1604.399679,1214.316251,0.330595,3.410099,9.757428,35.038087,1227.667532,36.371348,83.131000,-84.097000,167.228000,-0.598813,-0.089816,28.234857,330718.733781,0.291399,7667.003840,4.202923,5.511220,19741.413695,3052.029579,1522.869822,1080.565253,0.414420,3.725685,78.300631,36.679795,1345.407368,86.466156,153.202169,8.880070,144.322099,0.018482,-0.969169,31.249183,1869099.045317,0.339582,19504.111832,3.759868,5.119431,22224.986642,3608.031527,1271.287552,952.896208,0.344893,3.653211,0.328129,0.366662,0.134441,0.492046,0.881050,-0.522180,1.403230,-0.377605,-1.046303,0.315681,60.527387,1.496899,105.527205,2.174603,4.621104,149.896113,6.825034,4.511882,3.986727,0.181222,2.648173,0.863573,0.186347,0.034725,0.883450,1.140600,0.504020,0.636580,-0.307543,-1.221862,0.162403,195.120981,-8.045620,215.057945,5.142677,6.719500,88.252108,16.094361,7.837686,11.304428,0.464989,3.750120,-0.051163,0.578428,0.334579,0.580686,1.000000,-0.585750,1.585750,0.915789,-0.859020,0.506612,84.299165,-0.900267,129.978902,4.487110,6.331004,257.328834,38.383330,25.840409,19.148681,0.469923,3.629838,1.165120,0.047814,0.002286,1.166100,1.272145,1.049919,0.222227,0.328816,-0.631610,0.039363,339.947533,-75.846050,290.057194,8.827608,7.944298,17.883246,6.884822,5.593736,6.240764,0.669142,4.211862
-0.068384,1.227652,1.507131,1.229556,4.325700,-2.942400,7.268100,0.732366,1.474379,0.913027,377.951727,2.072306,231.147947,4.144900,5.357052,758.843957,115.964366,61.771015,45.226026,0.358923,3.734730,9.686192,2.410909,5.812482,9.981723,17.305000,6.145600,11.159400,1.229616,0.970548,1.828760,24908.699300,1.853254,2412.156800,5.564143,5.371565,1435.284492,431.209584,240.493193,113.056339,0.460147,4.014744,1.849838,0.985765,0.971734,2.096100,4.908800,-0.288430,5.197230,0.142501,0.603235,0.737478,1098.408634,2.536682,463.433216,4.216296,5.112146,637.761164,77.432778,66.597763,34.567094,0.345195,3.750792,9.974072,2.461327,6.058130,10.273278,17.710304,6.467535,11.242769,1.220044,0.967493,1.844371,26385.059661,1.881017,2483.779177,5.473792,5.332844,1461.704664,412.949006,234.729763,109.758852,0.453659,3.988932,-0.622963,11.669638,136.180447,11.686254,27.524000,-29.416000,56.940000,-0.002711,0.260284,8.861826,34142.132345,0.660838,2221.704327,4.200984,5.251395,7273.986296,1167.181899,758.247283,431.985752,0.366098,3.756066,50.276254,49.380133,2438.397509,70.470556,150.410000,-47.099000,197.509000,0.057237,-0.919322,42.086198,1241524.816273,0.264218,14232.067080,4.873806,6.110887,29474.414471,6008.856569,2851.672765,2282.532767,0.487953,3.924715,7.494092,26.096604,681.032718,27.151319,83.131000,-51.335000,134.466000,0.299210,0.340701,19.831722,184298.533588,0.343758,5188.572590,3.189720,4.201453,17453.629785,1643.919871,661.844208,485.075589,0.252963,3.543787,65.139565,39.958716,1596.698961,76.418989,153.202169,1.870213,151.331956,0.476544,-0.922776,34.989002,1459965.482206,0.324062,16206.704958,3.775681,5.119520,22380.548528,4443.801164,1474.923363,861.588952,0.341538,3.639458,-0.093436,0.548792,0.301172,0.556689,0.881050,-0.877020,1.758070,0.419309,-1.191866,0.482156,77.475640,2.198199,125.992953,4.430930,6.258697,232.353468,36.177005,22.674970,17.219627,0.462949,3.587548,0.728152,0.123356,0.015217,0.738527,0.985940,0.504020,0.481920,0.387568,-0.805813,0.100991,136.355645,-17.127594,181.125440,6.404287,7.698206,48.230081,9.108453,7.575231,7.832309,0.497555,3.766244,0.568793,0.497036,0.247045,0.755361,1.000000,-0.530070,1.530070,-0.990698,-0.433168,0.425676,142.642671,-0.962146,171.394242,3.117955,5.519252,172.649823,16.541434,9.517947,7.680394,0.307537,2.960081,1.192079,0.069589,0.004843,1.194109,1.320231,1.049919,0.270313,0.169379,-1.277372,0.061940,356.473956,-53.227662,296.843745,7.694641,7.986703,26.007707,7.011552,5.782417,5.856711,0.604282,3.993770
0.028251,1.262662,1.594315,1.262978,5.847500,-1.840300,7.687800,1.857671,4.817423,0.914989,398.778161,1.901687,224.637305,5.379066,5.988930,870.284156,188.687637,100.038256,83.500025,0.511054,4.081563,9.877655,2.603089,6.776075,10.214898,17.305000,6.145600,11.159400,0.920397,0.052515,2.090080,26086.036795,1.965140,2458.905900,5.465017,5.322301,1601.273442,445.697799,265.999033,103.543875,0.443102,3.999936,2.022073,1.023662,1.047883,2.266421,4.908800,-0.288430,5.197230,0.502587,0.249894,0.787918,1284.165784,2.596550,504.546414,4.338234,5.018193,671.916728,114.601723,77.196542,33.619818,0.337569,3.787962,10.201375,2.647238,7.007869,10.539256,17.710304,6.467535,11.242769,0.896138,-0.002746,2.130181,27768.980741,1.959353,2538.818495,5.281232,5.292516,1624.672050,424.698101,247.626550,104.274274,0.436303,3.972074,-2.723615,9.391780,88.205539,9.778733,18.544000,-26.832000,45.376000,-0.123825,-0.344307,7.567479,23905.904848,0.801307,1954.106130,5.069576,5.625085,6496.277860,1374.607354,1033.396602,406.529207,0.459176,4.028694,32.358878,48.742884,2375.868753,58.506117,119.240000,-108.710000,227.950000,-0.382976,-0.683043,41.187247,855741.437808,0.228677,12461.232480,3.518200,4.341679,28202.256692,5671.243186,1422.575553,682.668328,0.282543,3.629859,5.647728,28.276094,799.537504,28.834603,67.608000,-63.138000,130.746000,-0.265726,-0.204112,21.960545,207858.582727,0.360081,5671.461880,3.816600,4.892528,19273.677059,2555.020486,1151.367087,745.556815,0.335239,3.712191,59.499727,28.457094,809.806175,65.954709,122.347237,1.870213,120.477024,0.122641,-0.939317,24.556437,1087505.925383,0.387846,14831.215627,4.419172,5.036738,16074.847315,4703.893717,1868.497481,578.189025,0.346353,3.825211,-0.247847,0.456305,0.208215,0.519271,0.705650,-0.877020,1.582670,0.615513,-0.810348,0.389920,67.410711,1.347404,117.625118,3.247552,5.627864,150.888013,15.022784,8.888670,7.162118,0.316786,2.926815,0.886898,0.171805,0.029517,0.903385,1.152600,0.546180,0.606420,-0.292161,-1.328228,0.154500,204.026290,-9.932522,220.887170,5.655954,7.011897,77.064101,14.506884,10.215365,9.866930,0.506523,3.851043,0.188312,0.628950,0.395578,0.656536,0.988860,-0.563470,1.552330,0.139157,-1.791195,0.599499,107.759847,-0.750689,148.224941,4.604552,6.354725,260.412381,43.124793,26.325491,20.084636,0.483567,3.645549,1.230921,0.040272,0.001622,1.231579,1.320231,1.125336,0.194895,0.141044,-0.491347,0.032559,379.196848,-93.705576,306.542642,9.010020,7.883210,15.155771,6.520357,5.787043,5.523806,0.660542,4.250320
0.188329,1.701240,2.894218,1.711632,5.847500,-2.089500,7.937000,1.063887,0.538204,1.358405,732.421359,2.133308,332.428510,3.520120,4.688922,1021.904173,134.000121,63.347807,37.911532,0.290200,3.541094,9.525584,1.690339,2.857247,9.674399,15.340000,5.839900,9.500100,0.777408,1.414157,1.205537,23398.501238,1.945267,2371.494950,5.578692,5.447533,1014.626992,358.395661,168.940948,84.010212,0.470711,4.056847,2.080746,0.946023,0.894959,2.285708,5.266300,0.597140,4.669160,1.029666,0.667475,0.740739,1306.115678,2.581756,517.905780,4.080349,4.894747,605.484254,129.709337,62.129321,25.494441,0.345839,3.796924,9.951094,1.650416,2.723873,10.087029,15.737992,6.935697,8.802295,0.960025,1.402971,1.200764,25437.038276,2.046443,2477.589685,5.574203,5.429572,977.410307,347.615183,165.385285,78.479314,0.479673,4.067147,1.658286,10.956529,120.045521,11.081310,24.366000,-26.832000,51.198000,-0.455956,-0.401421,8.927059,30698.858126,0.733945,2297.381426,4.213754,5.337279,7311.977337,1178.185426,650.492651,362.786108,0.380974,3.807236,57.409311,54.874814,3011.245218,79.417090,151.300000,-108.710000,260.010000,-0.701041,-0.035996,43.134847,1576768.551775,0.203587,17655.080650,3.993034,5.197991,35598.890664,6737.103386,2152.835391,1676.170401,0.382427,3.787067,13.227487,30.980454,959.788559,33.686124,65.015000,-63.138000,128.153000,-0.518238,-0.443061,25.287278,283688.743000,0.369456,7075.090660,3.584704,4.704714,20494.517882,2717.753011,984.091024,712.789792,0.311962,3.641993,81.110975,31.394815,985.634395,86.974850,152.789984,9.995571,142.794413,0.190820,-0.509759,25.257514,1891156.152901,0.337375,20204.910091,4.651853,5.334187,22754.877950,4721.816657,2144.168159,1274.833016,0.431562,3.988739,0.227298,0.457627,0.209423,0.510967,0.828630,-0.804440,1.633070,-0.498244,-0.898170,0.387481,65.271763,2.120684,111.423421,2.905984,5.315997,169.787704,13.414337,9.235511,6.711110,0.276868,2.905590,0.877051,0.193228,0.037337,0.898084,1.152600,0.178710,0.973890,-0.519576,-0.849900,0.171848,201.638722,-5.761481,218.484525,7.064206,7.935060,78.504639,16.635328,13.075877,15.664858,0.588234,3.951679,-0.013318,0.554420,0.307381,0.554580,0.993320,-0.563470,1.556790,0.846066,-0.972640,0.484799,76.889653,-0.190462,121.893081,3.716519,5.871825,212.283235,25.468101,16.190905,12.028293,0.385478,3.277516,1.171732,0.047376,0.002244,1.172689,1.267410,0.901770,0.365639,-0.635617,2.724344,0.039246,343.800139,-46.674608,291.737171,10.032338,8.072753,18.382726,8.451024,7.088784,8.311520,0.763605,4.417763
0.363381,1.526524,2.330275,1.569179,4.203200,-2.089500,6.292700,0.608945,-0.166217,1.216811,615.580354,2.693314,303.374508,5.026042,6.063125,987.277284,187.255888,102.572430,86.430605,0.461239,3.950176,9.545339,2.194931,4.817723,9.794448,18.114000,5.839900,12.274100,1.170382,1.403165,1.599283,23982.803920,1.672371,2377.792550,5.603456,5.396810,1354.787478,409.884031,257.719519,138.282672,0.468674,4.070975,1.909533,0.994086,0.988207,2.152795,5.266300,0.021036,5.245264,0.682642,0.566674,0.775712,1158.631135,2.552230,474.674761,4.055136,5.066750,651.446450,114.463606,56.003544,40.381861,0.355473,3.768257,9.905385,2.216171,4.911415,10.150274,18.441580,6.416235,12.025344,1.190094,1.347851,1.635647,25757.015408,1.706596,2466.892762,5.592691,5.405659,1342.298281,379.142426,247.164077,137.030347,0.463653,4.024536,2.928072,9.565176,91.492599,10.003310,24.366000,-29.267000,53.633000,-0.309554,0.505401,7.611885,25016.551498,0.676999,1960.632506,4.624797,5.258145,6623.050947,1286.714271,794.041911,522.536835,0.388786,3.951866,54.655018,53.818404,2896.420560,76.704573,151.300000,-120.950000,272.250000,-0.468217,-0.207815,44.422437,1470897.879566,0.195828,16199.088238,3.181606,3.923360,32566.788331,6176.734734,1261.609246,656.045471,0.236989,3.538166,10.969982,23.943462,573.289372,26.336854,65.015000,-42.042000,107.057000,0.086108,-0.477020,18.841770,173407.469841,0.424152,5249.328370,3.022814,4.015178,16076.728802,1487.186465,529.391606,358.819109,0.220868,3.464711,71.899936,38.828943,1507.686793,81.714672,152.789984,3.721674,149.068310,0.082650,-0.939129,32.742386,1669321.900905,0.332177,17896.080886,3.827610,4.447282,23386.327906,6055.720196,1696.946884,801.831383,0.305364,3.748918,-0.043452,0.541712,0.293452,0.543452,0.828630,-0.804440,1.633070,0.375852,-1.336361,0.485234,73.834892,1.045670,123.361867,3.643564,5.867983,219.782381,25.008305,15.647385,11.838248,0.373809,3.288798,0.747944,0.138735,0.019247,0.760702,1.052200,0.178710,0.873490,0.327046,0.280345,0.111939,144.666731,-8.059106,185.948750,8.393327,8.245700,53.696183,13.874301,12.800231,15.649910,0.667391,4.140091,0.575572,0.471790,0.222585,0.744224,1.020000,-0.474390,1.494390,-0.911924,-0.692972,0.408754,138.467281,-0.884593,167.455441,3.239109,5.689572,153.554002,14.633124,8.427012,7.988817,0.318516,2.882045,1.192929,0.069260,0.004797,1.194937,1.323834,0.901770,0.422064,0.030170,-0.203131,0.060040,356.968904,-34.469959,297.030222,8.818867,8.323636,26.818159,8.176944,6.649592,8.317971,0.668903,4.193035
0.599689,1.136573,1.291799,1.285078,4.156000,-1.450300,5.606300,0.861976,0.544284,0.871512,412.856549,2.575839,234.496983,4.929346,5.844244,767.842198,158.524971,80.137326,65.232414,0.441449,3.967539,9.868310,2.319810,5.381517,10.137310,18.114000,6.230700,11.883300,0.951592,0.332965,1.838534,25691.264870,1.769340,2455.830650,5.834302,5.388069,1389.099746,541.306633,246.465771,167.950011,0.481430,4.120448,2.017762,0.895090,0.801187,2.207385,4.332000,0.021036,4.310964,0.113120,-0.048989,0.694062,1218.137252,2.948292,501.729731,4.536975,5.303652,578.379727,129.456458,58.234016,41.391583,0.399644,3.869289,10.186503,2.350362,5.524199,10.454140,18.441580,6.416235,12.025344,0.955185,0.338671,1.871824,27322.258671,1.753132,2534.838671,5.698999,5.351988,1403.364623,497.779694,234.083314,160.940134,0.471355,4.085880,0.286814,8.889840,79.029246,8.894465,24.164000,-29.267000,53.431000,-0.288264,0.637693,6.789637,19777.877162,0.669550,1690.832656,5.194900,5.544173,5673.997830,1313.209159,777.001768,622.439829,0.431776,3.979941,31.054388,50.064874,2506.491641,58.914061,120.020000,-120.950000,240.970000,-0.412728,-0.442064,41.781543,867716.657670,0.218836,12388.924958,3.556020,4.336743,27086.496011,6400.392257,1340.378286,803.858643,0.279838,3.593330,5.192654,27.189855,739.288217,27.681255,71.483000,-68.309000,139.792000,-0.522054,0.176650,21.366016,191562.969050,0.333271,5566.191096,4.639729,5.786170,19377.685797,3023.255775,1550.770484,1284.705757,0.441989,3.929997,58.505937,29.887879,893.285316,65.698021,124.547691,3.721674,120.826016,0.067824,-0.908162,25.237301,1079057.503882,0.390299,14575.029574,4.302652,4.737392,18376.829042,6281.072615,1671.684100,668.114987,0.360637,3.875201,-0.192234,0.431892,0.186531,0.472742,0.701610,-0.804440,1.506050,0.592487,-0.705041,0.362936,55.871221,1.224418,104.929429,3.323307,5.702648,154.024126,15.221868,9.635484,7.976430,0.324908,3.024021,0.908972,0.165413,0.027362,0.923901,1.144600,0.562250,0.582350,-0.369223,-1.300153,0.148838,213.398117,-11.890210,226.438895,5.669426,7.067706,68.021180,12.196054,10.156153,8.609483,0.479503,3.772653,0.168829,0.640636,0.410415,0.662509,1.020000,-0.585750,1.605750,0.163733,-1.774478,0.607514,109.729527,-0.625659,149.682561,4.638769,6.413935,261.811812,41.767211,26.136136,21.692145,0.485989,3.638210,1.230467,0.044117,0.001946,1.231258,1.323834,1.129620,0.194215,-0.085950,-0.566575,0.035785,378.998866,-90.137636,306.461996,8.825510,8.084624,16.280728,6.837265,4.936048,5.190409,0.615304,4.161476
0.572543,1.110527,1.233271,1.249431,3.691000,-1.356500,5.047500,0.399566,-0.300241,0.894507,390.269173,2.852469,250.242547,4.090883,5.573776,687.174014,94.538375,44.862914,36.114359,0.355710,3.683088,9.620467,1.561017,2.436775,9.746289,15.025000,6.463200,8.561800,0.885885,1.173122,1.132414,23747.539039,2.054313,2396.315750,5.069209,4.560465,1001.780239,436.428863,118.788100,54.716036,0.369414,4.022003,2.103361,0.794251,0.630835,2.248325,4.332000,0.460010,3.871990,0.617202,-0.016605,0.624780,1263.740788,2.923819,523.743900,4.204198,5.033581,494.715309,133.244269,42.756296,24.114885,0.348160,3.800495,9.962996,1.531310,2.344909,10.079990,15.172333,6.947155,8.225178,1.067694,1.405286,1.108614,25401.548999,2.063673,2481.639321,5.100649,4.617038,967.241360,396.076186,119.096642,53.925708,0.382926,4.013553,4.437983,7.764322,60.284696,8.943175,20.849000,-17.604000,38.453000,-0.286664,-0.039492,6.157655,19995.096322,0.889816,1797.035473,3.597995,4.449486,5345.216490,795.516136,384.367441,166.561737,0.293923,3.705937,52.094399,48.878495,2389.107264,71.434821,142.870000,-76.033000,218.903000,-0.388066,-0.027502,38.053962,1275733.420889,0.237029,15346.478720,3.632259,5.040776,26336.588508,4886.862391,1468.347244,1069.063368,0.341689,3.589416,9.697412,26.522277,703.431171,28.239528,71.483000,-68.309000,139.792000,-0.806374,0.801305,20.459390,199367.740595,0.329405,5759.292078,3.098138,4.292431,16766.309745,1934.768307,644.094676,422.998653,0.253278,3.487210,69.789990,33.312796,1109.742390,77.332949,143.312516,5.100812,138.211704,0.407663,-0.638078,27.331154,1495096.257806,0.349027,17387.398266,4.216590,5.445411,20857.964077,4282.670108,1582.133254,1115.891158,0.405698,3.810290,0.305105,0.403513,0.162823,0.505877,0.832660,-0.689520,1.522180,-0.617928,-0.546153,0.340960,63.977965,1.473186,107.695566,3.510945,5.764729,166.114372,17.791473,10.978002,8.551755,0.349612,3.226635,0.884153,0.192997,0.037248,0.904972,1.144600,0.459840,0.684760,-0.568930,-0.922884,0.166539,204.743705,-7.653149,220.206945,4.898497,6.588912,89.993555,16.693753,9.395199,7.964958,0.464715,3.724377,-0.108160,0.524390,0.274985,0.535428,0.991090,-0.585750,1.576840,1.187859,-0.160605,0.428404,71.670794,-0.581260,118.643592,3.980522,6.105035,216.089759,27.413451,17.272631,13.857824,0.413321,3.400500,1.165715,0.051752,0.002678,1.166863,1.268363,1.080142,0.188221,0.352783,-1.332197,0.046817,340.392463,-95.878155,290.217425,7.644685,7.657461,21.974995,8.043141,5.122044,4.482695,0.634236,4.163078
0.332362,0.969761,0.940437,1.025135,2.696000,-1.724400,4.420400,0.052734,-0.858028,0.819252,262.725435,3.029441,214.072862,4.852276,5.979715,661.767165,119.277298,59.466368,59.611577,0.444474,3.954015,9.593758,2.413237,5.823712,9.892619,18.016000,5.672600,12.343400,1.243388,1.429296,1.744158,24465.976049,1.725152,2390.033400,5.511348,5.089371,1437.820903,499.658526,235.419848,124.041950,0.453152,4.042155,1.944307,0.939019,0.881757,2.159186,4.691900,-0.057367,4.749267,0.605433,0.297963,0.719886,1165.521569,2.704713,483.752042,4.443335,5.209081,596.591183,133.342790,56.715809,38.449086,0.376417,3.842303,9.882394,2.432115,5.915182,10.177273,18.435832,5.783807,12.652025,1.221102,1.336720,1.756689,25894.223054,1.680739,2461.647189,5.466145,5.121990,1431.627543,464.138128,228.175005,122.914299,0.448367,4.014089,4.465717,7.472626,55.840135,8.705329,20.849000,-12.683000,33.532000,-0.006569,-0.540953,6.114317,18945.690254,1.006016,1760.918389,5.309890,5.640019,4637.800349,1117.886633,772.164563,492.241863,0.450202,4.017764,48.434607,44.304885,1962.922813,65.641709,142.870000,-61.886000,204.756000,0.216611,-0.329779,34.972378,1077208.500079,0.249752,13328.343028,4.271631,5.370200,25976.020609,5339.282970,2080.430096,1356.151555,0.406019,3.791750,7.173357,16.090136,258.892479,17.616740,57.794000,-32.263000,90.057000,0.204897,-0.129113,13.143369,77587.381411,0.464201,3431.096062,5.271768,6.119142,10602.709050,2331.709616,1145.052353,876.920290,0.506048,4.030460,57.652280,37.029461,1371.180952,68.519824,143.312516,3.574931,139.737584,0.769270,-0.428861,30.612737,1173741.571743,0.342951,14311.387127,4.166205,5.181574,21111.080116,5042.611342,1671.062780,967.904525,0.374391,3.760470,0.032081,0.529423,0.280289,0.530394,0.832660,-0.844760,1.677420,0.193186,-1.482154,0.479484,70.329511,1.963509,118.728782,4.145745,6.196478,210.693002,29.145560,18.226996,12.821910,0.427082,3.459127,0.725526,0.124332,0.015458,0.736102,0.995980,0.459840,0.536140,0.108002,-0.883750,0.106123,135.461612,-14.112431,180.421665,5.658345,7.371456,42.000516,8.566120,5.202446,4.953624,0.437733,3.515403,0.546949,0.527715,0.278483,0.760024,0.991090,-0.530070,1.521160,-0.904439,-0.881993,0.460449,144.408951,-1.378987,174.230495,3.980564,6.052089,209.501319,26.658248,16.338644,14.269213,0.415777,3.400549,1.181450,0.070547,0.004977,1.183554,1.330011,1.080142,0.249869,0.501666,-1.211418,0.063653,350.200074,-63.110681,294.133949,6.372360,7.295419,31.554596,7.941169,4.155606,5.526955,0.538278,3.966609
0.204636,1.085350,1.177985,1.104473,3.448200,-1.724400,5.172600,0.563775,-0.058532,0.875719,304.965151,2.747074,218.618617,4.624655,5.657015,712.647673,125.642351,57.185921,54.216564,0.406370,3.866593,9.735679,2.494471,6.222384,10.050165,18.016000,5.672600,12.343400,1.165898,0.939478,1.848769,25251.456423,1.727646,2426.053600,5.338237,4.994648,1570.487086,486.418784,241.378908,115.530981,0.419505,4.009623,1.915096,1.014092,1.028383,2.167020,4.691900,-0.806420,5.498320,-0.044009,0.422974,0.775253,1173.994139,2.524600,486.287882,4.157268,4.897711,673.742012,137.438581,53.312852,39.925727,0.360777,3.832294,10.030062,2.513867,6.319528,10.340293,18.435832,5.783807,12.652025,1.114211,0.842340,1.865141,26730.415713,1.687745,2499.404198,5.283677,5.016832,1552.248193,450.825817,233.726974,113.485571,0.412465,3.973425,-0.313529,9.613393,92.417326,9.618504,21.498000,-27.663000,49.161000,-0.598579,0.446418,7.445303,23128.906569,0.733897,1852.727872,4.735154,5.426531,6178.235492,1171.346461,769.848624,514.030655,0.420941,3.892616,39.349824,43.869871,1924.565618,58.931946,130.370000,-61.886000,192.256000,0.287643,-0.539458,35.409598,868243.562940,0.264906,11655.075648,3.226574,4.095734,26259.752553,4287.500971,1122.235650,553.838529,0.237831,3.528315,7.193117,18.553205,344.221403,19.898803,65.772000,-32.263000,98.035000,0.626622,0.778335,13.956215,98990.585490,0.430623,3572.284980,4.555042,5.586570,12596.818370,2562.569130,1027.944607,753.394025,0.434107,3.910216,52.254989,35.083734,1230.868381,62.940068,132.616227,3.574931,129.041295,0.844153,-0.403300,29.175945,990363.054999,0.363446,13014.322613,4.166569,5.180959,19871.974959,4660.941183,1320.228225,925.650374,0.360375,3.735694,-0.250137,0.381650,0.145657,0.456317,0.512100,-0.917340,1.429440,0.217912,-1.192557,0.331777,52.056253,1.277495,100.909180,3.979282,6.052313,146.219532,19.943879,12.122151,9.523597,0.403241,3.363066,0.898874,0.196210,0.038499,0.920039,1.190800,0.550200,0.640600,-0.126721,-1.461587,0.176651,211.618138,-8.848918,223.949365,5.221934,6.806000,78.882845,14.820971,8.718091,8.233827,0.488563,3.706002,0.256116,0.647846,0.419704,0.696634,0.991090,-0.583520,1.574610,-0.093169,-1.830398,0.623297,121.324750,-1.211368,159.168152,4.454673,6.281606,257.785133,40.115159,24.878350,19.662404,0.468175,3.572545,1.240193,0.043803,0.001919,1.240966,1.330011,1.117298,0.212713,-0.412825,-0.411980,0.036167,384.999141,-83.316105,308.895045,8.250041,7.962581,15.959560,5.682943,3.977215,4.253933,0.590156,4.064610
0.432011,1.248571,1.558929,1.321197,3.448200,-1.568900,5.017100,0.270192,-0.873455,1.067981,436.390668,2.992379,277.351837,3.924147,5.345463,771.625829,101.658393,52.631808,34.522881,0.329082,3.633115,9.629493,1.619200,2.621810,9.764679,15.423000,6.821600,8.601400,1.260312,1.889952,1.160818,23837.237311,1.999137,2398.459950,5.193896,4.907952,1048.519000,355.379780,146.504644,61.473974,0.406754,4.007633,1.995796,0.897337,0.805213,2.188244,4.245200,-0.806420,5.051620,-0.371495,0.985395,0.675775,1197.103427,2.442466,505.696300,3.605209,4.633031,572.249908,98.055697,35.135923,22.467574,0.295199,3.648629,9.961671,1.627276,2.648028,10.093707,15.770087,6.995993,8.774095,1.253459,1.960338,1.157489,25470.731406,1.977387,2481.179818,5.088326,4.895634,1042.225895,333.255430,140.105995,59.740802,0.396926,3.979280,0.418592,10.906533,118.952458,10.914563,21.498000,-27.663000,49.161000,-0.451334,-0.244660,8.824195,29781.919284,0.758877,2214.453557,3.429507,4.695280,6906.152725,802.868844,437.511778,210.131537,0.285180,3.576417,55.219025,48.936537,2394.784625,73.782961,137.320000,-31.739000,169.059000,-0.051464,-1.211794,41.694206,1360981.348961,0.301801,15098.727260,2.937171,4.569887,22934.178114,3365.219825,989.854358,660.729314,0.261810,3.247564,10.497841,26.908551,724.070136,28.883816,72.203000,-50.447000,122.650000,-0.388784,-0.299044,21.377861,208568.702382,0.376497,5938.329180,4.490416,5.681278,17706.521452,2762.812802,1419.518932,1124.876913,0.433426,3.853373,70.053885,38.597683,1489.781119,79.983298,140.218805,4.134401,136.084404,0.195587,-1.239786,33.697330,1599331.970627,0.359261,17389.404536,2.501316,3.752193,20090.488511,2706.370196,588.138062,290.601649,0.179047,3.216604,0.269976,0.468142,0.219157,0.540411,0.846770,-0.917340,1.764110,-1.078990,0.395992,0.346753,73.010914,1.241943,120.474760,4.065740,6.021170,211.934119,29.358903,17.747372,13.681342,0.419590,3.496265,0.931059,0.179705,0.032294,0.948243,1.190800,0.536140,0.654660,-0.517188,-0.846591,0.148579,224.790989,-8.640450,232.036740,5.511490,7.241203,72.645576,11.442631,9.686781,7.546927,0.464679,3.665976,-0.174539,0.432406,0.186975,0.466303,0.957680,-0.583520,1.541200,1.241005,0.246193,0.355524,54.359658,-0.471763,106.244976,3.249901,5.538120,172.526937,16.654656,10.420079,8.018924,0.330219,3.148244,1.185178,0.063238,0.003999,1.186864,1.314056,1.059560,0.254495,0.100663,-1.244526,0.055398,352.161561,-59.230015,295.085078,7.925068,7.945497,26.843818,7.339692,6.820945,5.699470,0.644996,4.152196
0.475075,1.188906,1.413498,1.280310,3.469600,-1.843000,5.312600,0.212579,-0.830349,1.021669,409.798376,2.814115,265.643999,3.962576,5.358088,769.570204,98.224273,48.657739,40.456593,0.336144,3.698697,9.598278,2.091182,4.373042,9.823440,17.064000,6.056300,11.007700,1.308954,1.505031,1.523633,24124.995702,1.801889,2392.214750,5.262980,4.954320,1304.054375,474.728301,179.609810,90.514096,0.395921,4.010175,2.041801,0.746291,0.556950,2.173914,4.245200,0.399950,3.845250,0.285068,0.381105,0.570106,1181.475322,2.712268,508.978975,4.471330,5.405756,482.669487,99.252821,51.899519,29.780554,0.402652,3.866162,9.917819,2.121781,4.501953,10.142242,17.560082,6.356494,11.203588,1.294629,1.461491,1.542345,25716.269400,1.764098,2471.928910,5.201696,4.960539,1312.816588,451.704585,173.185315,89.014559,0.391016,3.982039,2.422532,8.589327,73.776536,8.924416,21.338000,-17.444000,38.782000,-0.142159,-0.392213,6.862593,19911.298990,0.906582,1813.009758,4.152107,5.165356,5418.154911,1052.084435,481.928181,288.465498,0.342433,3.756899,38.259237,46.365979,2149.804030,60.113004,137.320000,-42.808000,180.128000,0.481175,-0.860236,39.379002,903393.319024,0.284071,11264.438150,2.540329,3.380487,24722.023405,3589.158422,743.198703,233.322379,0.156060,3.262022,6.168448,28.605661,818.283842,29.263178,76.173000,-50.447000,126.620000,-0.067716,-0.627826,23.823998,214083.399471,0.371014,6101.607820,3.370139,4.577971,17995.678171,1994.945445,756.203331,562.527235,0.295284,3.561027,56.171162,37.341032,1394.352655,67.450367,140.218805,4.134401,136.084404,0.681341,-0.695515,31.362747,1137388.017485,0.352653,13979.896639,3.031832,4.276071,20039.539699,2914.838217,831.130903,525.307766,0.248846,3.426669,0.159814,0.473264,0.223979,0.499520,0.846770,-0.582660,1.429430,0.024683,-1.572609,0.439512,62.379962,1.623107,110.860904,4.538152,6.271816,202.905633,32.285500,20.619820,15.224218,0.470687,3.632583,0.715920,0.139394,0.019431,0.729364,0.989960,0.451810,0.538150,0.172018,-1.107055,0.119384,132.992897,-12.955455,178.072290,6.234517,7.510568,49.955008,10.529386,7.924350,6.974855,0.506145,3.721575,0.486700,0.589864,0.347940,0.764733,1.031200,-0.541200,1.572400,-0.683079,-1.290405,0.533509,146.204216,-0.949740,175.790884,4.392515,6.290272,231.742439,34.781246,21.855767,18.052344,0.459446,3.524899,1.167561,0.055769,0.003110,1.168892,1.306042,1.059560,0.246481,0.638072,-0.376883,0.045453,341.577076,-63.843652,290.648764,8.155837,7.982042,22.373945,6.790389,5.791159,5.858853,0.612701,4.130858
0.780916,1.334402,1.780629,1.546111,6.614000,-1.843000,8.457000,1.045041,2.214019,1.043844,597.614937,1.893043,281.716485,4.493414,5.188205,855.118281,233.490969,57.015144,54.125185,0.381508,3.885717,9.643798,2.445943,5.982638,9.949145,17.064000,6.056300,11.007700,1.144682,0.526004,1.888282,24746.369341,1.874275,2401.526350,5.115902,4.790331,1608.634976,551.750197,190.496925,104.767441,0.402106,4.025757,1.862431,0.914402,0.836131,2.074797,4.031800,-0.330470,4.362270,-0.000484,-0.160404,0.722097,1076.195248,2.937153,464.980938,4.291952,5.083267,602.908374,139.459538,51.075374,31.505799,0.379528,3.866573,9.970550,2.503767,6.268850,10.280113,17.637282,6.356494,11.280789,1.230698,0.783946,1.908612,26420.179526,1.831342,2482.680044,5.025397,4.737521,1651.583213,538.239524,185.301453,101.913851,0.398449,4.005270,3.936379,11.715484,137.252573,12.359112,29.407000,-39.014000,68.421000,-0.588729,1.712556,8.661433,38186.913123,0.549918,2273.083011,3.918303,4.856508,7857.157878,1289.133085,529.519595,345.823312,0.318722,3.731721,42.891696,42.035111,1766.950563,60.055376,137.750000,-95.806000,233.556000,-0.194491,-0.467565,36.062191,901662.046617,0.217004,12144.786810,3.917716,4.621479,27228.474099,6332.564795,1325.442644,936.554371,0.327089,3.765238,11.138071,23.274396,541.697532,25.802212,76.173000,-43.944000,120.117000,0.008102,-0.240367,19.086013,166438.541456,0.376212,5289.359160,4.334109,5.510074,15959.356304,2846.724718,1151.184642,873.709477,0.415703,3.860737,57.601590,33.274717,1107.206780,66.521801,145.518691,6.640347,138.878343,0.272735,-1.127938,29.212987,1106287.501196,0.340125,14327.860713,4.872073,5.730975,19455.979742,5356.680367,2221.128860,1366.569924,0.465343,3.942092,-0.250153,0.340234,0.115759,0.422298,0.733870,-0.733870,1.467740,0.878125,0.386624,0.265646,44.583910,0.924237,91.444606,3.966617,6.102288,138.155670,17.184680,10.846416,9.482360,0.393231,3.380598,0.841511,0.219201,0.048049,0.869592,1.162700,0.451810,0.710890,-0.132347,-1.474246,0.198641,189.047402,-6.468962,209.628690,4.787546,6.834076,83.725351,11.221116,7.917230,8.931753,0.420070,3.466363,0.417791,0.633335,0.401113,0.758724,1.031200,-0.612470,1.643670,-0.549270,-1.450749,0.582633,143.915681,-0.211244,174.455755,4.395077,6.282534,260.019434,39.988943,24.284134,18.850415,0.461287,3.565405,1.227873,0.050169,0.002517,1.228897,1.329747,1.100582,0.229165,-0.305146,-0.548212,0.040470,377.546992,-71.668107,305.777561,8.313625,8.066875,18.978081,5.422876,4.694872,5.640873,0.621585,4.093786
1.118401,1.357859,1.843781,1.759148,6.614000,-1.529400,8.143400,0.942793,1.242417,1.055351,773.650109,2.008124,324.252057,4.630409,5.186592,861.549480,242.383482,71.251967,57.057532,0.408118,3.931497,9.620526,2.000067,4.000270,9.826230,16.724000,6.353700,10.370300,1.039296,1.040759,1.511354,24138.697554,1.928043,2396.699350,5.021437,4.800795,1374.228038,457.530728,149.210351,76.778224,0.393017,4.019103,2.053367,1.151841,1.326738,2.354369,4.739900,-0.330470,5.070370,0.426115,-0.437204,0.932643,1385.763770,2.785137,514.371638,3.847218,4.810703,711.855153,124.889279,39.826074,32.263300,0.312770,3.669388,10.040332,2.093841,4.384170,10.256337,17.637282,6.512068,11.125215,1.117122,1.361799,1.574000,26298.111434,1.811319,2501.463838,4.962660,4.796141,1414.144383,440.127753,146.648412,74.998735,0.385030,3.979899,4.607776,12.477221,155.681032,13.300851,29.407000,-39.014000,68.421000,-0.742243,1.152324,9.477235,44228.156731,0.559046,2564.805121,3.240460,4.244415,8371.518239,1097.813672,388.576948,246.742569,0.269772,3.583252,50.899052,50.408611,2541.028108,71.636175,143.160000,-118.570000,261.730000,-1.070087,1.224523,39.474837,1282935.400659,0.198862,15708.327400,3.283649,3.854707,31800.207373,6878.367163,999.419174,556.793570,0.232081,3.586849,10.075363,29.632968,878.112796,31.298974,65.835000,-71.342000,137.177000,-0.853195,0.272898,23.289320,244906.435705,0.338699,6520.416901,2.753698,3.626174,18684.361971,2278.117341,410.030982,270.385728,0.187932,3.424475,73.160019,30.592345,935.891566,79.298676,147.063358,8.869872,138.193486,-0.010582,-0.565937,25.273301,1572069.993096,0.345866,18218.558138,4.164063,4.561594,20606.072175,5573.962680,1802.350733,693.184656,0.342702,3.874301,0.179008,0.545585,0.297663,0.574202,0.822580,-0.733870,1.556450,-0.377149,-1.352313,0.480852,82.426877,0.880693,127.256160,4.381691,6.209202,259.833248,38.831664,24.412246,19.126620,0.459655,3.646928,0.952635,0.131817,0.017376,0.961711,1.162700,0.634540,0.528160,-0.469042,-0.919288,0.114499,231.222233,-15.108448,237.428790,5.373412,7.207505,55.711300,8.679295,6.278995,6.354786,0.446827,3.618089,-0.162602,0.392965,0.154422,0.425278,0.817370,-0.612470,1.429840,0.872078,-0.427776,0.328940,45.215289,0.697719,94.743888,2.678238,5.321566,130.942870,8.956943,5.352066,5.302651,0.248260,2.672041,1.196264,0.066410,0.004410,1.198106,1.329747,1.060480,0.269268,-0.007922,-1.107375,0.057988,358.864399,-53.812377,297.859844,6.904957,7.610861,30.741521,7.772428,5.397398,5.620244,0.559830,4.032596
0.469701,1.361504,1.853694,1.440248,4.108100,-1.916600,6.024700,0.527259,-0.386545,1.097192,518.578318,2.698330,285.915151,3.773592,5.019489,873.378429,130.605138,54.618183,41.763108,0.329901,3.690015,9.573040,1.876076,3.519663,9.755140,16.204000,6.423400,9.780600,1.096022,1.409827,1.366014,23790.687550,1.963552,2385.027500,5.466176,5.089743,1171.502255,442.967948,172.623123,90.270064,0.445537,4.046570,2.199339,1.020245,1.040900,2.424457,4.739900,0.503980,4.235920,0.741380,-0.107450,0.785544,1469.498493,2.905301,547.551560,5.159977,5.973864,696.507975,152.500091,74.544471,58.068658,0.495415,4.037530,9.965821,1.948709,3.797468,10.154558,16.468930,6.711616,9.757315,0.966751,0.928246,1.452806,25778.764362,2.004854,2482.781995,5.416120,5.176010,1201.060442,420.930748,175.353156,91.685460,0.448982,4.026034,2.881014,8.456971,71.520360,8.934238,19.455000,-19.436000,38.891000,-0.426233,0.160066,6.374962,19955.150528,0.880030,1744.914010,4.171086,5.194787,5532.451098,1025.733958,579.661299,320.527764,0.362337,3.819993,34.773236,49.433814,2443.701955,60.439059,143.160000,-118.570000,261.730000,-0.309405,0.296256,37.603435,913219.971429,0.200213,12150.757430,2.686163,3.389040,28965.114654,3777.433292,907.089381,328.713615,0.166192,3.339930,3.976158,29.044548,843.585773,29.315450,64.924000,-71.342000,136.266000,-0.513108,-0.126475,22.666922,214848.902120,0.344297,5812.590101,2.667775,3.785167,18549.769885,1590.969336,509.762274,348.508278,0.188134,3.361063,58.164625,34.770282,1208.972528,67.765006,147.063358,2.601850,144.461508,0.601965,-0.656982,29.374751,1148024.024077,0.333108,14529.886221,3.229075,4.105336,21925.749108,3632.812164,1045.373295,511.707231,0.245810,3.579021,0.264105,0.438195,0.192015,0.511631,0.822580,-0.407260,1.229840,-0.148112,-1.554273,0.399831,65.441542,0.049185,109.008107,4.411401,6.204624,205.661187,31.598087,18.871649,15.544220,0.461070,3.658026,0.729269,0.164421,0.027034,0.747574,1.050200,0.457830,0.592370,0.391195,-1.022215,0.141736,139.716717,-9.939955,181.555090,5.144963,7.080747,56.353726,8.717719,6.768909,6.087461,0.412506,3.429457,0.364998,0.609796,0.371852,0.710686,0.995550,-0.556790,1.552340,-0.254154,-1.685051,0.575439,126.268758,-0.476117,155.940943,4.590341,6.380863,243.844854,39.121879,24.801994,19.460951,0.481475,3.608204,1.150416,0.047446,0.002251,1.151394,1.261528,1.060480,0.201048,0.502501,-0.763942,0.039993,331.427018,-87.845453,286.400611,8.576180,7.843236,16.185884,6.953100,5.534714,4.392058,0.634625,4.129136
-0.180678,1.039984,1.081567,1.055562,2.367400,-2.120600,4.488000,0.367480,-0.563317,0.820330,278.553035,3.009121,213.611117,4.229497,5.482665,682.719026,85.150314,46.493315,42.473861,0.361020,3.738025,9.743224,2.134858,4.557620,9.974369,18.898000,6.472200,12.425800,1.322189,2.000462,1.527751,24872.008535,1.575027,2425.297900,5.826930,5.247167,1280.772128,479.367204,264.754000,128.175553,0.468198,4.100733,1.718454,0.873246,0.762558,1.927600,4.606200,-0.144050,4.750250,0.554657,0.924785,0.647371,928.910351,2.553342,428.174817,4.031963,4.869598,568.809011,116.645473,54.295988,27.101704,0.339014,3.791832,9.980742,2.168566,4.702678,10.213613,19.063552,6.711616,12.351936,1.311350,1.847093,1.555031,26079.471920,1.585439,2484.440316,5.796864,5.265865,1282.009049,449.712158,262.331055,126.974818,0.460656,4.074550,1.153224,7.411751,54.934054,7.500932,18.198000,-17.212000,35.410000,0.021327,-0.624445,6.086247,14065.994754,0.955431,1546.798809,5.332056,5.734395,4733.532650,1089.577910,908.637439,455.516255,0.483744,4.048660,50.001727,45.207113,2043.683082,67.408129,125.380000,-41.698000,167.078000,0.106904,-1.107250,39.041417,1135963.949529,0.297612,13540.203108,4.071547,5.377431,24688.150557,4412.225921,1604.861403,1297.080252,0.400469,3.725017,7.207098,18.468560,341.087709,19.824984,47.572000,-57.074000,104.646000,-0.246522,0.255079,14.712226,98257.493790,0.410065,3923.098907,5.316474,6.235523,12724.418018,2316.292337,1491.730182,1103.757208,0.521155,4.051219,59.269875,38.473779,1480.231653,70.662223,131.039525,2.601850,128.437674,0.466544,-1.238390,34.151502,1248287.438073,0.368360,14741.760997,3.096980,4.273881,19850.224742,3172.313133,1079.480058,516.421113,0.251524,3.443775,-0.247790,0.391501,0.153273,0.463328,0.737900,-0.887100,1.625000,0.506118,-0.328835,0.312929,53.668279,1.868084,100.159267,3.743638,6.105978,141.917429,15.751964,10.516656,8.480872,0.369621,3.135189,0.767670,0.205133,0.042079,0.794605,1.156600,0.457830,0.698770,0.448239,-1.084180,0.180563,157.849161,-6.887857,191.022925,4.998294,6.519594,92.225555,17.170359,12.133770,9.107290,0.478147,3.740979,0.600027,0.534647,0.285847,0.803666,0.995550,-0.516700,1.512250,-1.216118,-0.176059,0.442467,161.469783,-2.679436,188.708230,4.064291,6.134832,224.978219,30.797311,17.653670,14.936517,0.423295,3.457443,1.219285,0.072757,0.005294,1.221454,1.343924,1.068940,0.274984,-0.428196,-1.088792,0.062652,372.987223,-51.223743,303.630657,6.668194,7.288602,28.250404,7.694832,5.937452,5.055672,0.569833,3.957883
-0.076038,1.084178,1.175442,1.086841,2.887600,-2.120600,5.008200,0.620221,0.371225,0.785325,295.305919,2.694476,199.909838,3.917313,4.983801,748.524382,107.231721,53.332691,41.432745,0.335692,3.751607,9.834872,2.106625,4.437868,10.057960,18.898000,6.482100,12.415900,1.239937,1.609162,1.556542,25290.641739,1.603519,2448.239750,5.898606,5.693364,1458.537187,400.564089,249.625205,133.076173,0.511374,4.155523,1.876677,0.961443,0.924373,2.108622,4.234400,-0.144050,4.378450,0.425232,-0.165694,0.750421,1111.572125,2.881957,467.721067,5.035859,5.848041,614.749779,140.052941,70.091402,45.415914,0.471902,3.972469,10.106261,2.157213,4.653569,10.333929,19.063552,6.738038,12.325514,1.180230,1.320978,1.601944,26697.519784,1.606099,2515.863660,5.935694,5.748478,1462.762414,384.667453,248.494889,133.906793,0.511379,4.134104,-0.518493,7.591594,57.632300,7.609280,15.483000,-23.811000,39.294000,-0.457731,-0.038620,6.274486,14475.283657,0.857621,1552.520410,5.430469,5.924377,5169.741397,1292.753118,848.953246,460.797562,0.503939,4.107455,43.300816,50.329672,2533.075870,66.393046,125.380000,-61.621000,187.001000,-0.135138,-0.930553,42.281235,1102009.128931,0.276357,13681.391163,3.093255,4.595866,27456.482114,3672.728923,1290.834141,778.094065,0.279124,3.423568,8.156813,34.500085,1190.255882,35.451227,94.022000,-80.657000,174.679000,-0.513134,0.795727,24.850848,314197.370063,0.273003,6641.944627,2.456539,3.255856,20744.701043,1563.575811,408.078025,232.623066,0.146220,3.213145,67.323281,34.500769,1190.303029,75.648709,131.039525,5.546716,125.492809,0.091636,-1.118567,29.325715,1430681.782651,0.382821,16801.083800,3.613030,5.008029,20629.774590,3095.376695,1254.302918,761.319188,0.330885,3.626783,-0.032677,0.515693,0.265939,0.516727,0.808470,-0.887100,1.695570,-0.084691,-1.274587,0.449858,66.751794,2.342450,110.904262,4.325231,6.151470,226.992798,33.526051,21.127287,17.207633,0.449286,3.587434,0.977316,0.121949,0.014872,0.984895,1.156600,0.668670,0.487930,-0.468231,-0.760408,0.103911,242.504477,-17.276120,243.590000,6.070481,7.612567,44.768983,7.909917,6.651570,7.026627,0.472758,3.632012,-0.069693,0.539547,0.291111,0.544029,0.975500,-0.576840,1.552340,0.925613,-0.813517,0.466745,73.991908,-0.436201,122.742740,4.187338,6.174656,224.695081,32.172920,19.258974,15.465478,0.437783,3.495455,1.236871,0.056070,0.003144,1.238141,1.343924,1.088308,0.255616,-0.537792,-0.491521,0.045036,383.248180,-61.088532,308.038612,7.748579,7.828205,24.331914,7.836661,5.398632,5.630431,0.634487,4.146695
0.076932,1.120238,1.254933,1.122876,2.887600,-1.747700,4.635300,0.668672,-0.190876,0.877227,315.212818,2.978719,218.514737,3.766381,4.879371,700.608319,107.652031,44.531411,36.558446,0.300688,3.634266,9.613162,1.769811,3.132231,9.774719,15.423000,6.723500,8.699500,1.240763,1.467804,1.266277,23886.280665,2.027082,2392.608100,4.732277,4.274969,1185.222035,377.417861,138.335934,43.392041,0.321041,3.946561,2.084738,0.887461,0.787588,2.265771,4.234400,0.517900,3.716500,0.540805,-0.358926,0.713164,1283.429583,3.115297,518.391830,4.515580,5.260523,580.404625,133.185426,58.261107,37.484430,0.400474,3.890501,9.933251,1.808373,3.270214,10.096519,15.622079,6.881455,8.740624,1.214228,1.350831,1.296849,25484.923066,2.039464,2472.230171,4.639550,4.269792,1189.127033,356.086207,130.262221,42.548024,0.320904,3.910233,1.755883,8.111430,65.795304,8.299303,28.428000,-23.811000,52.239000,-0.107566,1.713368,5.888968,17219.607235,0.652214,1544.727281,3.844465,4.468938,5433.617675,1033.055360,475.915995,178.979428,0.290149,3.740854,39.801746,46.152136,2130.019663,60.944226,118.870000,-61.621000,180.491000,-0.267330,-0.544745,36.432932,928549.663264,0.281129,13001.771038,3.328923,4.698432,26548.493573,3758.607317,1386.179508,831.234903,0.305505,3.531768,7.825764,34.537987,1192.872552,35.413488,94.022000,-80.657000,174.679000,-0.479711,0.699175,25.245186,313528.782377,0.278121,6695.980000,3.952697,5.301942,21547.037072,2487.220741,1299.598334,1079.923580,0.369311,3.678242,64.520154,29.569272,874.341875,70.973180,125.269521,6.573841,118.695680,0.318520,-0.922711,24.947614,1259298.052877,0.394411,16069.560219,2.911419,3.668829,19126.883238,3031.308240,748.820184,277.348877,0.196526,3.501131,0.332992,0.382133,0.146026,0.506862,0.834680,-0.429440,1.264120,-0.353231,-1.142064,0.336554,64.227395,0.833777,106.039296,3.672792,5.947355,163.098399,16.908652,10.668674,9.842014,0.370086,3.301464,0.829903,0.205158,0.042090,0.854885,1.144600,0.485940,0.658660,-0.044334,-1.467650,0.184173,182.707061,-8.343483,206.612205,5.553785,7.008623,90.239944,17.343293,12.150251,11.439380,0.516002,3.825847,0.117176,0.602497,0.363002,0.613785,1.008900,-0.576840,1.585740,0.412110,-1.539654,0.552520,94.183095,0.455828,132.790589,4.511959,6.310949,260.202608,41.128406,25.661500,19.979561,0.475023,3.638507,1.167187,0.046305,0.002144,1.168105,1.264390,1.077917,0.186472,0.501111,-0.840849,0.039120,341.117551,-97.760133,290.587644,9.311900,8.006849,16.275344,7.331145,6.591018,5.970977,0.697143,4.260844
-0.075264,1.005029,1.010084,1.007844,2.594300,-2.272100,4.866400,0.403974,-0.224280,0.820906,253.937149,2.829307,204.753989,4.752732,5.814443,697.802277,115.059940,60.984583,49.017186,0.424631,3.929758,9.630893,2.182331,4.762569,9.875053,17.858000,5.925400,11.932600,1.389985,2.081298,1.523261,24379.166239,1.670820,2395.679250,5.647400,5.210806,1283.161210,522.225246,250.120887,83.337596,0.430589,4.038967,1.689228,0.879208,0.773006,1.904337,4.085100,-0.268590,4.353690,0.272252,0.010858,0.670040,906.624629,2.824684,421.931411,5.339092,5.933916,489.284158,149.901665,52.580067,48.959452,0.451179,3.932709,9.872098,2.168083,4.700584,10.107369,18.025488,6.439571,11.585917,1.410428,2.047433,1.525021,25539.728017,1.660058,2455.642223,5.746888,5.284450,1241.900179,496.519522,246.020994,86.361704,0.442434,4.029777,1.165201,8.264217,68.297280,8.345956,28.428000,-18.661000,47.089000,0.315110,0.805768,6.304842,17413.743324,0.739571,1583.421450,5.292893,5.812995,5584.539732,1218.279454,943.968797,430.745849,0.457194,4.018454,46.730551,44.892253,2015.314341,64.800144,152.910000,-55.584000,208.494000,0.171557,-0.549753,36.433745,1049764.678863,0.248570,13119.327890,2.605692,3.418824,25668.164277,2660.810261,813.143527,276.738614,0.163875,3.325875,5.926480,18.684973,349.128199,19.602330,78.636000,-31.676000,110.312000,0.904222,1.719359,14.357080,96062.839689,0.386942,3675.978440,4.389506,5.367008,12784.795077,2170.985540,988.772561,644.899264,0.406353,3.863309,57.681557,36.411579,1325.803065,68.212646,154.182452,1.944424,152.238028,0.683883,-0.594298,30.838977,1163241.261877,0.315083,14349.129752,3.361571,4.535167,19526.139911,3517.182040,1106.364197,544.701806,0.270244,3.510845,-0.118290,0.538010,0.289455,0.550860,0.834680,-0.907260,1.741940,0.604341,-0.927332,0.457943,75.861805,1.536108,123.132031,4.648817,6.398270,267.937893,42.681127,26.525729,21.468497,0.485656,3.744959,0.718892,0.123766,0.015318,0.729468,1.044200,0.485940,0.558260,0.296226,-0.662935,0.103294,133.030757,-13.342341,178.828295,6.551873,7.439331,49.760550,13.104628,8.426665,7.885263,0.587262,3.963805,0.690299,0.372433,0.138706,0.784359,1.008900,-0.135860,1.144760,-1.104947,-0.339617,0.315179,153.804576,-4.555844,176.698231,1.749805,4.395210,115.331128,3.449593,2.375385,2.764034,0.133051,2.100360,1.202415,0.070609,0.004986,1.204487,1.339965,1.077917,0.262047,0.170642,-1.401690,0.064235,362.697138,-57.439296,299.420908,7.018086,7.630040,27.424744,8.310148,5.583545,5.047466,0.570844,3.979735
-0.162065,1.188620,1.412817,1.199618,3.110000,-2.617500,5.727500,0.286063,-0.235409,0.940653,359.770672,2.704782,239.303000,4.361220,5.268168,716.981488,150.548199,50.637772,43.402337,0.364187,3.779908,9.897549,2.237732,5.007445,10.147360,17.858000,5.925400,11.932600,1.121538,1.277901,1.610388,25742.231224,1.740086,2462.938350,5.261264,4.748538,1366.566953,473.282631,211.897930,67.937542,0.384717,3.974454,1.689631,0.955098,0.912213,1.940893,4.014400,-0.268590,4.282990,0.227435,-0.508279,0.769483,941.766708,3.039878,422.301479,4.578600,5.248107,605.814152,129.322368,62.901593,32.826624,0.375349,3.856024,10.154717,2.248732,5.056796,10.400725,18.025488,6.439571,11.585917,1.079836,1.066561,1.645450,27043.768603,1.772867,2526.988840,5.254494,4.773704,1353.837609,455.009996,210.473008,68.148447,0.383726,3.963831,-0.806179,10.860938,117.959981,10.890817,18.431000,-36.583000,55.014000,-0.812703,0.421162,8.845839,29652.476446,0.671105,2183.773639,4.144257,4.880534,7202.623268,1180.364413,811.368522,276.775194,0.335839,3.780729,38.493591,54.284185,2946.772712,66.547196,161.570000,-53.141000,214.711000,0.356424,-0.911414,47.283880,1107132.324196,0.245407,12803.250570,2.696027,3.692914,32545.913350,4253.805870,930.906127,519.545736,0.191102,3.375032,5.303301,29.720453,883.305306,30.189904,78.636000,-71.794000,150.430000,0.100284,0.542122,21.939387,227857.577664,0.311364,5498.203044,4.265977,5.507820,19772.714536,2813.166822,1341.332844,1049.747511,0.405735,3.802197,61.601239,40.790402,1663.856904,73.882133,175.662550,1.944424,173.718126,0.689099,-0.336158,34.393998,1364642.378306,0.284196,15340.376437,3.088509,3.973535,24916.601329,4143.162866,1027.211020,492.137422,0.226075,3.538556,-0.173718,0.474120,0.224790,0.504944,0.713710,-0.907260,1.620970,0.436664,-1.007837,0.411649,63.741988,1.907161,113.158256,4.086722,6.070089,202.022547,28.098950,17.009672,13.717612,0.417988,3.470627,0.911869,0.155010,0.024028,0.924951,1.184700,0.620480,0.564220,-0.189723,-1.191436,0.132043,213.883437,-11.676817,227.152090,5.898880,7.169656,51.623312,13.036852,7.539949,6.441411,0.525703,3.699587,0.149666,0.641327,0.411301,0.658559,0.975500,-0.641430,1.616930,0.214222,-1.751931,0.611026,108.425132,0.153555,148.526782,4.526565,6.345292,242.160431,38.472529,23.511033,19.153293,0.474240,3.550176,1.241789,0.046513,0.002163,1.242659,1.339965,1.110192,0.229773,-0.357366,-0.524508,0.038671,386.050557,-74.336851,309.250531,8.008985,7.851148,16.610260,6.626216,3.057533,4.741553,0.593541,4.044647
-0.204488,1.276161,1.628586,1.292440,3.110000,-2.970400,6.080400,0.214039,-0.365662,1.027558,417.600392,2.676807,260.603709,4.124245,5.281995,801.309571,134.627810,67.803520,43.121201,0.353028,3.749171,9.758118,1.542060,2.377948,9.879211,15.130000,6.805400,8.324600,1.156578,1.973150,1.069169,24399.703780,2.010546,2430.681800,5.860113,5.114890,948.129653,430.395587,202.759153,70.582577,0.473378,4.145247,1.708880,0.867030,0.751741,1.916249,4.014400,-0.103400,4.117800,0.159326,-0.313612,0.703186,918.002660,2.971339,426.254424,4.273152,5.017251,595.150327,125.333519,50.970940,27.703405,0.374518,3.869860,10.026948,1.549692,2.401544,10.145996,15.425763,6.847339,8.578424,1.117514,1.881143,1.083376,25735.306832,1.963351,2497.431030,5.742999,5.064597,942.195843,409.698280,201.803638,67.987687,0.463014,4.128367,0.295921,13.422531,180.164325,13.425792,26.918000,-36.583000,63.501000,-0.626005,-0.410607,11.227025,45062.973624,0.611576,2820.073415,3.663113,4.617565,7925.496871,958.374963,665.228099,259.585686,0.301111,3.578106,55.438507,58.976614,3478.240940,80.942381,161.570000,-58.498000,220.068000,-0.380254,-1.097261,51.565684,1637917.241854,0.238185,17450.547180,3.191533,4.557942,32756.577989,4352.371227,1392.762698,954.010045,0.281444,3.457154,10.953932,39.345718,1548.085555,40.842064,115.930000,-71.794000,187.724000,-0.041558,-0.255281,31.603752,417018.543766,0.267052,8306.180483,3.487631,4.916438,23984.156553,2387.945015,1058.160565,934.317595,0.306309,3.523372,83.889803,36.912003,1362.495980,91.651487,175.662550,7.178344,168.484206,-0.059735,-0.530598,30.536202,2099998.759244,0.294585,20927.914417,4.040602,5.259516,25001.471921,3971.833097,1661.170056,1184.992356,0.374301,3.796093,0.244049,0.404361,0.163508,0.472300,0.814520,-0.655240,1.469760,-0.452414,-0.798357,0.337248,55.766912,2.029945,101.812479,2.598679,5.018747,164.842084,11.421569,6.606489,5.608207,0.233209,2.837775,0.891363,0.185834,0.034534,0.910528,1.184700,0.528110,0.656590,-0.361388,-1.258190,0.164817,207.265481,-7.867552,221.950140,4.875664,6.678030,83.794345,14.654854,8.076680,7.120409,0.440351,3.651340,-0.066984,0.571225,0.326298,0.575139,0.986640,-0.641430,1.628070,0.881001,-0.920993,0.501115,82.696308,0.123808,130.861936,3.950832,6.067060,230.273745,29.188142,18.432047,14.785563,0.410925,3.380958,1.174651,0.055776,0.003111,1.175974,1.284717,1.064898,0.219819,0.381074,-0.853563,0.046526,345.728701,-74.278456,292.433798,7.694094,7.840214,22.322797,7.462814,4.951621,5.093031,0.629165,4.095514
-0.310840,1.059777,1.123128,1.104423,2.482500,-2.970400,5.452900,0.174099,-0.027781,0.837062,304.937386,2.639089,224.997555,4.543607,5.507125,657.731294,131.016304,64.805203,40.408244,0.391514,3.808050,9.658280,2.399884,5.759444,9.951976,17.080000,6.505300,10.574700,1.066712,0.319076,1.861997,24760.456077,1.929836,2406.192100,5.480423,5.046747,1406.736064,528.076154,234.251137,101.986007,0.427913,4.013906,1.803147,1.043476,1.088842,2.083310,5.018700,-0.095385,5.114085,0.700769,0.879700,0.778740,1085.045324,2.573039,449.885233,3.668326,4.622859,678.414247,82.732163,47.171613,31.702250,0.293274,3.627260,9.928420,2.455245,6.028230,10.227500,17.333036,6.788374,10.544662,1.083887,0.356843,1.885407,26150.438787,1.929827,2473.488204,5.393866,4.997610,1425.136431,509.230013,230.655288,100.585663,0.417237,3.984637,-0.967236,11.304160,127.784032,11.345465,26.918000,-28.643000,55.561000,0.007361,-0.444868,9.294974,32179.894702,0.686535,2338.451757,4.290320,5.099614,7522.597296,1487.152656,762.212461,444.161104,0.373160,3.857768,41.681824,54.533880,2973.944110,68.639046,151.290000,-58.498000,209.788000,0.118412,-1.169928,47.807195,1177829.649625,0.249209,13602.031130,4.328041,5.636531,32882.894498,5392.186334,2681.223534,1954.937567,0.427730,3.799966,6.291119,34.957913,1222.055700,35.519486,115.930000,-61.157000,177.087000,0.288638,0.440930,27.487956,315408.470221,0.275378,7051.589589,3.557169,4.906748,21455.109723,1970.383517,1061.194611,795.837397,0.305521,3.503980,67.488228,39.332063,1547.011162,78.113200,151.497125,7.178344,144.318781,0.293579,-1.141561,34.504920,1525418.014548,0.336428,16778.482265,3.695673,4.830997,20558.554496,3607.692894,1359.637799,743.870826,0.324445,3.583634,-0.123701,0.524478,0.275077,0.538869,0.814520,-0.854840,1.669360,0.520409,-1.163881,0.469435,72.594827,1.883431,123.347758,4.906271,6.466523,228.936447,40.757198,26.463577,19.641541,0.511362,3.742420,0.718160,0.122000,0.014884,0.728449,1.022100,0.528110,0.493990,0.901663,0.163550,0.094326,132.659563,-18.480407,178.655550,5.606860,7.357280,52.137867,7.222244,6.256728,6.872710,0.458215,3.674061,0.581782,0.509631,0.259724,0.773430,0.986640,-0.565700,1.552340,-1.297436,0.060076,0.414693,149.548546,-2.006433,182.907571,3.678301,5.905503,209.056555,22.646871,15.161058,12.628945,0.380050,3.303526,1.189229,0.070321,0.004945,1.191307,1.335850,1.064898,0.270952,0.451438,-0.991802,0.060319,354.802937,-53.128684,296.097040,7.050138,7.768407,28.606495,7.735606,4.970260,5.888011,0.572327,3.975142
-0.613740,0.976468,0.953490,1.153328,2.482500,-3.136700,5.619200,0.438608,0.711930,0.729818,332.541639,2.382039,237.294177,4.936348,5.873433,691.414897,125.606650,61.679398,50.128398,0.459477,3.997186,9.853047,2.320526,5.384841,10.122617,17.080000,6.505300,10.574700,0.891766,0.148378,1.831631,25616.845049,1.982805,2454.835850,5.280443,4.911583,1332.506384,477.921520,181.568443,90.664713,0.402358,3.950221,1.889017,1.092498,1.193552,2.182187,5.018700,-0.067873,5.086573,0.611928,0.184316,0.859710,1190.484512,2.799385,470.002147,3.981655,4.768161,696.724011,92.191534,66.794892,34.884923,0.323311,3.706184,10.137523,2.406263,5.790104,10.419188,17.333036,6.788374,10.544662,0.890159,0.091090,1.898524,27139.871200,1.990258,2525.382808,5.138053,4.887689,1389.845366,461.968131,179.011937,89.287737,0.393870,3.929919,-3.567673,7.469582,55.794657,8.277859,15.317000,-23.698000,39.015000,0.355374,-0.057889,5.863278,17130.736080,0.865589,1732.970277,5.329794,5.398139,5005.789696,1531.299474,734.254891,416.107445,0.466648,4.085377,31.664384,49.758266,2475.885015,58.978964,141.190000,-80.066000,221.256000,0.106633,-1.013713,43.629867,869629.551666,0.235311,11784.793880,3.788901,4.894137,31105.812985,4950.752767,1655.691709,1218.741502,0.347086,3.710282,2.509998,31.751657,1008.167741,31.850712,81.983000,-68.725000,150.708000,-0.300148,-0.237438,25.372615,253616.957697,0.318386,6425.872170,3.104771,4.470447,20857.908320,1850.563636,705.714768,540.376460,0.246317,3.432276,59.300366,32.326081,1044.975526,67.538944,150.038416,7.218735,142.819681,0.405375,-0.571502,27.137911,1140377.245443,0.334277,14773.814176,4.581251,5.480316,20554.502100,4646.379318,1737.141574,1173.452405,0.429773,3.900659,-0.385532,0.406265,0.165052,0.560077,0.532260,-0.909270,1.441530,0.862192,-0.306560,0.326411,78.421594,0.859876,126.519141,3.365627,5.625899,150.798877,16.003667,9.349345,7.603094,0.331733,3.108665,0.860377,0.191233,0.036570,0.881373,1.152600,0.538150,0.614450,-0.008757,-1.491670,0.173806,194.204677,-9.102365,214.211765,5.183754,6.875691,79.894743,13.070272,9.175560,8.365848,0.472233,3.684950,0.259804,0.632102,0.399553,0.683412,0.948780,-0.576840,1.525620,-0.176715,-1.788301,0.601983,116.762867,-1.123093,157.367516,4.509960,6.312214,256.549983,40.862125,25.113228,19.813352,0.473709,3.605712,1.247274,0.043178,0.001864,1.248021,1.335850,1.143507,0.192343,-0.280474,-0.786687,0.035791,389.389137,-94.372144,310.627027,8.311459,8.087820,15.366182,5.375501,3.963053,4.372312,0.571678,4.009126
-0.440125,0.987133,0.974431,1.080806,2.111100,-3.136700,5.247800,0.086998,-0.104754,0.811552,292.035391,2.493919,222.518087,4.419592,5.404101,576.671399,123.107409,60.862051,35.529412,0.367224,3.769221,9.707442,1.579287,2.494149,9.835069,15.545000,7.460300,8.084700,1.284453,1.772733,1.176845,24182.146728,2.079368,2418.332050,5.204833,4.886801,1031.607353,377.337397,136.883555,59.786832,0.408267,4.035373,1.912653,0.820535,0.673277,2.081230,4.056200,-0.067873,4.124073,0.059072,-0.574242,0.682763,1082.879183,2.890809,476.999315,4.310782,4.954848,537.532582,92.693626,63.803471,27.774089,0.351026,3.841156,9.980990,1.614956,2.608082,10.110798,15.871262,7.746484,8.124778,1.278827,1.660688,1.198783,25557.061301,2.057889,2486.471802,5.114145,4.827310,1030.830038,361.196114,134.109446,57.086901,0.391513,3.995975,-2.307231,9.657051,93.258628,9.928844,29.028000,-27.808000,56.836000,0.335390,0.258480,7.505260,24645.485229,0.644371,1970.535558,5.039751,5.894108,6794.281999,1421.473780,735.096160,516.228383,0.471154,4.025269,49.135430,52.774757,2785.175007,72.107319,141.190000,-80.066000,221.256000,-0.556513,-0.924232,45.977812,1299866.376096,0.230970,15746.113680,2.791569,3.653484,28658.196157,4190.514951,951.752489,452.121977,0.183801,3.329434,6.580456,36.475999,1330.498514,37.064820,81.983000,-68.725000,150.708000,-0.495071,-0.685583,29.979126,343450.228340,0.321360,7872.633690,2.799161,3.912921,20687.354452,1634.036842,571.326741,439.459536,0.202325,3.235942,76.051898,29.798611,887.957211,81.681383,150.038416,4.127772,145.910644,-0.210502,-0.342879,23.683401,1667962.089665,0.328000,18895.250408,3.289645,3.996677,20576.366865,3694.737596,937.283191,477.772234,0.235096,3.653957,0.157831,0.530533,0.281465,0.553512,0.836690,-0.909270,1.745960,-0.796268,-0.625842,0.438062,76.593878,1.939555,122.012101,4.147383,6.100479,257.570832,35.829926,20.787296,17.672679,0.431832,3.574845,0.954882,0.127003,0.016130,0.963291,1.152600,0.596390,0.556210,-0.658239,-0.223746,0.102636,231.982586,-13.981700,237.931455,5.445270,7.257289,51.480262,7.753616,6.682347,5.863275,0.420004,3.585852,-0.248036,0.361564,0.130729,0.438464,0.792870,-0.576840,1.369710,1.260296,0.326251,0.297663,48.062578,-1.836162,102.105774,3.105082,5.574031,135.311561,11.987061,7.491586,5.877266,0.308939,2.967488,1.192653,0.064299,0.004134,1.194385,1.305297,1.041481,0.263816,-0.060736,-1.201116,0.056554,356.639041,-55.511324,296.954476,7.173977,7.668147,27.626923,7.490880,6.042759,4.899683,0.557511,4.030742
-0.088804,1.200010,1.440023,1.203291,3.241700,-2.716900,5.958600,0.352316,0.033165,0.965314,361.977241,2.535240,239.993659,3.821081,4.999096,803.381526,104.258523,63.895739,43.950775,0.330808,3.722967,9.493211,1.989713,3.958957,9.699485,17.643000,6.742100,10.900900,1.656343,2.945337,1.403582,23520.003906,1.703984,2365.186350,5.403542,4.968706,1328.922572,374.311259,240.742538,124.811036,0.413663,4.057695,2.019375,0.866419,0.750683,2.197398,5.252700,0.358400,4.894300,0.554699,1.142210,0.665271,1207.139285,2.383551,502.636300,4.105242,4.895777,594.993353,91.355569,60.285759,32.153959,0.345287,3.831359,9.806147,2.048404,4.195960,10.017808,18.068448,7.284702,10.783746,1.693396,2.917147,1.435116,25089.120432,1.692616,2443.063018,5.292552,4.946582,1359.730060,349.894572,231.904756,122.645804,0.400485,4.019340,-3.276864,11.611021,134.815807,12.064562,29.028000,-31.017000,60.045000,-0.333643,0.486767,8.343280,36388.411789,0.617715,2206.800376,4.161131,5.115449,7227.806583,1017.536146,937.809609,506.004947,0.334527,3.749841,39.183874,52.948105,2803.501803,65.870159,145.190000,-61.432000,206.622000,0.066372,-1.032667,45.445762,1084719.454793,0.254342,13431.347550,3.399463,4.900534,29837.528621,3828.413261,1515.791726,1049.033044,0.301486,3.504097,11.442547,32.031616,1026.024455,34.014061,58.106000,-67.327000,125.433000,-0.734421,-0.314159,25.548466,289239.084976,0.373612,7271.935702,3.109710,4.435227,19642.320454,1621.024074,767.523191,566.751030,0.260664,3.420666,65.857326,36.113715,1304.200388,75.109173,159.036224,4.127772,154.908452,0.623363,-0.474573,30.213957,1410346.951558,0.315651,16417.735702,4.349254,5.535632,20901.537059,4546.435492,1813.018035,1226.919404,0.413037,3.821210,0.109274,0.459149,0.210818,0.471973,0.836690,-0.485890,1.322580,0.099312,-1.608507,0.424313,55.689700,0.207894,108.083658,3.140098,5.543524,165.212965,14.919273,9.349376,7.734727,0.311584,2.983483,0.749084,0.158832,0.025228,0.765738,1.072300,0.506020,0.566280,0.313681,-1.248879,0.139649,146.588480,-11.880461,186.355260,5.768622,7.108862,61.292456,13.780425,7.714215,7.915667,0.491230,3.750230,0.392819,0.624550,0.390063,0.737814,0.993320,-0.556790,1.550110,-0.439769,-1.613151,0.583759,136.092549,-1.685152,169.063408,4.644544,6.393643,257.853884,41.453965,27.316679,20.983588,0.488192,3.647765,1.162527,0.044886,0.002015,1.163393,1.276742,1.041481,0.235261,0.377691,0.046088,0.034979,338.370729,-74.966024,289.396716,8.359968,7.937183,19.844895,6.329817,5.719789,4.755042,0.643504,4.226598
0.093121,1.908254,3.641435,1.910525,4.612300,-6.068700,10.681000,-0.485662,1.259090,1.396365,912.526607,1.839036,347.892943,4.143023,5.269914,1132.116522,198.476104,93.495865,67.573937,0.366225,3.732454,9.686114,2.136048,4.562702,9.918846,17.967000,5.595100,12.371900,1.313158,2.194745,1.546883,24595.874561,1.617662,2412.503000,5.812344,5.323145,1306.448344,444.813983,283.719336,131.401329,0.467386,4.095068,1.951295,1.058315,1.120030,2.219816,5.252700,0.071078,5.181622,0.612414,0.311615,0.811201,1231.895911,2.607719,485.650683,4.881701,5.555531,669.578521,136.722224,82.194731,49.287602,0.406781,3.898950,10.079939,2.314308,5.356020,10.342204,18.988081,5.684786,13.303295,1.274885,1.766570,1.704377,26740.297079,1.580874,2510.168396,5.513566,5.239463,1437.428449,422.618702,266.609281,126.101119,0.450004,4.042843,-3.146802,16.158082,261.083599,16.461651,25.816000,-95.054000,120.870000,-2.373841,8.286008,10.178618,67746.490130,0.316714,2449.930198,5.658529,6.543832,10516.172684,2008.432659,1625.590830,1141.236866,0.556661,4.103848,39.962954,57.786707,3339.303525,70.259101,145.190000,-214.470000,359.660000,-0.504588,0.753385,46.954110,1234085.308958,0.150338,14198.255383,6.533639,6.786201,38054.363710,10272.147160,7108.591505,5233.005828,0.651713,4.277419,6.020561,31.593150,998.127128,32.161690,58.106000,-131.860000,189.966000,-1.681498,4.868171,21.582050,258593.571743,0.245011,5718.570861,5.622515,6.191230,21617.939867,4900.797801,2719.309516,2034.908104,0.557978,4.119254,67.352637,41.295566,1705.323784,79.004440,266.856673,7.500267,259.356406,1.116661,1.758969,33.475276,1560425.370831,0.191371,16637.869982,5.575951,6.354365,23265.634738,6050.631895,3443.748056,2321.787945,0.551196,4.046847,-0.379750,0.221531,0.049076,0.439643,0.292340,-0.739920,1.032260,0.831860,0.624293,0.159081,48.321525,-3.239809,99.985868,5.095439,6.483672,109.861866,20.301724,13.886687,11.109537,0.517218,3.842508,0.804458,0.210189,0.044179,0.831463,1.188800,0.506020,0.682780,0.299085,-1.397468,0.188177,172.832869,-7.278462,200.133490,5.084715,6.857056,86.647168,15.202855,9.013373,8.227363,0.456064,3.646533,0.580730,0.536461,0.287791,0.790594,0.993320,-0.534520,1.527840,-1.104129,-0.470531,0.460077,156.259544,-2.671290,183.626887,4.041869,6.043924,239.552494,32.578920,19.416826,14.970963,0.423859,3.513479,1.227514,0.053526,0.002865,1.228680,1.333695,1.123379,0.210316,-0.246070,-1.066030,0.046155,377.413938,-78.981628,305.659407,8.146165,7.823168,19.130078,7.506502,5.097878,4.675651,0.628053,4.107701
0.345565,1.782152,3.176065,1.815346,4.612300,-6.068700,10.681000,-0.934510,2.743243,1.211818,823.869996,1.706662,317.311994,4.639205,5.350019,1168.753525,236.318800,179.016766,73.953350,0.402985,3.926754,9.646860,2.161458,4.671901,9.886041,17.967000,5.595100,12.371900,0.800271,0.615145,1.677672,24433.452105,1.709283,2403.357050,5.030933,5.072982,1396.983321,456.453103,203.388634,80.128307,0.429116,4.028855,2.309129,1.601815,2.565810,2.810318,7.615000,0.069429,7.545571,1.445923,1.859109,1.147503,1974.471692,2.142302,575.349837,3.790969,5.067177,964.114153,148.937032,90.702654,42.955937,0.342979,3.670451,10.208233,2.172362,4.719158,10.436818,18.988081,5.684786,13.303295,0.863737,0.885029,1.687393,27231.793793,1.606178,2543.455045,5.266018,5.010123,1302.569621,437.631308,197.995472,77.090156,0.426958,3.979121,3.535673,31.159974,970.943981,31.359926,87.339000,-122.980000,210.319000,-1.159872,4.579459,18.808505,245861.241752,0.218199,4976.051965,2.682237,3.813692,18940.011275,1823.293782,919.648493,319.411959,0.196184,3.332477,34.516992,89.659975,8038.911093,96.074626,293.410000,-313.380000,606.790000,-0.552602,2.619166,66.791809,2307583.453147,0.095128,18369.302863,3.320837,4.432137,57009.259231,8389.728587,2808.991412,1542.745714,0.284052,3.583239,0.937439,56.231385,3161.968635,56.239198,135.720000,-150.700000,286.420000,-0.454356,0.963974,38.341527,790711.856903,0.182215,9595.615059,2.750745,4.339646,31573.364923,2167.755606,1047.166673,782.825397,0.222553,3.229128,95.609128,65.080879,4235.520796,115.657366,349.298342,4.340389,344.957952,1.534112,2.887213,47.182480,3344156.551802,0.155212,23835.695568,3.830724,4.900294,43435.219530,7123.946929,2909.842040,1633.054100,0.335303,3.721368,-0.261694,0.435637,0.189780,0.508196,0.697580,-0.741940,1.439520,0.830555,-0.517180,0.366048,64.565848,0.848815,114.051416,3.417822,5.560873,210.788396,22.120907,12.313645,10.364747,0.335251,3.336574,0.963911,0.109830,0.012063,0.970148,1.188800,0.720880,0.467920,-0.230689,-0.642661,0.087729,235.296970,-19.394941,240.150540,5.858549,7.229554,52.531758,10.617795,7.070053,7.001374,0.504102,3.857219,-0.060998,0.551660,0.304328,0.555022,0.966590,-0.641430,1.608020,0.604686,-1.210132,0.498180,77.012303,0.499091,126.659130,4.523995,6.256027,272.232998,42.116816,26.267386,20.403790,0.470818,3.699377,1.226323,0.060259,0.003631,1.227803,1.333695,1.069008,0.264687,-0.479526,-0.788240,0.052054,376.875122,-58.022841,305.403234,7.161268,7.624011,29.640424,7.755860,6.081615,5.584362,0.616338,4.137226
-0.247867,1.209643,1.463237,1.234777,3.360900,-2.764200,6.125100,0.241953,-0.222631,0.971073,381.168843,2.569751,249.852840,5.647507,5.954458,802.376848,224.290600,163.522552,75.684820,0.524389,4.164730,9.489908,2.264766,5.129167,9.756409,17.824000,5.780800,12.043200,1.079868,1.111846,1.713127,23796.878337,1.766628,2360.626750,5.444210,5.404749,1464.495837,518.597175,188.958415,102.997546,0.464130,4.065475,2.056624,1.584147,2.509522,2.596002,7.615000,-0.246170,7.861170,1.774757,3.096271,1.053736,1684.806020,1.918598,512.515072,4.070156,5.486553,927.747127,128.468310,100.186264,58.654785,0.372624,3.678505,9.941872,2.147227,4.610586,10.171107,18.005235,5.886415,12.118819,1.051427,1.237610,1.600559,25862.853199,1.715146,2472.831099,5.474035,5.177666,1314.892705,506.157978,176.121009,81.784337,0.438166,4.023866,1.749899,29.774625,886.528299,29.826003,87.339000,-122.980000,210.319000,-0.748885,4.683381,19.328006,222397.611764,0.220737,4830.345665,4.910846,5.867604,19924.661555,3988.042989,2141.542792,1420.343252,0.496845,4.008122,42.733435,94.293057,8891.180664,103.524524,293.410000,-313.380000,606.790000,-0.529223,1.712375,73.229658,2679331.780922,0.096637,20426.471130,4.466428,5.680627,60884.913998,12486.351340,4325.079725,3810.558506,0.429346,3.857770,8.001910,61.658939,3801.824737,62.176003,135.720000,-150.700000,286.420000,-0.482897,-0.112182,49.315481,966463.826223,0.190177,12535.914160,5.265065,6.308122,35236.548651,7499.101929,4232.486777,3247.992582,0.533872,3.959338,107.654427,62.316107,3883.297146,124.389601,349.298342,4.340389,344.957952,1.220523,2.505526,45.458482,3868193.218909,0.154982,26706.817043,4.685034,5.515975,41582.397103,9790.381275,2807.794057,2606.715783,0.433170,3.911257,0.054073,0.470359,0.221237,0.473456,0.840730,-0.741940,1.582670,-0.020037,-1.158709,0.409398,56.040253,2.318143,101.174414,1.802879,4.128730,184.729182,6.254788,2.924482,2.978273,0.134325,2.461960,0.813141,0.155540,0.024193,0.827883,1.146600,0.558230,0.588370,-0.114991,-1.327434,0.137035,171.347632,-12.131159,202.367500,5.303417,6.698565,84.287451,15.776729,9.637964,9.097792,0.503250,3.918485,0.164491,0.659936,0.435516,0.680127,1.049000,-0.641430,1.690430,0.116272,-1.675457,0.612096,115.643248,0.202653,153.428797,4.506102,6.284750,224.648761,37.242644,22.475419,18.297934,0.466098,3.454052,1.170147,0.053673,0.002881,1.171377,1.303363,1.040549,0.262814,0.238686,-0.075219,0.041575,343.031134,-59.020950,291.272630,8.197079,8.032261,19.046054,6.531928,4.512748,5.258812,0.647972,4.085623
-0.904087,0.944830,0.892704,1.307700,2.100300,-3.188800,5.289100,0.432503,0.188693,0.729560,427.519505,2.436398,282.091388,4.549831,5.422753,599.468387,114.230708,59.745073,37.507482,0.404651,3.873776,9.862087,2.828162,7.998500,10.259594,20.132000,3.998800,16.133200,1.192497,1.504095,2.036087,26314.816065,1.412925,2457.085250,5.078385,4.613428,1675.984855,639.629580,241.178156,74.698305,0.370495,3.943240,1.378938,0.819531,0.671632,1.604089,3.346000,-0.489950,3.835950,-0.115809,-0.522965,0.662871,643.275302,3.077248,349.405844,4.886021,5.151743,497.202802,135.049519,88.125798,29.157332,0.400034,3.965550,10.090226,2.780250,7.729792,10.466253,20.363974,4.270436,16.093537,1.197313,1.603836,1.981326,27385.610873,1.395967,2513.891138,5.083830,4.627363,1655.976838,619.668222,240.100386,74.687532,0.374958,3.944152,-4.179072,13.004842,169.125917,13.659815,30.406000,-31.093000,61.499000,0.007441,-0.534055,10.897430,46647.639034,0.628381,2694.157956,4.653895,5.188600,7940.631802,1896.010503,1117.608838,370.558610,0.390352,3.903615,67.604538,61.985971,3842.260658,91.720413,172.080000,-101.450000,273.530000,-0.869673,0.030720,51.114466,2103158.548762,0.195521,20233.793280,2.873351,3.888058,34452.073471,3878.649456,1224.427157,602.627463,0.205555,3.327908,8.395771,47.162979,2224.346580,47.904442,101.030000,-104.030000,205.060000,-0.452956,-0.438751,38.447878,573708.889309,0.252496,9999.876510,2.737795,3.842327,24769.293701,2134.700575,756.303084,457.397850,0.193649,3.245814,98.206147,35.349864,1249.612910,104.374615,174.318788,6.357938,167.960850,-0.400949,-0.303575,27.866640,2723515.077105,0.292821,24444.018966,3.675594,4.449330,23624.382651,4720.716163,1206.676879,734.907515,0.297011,3.731089,-0.195678,0.498118,0.248122,0.535174,0.840730,-0.840730,1.681460,0.594447,-0.748972,0.406393,71.602875,2.188466,116.825627,2.132967,4.586866,170.396769,9.033229,5.116608,5.185436,0.192602,2.515050,0.777640,0.155921,0.024311,0.793117,1.152600,0.558230,0.594370,0.561300,-0.742714,0.130354,157.258657,-11.349517,193.385780,4.919553,6.807287,66.824274,10.197045,6.583666,6.134378,0.406104,3.555302,0.513265,0.554316,0.307266,0.755452,1.049000,-0.565700,1.614700,-0.782974,-0.967241,0.489530,142.676854,0.322906,170.385418,1.476920,3.990727,152.935465,4.025548,2.288483,2.913778,0.115887,1.838561,1.216877,0.073231,0.005363,1.219079,1.344085,1.040549,0.303536,-0.359915,-0.842732,0.062995,371.538385,-43.053973,303.035774,6.563652,7.460159,31.498129,7.661889,4.921644,5.074540,0.542456,3.959327
-0.897866,0.947947,0.898604,1.305667,1.904200,-3.188800,5.093000,0.821202,0.741903,0.702232,426.191632,2.436066,290.924199,4.555725,5.273061,635.196239,126.853702,68.647300,38.879501,0.404575,3.910988,10.076600,2.620997,6.869626,10.411892,20.132000,3.998800,16.133200,1.048034,1.715530,1.920886,27101.875492,1.408811,2507.015950,5.491003,5.228986,1613.859489,662.266239,219.660741,132.081495,0.463081,4.076549,1.721010,0.909715,0.827581,1.946653,4.028300,-0.489950,4.518250,-0.111319,-0.289498,0.740116,947.364523,2.865111,432.680181,4.749566,5.267522,584.524698,152.573251,92.414077,35.194339,0.414670,3.961971,10.352797,2.592550,6.721317,10.672475,20.363974,4.270436,16.093537,1.020040,1.645861,1.906444,28475.431647,1.396575,2575.750284,5.409930,5.185084,1601.836440,639.265990,218.283942,124.703071,0.450986,4.061817,-3.199647,15.233065,232.046279,15.565475,33.749000,-63.777000,97.526000,-0.606148,2.048117,11.709418,60571.004675,0.412825,2844.720466,5.238236,5.759693,11484.142879,2650.997620,1112.044100,942.912533,0.482936,4.106427,43.966031,59.513718,3541.882636,73.992530,153.370000,-93.187000,246.557000,-0.384420,-1.023524,51.194597,1368723.632116,0.216498,16183.851800,2.643152,3.130499,36966.718346,4925.531216,979.929538,376.397842,0.138808,3.360401,3.522306,47.988771,2302.922184,48.117864,100.430000,-103.880000,204.310000,-0.438907,-0.484527,38.597791,578832.205547,0.253975,9705.278420,3.354985,4.781480,26145.731209,2355.690169,1282.538125,905.532556,0.289682,3.403970,85.121109,28.051811,786.904095,89.624257,153.700807,8.448028,145.252779,-0.258043,-0.282405,22.774894,2008126.842339,0.325415,21189.720710,4.129539,4.539023,18934.639850,5215.820523,1440.874243,711.299045,0.329589,3.843576,-0.095548,0.534515,0.285707,0.542988,0.792340,-0.840730,1.633070,0.062019,-1.478854,0.483613,73.709023,2.499710,121.455669,3.738802,5.913680,210.414771,24.749703,15.297637,12.369631,0.381042,3.289706,0.952305,0.145438,0.021152,0.963347,1.156600,0.600400,0.556200,-0.686561,-0.700275,0.122872,232.009252,-13.280820,237.201710,5.344977,6.917011,69.894653,12.306241,8.422144,7.806704,0.486174,3.801224,-0.015216,0.565606,0.319911,0.565811,0.982180,-0.567930,1.550110,0.784333,-1.112926,0.502305,80.035531,-0.527444,126.239459,4.220680,6.159316,237.559222,33.484275,21.440167,16.309198,0.441749,3.520009,1.240996,0.054254,0.002944,1.242182,1.344085,1.119182,0.224904,-0.259916,-1.025035,0.046345,385.753806,-72.628338,309.034974,6.961073,7.401453,21.933657,6.195660,5.247327,4.193768,0.565341,3.975415
-1.019979,0.906018,0.820869,1.364268,1.904200,-3.023000,4.927200,0.680234,1.177245,0.659430,465.306715,2.515157,298.433583,5.365426,6.197953,536.829299,123.262524,66.712233,48.389739,0.495008,3.985118,9.738008,1.914473,3.665207,9.924415,19.250000,6.619400,12.630600,1.425189,3.208503,1.395422,24623.503652,1.514687,2426.295950,5.323792,5.049421,1291.616954,431.408810,193.712159,73.332325,0.428348,4.059828,1.658323,0.838113,0.702434,1.858082,4.028300,0.008951,4.019349,0.449845,-0.457450,0.704244,863.117595,2.862501,413.311296,4.659238,5.469034,495.285929,112.445346,67.441519,29.452212,0.384544,3.848058,10.008104,1.909338,3.645573,10.188607,19.278878,6.737280,12.541598,1.357225,2.827274,1.402667,25951.927961,1.539589,2493.645600,5.222593,4.945756,1283.599517,422.562085,195.164547,69.253350,0.408750,4.043000,-2.330298,17.790784,316.511989,17.942750,33.749000,-63.777000,97.526000,-0.498007,0.760775,13.724244,80485.569964,0.433252,3394.771139,3.478052,4.366477,10850.479094,1577.066527,668.924049,289.605506,0.287577,3.597196,37.660612,54.151499,2932.384822,65.959886,121.920000,-72.377000,194.297000,-0.451362,-1.031061,45.936925,1087676.637102,0.266825,14688.890700,4.471888,5.620272,32078.036435,6535.386066,2661.874544,1941.943286,0.435919,3.832700,4.888337,42.801070,1831.931621,43.079316,81.338000,-103.160000,184.498000,-0.545325,-0.425876,35.520655,463956.864916,0.274354,9001.118580,3.006521,4.490069,23293.700729,1838.356586,745.825718,659.711484,0.243851,3.298127,75.972443,27.507531,756.664251,80.798987,128.952543,8.448028,120.504514,-0.130510,-0.687868,22.587482,1632119.071981,0.387295,18922.629495,3.727453,4.120287,19439.601472,4192.583530,1196.993842,452.310227,0.257799,3.773216,0.229694,0.394802,0.155869,0.456758,0.792340,-0.518150,1.310490,-0.481964,-1.027465,0.335780,52.156915,1.526965,101.289346,3.363706,5.571964,175.937952,17.036103,11.619898,8.745262,0.334431,3.235308,0.872561,0.189476,0.035901,0.892896,1.156600,0.588350,0.568250,-0.099831,-1.635375,0.175055,199.315787,-12.395836,217.250605,5.100012,6.690127,93.548761,15.946990,10.541780,9.381599,0.472645,3.802214,0.162663,0.597310,0.356779,0.619063,0.962140,-0.567930,1.530070,0.204753,-1.762437,0.569763,95.809700,-0.260893,138.465516,4.656109,6.353570,252.652337,42.774065,26.309713,20.304067,0.489679,3.680444,1.177709,0.046174,0.002132,1.178613,1.307100,1.083867,0.223233,0.900060,0.409364,0.034864,347.282402,-80.909903,293.190113,7.960525,7.829458,18.632752,6.490827,5.000565,4.629709,0.589487,4.089482
-1.083975,0.750244,0.562866,1.318282,0.711230,-3.023000,3.734230,-0.165971,0.013461,0.574666,434.466871,2.861392,282.363468,5.910087,6.544149,465.732933,91.114035,72.193940,59.691795,0.532600,4.069221,9.650828,2.511262,6.306439,9.972207,19.250000,5.581400,13.668600,1.466918,1.947302,1.858883,24861.228119,1.557565,2402.987650,5.708404,5.252184,1521.658739,524.574500,285.962552,116.861153,0.461602,4.070016,1.270419,0.788474,0.621692,1.495211,4.381700,-0.653280,5.034980,0.952104,2.307801,0.576536,558.914183,2.187807,321.351736,5.729030,6.083400,536.859693,107.925820,102.064046,53.189626,0.514916,4.110214,9.854608,2.511003,6.305138,10.169486,19.278878,5.633631,13.645248,1.464904,1.986597,1.845546,25854.609173,1.560878,2453.625994,5.622443,5.173716,1520.612818,512.875823,282.581688,110.671527,0.448093,4.048348,-4.463687,14.469909,209.378274,15.142746,33.128000,-51.963000,85.091000,0.154199,0.064619,11.552069,57325.692769,0.477547,3047.915509,5.138242,6.113681,8794.731250,1803.321170,1110.891416,740.867298,0.475736,3.948815,50.405589,45.784645,2096.233711,68.095206,120.710000,-72.377000,193.087000,-0.480527,-0.536055,38.119260,1159239.275438,0.263061,14515.553300,3.957169,5.135081,24309.581797,4207.792327,1670.214397,1098.031304,0.364032,3.649660,8.534113,30.635386,938.526852,31.801854,69.422000,-51.715000,121.137000,0.139710,-1.090890,26.411342,252839.482874,0.389746,6726.928480,4.527570,5.588964,19553.183907,3102.859024,1524.437654,1136.740120,0.425211,3.835003,69.677178,31.979817,1022.708717,76.665623,128.952543,9.339178,119.613365,0.014718,-1.079630,27.236543,1469404.451081,0.396806,17329.499636,3.461905,4.512551,17820.389665,3456.027821,1029.201174,553.828842,0.282707,3.559446,-0.300468,0.504853,0.254876,0.587501,0.719760,-0.901210,1.620970,0.850455,-0.644691,0.422591,86.289262,1.372143,136.128056,4.358205,6.241079,229.497563,34.490961,21.290566,17.043999,0.456523,3.602927,0.749670,0.122080,0.014903,0.759545,1.036100,0.522090,0.514010,0.664385,-0.596612,0.098651,144.227099,-17.620425,186.413445,5.767646,7.346788,51.197236,8.374284,7.192964,6.721537,0.446593,3.696821,0.647706,0.356559,0.127134,0.739363,0.962140,-0.396440,1.358580,-1.407494,0.753115,0.285270,136.664261,-2.132601,170.438673,2.447012,5.022281,129.058353,7.108848,4.609246,4.592671,0.221106,2.668530,1.210118,0.065855,0.004337,1.211909,1.333952,1.083867,0.250085,0.119031,-1.304402,0.059031,367.180623,-59.836734,301.324058,7.387528,7.787936,24.230545,6.871409,5.283086,5.479237,0.597299,3.968616
-1.050425,0.695619,0.483885,1.259872,0.711230,-2.509400,3.220630,0.210472,-0.361352,0.556529,396.819418,3.107136,274.205315,5.009528,5.701750,453.765824,96.562295,61.942419,44.356609,0.446773,3.993358,9.712246,2.350117,5.523051,9.992536,18.394000,5.581400,12.812600,1.318464,1.551032,1.767956,24962.691459,1.619932,2419.376500,5.286106,5.076032,1538.779118,484.222475,243.579174,106.465716,0.438863,4.060087,1.633545,1.031915,1.064848,1.932179,4.381700,-0.653280,5.034980,0.278079,-0.630440,0.864255,933.329331,2.755840,412.041505,4.472190,5.409304,654.352892,109.164424,81.550793,41.266547,0.376501,3.812326,9.975968,2.377271,5.651419,10.255309,18.880906,5.633631,13.247276,1.277271,1.497845,1.780574,26292.840208,1.606389,2484.977080,5.276431,5.090180,1541.535200,473.777899,240.765086,105.392838,0.440370,4.047765,-5.915987,12.093974,146.264213,13.463399,22.435000,-31.115000,53.550000,0.429237,-0.378309,9.876416,45315.778024,0.715710,2863.836900,4.209116,5.151831,7859.168483,1327.553032,826.878925,405.418686,0.360595,3.804596,39.592143,49.434929,2443.812192,63.335219,119.640000,-69.152000,188.792000,-0.374994,-0.734387,41.249986,1002837.494831,0.271199,13315.639470,3.711402,5.124684,26743.074539,4896.321337,1598.434757,1079.916723,0.356804,3.632462,7.476366,31.806560,1011.657261,32.673434,69.422000,-79.300000,148.722000,-0.665014,0.207444,25.333834,266888.329137,0.321314,6799.799260,2.832458,3.622199,21293.117766,1956.643414,628.114820,321.907119,0.195424,3.414829,65.836042,30.426665,925.781932,72.527005,122.034625,9.339178,112.695447,-0.046512,-1.154154,26.092083,1315041.601991,0.417641,16421.303908,3.774865,4.983097,17066.910135,3198.766788,1293.871181,702.519167,0.354204,3.664535,-0.222113,0.536070,0.287371,0.580263,0.711690,-0.901210,1.612900,0.369419,-1.460606,0.497212,84.176332,1.598859,132.894204,4.022215,6.076250,213.951555,27.612142,17.968676,14.345654,0.416152,3.421698,0.934128,0.173155,0.029983,0.950041,1.180700,0.522090,0.658610,-0.423091,-1.046437,0.150585,225.644332,-9.680724,232.708635,5.642584,6.979493,73.768474,13.424374,10.708978,9.262883,0.495467,3.793340,0.103581,0.561387,0.315156,0.570863,0.942090,-0.583520,1.525610,0.338155,-1.608827,0.523388,81.471205,0.565797,126.290667,4.354792,6.288919,235.259956,34.195162,21.387353,17.222505,0.454822,3.551061,1.250194,0.046730,0.002184,1.251067,1.333952,1.098874,0.235078,-0.507586,-0.299923,0.038083,391.291870,-72.906647,311.353925,8.402516,7.908512,18.160033,6.987845,5.371535,5.160299,0.605791,4.118085
-0.996286,0.669337,0.448012,1.200249,1.119200,-2.442400,3.561600,0.521459,0.513388,0.506014,360.149269,2.709750,267.218652,4.466800,5.626866,413.897939,78.817479,36.433739,34.146476,0.386642,3.825964,9.650201,1.683561,2.834378,9.795956,15.711000,6.730700,8.980300,1.202796,1.352473,1.231001,23990.188425,1.981141,2402.729800,5.318238,4.639457,1025.809343,515.141041,162.514678,61.774381,0.400584,4.069642,1.876191,0.920803,0.847879,2.089969,4.026100,0.193280,3.832820,0.127766,-0.893429,0.765501,1091.992565,3.238332,468.081260,4.016879,5.044959,577.097095,96.405727,60.473641,28.808928,0.332474,3.747319,9.946369,1.684951,2.839059,10.088078,15.913353,7.200794,8.712559,1.282509,1.515160,1.224995,25442.330259,2.004680,2476.642914,5.320070,4.631717,1004.921267,493.171737,165.582691,60.038139,0.396842,4.053965,-5.298186,14.802576,219.116249,15.722183,22.435000,-36.574000,59.009000,-0.015293,-0.811247,12.417172,61796.755751,0.679293,3233.803850,3.269703,4.387313,8760.383074,1306.758342,603.787564,268.753116,0.270211,3.550168,47.813186,50.819668,2582.638675,69.776353,123.810000,-69.152000,192.962000,-0.628661,-0.640044,43.398760,1217184.855615,0.262824,15004.504020,2.551647,3.921984,23850.264706,3342.058800,779.896213,421.153811,0.193359,3.129053,8.848414,30.071154,904.274277,31.345952,57.922000,-79.300000,137.222000,-1.038296,0.731586,23.443388,245642.174653,0.338075,6454.203660,4.508299,5.885577,18264.537730,2934.627933,1623.163985,1208.444321,0.453486,3.824765,70.946031,32.636725,1065.155824,78.092862,131.827045,11.312916,120.514129,-0.228157,-1.162403,28.378108,1524623.786018,0.391879,17637.244447,2.944018,4.007241,16889.085409,2791.936745,803.986999,350.555205,0.222167,3.359377,0.350315,0.342193,0.117096,0.489711,0.806450,-0.685480,1.491930,-1.118680,0.855256,0.266896,59.954133,0.691142,109.285337,3.138205,5.499777,149.504242,12.732766,7.356260,6.848136,0.300534,3.118884,0.948120,0.171674,0.029472,0.963537,1.180700,0.530120,0.650580,-0.692733,-0.658406,0.143958,232.100798,-10.064842,236.277930,5.313672,6.862951,78.020116,14.737561,9.601116,8.556505,0.492030,3.784490,-0.078611,0.473434,0.224140,0.479916,0.995550,-0.583520,1.579070,1.101488,-0.167030,0.388471,57.579944,0.442776,104.735019,4.671105,6.328201,247.401931,40.030537,25.831793,19.563131,0.491966,3.786953,1.180802,0.065165,0.004246,1.182599,1.323358,1.050759,0.272598,0.462263,-0.830210,0.055219,349.634875,-52.837662,293.997853,7.879908,7.849878,23.796052,8.500634,5.840707,5.666538,0.605748,4.064386
-0.803315,0.897298,0.805143,1.204350,1.397100,-3.594800,4.991900,-0.349841,1.354596,0.643164,362.614497,2.334936,249.829425,4.551334,5.635910,612.708535,95.180408,49.459907,50.895060,0.405362,3.884941,9.637118,2.311644,5.343696,9.910486,18.193000,6.730700,11.462300,1.368559,1.277939,1.743925,24554.433000,1.713441,2399.468750,5.513119,4.966650,1428.184058,630.166089,212.974547,118.376116,0.437027,4.084200,1.643813,0.803129,0.645016,1.829518,4.026100,-0.055291,4.081391,0.406867,0.304744,0.609931,836.784198,2.830349,409.374092,5.790894,6.191196,526.821467,143.422214,85.400771,59.960349,0.538342,4.136393,9.881656,2.316939,5.368205,10.149647,18.357819,7.064805,11.293014,1.319337,1.140715,1.752120,25753.831696,1.719270,2460.294434,5.593221,5.030550,1401.005160,610.071850,216.948125,118.177328,0.439058,4.076977,-1.790062,12.149793,147.617475,12.280953,23.375000,-36.574000,59.949000,-0.690412,0.683514,9.086281,37705.449643,0.634679,2243.813168,4.616386,5.546316,7057.930600,1531.558797,864.444296,545.707336,0.403150,3.832715,35.117039,44.188816,1952.651489,56.443405,123.810000,-44.458000,168.268000,0.338121,-1.259544,39.694357,796464.479313,0.294807,10562.728529,3.170458,4.425658,24534.041464,3972.168279,1084.396377,609.269411,0.279777,3.500500,5.043251,24.163840,583.891169,24.684520,71.853000,-34.929000,106.782000,0.483769,-0.243421,19.280883,152331.387425,0.418826,4794.555050,2.736090,3.504276,14670.772596,1369.008609,392.352186,245.072504,0.175176,3.316744,51.582193,35.850838,1285.282583,62.817237,131.827045,4.587660,127.239385,0.593085,-1.026611,31.645534,986501.316381,0.368044,12854.905890,3.419567,4.732214,20176.693568,3114.108322,1066.639645,588.299520,0.299184,3.561395,0.026436,0.481049,0.231408,0.481775,0.806450,-0.645160,1.451610,0.291763,-1.606910,0.454185,58.026688,0.494624,112.306443,4.674527,6.413637,206.556281,33.865365,20.837118,16.048555,0.487876,3.684461,0.749390,0.136865,0.018732,0.761785,1.026100,0.520080,0.506020,0.491559,-0.708482,0.110050,145.079136,-16.114947,186.436745,5.940270,7.447560,53.403052,10.406280,7.508111,6.006349,0.487065,3.728104,0.568463,0.501005,0.251006,0.757731,0.995550,-0.396440,1.391990,-0.952487,-0.805923,0.438399,143.539168,-3.297717,173.250505,4.320149,6.242548,213.353696,31.650677,19.304019,15.925628,0.452030,3.556919,1.175771,0.064366,0.004143,1.177531,1.330211,1.050759,0.279451,0.740140,-0.318127,0.052303,346.644992,-53.583261,292.700694,7.438954,7.805225,27.790209,8.079246,6.153599,5.571915,0.609518,4.074681
-0.813204,0.939841,0.883302,1.242820,1.397100,-3.594800,4.991900,-0.623751,0.901498,0.687809,386.150616,2.533673,244.298001,4.471109,5.439920,642.643220,123.639859,51.066912,43.268028,0.397629,3.880269,9.810170,2.336719,5.460256,10.084626,18.193000,6.828500,11.364500,1.308015,1.076063,1.763337,25424.922748,1.738409,2443.734350,5.473261,4.984085,1411.121649,605.955453,214.733595,117.319171,0.423937,4.049553,1.494597,0.831409,0.691241,1.710281,3.882000,-0.135810,4.017810,0.425291,0.063898,0.658816,731.265370,2.913631,373.123340,4.580345,5.389606,528.350745,101.731141,60.859020,38.747888,0.406550,3.864289,10.031112,2.355024,5.546140,10.303851,18.357819,7.064805,11.293014,1.237858,0.896127,1.794488,26542.338734,1.770336,2498.847301,5.456972,5.014251,1417.288409,591.684782,214.341068,116.916617,0.430082,4.046125,-2.228109,8.121110,65.952425,8.421217,23.375000,-20.710000,44.085000,0.517883,0.171932,6.462329,17729.223132,0.785374,1698.658508,5.582316,5.931265,5163.453169,1369.176920,855.529870,552.844031,0.484906,4.085222,36.290080,44.519851,1982.017118,57.436809,122.370000,-44.458000,166.828000,0.145742,-1.351018,40.065388,824746.756143,0.299889,11181.560479,4.103802,5.201610,24222.216006,4797.931328,1666.363101,1135.094227,0.378857,3.700922,4.433540,25.836836,667.542117,26.214469,71.853000,-73.302000,145.155000,-0.293143,0.822496,19.755653,171799.598483,0.318425,4987.922090,5.564465,6.234304,18827.906591,4114.636776,2232.627588,1781.989016,0.557087,4.147448,54.376671,33.170468,1100.279932,63.695387,124.178538,4.587660,119.590879,0.243245,-1.331265,29.935994,1014275.577758,0.389115,13510.524088,3.529785,4.252767,18158.446300,3800.824460,942.522186,435.119597,0.268523,3.595515,-0.379065,0.368819,0.136028,0.528884,0.493950,-0.895160,1.389110,0.948310,0.216409,0.268673,69.929445,0.132860,122.084644,3.296305,5.662918,153.148694,14.701383,8.420868,7.021211,0.320524,3.156504,0.847832,0.190949,0.036462,0.869069,1.184700,0.520080,0.664620,0.103360,-1.246996,0.167272,188.820337,-6.730806,211.151885,5.427793,6.753466,90.364990,19.680543,12.110998,8.464299,0.522709,3.879326,0.412196,0.605339,0.366436,0.732353,0.977730,-0.576840,1.554570,-0.584275,-1.445886,0.557905,134.085219,-1.575270,168.969870,4.717275,6.416815,256.674224,43.277756,27.412320,21.417374,0.496030,3.682471,1.252331,0.054832,0.003007,1.253531,1.348080,1.114626,0.233454,-0.547485,-0.628459,0.045530,392.835001,-67.462281,311.899384,7.598412,7.837873,21.867281,6.781171,5.305104,4.300811,0.581426,4.034403
-0.638387,0.867097,0.751857,1.076752,1.851700,-2.942100,4.793800,0.296175,0.310630,0.667374,289.848698,2.517242,227.325232,4.652766,5.488021,509.423302,137.466222,52.844525,34.153656,0.427854,3.898121,9.853773,1.858202,3.452916,10.027450,15.980000,7.058800,8.921200,1.181141,0.863650,1.419344,25137.438688,2.029066,2453.661500,5.106284,4.771168,1242.711423,474.767219,143.063425,84.773249,0.397984,4.049568,1.623543,0.821195,0.674361,1.819410,3.882000,-0.135810,4.017810,0.355091,-0.415895,0.684903,827.563107,2.921358,405.193508,4.776667,5.488504,558.494948,111.280460,57.351323,36.569806,0.426035,3.937114,10.072825,1.886160,3.557600,10.247897,16.189534,7.281136,8.908398,1.126467,0.756460,1.450853,26254.850492,2.080680,2508.343747,5.081354,4.788907,1254.352936,460.911782,145.978603,84.489787,0.398493,4.037900,-3.380934,10.147957,102.981035,10.696343,18.384000,-21.754000,40.138000,0.295045,-0.910388,8.610484,28602.937683,0.898937,2299.526129,3.851153,4.681183,6892.584363,1044.626046,517.942585,296.835115,0.322303,3.750783,51.928546,50.308362,2530.931272,72.301488,155.250000,-40.825000,196.075000,-0.280029,-1.055772,44.346489,1306876.279928,0.259092,15334.414400,2.825430,3.741101,28427.826004,4388.479266,714.771745,481.844630,0.196836,3.375112,7.907680,30.690394,941.900305,31.692771,72.916000,-74.514000,147.430000,-0.802923,0.330786,23.934729,251107.928676,0.317911,6616.887720,3.736872,5.027180,19821.493572,2044.680857,1115.574584,820.427948,0.341577,3.641495,72.762641,32.433728,1051.946732,79.663973,157.751942,6.320470,151.431472,0.065862,-0.569919,27.369219,1586587.146286,0.314859,18109.521432,3.501491,4.451490,21009.499446,3649.858728,996.656441,599.464407,0.291649,3.657557,0.040694,0.555245,0.308297,0.556734,0.800400,-0.895160,1.695560,-0.506115,-1.256411,0.486540,77.488301,1.886256,123.598848,4.329546,6.181233,260.125926,39.306774,23.932568,18.883313,0.452192,3.614077,0.971815,0.108350,0.011740,0.977837,1.184700,0.640560,0.544140,-0.389344,0.219541,0.081540,239.041100,-16.582654,242.159620,5.913089,7.408302,44.488215,8.354516,6.466234,5.938316,0.464399,3.718168,-0.209506,0.418973,0.175539,0.468435,0.801780,-0.636970,1.438750,1.053816,-0.357885,0.357160,54.857795,-0.468124,109.187031,2.210392,4.767869,141.990434,7.271382,4.519517,3.947379,0.201569,2.484133,1.216605,0.073627,0.005421,1.218831,1.348080,1.068001,0.280079,-0.099030,-1.299966,0.066135,371.387197,-49.206542,302.909410,6.770210,7.520659,33.594343,8.089215,6.191539,5.823533,0.568662,4.015232
-0.545719,1.079250,1.164780,1.209376,2.825900,-2.416800,5.242700,0.733643,0.107065,0.868141,365.647412,2.666553,262.069646,3.928818,5.031510,723.578944,104.042148,50.255836,32.864912,0.325769,3.726032,9.674954,2.031893,4.128589,9.886017,17.487000,6.517600,10.969400,1.312791,1.501685,1.486980,24433.332930,1.712323,2410.960650,5.201094,4.884550,1255.268543,379.660436,163.297859,92.281400,0.409887,3.974405,1.580780,0.902825,0.815093,1.820428,5.049800,-0.478460,5.528260,0.569345,1.428472,0.683171,828.489196,2.290539,398.185139,4.105126,5.000221,614.043409,95.171447,53.795885,30.219814,0.342118,3.787035,9.910346,2.072420,4.294923,10.124716,18.217212,6.574685,11.642527,1.322519,1.661883,1.504837,25627.469537,1.619584,2469.681398,5.146801,4.869987,1275.138380,367.759573,164.269122,89.352387,0.405646,3.960002,-3.781203,11.365995,129.185835,11.978453,18.384000,-30.498000,48.882000,-0.221114,-0.567057,9.445000,35870.833305,0.773445,2422.927652,4.280867,5.237080,7170.445480,1183.584909,680.428721,450.305706,0.387961,3.799654,36.444446,55.610962,3092.579118,66.488922,155.250000,-85.561000,240.811000,0.120691,-1.136039,49.047408,1105194.183320,0.218073,13411.679900,2.529499,3.414754,32580.950444,3420.269078,872.594866,392.608154,0.171830,3.315001,6.754525,31.570439,996.692640,32.284923,72.916000,-74.514000,147.430000,-0.329194,-0.601373,26.269313,260579.061120,0.325838,6855.854310,4.476037,5.647993,20359.213780,2994.219146,1543.965144,1232.316964,0.439949,3.846839,65.491230,36.297039,1317.475065,74.877075,157.751942,6.320470,151.431472,0.450622,-0.771961,31.650382,1401644.077746,0.319102,16322.769058,3.679480,4.582382,21323.611061,5000.093996,1523.791378,608.133785,0.305388,3.682139,0.113815,0.409987,0.168089,0.425492,0.800400,-0.481850,1.282250,0.028833,-1.440293,0.366104,45.260811,0.988122,94.523264,3.908746,6.055574,155.702810,19.586177,10.811693,9.500453,0.394448,3.312173,0.787509,0.164017,0.026902,0.804408,1.090400,0.516060,0.574340,0.186187,-1.518465,0.150120,161.767993,-12.785221,195.988655,5.776918,7.011294,69.621459,15.508065,8.837415,8.724957,0.532405,3.864345,0.295866,0.664400,0.441428,0.727299,0.995550,-0.636970,1.632520,-0.240846,-1.780660,0.632850,132.241139,-1.114083,168.806276,4.488323,6.310161,272.089105,42.919108,26.570042,21.179444,0.471606,3.599865,1.164283,0.039059,0.001526,1.164938,1.265677,1.068001,0.197676,0.258700,-0.178932,0.030897,339.269943,-94.078469,289.829726,8.811538,7.776299,14.213017,7.601716,5.127510,4.614872,0.641789,4.220905
-0.646597,0.940156,0.883893,1.141044,2.825900,-2.416800,5.242700,0.947005,1.733311,0.687612,325.495100,2.377882,238.222375,4.264366,5.049041,646.896036,99.616925,70.244619,32.405176,0.352563,3.823104,9.789086,2.258141,5.099200,10.046163,18.168000,6.517600,11.650400,1.330521,1.664776,1.632020,25231.349149,1.701506,2436.716900,5.622105,5.130022,1374.408580,460.720343,250.143404,101.034757,0.445291,4.038017,1.403541,1.132206,1.281891,1.803279,5.437200,-1.407000,6.844200,0.756897,1.549637,0.840597,812.954120,2.117292,365.406466,4.715305,5.474852,715.523253,133.435825,82.584291,43.453103,0.422505,3.882439,10.006507,2.312792,5.349008,10.270306,18.664487,6.574685,12.089802,1.373329,1.797157,1.656916,26369.798369,1.647986,2490.590967,5.538220,5.113672,1401.771154,438.210585,245.083858,101.031602,0.440361,4.013049,-4.618226,11.875375,141.024539,12.741764,21.780000,-30.498000,52.278000,0.077381,-0.410986,9.600104,40588.137652,0.732230,2578.122723,4.571937,5.426522,7178.170812,1522.565614,847.514336,458.465469,0.391329,3.827357,45.938626,51.879453,2691.477617,69.295274,124.280000,-85.561000,209.841000,-0.280186,-1.092808,45.795077,1200458.735932,0.247154,14377.136486,3.212378,4.289989,27526.618016,3458.164122,1360.706170,625.306231,0.250215,3.424997,6.951643,24.794692,614.776730,25.750768,56.936000,-48.869000,105.805000,-0.082266,-0.546687,20.235678,165775.515865,0.430404,5215.225160,3.882390,5.167283,16938.944851,1915.723988,1033.081227,712.570852,0.348423,3.692350,66.029285,35.600885,1267.423032,75.015262,134.072668,6.794148,127.278520,0.143728,-1.299999,31.743512,1406822.389448,0.376723,16430.294336,4.084676,5.028204,19271.875042,4877.832941,1603.508209,819.370899,0.361020,3.743955,-0.393290,0.315096,0.099286,0.503947,0.625000,-0.868950,1.493950,1.013652,1.320882,0.219879,63.490676,-0.070710,114.381035,4.381326,6.199697,148.655363,23.292445,13.233613,11.342159,0.449300,3.619649,0.762723,0.151537,0.022964,0.777631,1.130500,0.516060,0.614440,0.640505,-0.528628,0.126906,151.177420,-10.235672,189.778120,5.643955,7.043773,66.213304,14.711403,8.418722,8.343183,0.486509,3.810119,0.656526,0.469632,0.220554,0.807205,0.995550,-0.567930,1.563480,-1.539385,0.860731,0.365666,162.894942,-2.642791,190.483309,4.386488,6.235976,218.956319,32.834489,21.280342,15.610751,0.460058,3.631046,1.227391,0.061343,0.003763,1.228923,1.339622,1.101193,0.238430,-0.023267,-1.173398,0.052796,377.563038,-64.481609,305.676238,7.636094,7.730839,20.173123,7.830773,4.823975,4.176022,0.609320,3.998065
-0.000942,1.430459,2.046213,1.430459,4.828400,-2.637100,7.465500,1.088623,0.922670,1.095291,511.553586,2.173933,272.361398,4.558635,5.812277,918.021589,137.104284,98.387251,67.695118,0.415006,3.847282,9.802768,2.059209,4.240342,10.016717,18.168000,6.307400,11.860600,1.195097,1.606400,1.536752,25083.652499,1.702153,2442.665150,5.310213,4.938435,1323.536375,460.220069,205.361468,73.347554,0.426931,4.060939,1.943476,1.300876,1.692278,2.338670,5.437200,-1.407000,6.844200,0.051692,-0.271598,1.051146,1367.344062,2.428355,498.740792,4.496689,5.336760,887.266630,176.793497,89.445570,46.655616,0.408936,3.910057,10.169465,2.105276,4.432185,10.385095,18.664487,6.900146,11.764341,1.203416,1.480926,1.589726,26962.550147,1.710174,2533.607693,5.316627,4.959315,1336.704748,443.557485,204.907496,75.379953,0.424624,4.042024,-1.312021,13.076425,170.992900,13.142081,24.464000,-38.822000,63.286000,-0.147601,-0.439415,10.655190,43178.574591,0.623233,2678.358380,4.254059,5.113906,8516.059178,1362.216682,903.711343,380.500502,0.356094,3.793631,43.841632,49.375695,2437.959207,66.030659,156.320000,-69.591000,225.911000,0.087656,-0.839945,41.919411,1090011.983848,0.232628,13086.644428,3.935804,5.135966,31341.164590,5144.122521,1905.060811,1394.755391,0.360595,3.740606,10.512071,36.370864,1322.839750,37.859522,136.990000,-81.177000,218.167000,0.128685,2.035837,25.612421,358335.847905,0.223300,6984.785970,2.473222,3.097873,23745.707505,1867.815321,481.389927,236.518211,0.144984,3.276885,67.992254,36.649135,1343.159080,77.240570,163.817288,7.902929,155.914359,0.344211,-0.824522,31.583557,1491526.406344,0.314517,16947.483138,3.527177,4.410373,24304.519328,4117.335035,1094.323449,661.088151,0.284674,3.667060,-0.054371,0.592607,0.351183,0.595096,0.909270,-0.868950,1.778220,0.187913,-1.487308,0.535699,88.534908,2.494715,134.647164,4.534507,6.312561,246.789864,39.939957,24.483755,19.307119,0.461461,3.579064,0.918008,0.136397,0.018604,0.928086,1.156600,0.650600,0.506000,0.041139,-1.244922,0.119104,215.335833,-15.036551,228.823355,5.835622,7.459554,44.795745,8.618090,5.699193,5.989430,0.461440,3.553386,0.017871,0.550446,0.302991,0.550736,0.957680,-0.585750,1.543430,0.708320,-1.193932,0.493575,75.827660,0.421510,121.557888,4.046137,6.089280,215.132386,28.480004,18.585448,14.184964,0.420765,3.407655,1.230896,0.060732,0.003688,1.232393,1.339622,1.090392,0.249231,-0.219630,-0.906656,0.050976,379.698401,-59.354219,306.534600,7.546323,7.916553,24.419216,6.727398,5.467903,5.124571,0.595708,4.023195
0.175890,1.608634,2.587702,1.618221,4.828400,-2.652600,7.481000,0.480925,-0.300975,1.309704,654.659950,2.414613,321.210349,3.996010,5.350350,968.068031,136.195796,68.912757,56.859541,0.348735,3.682659,9.595054,1.904320,3.626433,9.782203,18.720000,6.307400,12.412600,1.578842,3.733516,1.305413,23922.875426,1.517326,2390.050900,5.599679,5.109117,1350.476376,504.737206,255.243310,113.559326,0.469288,4.193378,2.273264,0.930411,0.865665,2.456297,4.939600,-0.436400,5.376000,0.241673,0.538053,0.706049,1508.348604,2.391198,567.028080,4.808468,5.441902,639.183695,141.382501,67.937270,34.602348,0.426146,3.953827,10.040136,1.881279,3.539212,10.214868,18.841086,6.848154,11.992932,1.640977,3.501865,1.303014,26085.883980,1.534970,2500.611603,5.651208,5.159281,1326.496317,489.049741,253.903604,113.861914,0.474919,4.193895,3.307146,12.373784,153.110535,12.808113,25.029000,-38.822000,63.851000,-0.416651,0.430484,9.983058,41011.938229,0.597579,2563.231105,4.010345,5.006235,8150.043540,1217.822067,922.209915,441.873272,0.345970,3.784274,42.154881,51.887996,2692.364084,66.853557,163.580000,-69.591000,233.171000,0.182236,-0.731764,44.158050,1117349.510282,0.226655,13291.252412,2.792045,3.838035,31499.556958,3950.333418,1154.865570,573.629961,0.205118,3.400667,8.733547,37.037140,1371.749773,38.052919,136.990000,-81.177000,218.167000,0.197946,1.759324,26.685442,362006.154706,0.224451,7140.001240,3.111466,4.208641,23332.310942,2003.069600,888.066426,558.700278,0.254815,3.448295,68.928686,36.473370,1330.306720,77.983783,165.527075,7.117505,158.409570,0.566524,-0.270008,29.662120,1520367.603217,0.308835,17184.186356,3.039485,3.509909,23618.930825,3672.173283,733.333105,288.888867,0.194434,3.497250,0.281000,0.466251,0.217390,0.544381,0.917340,-0.445560,1.362900,-0.294980,-1.393554,0.416201,74.087705,1.152417,119.184454,2.401179,4.955556,168.257158,9.079816,5.744019,5.297763,0.209295,2.665481,0.778586,0.204885,0.041978,0.805093,1.156600,0.497990,0.658610,0.517741,-1.306921,0.183282,162.043682,-10.518944,193.768095,5.151635,6.864858,86.318741,15.139202,8.194391,9.315448,0.460774,3.681172,0.211893,0.609309,0.371257,0.645101,0.995550,-0.585750,1.581300,0.129858,-1.788525,0.584620,104.038901,0.109406,142.977751,4.730299,6.376456,257.192985,44.561045,27.332944,21.052401,0.497505,3.700197,1.165671,0.043509,0.001893,1.166482,1.271185,1.048861,0.222325,0.307027,-0.178440,0.034535,340.170287,-78.940528,290.196952,9.452736,8.049731,14.612465,7.239167,5.441109,5.608247,0.689456,4.251149
-0.573056,1.151921,1.326922,1.286590,2.934900,-2.817100,5.752000,0.772567,0.474607,0.888898,413.828778,2.521163,268.988575,4.115173,5.232123,772.957608,102.952412,50.667137,41.202235,0.347547,3.742027,9.602846,2.473990,6.120626,9.916414,18.720000,5.832900,12.887100,1.372581,1.586105,1.800483,24583.817400,1.636713,2390.687200,5.581064,5.162777,1564.165378,537.858789,290.053688,124.158864,0.421163,4.054849,1.599600,0.969848,0.940605,1.870648,4.300300,-1.119400,5.419700,-0.206303,0.592276,0.741641,874.831127,2.495279,414.567144,5.876405,6.273399,659.900975,182.111204,102.601455,70.703672,0.572216,4.190316,9.876674,2.437462,5.941223,10.172999,18.841086,6.250801,12.590285,1.395034,1.656945,1.750008,25872.477306,1.659834,2458.526576,5.572577,5.089588,1493.857954,514.246038,287.380909,118.253873,0.421346,4.034511,2.935422,10.884480,118.471913,11.273359,25.029000,-17.906000,42.935000,0.322117,-0.898318,9.151586,31772.154396,0.853258,2313.515910,5.498594,6.115401,7290.346993,1632.769219,1274.936623,701.784037,0.513118,4.104044,11.960364,62.659889,3926.261701,63.791159,163.580000,-113.330000,276.910000,0.202020,-0.722072,53.088354,1017328.003619,0.196288,12961.969570,4.488770,5.938220,36531.346262,5978.013556,3331.348155,2473.508054,0.446196,3.795248,0.579869,18.193452,331.001679,18.202690,49.678000,-33.073000,82.751000,0.362935,-0.181548,14.518461,82834.481746,0.513670,3615.898121,3.831014,4.815505,12567.924945,1789.779969,536.531332,479.548393,0.319732,3.686619,58.336545,33.534848,1124.586028,67.288473,165.527075,6.025045,159.502030,0.738503,0.056903,28.093073,1131934.639760,0.298019,14493.213136,3.649741,4.639546,19897.074463,3704.717449,1162.288600,628.741673,0.313475,3.663026,-0.079581,0.436562,0.190586,0.443756,0.917340,-0.528230,1.445570,0.999577,-0.353704,0.368345,49.229801,-0.112490,96.981851,3.154304,5.534450,153.134850,14.815111,7.815006,7.715785,0.308319,2.974914,0.682490,0.107889,0.011640,0.690965,0.931730,0.497990,0.433740,0.763718,-0.565441,0.089961,119.358034,-24.281508,169.862380,6.464014,7.507174,47.453504,10.421009,8.018704,7.263727,0.537497,3.910203,0.872686,0.207433,0.043028,0.897000,1.091300,-0.035635,1.126935,-2.592638,6.803632,0.130645,201.152430,-7.350279,217.863105,5.168196,6.475821,122.547321,24.029360,14.471377,11.321157,0.537885,3.981544,1.213387,0.081566,0.006653,1.216125,1.376462,1.048861,0.327601,0.371393,-0.994732,0.069855,369.740265,-38.296911,302.177317,6.712644,7.663034,30.552796,7.357636,6.079732,5.464246,0.541541,3.823646
-1.096101,0.767615,0.589232,1.338159,1.302800,-2.620500,3.923300,0.172286,-0.177720,0.637767,447.667423,2.703756,287.011887,4.866550,5.753199,489.027447,107.877969,52.823178,36.460148,0.442552,3.943393,9.863744,1.556944,2.424074,9.985866,14.360000,5.736200,8.623800,0.716297,0.183115,1.228786,24929.377872,2.004758,2458.581200,6.008081,4.918958,964.327258,466.925685,129.068238,71.451921,0.450752,4.092199,1.264015,0.524281,0.274870,1.368431,2.676000,-0.192320,2.868320,-0.238786,-0.180743,0.426876,468.150738,2.643458,315.363766,5.363427,5.470734,329.449745,110.985034,60.042345,24.432454,0.449233,4.062677,10.054950,1.509559,2.278768,10.167634,14.470644,6.413389,8.057255,0.782344,0.159281,1.192352,25845.196033,2.170592,2505.994806,5.854426,4.778669,944.402423,442.792634,122.254886,65.241270,0.431451,4.066610,-4.686016,11.002734,121.060165,11.959051,14.365000,-32.493000,46.858000,-0.698890,-0.037385,8.587248,35754.726647,0.781612,2181.284910,4.228944,5.250822,7481.377837,1398.961738,515.428644,396.704578,0.377885,3.849436,40.957929,57.762364,3336.490748,70.809905,160.120000,-78.674000,238.794000,0.097725,-0.767709,47.647834,1253510.676559,0.226304,14112.339178,3.838655,5.517360,29456.624963,3344.576992,2076.820346,1505.679601,0.369901,3.528742,3.105691,46.988728,2207.940603,47.091251,98.126000,-82.236000,180.362000,-0.040938,-1.035899,39.845837,554396.480444,0.282927,10006.478230,3.849733,5.238034,26505.044687,3220.595574,1539.786612,1207.490145,0.358854,3.588254,77.163326,37.689106,1420.468713,85.875768,168.417253,7.907937,160.509316,0.600231,-0.373064,30.420301,1843661.883650,0.307426,19175.733300,4.455308,5.816223,23027.667084,3576.420399,2003.595149,1460.854924,0.433193,3.792935,-0.406307,0.236093,0.055740,0.469920,0.332660,-0.747980,1.080640,1.139160,1.105779,0.182591,55.206238,-2.417526,108.365940,4.179503,6.071112,113.493757,14.791734,10.266628,7.484706,0.415545,3.564517,0.756667,0.095908,0.009198,0.762721,0.907630,0.566270,0.341360,-0.423390,-1.194665,0.084628,145.435687,-34.460926,188.367455,6.204372,7.279671,45.923661,9.494018,7.529702,6.254584,0.513008,3.882243,0.041746,0.267428,0.071518,0.270667,0.648110,-0.285080,0.933190,1.001522,0.064970,0.202628,18.315128,-4.124031,48.976584,4.153656,6.104701,127.985042,18.308890,10.644665,8.887749,0.428123,3.573355,0.935254,0.033582,0.001128,0.935857,1.001914,0.857830,0.144084,0.205326,-0.756947,0.027741,218.957053,-143.567080,232.848429,9.384314,7.958215,12.088506,6.994797,4.573760,4.620557,0.631446,4.240037
-1.108468,0.779647,0.607849,1.355194,1.302800,-3.231100,4.533900,-0.168056,0.685733,0.615091,459.137690,2.447093,289.662624,4.237741,5.279633,503.859226,87.347087,41.141461,21.647469,0.370023,3.792510,9.914217,1.648111,2.716269,10.050272,14.101000,6.523900,7.577100,0.682310,-0.062057,1.297145,25251.992819,2.386409,2468.978250,5.494275,4.410306,1020.716240,428.989646,134.165218,63.054754,0.380395,3.985112,1.214571,0.508431,0.258502,1.316694,2.234400,-0.117890,2.352290,-0.120243,-0.643801,0.418599,433.421009,2.952614,302.701978,5.036724,5.278260,338.653147,100.136020,55.638491,22.002213,0.425715,4.033487,10.098049,1.614810,2.607613,10.226349,14.298183,7.217496,7.080687,0.738593,-0.111766,1.286316,26144.551518,2.453229,2514.680453,5.418436,4.413679,1012.958782,406.501544,132.666150,62.004314,0.374020,3.983389,-3.130646,10.313844,106.375388,10.778512,18.823000,-29.907000,48.730000,-0.501863,0.124324,7.935080,29044.082853,0.749630,1958.207294,3.279009,4.240105,6869.270662,1028.324022,412.356236,189.265669,0.254753,3.612291,32.609247,59.689187,3562.799002,68.015895,163.700000,-94.126000,257.826000,0.449227,-0.403435,48.336424,1156540.500955,0.207372,12629.701764,3.340198,4.928449,29907.001596,3777.935642,1345.673944,1148.426904,0.310437,3.396371,2.200237,54.760834,2998.748990,54.805018,118.390000,-115.110000,233.500000,0.033697,-0.800484,45.460250,750897.508209,0.228809,11327.736450,2.998451,4.327601,31062.412191,2749.645727,1082.690795,858.586069,0.241275,3.328079,77.030773,42.569805,1812.188322,88.010956,175.328501,6.517090,168.811411,0.392869,-0.520400,34.476778,1936482.092017,0.297088,19205.159846,3.886763,5.258149,26585.310393,3597.818982,1679.258902,1222.227622,0.352954,3.657994,0.020556,0.378814,0.143500,0.379372,0.556450,-0.711690,1.268140,-0.433199,-1.198777,0.340748,35.980711,0.436923,85.486873,4.148523,6.045906,165.340597,24.206607,14.669421,10.839803,0.431366,3.537806,0.798964,0.074205,0.005506,0.802402,0.921690,0.566270,0.355420,-0.802638,0.287033,0.059038,160.962385,-36.658223,198.899575,6.822100,7.663861,37.815547,8.943979,6.969895,6.112370,0.526406,3.994427,0.084365,0.244002,0.059537,0.258175,0.418710,-0.285080,0.703790,-0.150218,-1.580531,0.226526,16.663567,-8.462746,57.365210,3.756557,5.910301,92.473076,11.192242,7.211163,5.125435,0.372276,3.288131,0.923954,0.027133,0.000736,0.924352,0.993833,0.856229,0.137604,0.198870,-0.173891,0.021287,213.606663,-161.427411,230.041006,10.541494,7.750289,11.827396,8.007967,6.492611,5.777038,0.742352,4.512469
-1.279174,0.812736,0.660540,1.515528,1.194600,-3.231100,4.425700,0.058456,0.384966,0.638480,574.206240,2.648912,332.234734,4.109057,5.415582,505.523180,71.502827,34.693487,23.184804,0.351197,3.706199,9.877079,1.463991,2.143270,9.984987,14.383000,6.703000,7.680000,0.781460,0.685047,1.105054,24924.988985,2.211454,2460.237550,5.424932,4.327603,965.154343,389.950104,126.146610,52.300350,0.371952,3.999158,1.124675,0.554092,0.307018,1.253759,2.274600,-0.648750,2.923350,-0.299035,0.091481,0.443604,392.978153,2.657194,285.830335,4.298046,4.975811,359.013141,91.569888,42.846097,17.265518,0.357429,3.875470,10.074661,1.438715,2.069900,10.176871,14.567670,7.176412,7.391258,0.813177,0.599735,1.108181,25892.173378,2.295090,2509.561688,5.334029,4.336901,964.156765,369.134469,123.633932,52.207959,0.369657,4.000756,-3.789776,12.257128,150.237179,12.829637,18.823000,-44.991000,63.814000,-1.302138,2.399419,8.814203,41149.896153,0.585625,2163.081634,4.014743,5.454542,7933.288705,1068.615220,614.366204,415.804399,0.361479,3.734551,43.686019,61.709079,3808.010411,75.607398,164.700000,-94.126000,258.826000,0.369482,-0.720997,51.527584,1429119.664681,0.207252,14123.578094,4.618504,6.049398,35715.670730,6280.221662,3363.492306,2569.914816,0.469045,3.827932,3.553698,52.602128,2766.983895,52.722032,118.390000,-115.110000,233.500000,-0.158034,-0.676054,44.074958,694903.166396,0.228280,11059.451210,3.345426,4.920048,29767.443513,2613.833292,1350.623534,1123.740218,0.297230,3.403661,81.292890,45.300738,2052.156873,93.062833,175.328501,6.517090,168.811411,0.385124,-0.801279,36.846536,2165172.727229,0.299373,20218.997243,4.624669,5.862467,29168.205254,4584.010079,2572.287770,1905.938831,0.454511,3.869169,0.126903,0.351850,0.123799,0.374036,0.556450,-0.689520,1.245970,-0.964728,-0.512998,0.293501,34.975756,-1.591993,85.336671,4.708715,6.392059,185.047266,30.074146,18.320339,14.914503,0.490935,3.795685,0.769639,0.068088,0.004636,0.772645,0.921690,0.608430,0.313260,0.109259,-0.277144,0.053943,149.244884,-42.986729,191.665675,7.416732,7.507263,40.188121,12.267338,8.050876,8.543550,0.659982,4.302409,0.359314,0.142288,0.020246,0.386461,0.690420,0.055679,0.634741,0.389168,-0.278137,0.113387,37.338103,-9.970769,89.712653,3.185841,5.489967,62.200839,4.962944,3.785245,3.067927,0.292686,3.123522,0.941000,0.027455,0.000754,0.941401,1.002386,0.856229,0.146156,-0.059953,-0.285373,0.022287,221.558743,-149.923063,234.307156,10.676997,7.683511,11.874577,7.412386,6.947688,6.865388,0.756466,4.529198
-1.239331,0.781680,0.611023,1.465252,1.194600,-2.782700,3.977300,0.274575,0.160821,0.622383,536.741142,2.730354,322.566919,4.317512,5.582382,493.406684,73.765204,36.231496,23.044490,0.371187,3.749581,9.955078,1.301692,1.694403,10.039820,14.383000,6.703000,7.680000,0.705720,0.591948,1.023594,25199.497175,2.091949,2479.173300,5.534022,4.504180,862.349088,312.625129,117.280184,59.546603,0.391540,4.023595,1.040708,0.575802,0.331548,1.189379,2.274600,-0.791160,3.065760,-0.632931,0.415279,0.458133,353.655317,2.642434,269.481887,5.877021,6.278766,355.170794,105.953014,57.776445,37.652985,0.554291,4.133879,10.136601,1.268420,1.608888,10.215653,14.567670,7.176412,7.391258,0.758675,0.611281,1.004911,26089.893635,2.176213,2524.455319,5.465860,4.512964,852.742165,294.041637,114.238339,59.200269,0.381837,4.019211,-4.517531,11.894656,141.482839,12.723637,14.885000,-44.991000,59.876000,-1.427799,2.451792,8.713440,40472.732277,0.613743,2156.911840,3.630737,5.030338,7498.461067,809.227317,562.622761,307.702175,0.317732,3.601447,34.943318,64.563003,4168.381355,73.412648,164.700000,-110.820000,275.520000,0.034966,-0.418580,51.627903,1347354.208445,0.198766,14407.723399,4.022189,5.666590,38619.496675,4809.245263,2917.640553,2161.241381,0.402711,3.691930,3.070741,47.490242,2255.323059,47.589416,111.510000,-96.141000,207.651000,-0.177074,-0.744999,40.431033,566188.127145,0.248906,10162.253090,4.262249,5.839146,26882.776443,3630.127233,2192.361158,1652.950833,0.417419,3.668202,78.081095,41.465684,1719.402935,88.408485,165.965750,3.685101,162.280648,0.500210,-0.659200,34.096371,1954015.067867,0.306635,19423.544150,2.689867,3.630270,25616.217305,2942.368652,640.279663,403.884003,0.179077,3.343117,-0.273782,0.348531,0.121474,0.443205,0.411290,-0.707660,1.118950,0.821765,-0.649031,0.290517,49.107702,-1.015055,101.643158,4.604451,6.384412,156.084489,25.763197,15.497448,10.711909,0.476819,3.676012,0.738434,0.073845,0.005453,0.742117,0.875500,0.566270,0.309230,-0.446197,-0.577100,0.060572,137.684397,-42.201995,183.851435,7.255731,7.768124,34.816962,8.024932,6.007237,7.903790,0.568312,4.030149,0.193880,0.257388,0.066249,0.322239,0.690420,-0.162580,0.853000,0.373878,-1.198273,0.223874,25.959533,-3.061981,61.449871,3.486280,5.817656,96.364794,10.119719,6.306083,4.665679,0.337030,3.136328,0.921889,0.033580,0.001128,0.922500,1.002386,0.837983,0.164403,0.189570,-0.264267,0.026492,212.751632,-122.552177,229.581188,9.339991,7.843260,14.490238,6.526537,5.354947,6.304708,0.718451,4.372707
-1.138007,0.645504,0.416676,1.308334,0.421770,-2.782700,3.204470,-0.259477,-0.340273,0.522237,427.934142,2.889655,285.568316,5.283211,5.935342,396.266949,116.545753,50.502779,36.176323,0.488088,4.025349,9.951026,1.280675,1.640129,10.033098,13.723000,7.192100,6.530900,0.569875,-0.109920,1.041641,25165.761835,2.470380,2479.347600,5.800320,4.795398,795.207383,280.622946,124.974725,60.774886,0.429665,4.020372,0.799640,0.903634,0.816555,1.206639,2.219800,-1.635200,3.855000,-0.699858,-0.451827,0.755471,363.994641,3.018159,264.995819,3.715880,4.873650,490.785891,82.602675,52.298144,18.466421,0.304058,3.572423,10.113283,1.245897,1.552261,10.189738,13.880603,7.642283,6.238320,0.622607,-0.079398,1.013823,25957.690618,2.522397,2519.673567,5.696750,4.704925,778.717783,269.949705,119.279590,56.526031,0.408870,4.000595,3.759452,13.178999,173.686019,13.704725,38.804000,-28.352000,67.156000,0.167029,0.386046,9.950945,46954.873943,0.583203,2582.742910,2.982061,3.857918,8194.997934,782.765719,366.087279,191.227756,0.215967,3.426312,-30.781761,63.787968,4068.904837,70.826702,99.866000,-192.700000,292.566000,-0.274054,-0.395254,52.812079,1254105.413030,0.188665,14069.950709,2.194135,3.200644,35541.912460,3333.479319,700.399459,350.504429,0.136132,3.148895,-1.275170,46.062982,2121.798328,46.080629,111.510000,-96.141000,207.651000,0.010475,-0.597551,38.236410,530856.096577,0.249165,9539.155810,2.434490,3.329111,27510.406560,1876.462760,602.285451,357.534631,0.157074,3.222459,75.292824,40.726603,1658.656175,85.601785,198.431349,3.685101,194.746248,0.526368,0.137938,33.379642,1831916.383551,0.256966,18793.395007,2.848162,3.523254,26360.225601,3464.425486,730.160616,396.027363,0.179165,3.444546,-0.283613,0.353977,0.125299,0.453581,0.485890,-0.707660,1.193550,0.913351,-0.513046,0.287416,51.433881,-0.769535,106.004005,4.775331,6.354041,186.983183,31.978983,20.077429,15.820668,0.499258,3.814954,0.767751,0.083725,0.007010,0.772303,0.907630,0.566270,0.341360,-0.769322,-0.368376,0.068150,149.112927,-36.145866,191.224940,6.721550,7.432981,45.703628,9.975499,7.561035,7.538555,0.569613,4.089724,0.192445,0.283130,0.080162,0.342341,0.746100,-0.162580,0.908680,0.567687,-1.083134,0.249333,29.299406,-3.706952,62.024489,2.838676,5.470750,94.863476,7.139225,3.970677,3.738702,0.254814,2.747216,0.955761,0.076854,0.005907,0.958846,1.118704,0.822687,0.296017,0.628747,-0.874294,0.066839,229.846213,-47.913406,237.975303,7.213044,7.978345,26.884550,6.584657,4.678715,6.086377,0.563249,3.831438
-1.183735,0.661441,0.437504,1.355998,0.421770,-2.886000,3.307770,-0.269237,-0.500676,0.542917,459.682914,2.912343,297.260813,4.622266,5.641479,378.921063,92.248213,35.945276,27.178132,0.405299,3.822129,9.860450,1.300361,1.690938,9.945823,14.328000,6.778700,7.549300,0.555136,0.403074,1.030819,24729.850986,2.181356,2455.652800,5.680925,4.559732,729.917475,301.381639,92.786434,49.194605,0.389467,3.921234,0.789535,0.899079,0.808343,1.196541,2.535500,-1.635200,4.170700,-0.548633,-0.382009,0.735617,357.927315,2.919428,258.159069,3.596198,4.730304,506.109447,103.599215,36.713286,19.618855,0.293846,3.590637,10.028598,1.271641,1.617070,10.108899,14.438088,7.079940,7.358148,0.598294,0.353817,1.012422,25547.461215,2.169250,2497.598949,5.652997,4.562527,719.157744,293.183581,92.654736,47.018865,0.390407,3.922971,4.217617,12.729014,162.027807,13.409553,38.804000,-28.352000,67.156000,0.319029,0.367455,10.082371,44954.024971,0.576050,2585.168811,3.063696,4.032611,7979.634933,875.175791,326.506407,184.141838,0.225867,3.457811,-42.096063,59.103139,3493.181011,72.562108,65.536000,-192.700000,258.236000,-0.309284,-0.478397,49.329546,1316314.878619,0.208803,14235.299780,2.766752,4.220085,32750.140055,3072.982379,1006.177975,781.660712,0.233844,3.279691,-3.017843,44.455276,1976.271572,44.557591,95.476000,-83.426000,178.902000,0.259550,-0.785834,37.100811,496344.737474,0.285931,9290.936360,2.702528,3.789048,27079.405248,2021.097270,604.957748,511.769861,0.195406,3.279639,76.569011,39.593448,1567.641102,86.200084,198.431349,11.309247,187.122102,0.556719,0.328355,31.471539,1857613.641064,0.265886,19021.499430,2.954829,3.897279,26846.595616,2721.806266,818.977527,504.754191,0.221421,3.471378,0.141194,0.380192,0.144546,0.405563,0.528230,-0.653230,1.181460,-0.950072,-0.701508,0.323327,41.120392,-2.417001,95.959650,4.051042,5.967593,181.288749,23.606659,15.836708,11.890162,0.420346,3.558244,0.814723,0.072946,0.005321,0.817982,0.981930,0.598390,0.383540,-0.437581,0.242859,0.055959,167.273736,-32.384654,202.900660,6.897030,7.632456,39.397267,8.133292,7.082036,6.801748,0.547249,4.069862,0.303118,0.222652,0.049574,0.376104,0.746100,-0.158130,0.904230,0.187825,-0.624150,0.181233,35.363617,-2.543308,78.664780,2.495880,5.196858,80.595227,3.815907,2.586865,2.925448,0.205636,2.621686,0.985655,0.059285,0.003515,0.987437,1.118704,0.822687,0.296017,0.368176,-0.136894,0.046658,243.757745,-50.901415,245.518397,8.054874,8.053277,25.416714,7.573617,5.991855,6.361928,0.618842,4.111555
-0.990429,0.777232,0.604090,1.258983,0.911720,-2.886000,3.797720,0.100596,-0.212762,0.621822,396.259821,2.914841,269.762238,4.093163,5.481476,443.697444,84.349445,36.347255,24.805317,0.361714,3.688474,9.906380,1.268607,1.609364,9.987279,14.328000,6.778700,7.549300,0.478633,0.500002,1.008520,24936.434133,2.169377,2467.696750,5.861331,4.717423,811.644792,364.767926,118.911710,59.826614,0.452518,4.100125,0.692948,1.155592,1.335394,1.347431,2.535500,-3.226200,5.761700,-1.481011,2.252571,0.815952,453.892773,2.246539,291.277193,3.103323,4.459164,570.463492,98.776002,30.623122,20.409127,0.250191,3.326469,10.080115,1.240011,1.537626,10.156099,14.438088,7.079940,7.358148,0.502958,0.462664,0.982487,25786.586727,2.158677,2510.881964,5.731949,4.661791,806.621992,350.064179,115.338068,55.784202,0.439152,4.090854,1.480736,7.775307,60.455406,7.915048,20.620000,-11.433000,32.053000,0.496744,-0.814493,6.595447,15661.996214,1.038162,1604.596855,3.390941,4.185055,5394.518053,784.022693,294.992635,159.296911,0.256521,3.648917,-38.305539,63.658103,4052.354079,74.294471,65.536000,-199.930000,265.466000,-0.610030,-0.318339,51.137620,1379917.100007,0.204202,13831.974340,3.233490,5.104394,34258.306440,3527.234846,1814.098767,1341.983427,0.312664,3.388484,-4.770918,41.984373,1762.687568,42.254576,95.476000,-83.426000,178.902000,0.533946,-0.392237,33.896570,446362.306740,0.282076,8675.396126,3.191031,4.592326,24758.267679,2413.497348,1012.982600,712.003661,0.281675,3.429878,72.894843,45.322263,2054.107525,85.835690,201.678652,4.006241,197.672411,0.791741,0.132593,36.044356,1841941.402962,0.256591,18163.336534,2.609891,3.810336,28217.324264,2343.182199,800.110510,479.682489,0.197785,3.334673,-0.018549,0.450253,0.202728,0.450635,0.528230,-0.709680,1.237910,-0.253380,-1.694673,0.427487,50.768058,-1.462216,105.819590,4.302423,6.183335,188.406259,28.406861,16.849536,13.213204,0.445292,3.559168,0.786257,0.091091,0.008298,0.791516,0.981930,0.542170,0.439760,-0.312507,-0.170077,0.073475,156.624516,-23.452457,195.806275,6.449245,7.649616,39.973906,8.429619,5.844381,7.056843,0.509658,3.810759,0.075697,0.197541,0.039022,0.211548,0.387530,-0.338530,0.726060,-0.372952,-0.841806,0.166799,11.188097,-5.365957,44.793960,3.724216,5.921149,70.966045,8.345001,5.157415,4.295226,0.361264,3.215665,0.934401,0.034893,0.001217,0.935052,1.016689,0.842395,0.174294,-0.050412,-0.581214,0.028817,218.580671,-112.190209,232.664642,9.713584,8.030011,13.992188,6.896236,5.161874,6.401306,0.709686,4.351223
-0.872644,0.729492,0.532158,1.137394,0.911720,-2.349800,3.261520,0.346982,-0.405409,0.585488,323.416498,3.126769,246.806178,3.923913,5.244732,448.543827,59.985458,34.682982,21.246189,0.349460,3.682300,9.914911,1.221992,1.493265,9.989931,13.145000,6.865300,6.279700,0.429102,0.050944,0.977052,24949.682330,2.456335,2467.794300,5.480267,4.535975,844.160974,313.216937,111.754358,48.787091,0.385733,4.051846,0.834474,1.192526,1.422119,1.455495,2.700800,-3.226200,5.927000,-1.621286,2.429179,0.848986,529.616484,2.156364,327.907749,2.877457,4.485740,583.149780,78.010973,29.163453,19.491760,0.247717,3.237521,10.089606,1.187735,1.410715,10.159275,13.290599,7.386742,5.903857,0.506459,0.036659,0.945324,25802.715312,2.568397,2511.388154,5.434356,4.576392,831.850153,300.112352,108.761661,48.725799,0.385189,4.057779,-1.677132,12.357841,152.716226,12.471126,20.620000,-47.614000,68.234000,-1.660383,4.028367,8.144696,38882.248960,0.537159,2003.423085,3.893353,5.305877,8086.227997,1076.788600,545.019538,399.890942,0.376078,3.740550,-7.499164,76.725454,5886.795235,77.091068,127.870000,-199.930000,327.800000,-0.592450,-0.150526,60.590587,1485758.174210,0.172117,14970.227814,4.758386,6.246800,45813.111737,7451.311939,4678.322499,3663.554324,0.495311,3.881989,-3.760142,41.801208,1747.340980,41.969985,96.211000,-95.848000,192.059000,0.246849,-0.314704,34.183435,440369.910960,0.263506,8554.723036,4.860126,6.095521,24158.486391,4201.653217,2404.768220,1884.830229,0.480672,3.854884,76.177729,45.354106,2056.994931,88.656874,201.678652,4.006241,197.672411,0.718884,-0.003256,35.645263,1965010.334130,0.256669,18895.781248,2.567101,3.956251,24763.750271,2196.777024,689.631789,448.610492,0.201412,3.198598,-0.386194,0.247495,0.061254,0.458693,0.330650,-0.717740,1.048390,0.879596,-0.044419,0.203250,52.599820,-2.504081,102.294386,3.153079,5.344048,111.497279,10.843060,5.873636,4.787393,0.292741,3.215892,0.766827,0.089063,0.007932,0.771982,0.917670,0.542170,0.375500,-0.460161,-0.583001,0.072881,148.989060,-29.582855,190.832310,6.228634,7.455163,40.274496,8.460461,6.044634,6.110623,0.495486,3.819379,-0.085381,0.150617,0.022685,0.173134,0.216040,-0.338530,0.554570,0.129242,-1.005787,0.128957,7.493809,-13.190599,34.524479,2.856295,5.529631,51.357523,3.126618,2.167244,2.262306,0.218775,2.720502,0.914278,0.020658,0.000427,0.914511,0.968602,0.842395,0.126207,-0.706460,0.612032,0.016534,209.082690,-198.723517,227.648293,10.378622,7.645867,8.210495,6.862095,4.441835,4.306863,0.738425,4.480710
-1.192257,0.659408,0.434819,1.362460,0.600440,-2.795900,3.396340,-0.152286,-0.018647,0.514580,464.074110,2.797125,303.396005,4.233169,5.369552,437.168599,59.104468,38.133278,21.404029,0.381555,3.803697,9.907887,1.266125,1.603073,9.988458,13.145000,6.865300,6.279700,0.525240,-0.217950,1.019147,24942.323472,2.509309,2466.645200,5.604570,4.500542,781.165588,313.311394,114.468667,49.245473,0.393073,4.000693,1.249006,0.537519,0.288926,1.359758,2.700800,-0.269920,2.970720,-0.240048,0.512539,0.412393,462.235637,2.574935,313.573941,4.371825,5.312362,325.224873,82.388125,31.713503,15.946499,0.366766,3.808257,10.097972,1.226982,1.505485,10.172243,13.290599,7.386742,5.903857,0.592955,-0.211092,0.983161,25868.633219,2.584070,2514.090244,5.554813,4.561412,768.436243,302.868168,110.968134,49.919404,0.396317,4.013873,-3.421854,12.293390,151.127438,12.760741,16.837000,-47.614000,64.451000,-1.577395,3.200123,8.678870,40709.129932,0.572443,2169.442346,3.150692,4.571351,7286.488528,952.901695,363.813652,241.515887,0.258609,3.464381,36.804214,57.270712,3279.934414,68.077049,149.740000,-91.507000,241.247000,-0.080023,-0.647225,47.161652,1158621.145305,0.222859,13697.405404,4.020749,5.576260,33136.723450,4458.016402,2358.464827,1805.906006,0.397334,3.675554,5.340151,50.688453,2569.319229,50.968975,107.240000,-97.671000,204.911000,-0.115182,-0.675874,41.336594,649459.110118,0.256021,10439.640968,3.741554,5.467694,27631.346612,2539.232175,1647.168911,1381.069365,0.346108,3.464389,76.685355,38.916755,1514.513813,85.995102,163.032956,8.643968,154.388988,0.222532,-0.758587,32.183327,1848789.385355,0.321013,19090.487654,2.549696,3.489099,23019.866986,2334.902713,613.489800,297.800158,0.168044,3.283130,0.002589,0.396413,0.157144,0.396422,0.538310,-0.717740,1.256050,-0.295345,-1.386671,0.354831,39.287571,0.839935,88.252997,4.619250,6.404434,178.814802,27.382874,18.243670,14.262594,0.476348,3.669639,0.799116,0.077797,0.006052,0.802894,0.937750,0.582330,0.355420,-0.527805,-0.329830,0.065321,161.159845,-35.114567,199.040135,6.633001,7.732149,37.895504,8.023572,6.589652,5.611859,0.523550,3.929549,0.105060,0.266805,0.071185,0.286745,0.510020,-0.296210,0.806230,0.010283,-1.509287,0.244188,20.555673,-5.246805,59.724902,2.819005,5.396270,93.252326,6.772821,4.111521,3.648534,0.256296,2.798730,0.939584,0.034567,0.001195,0.940219,1.036039,0.844038,0.192000,0.759909,0.380809,0.026546,221.003089,-107.612909,233.978589,9.778023,8.085791,14.228970,7.607749,6.126013,4.969805,0.715346,4.386363
-0.975058,1.250010,1.562525,1.585327,3.242500,-3.899400,7.141900,0.688120,1.706550,0.884727,628.315484,2.148853,331.202750,3.494219,4.929119,746.923059,95.482932,52.355619,28.130346,0.305916,3.563160,9.924940,1.169478,1.367678,9.993603,13.968000,7.696300,6.271700,0.856583,0.326381,0.918933,24968.025924,2.375059,2471.071550,6.466561,5.417232,796.798607,358.090139,159.042365,76.095335,0.518786,4.239633,1.318464,0.727797,0.529688,1.506000,3.572500,-0.320470,3.892970,0.132882,0.269390,0.577124,567.009042,2.696039,332.373431,5.432957,6.219973,497.066842,115.272492,54.783598,44.586107,0.514550,4.071955,10.164920,1.152303,1.327802,10.230025,14.236775,8.133606,6.103168,0.884062,0.404999,0.894002,26163.350451,2.339093,2530.782718,6.310137,5.395854,799.745815,335.597882,155.075292,73.501789,0.499973,4.223031,-2.543149,12.000390,144.009351,12.266905,22.211000,-32.576000,54.787000,-0.332759,-0.364467,9.948401,37619.239219,0.693742,2496.330060,4.605140,5.897468,7634.892150,1291.624881,711.109688,570.767646,0.440981,3.858117,46.402653,63.453471,4026.342987,78.610109,174.930000,-91.507000,266.437000,0.118585,-0.816251,52.793514,1544887.299022,0.204427,15378.983360,3.447151,5.163413,33540.915535,3654.378233,1739.234985,1347.283389,0.330558,3.466689,10.834372,49.120450,2412.818635,50.301116,107.240000,-97.671000,204.911000,-0.209531,-0.783777,40.451590,632550.565335,0.255280,10415.103328,5.024565,6.182638,29630.280216,5802.333247,3273.798800,2559.921324,0.508318,3.943730,83.103718,44.204078,1954.000549,94.128786,178.541424,8.643968,169.897455,0.300910,-0.898183,37.162768,2215057.103576,0.297085,20657.961874,3.884989,5.314117,25350.477475,3693.750754,1581.491028,1174.828443,0.359513,3.600176,0.228927,0.289920,0.084053,0.369406,0.538310,-0.500000,1.038310,-1.382605,0.773092,0.222556,34.115252,-3.591086,85.994961,3.445584,5.487725,136.246123,15.997077,8.748505,6.874064,0.339926,3.347393,0.768803,0.079791,0.006367,0.772933,0.937750,0.600400,0.337350,0.101567,-0.850655,0.065956,149.356237,-35.580237,191.406610,6.752192,7.503505,37.956132,9.290218,6.556296,6.255575,0.543325,3.983336,0.385915,0.158397,0.025090,0.417157,0.697100,-0.155900,0.853000,-0.815934,1.970899,0.112474,43.505058,-7.445644,98.031173,4.686897,6.300552,83.105846,13.203615,8.738785,6.826812,0.474255,3.762368,0.952352,0.030525,0.000932,0.952841,1.036039,0.855438,0.180601,0.377922,0.267254,0.023809,226.976546,-117.196799,237.192135,10.093816,7.873366,13.087537,7.996080,6.378963,5.598094,0.724791,4.447269
-0.827623,1.227735,1.507332,1.480639,3.242500,-3.899400,7.141900,0.446615,1.700222,0.868329,548.073113,2.140993,294.073189,3.980173,5.301073,770.576467,118.038099,67.294593,40.596849,0.353946,3.721471,9.852618,1.282534,1.644893,9.935742,13.968000,6.955100,7.012900,0.678673,0.316293,1.000844,24679.741616,2.245314,2453.656850,6.027701,4.805097,860.337966,353.993230,158.727435,72.602693,0.434319,4.142656,1.390182,0.702126,0.492981,1.557430,3.572500,-0.320470,3.892970,0.142237,0.446303,0.537903,606.396796,2.620101,349.366578,4.440252,5.049468,463.801058,104.643070,57.034572,21.024679,0.375113,3.882251,10.085506,1.272563,1.619416,10.165473,14.236775,7.040355,7.196420,0.649576,0.383881,0.988128,25834.211524,2.217768,2511.643050,5.955138,4.809539,869.499549,340.826544,160.286554,71.687684,0.446620,4.150620,-2.039538,12.058706,145.412383,12.229967,22.211000,-32.576000,54.787000,-0.430157,-0.390618,9.901598,37393.024103,0.701033,2443.690244,3.581135,4.311049,8279.916268,1246.169273,545.573387,258.287007,0.267143,3.694499,38.462343,52.799388,2787.775342,65.323252,174.930000,-69.878000,244.808000,0.606516,0.189739,39.697720,1066781.797480,0.213738,12332.542810,3.445581,4.972052,29964.535049,4135.757008,1645.543085,1116.294117,0.312588,3.491118,7.030328,48.412564,2343.776394,48.920363,103.650000,-86.799000,190.449000,-0.198708,-0.926456,40.560380,598300.475409,0.272223,10361.513317,3.490511,4.968064,26820.416590,2847.246160,1271.663092,1013.390772,0.316591,3.455177,72.710496,39.026720,1523.084895,82.522125,178.541424,4.208324,174.333100,0.777817,0.222372,30.803936,1702475.296992,0.283226,18122.750648,3.625009,4.942969,24742.559428,3362.616533,1377.988826,988.116823,0.319489,3.621232,-0.218476,0.409510,0.167698,0.464144,0.532260,-0.715730,1.247990,0.594664,-1.286348,0.371794,53.857482,-0.465152,108.618983,4.124196,6.171506,163.305543,22.623329,13.434520,10.792315,0.425538,3.440978,0.726803,0.080509,0.006482,0.731249,0.893570,0.528110,0.365460,-0.157755,-0.691623,0.067453,133.681200,-31.338034,180.888605,6.070599,7.316345,42.432012,7.461463,6.641317,5.921727,0.484997,3.885553,0.259617,0.220699,0.048708,0.340748,0.697100,-0.109130,0.806230,0.225776,-0.918478,0.181720,29.027280,-3.906496,68.177092,4.341555,6.213495,81.896376,12.844151,7.247374,6.330969,0.433355,3.459108,0.930423,0.024018,0.000577,0.930733,0.986324,0.871674,0.114650,0.130466,-0.445051,0.019248,216.565962,-203.930364,231.682919,10.119525,7.558740,9.892085,6.941355,5.424437,5.093888,0.747403,4.489677
-1.070732,0.591963,0.350420,1.223473,-0.047519,-3.004500,2.956981,-0.771675,0.141972,0.480498,374.221493,2.716395,266.624769,4.582624,5.447162,370.198992,88.985040,38.009294,21.837041,0.401612,3.893013,9.877098,1.166139,1.359881,9.945700,13.459000,6.955100,6.503900,0.503055,0.564302,0.889169,24729.238362,2.370037,2460.381950,5.951385,4.937093,797.143825,330.868605,128.260230,65.838912,0.456283,4.148486,0.937287,0.859855,0.739350,1.271950,2.412300,-1.380300,3.792600,-0.687471,-0.180679,0.687233,404.464432,2.887887,281.230670,4.291839,5.268062,432.221313,109.941652,61.019417,20.781102,0.371225,3.717905,10.036420,1.141042,1.301977,10.101074,13.483296,7.040355,6.442941,0.502701,0.674875,0.865385,25507.924286,2.314927,2499.934446,5.887262,4.891672,783.727037,316.520465,124.510343,63.693526,0.441067,4.133761,3.314370,13.750339,189.071818,14.144146,37.145000,-26.142000,63.287000,0.692479,0.010540,10.759146,50014.217183,0.615383,2654.061125,3.321026,4.023971,8678.626018,1233.808965,478.654325,207.568179,0.237660,3.561741,-26.711251,58.354376,3405.233151,64.177286,75.927000,-149.590000,225.517000,-0.319059,-1.026943,50.813893,1029681.022926,0.236991,12900.493900,2.238364,3.272406,27742.524803,3231.389304,735.828901,268.095892,0.136622,3.056721,-4.727220,42.248166,1784.907559,42.511812,103.650000,-86.799000,190.449000,0.136961,-0.516508,35.004673,451813.542533,0.267751,8706.042557,3.958052,5.397040,26106.376122,2968.900532,1688.732983,1307.400264,0.375154,3.669125,69.959122,35.096388,1231.756440,78.268992,151.639920,4.208324,147.431597,0.323288,-0.562570,29.085567,1531508.782642,0.329698,17425.633856,3.229753,4.363258,22711.579549,2975.975396,1071.404082,575.419566,0.268595,3.580060,-0.398952,0.279905,0.078347,0.487349,0.298390,-0.715730,1.014120,1.222025,0.375417,0.215511,59.377280,-3.352676,112.754029,4.511762,6.202165,148.748196,23.643654,14.426103,11.272998,0.468672,3.749916,0.757799,0.086381,0.007462,0.762707,0.929720,0.528110,0.401610,-0.563365,-0.332226,0.069982,145.430427,-27.604353,188.664725,6.254781,7.425037,44.132014,8.235387,6.551652,7.057405,0.515231,3.909660,0.222539,0.269940,0.072867,0.349845,0.806240,-0.109130,0.915370,0.734897,-0.673565,0.223816,30.597801,-3.093644,62.506719,3.076449,5.589036,93.940562,7.577807,4.712929,4.340582,0.294559,2.924582,0.967404,0.075833,0.005751,0.970372,1.133067,0.871674,0.261393,0.807898,-0.834684,0.066519,235.405508,-62.079061,240.869551,6.956820,7.826750,28.125138,6.605570,4.740322,5.869266,0.563078,3.863502
-1.238301,0.672237,0.451902,1.409004,0.257170,-2.872200,3.129370,-0.331302,-0.780325,0.583262,496.322915,2.802710,308.408101,4.506911,5.498947,365.799799,77.897581,34.299489,21.264454,0.395006,3.757812,9.895664,1.112509,1.237675,9.958003,14.305000,7.166500,7.138500,0.789035,1.441716,0.830863,24790.458357,2.083882,2464.156400,6.252441,5.121320,717.915323,296.061271,125.928468,59.342807,0.468487,4.133716,0.930315,0.908757,0.825839,1.300509,2.352500,-1.380300,3.732800,-0.518172,-0.654898,0.769652,422.831179,3.136864,279.800737,3.421789,4.843731,501.907712,65.252665,43.520180,17.189490,0.285020,3.481486,10.082558,1.086496,1.180474,10.140929,14.527835,7.593091,6.934744,0.866919,1.606597,0.810240,25709.612451,2.090046,2510.388121,6.187972,5.199821,720.197071,288.009774,123.478208,59.527822,0.489926,4.161573,4.081345,13.263180,175.911947,13.876935,37.145000,-16.083000,53.228000,0.901420,-0.021177,10.407752,48142.331862,0.711428,2498.831965,3.992659,5.308985,7723.428354,1167.025294,539.154437,369.323048,0.367739,3.671270,-40.554092,54.277263,2946.021246,67.754377,46.946000,-149.590000,196.536000,-0.096230,-1.139229,47.464099,1147663.897807,0.266519,13834.850400,2.122060,3.224173,28935.816552,2466.978984,622.202066,286.497581,0.133758,3.059662,-7.261358,42.708074,1823.979604,43.320976,96.409000,-84.701000,181.110000,0.441545,-0.509665,35.479232,469176.730389,0.280744,9072.666660,2.997715,4.547657,21010.038632,1644.081246,842.176201,611.647828,0.256330,3.182743,72.914220,36.653081,1343.448377,81.608405,151.639920,8.531010,143.108910,0.162786,-0.935762,31.483570,1664982.960058,0.341701,18182.111375,3.063234,4.298768,24894.329255,2847.570954,781.623471,668.883208,0.261054,3.539722,0.034331,0.381032,0.145185,0.382575,0.526210,-0.715730,1.241940,-0.667227,-1.061801,0.337832,36.590919,-0.333018,86.517114,4.226781,6.186964,141.924327,21.008730,13.268276,10.112824,0.432538,3.400892,0.810016,0.073186,0.005356,0.813316,0.977910,0.600400,0.377510,-0.192446,-0.246060,0.057940,165.370578,-32.503725,201.659645,6.998324,7.695616,33.445843,8.069618,6.726456,6.422714,0.536974,3.952503,0.360259,0.235443,0.055433,0.430371,0.806240,-0.106900,0.913140,-0.184312,-0.600117,0.188927,46.304894,-2.069484,93.790664,2.602714,5.181022,86.516681,5.291424,3.356659,3.492258,0.232600,2.759763,0.994474,0.063923,0.004086,0.996527,1.133067,0.878319,0.254747,0.369552,-0.713440,0.052317,248.266392,-56.992528,247.702797,7.925161,7.983553,24.210533,7.795716,6.169837,6.114496,0.612708,4.047699
-1.217605,0.878358,0.771513,1.501357,1.095300,-3.116800,4.212100,0.087507,-0.470287,0.745982,563.518583,2.821773,322.142105,3.786558,5.199608,491.568345,77.309964,35.500652,22.763681,0.318832,3.582068,9.949245,1.141060,1.302018,10.014464,14.305000,7.166500,7.138500,0.579812,0.889374,0.889615,25072.374609,2.122539,2477.761200,5.667164,4.899255,795.499392,306.952171,117.789939,42.088990,0.442179,4.122803,1.045954,1.195484,1.429183,1.588459,3.221000,-2.422500,5.643500,-0.768006,0.321688,0.944483,630.800503,2.644060,343.100068,3.109864,4.682066,594.056944,69.660823,43.223960,17.322128,0.259729,3.311094,10.189385,1.114996,1.243215,10.250209,14.527835,7.593091,6.934744,0.545234,1.015586,0.850925,26266.693695,2.163004,2537.667406,5.686888,4.961720,770.210118,299.052926,114.651629,42.579629,0.448347,4.120264,4.501108,14.485374,209.826072,15.168588,46.060000,-26.325000,72.385000,0.625680,0.316201,11.115580,57521.512090,0.557174,2773.277343,2.588234,3.740287,8603.622203,852.294679,339.998587,145.961035,0.189231,3.302457,-38.869212,57.786162,3339.240575,69.642345,46.946000,-167.410000,214.356000,-0.418550,-0.904371,49.352915,1212514.054229,0.246430,13481.200050,2.441549,3.804546,31516.477339,3150.753740,875.653823,497.877660,0.186027,3.181008,-9.791595,47.111369,2219.481062,48.118150,96.409000,-84.701000,181.110000,0.559201,-0.667646,39.436999,578839.099517,0.281948,10383.212600,2.640353,4.148341,23470.124218,1738.750777,699.455423,506.495814,0.217794,3.100538,75.939003,40.357979,1628.766469,85.997085,179.829179,8.531010,171.298169,0.546987,-0.342031,33.720006,1848874.665835,0.291407,18949.912187,2.648793,3.713298,26283.951903,2684.237054,696.426545,409.215027,0.196213,3.397162,0.054234,0.395403,0.156344,0.399105,0.526210,-0.717740,1.243950,-0.615169,-1.261917,0.358676,39.821208,-1.121394,93.065522,4.755213,6.467462,176.340822,27.902171,18.464891,14.716442,0.486359,3.681225,0.796956,0.081151,0.006585,0.801077,0.977910,0.582330,0.395580,-0.311704,-0.265953,0.065518,160.430974,-28.897672,198.519060,6.653306,7.409927,46.490316,9.014311,7.657064,8.711503,0.526114,4.077819,0.124535,0.257796,0.066459,0.286300,0.565700,-0.256120,0.821820,0.209255,-1.355529,0.231994,20.491854,-4.275962,58.631351,4.390264,6.375283,99.019921,14.276063,8.286960,8.418500,0.443345,3.463493,0.938680,0.043082,0.001856,0.939668,1.058689,0.840569,0.218120,0.290140,-0.707890,0.036560,220.744036,-82.281289,233.677926,8.712007,7.851596,21.445732,7.339009,6.752954,7.006157,0.664131,4.332332
-0.960829,1.179492,1.391203,1.521313,2.622300,-3.116800,5.739100,0.478309,-0.103253,0.964722,578.598544,2.573795,319.253032,5.095475,5.958850,705.188455,147.143881,103.377131,45.853962,0.460263,3.933575,10.052750,1.121432,1.257611,10.115107,13.217000,7.366700,5.850300,0.261282,-0.031190,0.892152,25578.848274,2.561624,2502.340500,5.325875,4.631921,787.601140,244.230320,92.373810,37.746380,0.384439,4.008386,0.663333,1.291495,1.667961,1.451886,3.221000,-2.422500,5.643500,-0.128481,-0.562482,1.061481,526.992941,2.823771,296.543552,4.402625,5.745835,756.209054,111.569527,76.859620,45.900652,0.429182,3.785216,10.272292,1.103533,1.217785,10.331397,13.339235,7.723945,5.615290,0.209517,-0.041820,0.859459,26684.439759,2.648402,2556.987641,5.219489,4.671538,795.090182,234.303766,86.357534,38.423367,0.383135,4.014405,2.244368,17.856060,318.838875,17.996557,46.060000,-30.289000,76.349000,0.339359,-0.585288,14.664343,80969.016025,0.552982,3627.275250,3.913100,5.548086,11587.919166,1162.471425,757.938138,582.712025,0.370366,3.688018,-54.481991,63.260293,4001.864639,83.487436,77.714000,-168.360000,246.074000,0.072353,-0.863377,54.202888,1742538.006464,0.220595,16776.103200,3.817530,5.537865,32353.687303,4034.763037,1943.130591,1689.759884,0.377248,3.540316,-5.574469,44.344499,1966.434620,44.693504,97.582000,-83.931000,181.513000,0.374505,-0.610907,36.418781,499377.329992,0.282270,9279.312455,3.716529,5.234212,25379.269974,2670.763477,1516.864550,1114.526751,0.358484,3.594282,86.961786,41.583473,1729.185214,96.392621,179.829179,12.428710,167.400469,0.310512,-0.806564,35.077523,2322884.352480,0.299147,21650.245466,3.153747,4.518565,27054.791541,2953.994618,974.332763,804.047348,0.273561,3.516352,-0.319242,0.308318,0.095060,0.443819,0.479840,-0.721770,1.201610,1.401875,1.007831,0.228713,49.243871,-1.775341,104.646212,3.551109,5.803110,144.468626,14.801184,9.526926,7.788923,0.347067,3.315841,0.770329,0.072627,0.005275,0.773745,0.893570,0.564260,0.329310,-0.695911,-0.247826,0.059737,149.670452,-40.130657,191.765050,6.950447,7.571931,35.114925,8.785094,6.509753,6.676248,0.548702,4.011626,-0.024793,0.190123,0.036147,0.191733,0.721600,-0.256120,0.977720,2.152655,5.043440,0.123543,9.190393,-6.994511,32.528932,4.915178,6.448149,109.040013,18.991618,11.348124,9.060812,0.507740,3.887903,0.911236,0.045469,0.002067,0.912370,1.083426,0.840569,0.242857,1.798780,3.426932,0.031080,208.104716,-80.689767,226.796805,7.550947,7.647183,23.605373,7.859060,5.045069,5.009436,0.619799,4.209601
-0.643511,1.229710,1.512185,1.387909,2.622300,-2.930700,5.553000,0.453334,-0.374035,0.984413,481.572907,2.794790,293.865540,4.351731,5.563854,773.439906,127.768976,91.409800,42.720631,0.399022,3.818075,9.980632,1.244394,1.548516,10.057908,13.256000,7.212400,6.043600,0.319871,-0.274740,0.996067,25290.380741,2.658646,2486.287750,5.308444,4.360628,874.259210,281.069743,89.813699,39.662876,0.367496,3.988628,0.910232,1.075083,1.155804,1.408661,3.038100,-1.604600,4.642700,-0.190817,-0.465734,0.868850,496.081533,2.984410,296.065929,3.584717,4.779189,585.491409,109.679375,41.796725,26.520730,0.295548,3.548567,10.178456,1.212921,1.471177,10.250470,13.304654,7.452077,5.852577,0.298795,-0.304760,0.958824,26268.035181,2.676411,2535.608285,5.219633,4.290918,859.420678,270.040556,85.826278,37.111624,0.349036,3.975707,-1.148543,12.470071,155.502670,12.522852,33.275000,-30.289000,63.564000,0.149689,0.404116,9.405597,39205.455065,0.608579,2377.337760,2.922294,3.921362,8161.677630,898.845745,317.080911,165.690935,0.221678,3.477354,-34.068203,58.426305,3413.633128,67.633391,77.714000,-168.360000,246.074000,-0.276995,-0.681767,48.738019,1143568.902793,0.218647,13111.534150,2.473459,3.835485,29088.375002,3241.592381,878.430104,479.995636,0.187650,3.156493,0.319460,42.779290,1830.067619,42.780482,97.582000,-83.931000,181.513000,0.247816,-0.775002,35.998825,457542.418501,0.280495,8970.323995,2.425794,3.623789,25217.920250,1583.611150,685.931923,365.737446,0.177495,3.207239,71.492906,38.079279,1450.031516,81.001649,168.772285,10.003657,158.768629,0.435583,-0.679808,32.201299,1640316.776359,0.309818,17847.292977,2.797040,3.822740,23874.885451,2673.126422,929.587606,390.046891,0.202034,3.418474,-0.064347,0.378778,0.143473,0.384205,0.502020,-0.721770,1.223790,0.004649,-1.587099,0.354476,36.903389,0.178382,88.269212,5.104832,6.493816,177.060613,33.770165,20.852924,16.057050,0.525968,3.828193,0.769116,0.059293,0.003516,0.771399,0.885540,0.564260,0.321280,-0.398193,0.490676,0.046194,148.763920,-45.589317,191.634520,6.935525,7.102905,30.345785,10.691238,5.064970,5.334293,0.575458,4.151509,0.246530,0.269918,0.072856,0.365558,0.730510,-0.162580,0.893090,0.097243,-1.229200,0.235486,33.408169,-3.180595,72.785107,3.116189,5.521105,97.483321,9.200258,5.152925,4.584258,0.294061,2.955463,0.934569,0.053685,0.002882,0.936110,1.083426,0.842299,0.241127,0.844761,0.148971,0.041947,219.075477,-68.678527,232.732389,6.968714,7.470953,22.198817,7.531652,4.446903,4.590618,0.541359,3.932070
-0.606961,0.901702,0.813066,1.086953,2.174900,-2.090700,4.265600,0.897688,0.510266,0.704857,295.366769,2.756244,236.803993,5.108613,6.197268,565.913323,108.440639,55.405462,40.096374,0.467493,3.959655,9.852527,1.151331,1.325563,9.919569,13.256000,7.212400,6.043600,0.607543,0.177678,0.911388,24599.461738,2.494856,2453.545600,5.505089,4.383022,763.100751,272.209569,97.766113,44.900331,0.371613,3.982293,1.378160,0.832292,0.692709,1.609980,3.038100,-1.261600,4.299700,-0.730948,0.983552,0.615525,648.008880,2.630602,364.411069,5.027845,5.979325,497.575163,122.316540,60.677321,39.287998,0.473601,3.940713,10.046449,1.113644,1.240203,10.107984,13.304654,7.452077,5.852577,0.601386,0.177098,0.874343,25542.837387,2.506822,2501.804360,5.484310,4.378451,740.179392,260.586991,97.033066,42.267103,0.368737,3.979769,-4.083173,12.160972,147.889234,12.828154,18.518000,-37.722000,56.240000,-0.733144,0.308915,9.412514,41140.383880,0.675275,2375.103380,3.311828,4.588447,8080.598453,841.164551,405.153992,264.103206,0.276887,3.540392,19.290242,72.623400,5274.158271,75.141677,131.080000,-159.350000,290.430000,-0.341239,-0.878375,60.863503,1411567.923080,0.189841,15888.128900,4.336348,5.968066,40381.723439,5744.509328,3338.902340,2672.021092,0.435185,3.718273,2.482054,43.871117,1924.674910,43.941273,92.238000,-74.106000,166.344000,0.141231,-1.244602,38.956006,482708.875188,0.298649,9686.069250,3.631827,5.284228,22092.247335,2411.442616,1173.222060,1022.457225,0.344805,3.449289,79.792281,37.079112,1374.860577,87.986753,170.924414,10.003657,160.920757,-0.034095,-1.037941,32.223140,1935417.182149,0.304236,19841.636407,2.910681,3.937903,22904.414370,2746.298389,714.333410,448.523432,0.217037,3.415170,0.173161,0.277494,0.077003,0.327090,0.502020,-0.548390,1.050410,-1.210475,0.341229,0.217476,26.747011,-2.989317,75.427504,3.552388,5.787655,117.495654,12.154102,8.067746,6.164913,0.349687,3.273535,0.748972,0.070652,0.004992,0.752297,0.891570,0.594380,0.297190,0.223891,-0.707246,0.057372,141.487644,-44.909684,186.510040,6.941912,7.836723,31.478036,7.856824,5.481118,6.041224,0.520111,3.907699,0.446887,0.163936,0.026875,0.476007,0.730510,0.160360,0.570150,0.087037,-1.299074,0.145933,56.645657,-11.815001,111.220535,4.792163,6.387413,79.562101,13.074588,8.523241,6.916616,0.485524,3.764633,0.947858,0.032964,0.001087,0.948431,1.069485,0.872924,0.196560,1.206392,2.406487,0.023475,224.880311,-107.486396,235.990605,8.909023,7.738054,17.597395,8.071964,5.372746,6.066209,0.676463,4.409088
-0.967779,0.686777,0.471663,1.186701,0.740250,-2.898500,3.638750,-0.027391,0.198356,0.522506,352.064542,2.705479,257.055781,4.122764,5.111561,442.877142,82.400504,30.599845,23.244071,0.369349,3.781610,9.807746,1.138358,1.295859,9.873588,13.266000,7.531300,5.734700,0.706345,0.087427,0.910317,24371.935138,2.559885,2441.867300,6.189597,5.015505,741.902854,271.251476,150.381016,59.425238,0.481977,4.131861,1.580077,0.524482,0.275081,1.664850,2.739000,-0.244090,2.983090,-0.594575,0.714823,0.418219,692.930996,2.216316,394.605422,5.006738,5.404718,330.114116,104.058459,54.298072,21.935017,0.441646,4.018170,10.021417,1.113069,1.238923,10.083041,13.338800,8.015033,5.323767,0.711741,0.021385,0.898385,25416.930677,2.709990,2495.127380,6.212632,5.068264,717.529576,268.001458,146.611545,59.012283,0.489830,4.139461,-3.644060,11.907964,141.799604,12.453063,17.798000,-37.722000,55.520000,-0.941956,0.574473,8.980527,38769.694312,0.674488,2238.438164,3.148303,4.206594,7450.239700,738.167218,476.684295,199.207947,0.251909,3.485542,37.454893,58.665543,3441.645982,69.602550,131.080000,-159.350000,290.430000,-0.697440,0.534768,46.909395,1211128.750040,0.184095,14246.686120,3.123298,4.777894,34987.250682,3938.212175,1353.948615,1176.446424,0.290193,3.466291,4.162859,45.535591,2073.490035,45.725479,92.238000,-74.106000,166.344000,-0.095598,-1.191838,39.417710,522704.858409,0.301185,9873.240847,2.951305,4.544382,25796.422145,1805.195307,1006.725332,785.275014,0.254566,3.276366,75.964536,36.329087,1319.802550,84.204591,170.924414,9.192639,161.731775,0.164640,-0.864671,30.563804,1772603.302761,0.304111,18936.448311,2.896735,3.666339,23944.739313,2793.560465,661.486497,388.016962,0.204572,3.478502,-0.247322,0.387338,0.150030,0.459564,0.463710,-0.743950,1.207660,0.622173,-1.275377,0.346185,52.799699,-0.928497,107.604863,4.468004,6.318722,171.956647,26.604660,15.948755,13.011429,0.461816,3.631008,0.723430,0.078599,0.006178,0.727687,0.891570,0.526100,0.365470,-0.028845,-0.568668,0.065772,132.382114,-31.882292,180.086365,6.972250,7.831209,38.997822,8.755748,6.841299,6.849052,0.535376,3.990810,0.275181,0.231221,0.053463,0.359427,0.685970,-0.095768,0.781738,0.448850,-1.082968,0.196856,32.296924,-5.274190,70.147034,4.258087,6.182130,88.964638,13.988325,7.398280,6.070739,0.429070,3.479360,0.932426,0.022299,0.000497,0.932692,0.988021,0.866296,0.121725,-0.077851,-0.052019,0.017678,217.478737,-196.864458,232.182066,11.083241,7.724210,8.037350,7.259243,5.122610,5.168173,0.734750,4.504993
-1.252222,0.652028,0.425141,1.411808,0.153090,-2.898500,3.051590,-0.404276,-0.529255,0.532982,498.300349,3.067167,311.821579,4.798958,5.875641,413.412288,87.772268,33.857948,31.039597,0.428275,3.887758,9.824150,1.195421,1.429031,9.896613,13.266000,7.531300,5.734700,0.781752,0.145604,0.938071,24485.736595,2.598700,2446.969800,5.529966,4.340133,792.752779,323.920432,139.105705,39.607445,0.380428,4.059776,1.491195,0.631674,0.399012,1.619467,2.674900,-0.729740,3.404640,-1.193783,2.078962,0.469141,655.668674,2.240026,380.706088,4.044107,4.826111,392.706283,82.320115,50.621151,14.490953,0.333995,3.777801,10.059684,1.166869,1.361582,10.127133,13.338800,8.015033,5.323767,0.724346,0.035712,0.925070,25639.705618,2.729872,2505.587685,5.496225,4.333283,779.762934,311.025268,137.088173,38.490183,0.374274,4.062054,-3.713139,13.463750,181.272560,13.966387,17.137000,-47.976000,65.113000,-1.637365,2.730010,9.206830,48764.990749,0.570383,2214.004831,2.655293,3.868984,8078.654047,697.168605,478.022498,131.317054,0.198143,3.316089,36.377416,47.329953,2240.124491,59.694563,138.670000,-59.501000,198.171000,0.389153,-0.612747,38.225121,890860.220015,0.259275,11456.779320,3.912597,5.643886,25963.074647,3988.684489,1750.240252,1435.860725,0.389334,3.620675,1.210292,46.876507,2197.406876,46.892128,113.570000,-80.048000,193.618000,0.097184,-0.782922,39.161564,549717.920804,0.265074,9765.923847,3.680459,5.196241,29004.476804,3270.549035,1644.545477,1315.884205,0.355622,3.612574,68.321558,35.910127,1289.537194,77.184017,161.253294,9.192639,152.060654,0.728808,-0.133714,28.204652,1489343.131569,0.319103,17013.267107,3.443782,4.786995,20721.104321,3214.973915,961.091422,720.233648,0.314194,3.551481,-0.258621,0.385221,0.148396,0.463983,0.497980,-0.743950,1.241930,0.823403,-0.857123,0.327084,53.820053,-0.463946,109.527200,3.894264,5.998109,161.239980,21.111386,12.600654,9.724751,0.398614,3.392198,0.767904,0.080450,0.006472,0.772106,0.893570,0.526100,0.367470,-0.868928,0.399922,0.060971,149.037030,-34.536737,191.140545,6.914582,7.698196,40.653251,9.654935,6.778078,7.552395,0.550602,4.032105,0.041514,0.182648,0.033360,0.187306,0.385300,-0.267260,0.652560,0.082164,-1.101549,0.154765,8.770906,-7.043295,39.090206,2.851913,5.647253,62.072116,3.485862,2.879068,2.836875,0.227672,2.653549,0.919594,0.029304,0.000859,0.920061,0.992334,0.829533,0.162802,-0.054882,-0.033086,0.023205,211.627989,-129.683849,228.941554,10.421814,7.968346,11.197761,6.731993,5.132086,6.087116,0.724534,4.420369
-1.267617,0.671734,0.451226,1.434601,0.153090,-2.842000,2.995090,-0.214971,-0.631564,0.547693,514.519753,3.276936,316.700623,4.427648,5.557678,413.360441,60.301149,35.747351,24.531701,0.384217,3.766008,9.872468,1.251320,1.565802,9.951453,13.046000,7.623900,5.422100,0.714869,-0.204883,1.011943,24757.854746,2.766615,2457.689400,5.277177,4.275033,859.600697,330.946627,107.183581,43.152790,0.345643,3.995831,1.409660,0.607710,0.369311,1.535074,2.674900,-0.729740,3.404640,-1.173492,2.012000,0.461576,589.112821,2.362672,359.497083,4.068134,4.894283,359.963365,84.055494,39.800188,14.517287,0.341391,3.761802,10.097563,1.218673,1.485165,10.170838,13.207051,8.009176,5.197875,0.709720,-0.226514,0.988446,25861.487320,2.846952,2513.721156,5.199499,4.300374,855.040115,314.921242,106.709010,42.119395,0.352019,4.011608,-5.240107,12.742903,162.381571,13.778254,17.137000,-47.976000,65.113000,-1.702848,3.089229,8.647893,47460.072498,0.558461,2138.687950,3.100438,4.577258,7772.756750,822.522234,401.023825,219.614055,0.272729,3.450449,40.370790,49.637307,2463.862268,63.981739,138.670000,-84.319000,222.989000,0.031923,-0.614577,40.947645,1023415.746308,0.234064,12731.098600,2.900630,4.464766,28052.607017,3167.743798,956.634166,796.315263,0.256030,3.363538,3.390549,47.752478,2280.299153,47.872696,113.570000,-110.560000,224.130000,-0.164301,-0.556152,38.698059,572948.744316,0.231530,9779.924760,4.481547,5.903543,27535.912988,3990.022739,2328.197258,1837.121943,0.443252,3.755943,71.989245,37.320864,1392.846882,81.088213,161.253294,7.115799,154.137495,0.420203,-0.651645,31.233723,1643824.563121,0.320321,17908.517817,3.227371,4.573340,23283.828363,2642.345386,1046.884720,678.231806,0.292222,3.538792,0.170758,0.283072,0.080130,0.330588,0.497980,-0.447580,0.945560,-1.105949,-0.335698,0.231199,27.322041,-5.626936,79.209650,3.987621,5.957077,136.686461,18.453293,10.063349,8.159620,0.401561,3.542295,0.799084,0.057180,0.003270,0.801128,0.897590,0.662650,0.234940,-0.211163,-0.759515,0.048124,160.451353,-66.246061,198.993980,7.746355,7.734556,27.100791,8.268832,6.602900,6.734251,0.617562,4.156091,0.186771,0.262217,0.068758,0.321933,0.550110,-0.267260,0.817370,-0.512336,-1.310815,0.236624,25.910275,-6.479520,73.820781,4.431752,6.329153,122.169704,17.566487,11.393014,8.882995,0.457639,3.632744,0.923988,0.031318,0.000981,0.924519,0.992334,0.829533,0.162802,-0.258235,-0.427013,0.025821,213.683669,-126.859180,230.070533,10.144511,7.816243,13.134467,7.609402,6.303043,6.412196,0.755964,4.470952
-1.253772,0.712414,0.507534,1.442039,0.017369,-3.106200,3.123569,-0.691145,-0.081181,0.573816,519.869239,3.074386,312.254433,4.342637,5.484626,458.646959,78.173298,32.299875,32.432816,0.383927,3.819827,9.836487,1.253933,1.572348,9.916089,13.701000,7.695500,6.005500,0.766128,-0.065787,1.030795,24582.207092,2.533962,2449.459150,5.352927,4.579848,888.442189,295.145167,105.870657,39.629916,0.387898,4.024261,1.390002,0.560998,0.314718,1.498941,2.381200,-0.308950,2.690150,-0.592975,0.071468,0.456936,561.706273,2.698555,347.231255,4.479469,5.445338,343.227746,79.379523,37.838655,20.849884,0.393349,3.848666,10.058171,1.219967,1.488319,10.131887,13.738147,8.009176,5.728971,0.732164,-0.097350,1.002503,25663.782605,2.638480,2504.653437,5.333250,4.633234,879.055220,284.082383,106.595236,41.397184,0.401680,4.053667,-4.798369,10.894306,118.685892,11.904211,19.875000,-33.749000,53.624000,-0.638616,0.371894,8.264294,35427.559372,0.683024,2155.367043,2.848975,4.123360,5938.216426,721.876795,326.414167,134.899018,0.218563,3.315742,41.563211,52.711409,2778.492662,67.126695,167.480000,-84.319000,251.799000,0.388009,-0.100088,41.805907,1126498.296007,0.209892,12877.555110,2.745754,4.200134,29189.158763,3282.477776,945.683935,650.465080,0.239409,3.322605,9.277097,50.326872,2532.794015,51.174784,109.560000,-111.250000,220.810000,-0.421525,-0.506196,39.880937,654714.634165,0.236110,10580.532100,2.464515,3.805227,29273.394608,1593.979519,621.852330,669.275821,0.188868,3.169410,74.583130,41.278550,1703.918702,85.244132,181.528173,7.115799,174.412374,0.634661,-0.228027,33.036712,1816640.489543,0.286591,18614.837915,2.642468,3.760115,25322.762842,2321.341695,785.499845,244.316194,0.188649,3.336950,-0.041250,0.389608,0.151794,0.391785,0.399190,-0.729840,1.129030,-0.388503,-1.515011,0.356270,38.373915,-2.073965,87.991842,3.857310,6.075446,145.084572,16.353361,11.591674,8.894343,0.389242,3.279287,0.747454,0.076019,0.005779,0.751309,0.897590,0.526100,0.371490,-0.371726,-0.069194,0.059578,141.116487,-33.031303,185.995970,6.646174,7.604442,37.152004,8.086543,5.658264,6.445095,0.522885,3.933161,0.361515,0.177286,0.031430,0.402645,0.683740,-0.069042,0.752782,-0.248724,-0.228209,0.139771,40.530833,-6.111944,91.191596,4.172107,6.225733,78.856615,10.331501,6.271797,5.553671,0.410357,3.505556,0.937790,0.025189,0.000634,0.938128,1.006876,0.862536,0.144340,0.232016,0.407831,0.019539,220.021235,-159.129274,233.501679,10.396081,7.706108,11.064515,6.690008,5.390786,5.686136,0.775886,4.516128
-1.232286,0.714176,0.510047,1.424281,-0.041340,-3.106200,3.064860,-0.727266,-0.229851,0.584605,507.143963,2.953540,307.435020,4.319972,5.758751,423.393844,65.562600,33.769249,25.755971,0.388109,3.734821,9.879668,1.104993,1.221009,9.941270,13.701000,7.579400,6.121600,0.631153,0.277426,0.876161,24707.210187,2.381819,2459.561600,5.344889,4.737899,780.852691,243.177454,78.211418,44.445833,0.406089,4.027159,1.314169,0.876109,0.767567,1.579433,3.392700,-0.858430,4.251130,-0.221104,-0.145964,0.698361,623.651761,2.896878,343.497376,3.236786,4.320669,430.569735,74.925887,30.209587,13.066894,0.251813,3.394921,10.108459,1.082166,1.171082,10.166220,13.738147,8.012704,5.725443,0.577234,0.174798,0.857022,25838.005911,2.503924,2516.513244,5.266244,4.677643,766.803068,235.667393,76.273193,41.273889,0.396488,4.017427,-0.193648,18.567662,344.758067,18.568672,55.957000,-33.749000,89.706000,1.017999,1.414702,13.433357,86198.891562,0.464143,3352.569210,2.730382,4.546970,9591.520357,791.599410,395.531712,267.071346,0.234909,3.167422,12.910053,70.842717,5018.690581,72.009444,167.480000,-137.960000,305.440000,0.229432,-0.451832,56.395028,1296340.012643,0.182993,14228.745340,2.235270,3.813529,34148.550505,2871.328511,839.610143,546.011754,0.187234,3.008992,3.395423,53.903676,2905.606249,54.010510,109.560000,-111.250000,220.810000,-0.047006,-0.991243,45.910109,729283.786116,0.239837,11513.343510,4.106618,5.682679,31388.429987,3918.093771,2294.213234,1788.125982,0.409985,3.680137,81.898162,41.713089,1739.981789,91.909144,181.528173,3.480720,178.047454,0.312817,-0.597724,34.303317,2111822.690322,0.284900,20402.589757,3.773220,5.184688,26062.170076,3285.700188,1471.474106,1131.438313,0.362809,3.657396,-0.450032,0.203823,0.041544,0.494037,0.139110,-0.770160,0.909270,0.816430,0.245075,0.155546,61.018194,-4.208003,113.247932,4.586112,6.304550,102.137996,16.053865,9.952669,8.010014,0.460834,3.681571,0.720434,0.085061,0.007235,0.725438,0.857430,0.526100,0.331330,-0.374735,-0.916088,0.072686,131.565021,-35.634525,179.319255,6.840314,7.610895,36.928738,8.428777,6.543263,6.251809,0.521036,3.902311,0.225764,0.249329,0.062165,0.336354,0.683740,-0.091314,0.775054,0.384475,-1.245605,0.216654,28.283571,-5.466969,62.905362,2.351859,5.158948,73.929201,3.244853,2.896270,2.333956,0.185503,2.322988,0.939042,0.040842,0.001668,0.939929,1.040514,0.856655,0.183859,0.602818,-0.410099,0.033433,220.866786,-104.211091,233.777216,8.388868,7.959493,16.747718,6.535982,4.613227,4.761092,0.628725,4.161204
-1.114824,0.038035,0.001447,1.115473,-1.015000,-1.230700,0.215700,0.318808,-0.244055,0.031305,311.069806,-87.710870,277.623900,9.751027,7.520576,20.437497,9.455279,10.796431,9.247548,0.765441,4.550251,9.721716,0.028188,0.000795,9.721757,9.813900,9.645500,0.168400,0.019585,0.441547,0.021786,23628.139137,-129.938926,2420.705050,10.690927,6.579663,10.798102,13.386753,10.943854,8.238503,0.834695,4.672627,0.996740,0.040260,0.001621,0.997553,1.098200,0.888900,0.209300,-0.233830,-0.415293,0.032947,248.777973,-87.115808,248.229835,7.685772,7.164756,24.517594,6.195581,7.402230,6.223836,0.648011,4.327323,9.836216,0.028391,0.000806,9.836257,9.927906,9.750463,0.177443,-0.031937,0.589071,0.021840,24187.986917,-122.631790,2449.223278,11.036861,6.592143,10.319667,12.740565,11.382100,8.805629,0.834094,4.671067,-1.183874,0.465060,0.216281,1.271943,0.166950,-2.312100,2.479050,0.081888,0.098745,0.365953,404.459798,2.473963,295.052263,6.856002,7.067789,287.171894,74.263049,55.208200,49.232357,0.576275,4.195976,0.055592,0.785118,0.616410,0.787084,2.596200,-2.546200,5.142400,0.086412,1.177269,0.595003,154.875184,2.196115,147.435862,7.052602,6.416085,458.426864,166.025218,187.031209,64.131806,0.607285,4.295750,0.465680,0.554173,0.307108,0.723855,1.735700,-1.380000,3.115700,-0.461529,0.234590,0.430923,130.991389,2.619203,152.136368,6.457316,6.418013,357.181811,138.725043,79.603203,51.832072,0.574105,4.260927,1.584251,0.501452,0.251454,1.661718,3.029019,0.631605,2.397414,0.630512,-0.016487,0.403242,690.326372,2.747293,393.912629,7.526607,6.952325,288.809079,108.921972,94.180905,59.764072,0.650642,4.345579,-0.406629,0.009870,0.000097,0.406749,-0.389110,-0.443550,0.054440,-0.725071,0.661878,0.007937,41.361180,-601.017681,101.242985,12.375594,7.159079,3.130119,3.719672,2.952699,3.341806,0.824653,4.648203,0.787622,0.021470,0.000461,0.787915,0.819280,0.724900,0.094380,-0.632715,-0.249421,0.017836,155.202455,-273.645473,196.113400,12.789159,6.869769,5.970942,7.159045,7.874845,7.397940,0.836217,4.647367,0.526495,0.008390,0.000070,0.526561,0.545660,0.492200,0.053460,-0.741108,1.069538,0.006502,69.316750,-647.204306,131.099165,12.449685,6.958727,2.412631,3.136408,3.110944,2.791944,0.837079,4.661630,1.031126,0.017348,0.000301,1.031272,1.058074,0.976814,0.081259,-0.686225,0.129787,0.014224,265.880385,-344.334996,256.744936,13.061643,6.789669,4.275420,5.991380,6.583463,6.017811,0.855452,4.664288
-1.104748,0.050065,0.002507,1.105882,-0.991730,-1.267900,0.276170,-0.228251,0.388251,0.039723,305.743541,-58.985910,275.076440,7.799698,7.119779,28.508514,7.603624,11.811463,5.594213,0.642034,4.307718,9.722422,0.028079,0.000788,9.722463,9.790500,9.645500,0.145000,-0.281309,0.082106,0.022209,23631.569501,-156.371286,2420.904300,10.491967,6.517370,10.343917,12.971993,11.222469,7.427718,0.805390,4.628788,0.995890,0.043013,0.001850,0.996819,1.131700,0.888900,0.242800,0.126914,0.467753,0.033362,248.411979,-72.292535,247.949310,7.260638,7.179911,27.472116,4.928796,7.033454,5.442189,0.576121,4.222660,9.835757,0.027952,0.000781,9.835797,9.899940,9.753262,0.146678,-0.275625,0.132997,0.021824,24185.725020,-149.681925,2449.121201,10.647473,6.473342,10.071409,12.245956,11.813923,7.641501,0.806505,4.630007,-1.125468,0.580119,0.336538,1.266182,0.376610,-2.601600,2.978210,0.160737,-0.526808,0.475905,400.804284,2.893867,282.354368,6.189842,6.987477,379.219292,70.276355,55.982419,45.662496,0.518034,4.084395,-0.034383,1.026951,1.054628,1.027526,3.891900,-2.546200,6.438100,0.749952,1.988846,0.768542,263.952504,2.155860,192.214569,5.803592,6.059237,615.175695,118.108588,194.543698,42.086958,0.467656,4.037993,0.513576,0.833822,0.695259,0.979295,3.080300,-1.467400,4.547700,0.209511,0.594457,0.638497,239.754765,2.625789,196.675346,5.599621,6.081251,513.904008,122.026235,78.490927,47.111741,0.492360,4.005341,1.766237,0.706012,0.498453,1.902116,4.025650,0.288805,3.736845,0.838337,1.121884,0.532303,904.511554,2.634027,439.810593,6.276833,6.523847,476.893121,106.543027,119.765580,56.618968,0.554002,4.214698,-0.406266,0.009826,0.000097,0.406385,-0.385080,-0.443550,0.058470,-0.697184,0.577417,0.008000,41.287201,-563.723850,101.154265,12.465227,7.132729,3.069376,3.452271,3.155941,3.073745,0.823061,4.636455,0.789718,0.020721,0.000429,0.789990,0.819280,0.724900,0.094380,-0.600577,-0.204961,0.017455,156.021084,-280.271463,196.638405,12.553647,6.905773,5.697637,7.725308,6.847863,6.103194,0.811666,4.616282,0.527109,0.008446,0.000071,0.527177,0.545660,0.492200,0.053460,-0.561835,0.823065,0.006698,69.478933,-642.785956,131.240620,11.997992,7.061864,2.676909,3.370296,2.847847,2.746839,0.818008,4.646368,1.032889,0.017006,0.000289,1.033029,1.059287,0.976814,0.082472,-0.697957,0.261180,0.014039,266.787218,-340.465536,257.181026,12.688196,6.840607,4.320251,6.456027,5.776973,4.965111,0.802933,4.609876
-1.160867,0.094807,0.008988,1.164732,-0.991730,-1.411400,0.419670,-0.391781,-0.592960,0.079714,339.150120,-24.803617,289.088390,5.774192,6.553134,51.422532,10.623828,11.682115,4.974395,0.510738,3.995423,9.713918,0.032776,0.001074,9.713974,9.790300,9.608700,0.181600,-0.491930,0.344590,0.025580,23590.321230,-113.941725,2418.772400,9.835489,6.951109,15.607049,11.806622,11.189636,7.378510,0.767123,4.586094,0.985085,0.051274,0.002629,0.986419,1.131700,0.833210,0.298490,-0.117852,0.466042,0.038851,243.255594,-54.111677,245.247835,6.713013,7.103111,33.200964,5.042140,7.064017,5.869074,0.537194,4.151956,9.833099,0.032667,0.001067,9.833154,9.926485,9.730286,0.196199,-0.322221,0.356057,0.025352,24172.726944,-102.853445,2448.448580,9.956189,6.883849,15.313395,11.586709,11.737617,7.490298,0.778763,4.594961,-1.039973,0.827613,0.684944,1.329092,0.923070,-2.742800,3.665870,0.190216,-0.633170,0.685014,441.621689,3.248672,282.012853,5.216108,6.435619,512.446291,84.233868,47.246214,46.034234,0.429170,3.878697,0.175572,1.170145,1.369239,1.183243,3.891900,-2.203000,6.094900,0.438400,0.073043,0.944599,350.016083,2.492767,235.492259,5.748381,6.008600,757.100873,168.303348,221.610197,52.380603,0.493552,4.109095,0.444131,2.117993,4.485895,2.164058,7.073300,-6.291400,13.364700,0.050458,1.944819,1.443770,1170.786696,1.501215,369.979966,3.684455,4.945745,1341.579984,157.426005,96.388156,54.089741,0.312100,3.603627,2.447557,1.363512,1.859164,2.801731,7.448548,0.288805,7.159743,1.378291,2.109828,1.006062,1962.424469,2.165844,609.451166,4.572582,5.383859,948.442250,170.155615,129.081736,44.365495,0.402520,3.939348,-0.411855,0.012481,0.000156,0.412044,-0.385080,-0.449600,0.064520,-0.576833,-0.087812,0.010128,42.445027,-467.070183,102.551395,10.594042,7.424654,4.941342,4.272065,3.074624,2.819073,0.769932,4.541294,0.788136,0.020013,0.000401,0.788390,0.819280,0.718880,0.100400,-0.730140,0.428989,0.016659,155.389590,-264.740539,196.260830,12.109319,7.107047,5.726437,8.619584,4.997681,6.316005,0.819194,4.613771,0.524909,0.008889,0.000079,0.524984,0.545660,0.498890,0.046770,-0.346376,-0.011969,0.007132,68.902116,-704.914175,130.698300,11.104120,7.487559,3.209019,3.426178,1.782542,2.516509,0.770752,4.551314,1.032803,0.016277,0.000265,1.032931,1.059287,0.975868,0.083419,-0.620108,0.209065,0.013663,266.736733,-339.327137,257.177289,11.925437,7.134924,4.824155,7.244834,3.945691,5.077258,0.817083,4.620336
-1.192268,0.072396,0.005241,1.194464,-1.026400,-1.411400,0.385000,-0.490102,0.319675,0.056762,356.686055,-32.563574,296.914000,6.910202,7.087206,42.215913,10.425300,11.748469,6.488368,0.614336,4.221014,9.713714,0.033440,0.001118,9.713771,9.802400,9.608700,0.193700,-0.383751,0.317550,0.026105,23589.337528,-103.992406,2418.728000,10.007477,6.983529,15.134674,11.779871,12.005990,7.914861,0.786449,4.597305,0.965132,0.051033,0.002604,0.966480,1.097000,0.818190,0.278810,-0.281296,0.534532,0.037636,233.521129,-57.562896,240.301565,6.871204,6.947015,34.306483,5.926129,7.823897,6.051593,0.555058,4.208851,9.834480,0.034400,0.001183,9.834540,9.926485,9.730286,0.196199,-0.303902,0.149435,0.027029,24179.544712,-99.858451,2448.801723,10.068202,6.927019,15.572540,11.384630,12.619171,8.376107,0.772807,4.583918,-1.058209,0.845721,0.715245,1.354641,0.923070,-2.973600,3.896670,0.086769,-0.571545,0.695032,458.762918,3.105828,284.889622,5.040751,6.182359,525.234971,78.701369,48.466148,41.173103,0.430968,3.859483,0.055457,0.969582,0.940089,0.971167,2.620400,-2.193600,4.814000,0.063114,-0.342618,0.775529,235.791170,2.857245,193.183684,6.013432,6.039977,574.808388,170.033861,186.848898,56.279353,0.478764,4.117000,0.429702,2.024425,4.098298,2.069527,7.073300,-6.291400,13.364700,0.044120,2.838701,1.235984,1070.735532,1.390348,332.445803,3.515417,4.735148,1259.835006,155.745010,81.379094,46.058027,0.290904,3.568123,2.261543,1.395199,1.946580,2.657284,7.448548,0.251594,7.196954,1.546168,2.443662,1.023523,1765.289621,2.103001,563.693779,4.562208,5.417351,924.528686,167.652258,112.138760,51.581192,0.396021,3.896219,-0.414072,0.012173,0.000148,0.414251,-0.391130,-0.449600,0.058470,-0.483968,-0.327968,0.010008,42.901047,-528.331916,103.113885,11.174400,7.585055,4.579680,4.199178,3.067766,3.126973,0.802010,4.578335,0.785292,0.021002,0.000441,0.785573,0.819280,0.704820,0.114460,-0.922573,0.958649,0.016985,154.281275,-228.083392,195.551995,12.292333,7.035934,6.550343,8.518899,6.768839,7.353174,0.835819,4.666378,0.522245,0.008457,0.000072,0.522314,0.541200,0.498890,0.042310,-0.308704,-0.226828,0.006835,68.202849,-810.795898,130.037875,11.767494,7.510871,2.965780,3.129850,2.223046,2.447304,0.800884,4.606109,1.030175,0.016765,0.000281,1.030311,1.055835,0.966717,0.089119,-0.839405,0.889657,0.013654,265.385171,-318.011198,256.527807,12.205409,7.167645,5.466805,6.853523,5.076753,5.589455,0.838698,4.664712
-1.182022,0.042159,0.001777,1.182773,-1.063600,-1.302100,0.238500,-0.028339,-0.296162,0.033843,349.738120,-72.915257,294.287300,9.249230,7.492349,22.572793,8.951944,9.690269,9.121824,0.730812,4.475035,9.717191,0.029166,0.000851,9.717235,9.802600,9.632300,0.170300,0.037004,0.283507,0.023057,23606.163871,-125.942480,2419.573000,11.115272,6.803751,10.475820,12.034157,10.576120,9.784457,0.800612,4.633831,0.965688,0.054067,0.002923,0.967200,1.097500,0.818190,0.279310,-0.188559,0.228904,0.040963,233.868918,-55.621678,240.421285,6.877010,6.673952,35.809241,8.538388,7.910293,5.597413,0.595468,4.250119,9.836573,0.030253,0.000915,9.836620,9.926022,9.747241,0.178781,-0.033867,0.260533,0.023882,24189.770909,-116.637396,2449.291401,11.008315,6.838314,11.850502,11.468374,11.048113,10.193086,0.794915,4.632204,-1.137005,0.687418,0.472543,1.328655,0.615200,-2.973600,3.588800,0.145423,-0.239877,0.549317,441.330850,2.830876,291.129374,5.681597,6.242673,487.202683,117.198469,53.814655,42.959523,0.491717,4.104806,-0.123980,0.882670,0.779107,0.891335,2.097500,-2.193600,4.291100,0.040952,-0.475401,0.723037,198.619409,2.990939,181.340345,6.334182,6.288558,527.498700,143.788773,170.668892,72.262629,0.526073,4.170457,0.469195,0.617526,0.381339,0.775553,2.302100,-0.964250,3.266350,0.018413,-0.312574,0.496837,150.370556,2.854482,157.638142,6.475451,6.358506,417.216900,143.178552,93.006576,53.026434,0.584450,4.279570,1.654843,0.650214,0.422778,1.778000,3.284575,0.251594,3.032981,0.288452,-0.660808,0.539196,790.320816,3.094992,411.503261,6.549924,6.469547,458.955837,102.572858,105.583117,63.935041,0.578675,4.252037,-0.410952,0.009823,0.000096,0.411069,-0.391130,-0.439520,0.048390,-0.465902,-0.393206,0.008196,42.244427,-687.245792,102.333665,12.148868,7.240613,3.025281,3.862244,2.785801,2.910874,0.827627,4.627184,0.786947,0.020283,0.000411,0.787208,0.821290,0.704820,0.116470,-0.777901,0.642634,0.016500,154.924249,-224.118422,195.953615,11.978795,6.893184,6.411244,7.711580,6.922900,6.380781,0.852408,4.652048,0.523644,0.008109,0.000066,0.523706,0.541200,0.492200,0.049000,-0.438544,0.531136,0.006453,68.567103,-705.854471,130.391975,11.887734,7.366988,2.885649,3.061177,2.423589,2.325209,0.825729,4.641662,1.030867,0.016022,0.000257,1.030991,1.058500,0.966717,0.091783,-0.814272,0.938456,0.013067,265.735778,-310.565659,256.693890,11.857821,6.922969,5.167482,6.291714,5.431835,4.872041,0.847929,4.654062
-1.188894,0.038596,0.001490,1.189520,-1.064600,-1.316900,0.252300,-0.084720,0.342455,0.030761,353.739642,-71.194638,296.058250,9.213788,7.196571,20.765482,10.653980,9.856082,8.132158,0.746640,4.520530,9.714674,0.029973,0.000898,9.714720,9.802600,9.632300,0.170300,0.184608,0.618310,0.023414,23593.947322,-125.503963,2418.944400,10.980796,6.983515,11.567030,11.034546,10.126855,10.404656,0.788254,4.615105,0.948168,0.049869,0.002487,0.949479,1.097500,0.819840,0.277660,0.294507,0.216725,0.039459,225.377399,-57.632733,236.079050,7.016286,6.883870,32.143356,8.575986,6.881610,5.844223,0.616181,4.274139,9.833174,0.030669,0.000941,9.833222,9.926022,9.739922,0.186100,0.082604,0.606360,0.023648,24173.064363,-112.788525,2448.452568,11.107370,6.952820,11.876148,10.561122,10.507358,10.928980,0.789081,4.612273,-1.060181,0.782722,0.612653,1.317815,0.745960,-3.461300,4.207260,0.157107,-0.384985,0.645667,434.159005,2.668734,281.775549,5.576426,6.490347,523.172078,109.664610,43.521781,51.543756,0.477574,4.025284,-0.196306,1.147609,1.317006,1.164277,2.097500,-7.251900,9.349400,-1.964285,10.301493,0.834994,338.885519,1.470750,205.937223,6.392798,5.838481,777.370765,354.801828,190.732995,81.225813,0.573103,4.316174,0.443951,0.632210,0.399689,0.772517,1.923700,-0.964250,2.887950,0.099290,-0.539490,0.510494,149.195576,3.191986,155.512613,5.943725,6.165802,421.056078,126.170180,75.505466,39.259402,0.518592,4.161840,1.699109,0.895538,0.801989,1.920667,8.037459,0.217752,7.819706,3.016105,18.413139,0.611381,922.240100,1.355435,423.008437,6.422719,5.755594,630.133659,321.483093,137.431241,69.849447,0.585950,4.361097,-0.409718,0.009330,0.000087,0.409824,-0.389110,-0.437500,0.048390,-0.350719,-0.159202,0.007626,41.988982,-691.218453,102.027290,11.967486,7.053614,2.984376,3.426613,2.783050,2.869152,0.805854,4.603992,0.787710,0.020831,0.000434,0.787985,0.821290,0.708840,0.112450,-0.827888,0.574825,0.016820,155.230275,-230.633297,196.144385,12.646115,6.733636,4.989332,8.561250,7.284317,6.858913,0.800459,4.630122,0.525158,0.008410,0.000071,0.525226,0.543430,0.492200,0.051230,-0.467475,0.646484,0.006652,68.965497,-667.392105,130.763970,11.376820,7.429856,3.192373,3.085957,2.322184,2.358400,0.832321,4.627838,1.031727,0.016704,0.000279,1.031862,1.058500,0.969961,0.088540,-0.799323,0.635460,0.013547,266.184754,-316.928799,256.906268,12.639243,6.867746,4.142703,6.644469,5.667521,5.378513,0.818100,4.629094
-1.194469,0.036687,0.001346,1.195032,-1.064600,-1.316900,0.252300,0.338701,0.581045,0.028675,357.025415,-73.192748,297.392450,9.151928,7.023377,18.010353,10.153503,10.803582,6.776125,0.727401,4.484108,9.715157,0.027779,0.000772,9.715197,9.801900,9.632800,0.169100,0.358904,0.943874,0.021043,23596.260836,-130.916663,2419.089200,10.965697,6.943255,10.662155,8.666449,11.622495,8.643502,0.746703,4.588503,0.933635,0.035626,0.001269,0.934314,1.012400,0.819840,0.192560,-0.145820,-0.330349,0.029106,218.235668,-101.402091,232.444000,7.861737,7.372077,22.275321,5.831224,6.245544,5.023095,0.635156,4.331556,9.832868,0.028175,0.000794,9.832908,9.922594,9.739922,0.182671,0.174571,0.922349,0.021409,24171.521919,-119.072304,2448.392445,11.075835,6.916828,10.955161,8.248232,11.980322,9.062500,0.756068,4.592567,-1.073411,0.661778,0.437950,1.261016,0.745960,-3.461300,4.207260,0.119153,0.624872,0.518843,397.540494,2.240369,277.085478,5.722391,6.510446,440.160179,100.038070,55.455940,43.080632,0.517482,4.090653,-0.121435,1.074609,1.154785,1.081449,1.926200,-7.251900,9.178100,-2.564152,14.642645,0.740824,292.382842,1.380784,182.924028,6.182911,5.462565,738.227383,356.431700,209.060842,62.708993,0.532275,4.314080,0.435385,0.469531,0.220460,0.640328,1.923700,-0.722060,2.645760,0.252482,0.263259,0.361199,102.504964,2.417650,129.371765,6.664800,6.418020,296.175682,107.775659,71.421479,33.088596,0.568911,4.237275,1.567653,0.843906,0.712178,1.780369,8.037459,0.217752,7.819706,3.875198,26.252069,0.531832,792.428300,1.207402,390.136904,6.402930,5.862371,588.573595,316.540829,122.440284,57.108024,0.575559,4.357882,-0.408049,0.009019,0.000081,0.408148,-0.389110,-0.435480,0.046370,-0.459726,0.128485,0.007231,41.646260,-722.087446,101.607925,12.286882,6.831912,2.600536,3.372509,2.935829,3.047932,0.818998,4.625040,0.788923,0.020219,0.000409,0.789182,0.821290,0.708840,0.112450,-0.960866,1.129031,0.016028,155.702113,-231.946496,196.436590,12.707202,6.701598,4.805122,7.990453,6.796861,7.235124,0.802999,4.620116,0.526637,0.007988,0.000064,0.526698,0.543430,0.494430,0.049000,-0.610418,0.777558,0.006257,69.352679,-703.025261,131.129275,11.541609,7.225096,2.853911,3.109933,2.332990,2.482225,0.824287,4.639354,1.032734,0.016255,0.000264,1.032862,1.062815,0.969961,0.092854,-0.879193,1.137474,0.012802,266.701053,-302.504061,257.146615,12.646847,6.886105,4.157067,6.347532,5.239305,5.544415,0.816712,4.629681
-0.402755,0.917732,0.842231,1.002219,1.812400,-2.321000,4.133400,0.187013,-0.603786,0.738342,251.110704,3.081363,206.609954,3.759594,4.916874,577.202491,91.563914,33.420092,22.532731,0.333110,3.662466,9.764984,1.465459,2.147570,9.874335,14.667000,7.033600,7.633400,1.103594,1.355774,1.077393,24375.620532,2.153904,2431.455500,5.168001,4.873102,928.403189,356.918644,117.911091,60.568452,0.411745,4.015830,1.683675,0.658165,0.433181,1.807745,3.594700,0.421610,3.173090,0.288291,-0.761924,0.561217,816.985808,2.799662,419.046770,4.690821,5.454560,447.609115,89.818707,37.894000,30.102266,0.406443,3.901634,9.980321,1.472437,2.168069,10.088353,14.809254,7.262915,7.546339,1.011637,1.139741,1.092799,25443.717043,2.226679,2485.014803,5.063942,4.790047,928.670049,348.728976,112.838472,59.961179,0.396665,3.989288,-0.829340,9.640106,92.931640,9.675714,20.941000,-32.668000,53.609000,-0.705258,1.168802,7.333770,23404.860961,0.667583,1839.224735,3.666312,4.375325,6231.811494,951.327046,313.619589,222.628580,0.277200,3.631822,50.918929,49.244155,2424.986819,70.835896,144.640000,-43.299000,187.939000,-0.221355,-0.555239,37.923453,1254431.026920,0.269782,15333.304232,2.228159,3.354694,24819.780004,2375.676794,647.220393,250.682063,0.145280,3.069387,9.457183,31.901878,1017.729815,33.274136,78.651000,-77.533000,156.184000,-0.318781,-0.164836,25.632205,276792.031704,0.310322,6774.089910,2.975692,3.977331,19858.640005,1854.830730,520.446142,443.663771,0.223984,3.378154,72.055123,32.040145,1026.570868,78.857540,145.220738,11.174472,134.046266,0.444148,-0.402894,25.569739,1554627.919584,0.353866,17975.483616,2.781889,3.780142,20582.894585,2367.599429,695.231148,346.897117,0.206481,3.440198,0.247468,0.351876,0.123817,0.430183,0.794350,-0.608870,1.403220,-0.516742,-0.497282,0.291821,46.264310,1.545255,92.143165,2.645767,5.050891,145.133145,10.326557,5.667998,4.749035,0.249810,2.916014,0.873324,0.186150,0.034652,0.892943,1.116500,0.520080,0.596420,-0.634185,-1.209881,0.166763,199.336588,-13.260901,217.527740,5.165990,6.895113,77.423114,12.572390,9.074007,8.406227,0.453450,3.650976,-0.057256,0.603266,0.363930,0.605977,1.006700,-0.665920,1.672620,0.837457,-1.055293,0.537302,91.802053,-0.310125,138.782878,4.178105,6.184158,246.726593,34.246283,21.712684,17.130789,0.436793,3.475239,1.161257,0.033086,0.001095,1.161728,1.225228,1.057331,0.167896,-0.279766,-0.507488,0.027404,337.402952,-121.778203,289.140627,10.421354,7.890992,10.650437,6.495176,5.606563,5.319823,0.726089,4.365625
-0.502977,0.824052,0.679062,0.965427,1.812400,-2.027300,3.839700,0.600607,-0.096342,0.650069,233.012106,2.987741,206.073502,4.087034,5.312563,499.754451,82.306652,36.385038,30.943647,0.351726,3.714202,9.553800,1.840375,3.386982,9.729443,15.660000,6.278700,9.381300,1.242636,1.259283,1.351896,23665.517151,1.901610,2380.445250,5.501302,5.432330,1158.963642,417.237866,173.789486,80.633894,0.463847,4.049777,1.551126,0.730133,0.533095,1.714376,3.338700,-0.303040,3.641740,-0.159346,-0.087051,0.567345,734.771500,2.955250,389.324109,4.221908,5.495822,470.063827,58.669180,42.785566,30.490968,0.372302,3.744438,9.755035,1.836437,3.372502,9.926389,15.828081,6.388281,9.439800,1.204138,1.193996,1.349140,24633.300758,1.915281,2430.618917,5.434214,5.415528,1162.387999,403.522190,173.081838,78.532513,0.458275,4.043825,-1.508440,7.022130,49.310308,7.182319,13.949000,-17.237000,31.186000,0.143455,-0.555853,5.732552,12896.425065,1.060494,1479.018280,5.322392,5.947791,4471.730162,1114.798723,637.341580,381.671805,0.474992,4.036973,39.234490,45.213114,2044.225638,59.862934,144.640000,-43.299000,187.939000,0.455942,-0.395622,37.103730,895892.703743,0.271508,11452.165972,4.461195,6.016900,23953.027186,4132.713928,2300.961539,1649.221751,0.436307,3.727058,5.404069,23.402029,547.654954,24.017888,78.651000,-36.953000,115.604000,0.518871,-0.151189,19.104531,144214.730116,0.389407,4756.334130,4.558873,5.732370,15730.368641,2296.568842,1283.410312,983.072292,0.441656,3.861155,53.665307,36.497264,1332.050305,64.900042,145.220738,5.145147,140.075591,0.836311,-0.239620,29.807107,1053003.858923,0.339784,13345.753923,3.125201,4.660513,18287.364552,2252.334342,854.037234,532.079023,0.278189,3.350420,-0.070290,0.508897,0.258976,0.513728,0.794350,-0.852820,1.647170,0.310506,-1.373360,0.462201,65.979186,1.961774,117.708677,4.902445,6.481034,224.118146,40.033610,25.082580,19.978447,0.513574,3.756591,0.707831,0.125800,0.015826,0.718923,1.008000,0.520080,0.487920,0.900532,-0.043924,0.101895,129.212608,-19.742076,176.067195,5.652477,7.289909,51.384789,8.861357,7.230691,6.210019,0.474660,3.679156,0.619501,0.500672,0.250673,0.796527,1.006700,-0.503340,1.510040,-1.377731,0.238657,0.400311,158.613664,-2.596120,188.588028,3.965430,6.042767,212.566745,27.609524,17.355542,13.229632,0.413253,3.430447,1.187994,0.062380,0.003891,1.189631,1.314674,1.057331,0.257342,0.430122,-0.988782,0.054099,353.805458,-60.063119,295.763308,6.831365,7.451368,26.566983,7.962467,4.990028,4.141144,0.581981,4.028988
-0.755397,0.718001,0.515525,1.042185,1.828100,-2.062500,3.890600,1.134345,2.136466,0.533934,271.537556,2.470521,226.541640,4.826825,5.725273,482.737841,95.125645,41.523634,35.246411,0.432832,3.937700,9.807266,2.156683,4.651283,10.041601,15.906000,6.278700,9.627300,1.032990,0.369867,1.685285,25208.439327,2.045361,2442.324850,5.630765,5.466275,1263.279485,389.892036,189.251961,96.568502,0.470608,4.003088,1.553986,0.807276,0.651694,1.751162,3.618800,-0.303040,3.921840,0.005807,-0.246748,0.635496,766.641862,2.978289,388.887669,4.555816,5.425109,548.580641,88.737200,61.383366,42.309054,0.402489,3.883230,10.016764,2.156597,4.650911,10.246291,16.209812,6.388281,9.821531,1.017413,0.346646,1.679544,26246.618745,2.011981,2494.402905,5.636704,5.442621,1240.930397,376.428285,188.238776,94.543495,0.460742,3.976117,-2.636922,10.211180,104.268202,10.546163,17.216000,-27.399000,44.615000,0.024842,-0.794389,8.509179,27805.390423,0.822122,2182.530988,4.622202,5.608724,6282.030492,1240.146932,705.555785,453.782182,0.417257,3.865437,37.122412,38.961810,1518.022627,53.815389,163.710000,-39.596000,203.306000,0.683941,0.143921,31.800532,724024.024872,0.244651,10228.992780,3.622982,4.821066,22657.719395,3680.711648,1250.707919,765.631137,0.330032,3.642080,4.804320,26.501242,702.315844,26.933201,71.342000,-65.244000,136.586000,0.042585,-0.018785,21.087870,181349.333500,0.340210,5251.513380,5.083380,6.110433,16951.643467,3257.203626,1777.080855,1379.829480,0.502633,3.961811,51.374634,33.066024,1093.361942,61.095949,163.788146,5.145147,158.642999,0.889468,0.358181,27.322308,933178.748794,0.299943,12786.461746,3.369513,4.351948,18496.966864,2894.492685,980.471368,499.682265,0.268768,3.515189,-0.385726,0.387077,0.149828,0.546455,0.576610,-0.909270,1.485880,1.089733,0.441652,0.284154,74.653147,0.448516,126.351782,3.922027,5.921556,170.828793,22.847522,13.660338,10.161806,0.404442,3.472943,0.838258,0.166715,0.027794,0.854675,1.112400,0.564260,0.548140,-0.018880,-1.508860,0.153694,182.617530,-13.343020,208.742140,5.339391,6.846129,72.343986,14.452510,8.787613,7.258764,0.488456,3.761479,0.272472,0.658785,0.433998,0.712909,0.962140,-0.672610,1.634750,-0.289274,-1.717792,0.626252,127.059709,-0.649980,165.982215,4.537451,6.355824,257.099326,41.423265,25.653555,20.023237,0.476454,3.579438,1.239225,0.040536,0.001643,1.239888,1.326611,1.141365,0.185246,0.042340,-0.679050,0.033356,384.330385,-99.537376,308.612247,8.361276,7.888115,14.173691,5.966287,4.236573,3.517335,0.626148,4.120451
-0.299451,0.995489,0.990998,1.039552,2.401800,-2.062500,4.464300,0.644696,-0.473787,0.802202,270.167149,2.863842,221.224889,5.668622,6.409605,643.023636,154.578968,98.297579,56.364667,0.550200,4.106009,9.828746,1.891251,3.576831,10.009049,15.906000,6.604400,9.301600,1.080896,1.351448,1.393591,25045.267863,2.060591,2447.085200,4.768394,4.996021,1297.336885,316.869333,121.810479,58.368927,0.383175,3.936681,1.660831,0.912288,0.832270,1.894895,3.618800,-0.438170,4.056970,-0.089116,-0.793263,0.767462,897.657182,3.110608,417.351564,4.202782,5.508472,564.307900,82.244159,45.302797,38.539462,0.380774,3.755733,10.067176,1.871986,3.504333,10.239745,16.209812,6.858689,9.351122,1.099676,1.388417,1.374867,26213.092193,2.033620,2506.387481,4.866986,5.096083,1275.572235,310.303603,121.702815,60.743944,0.393860,3.943324,0.100477,11.773015,138.603888,11.773444,28.049000,-27.399000,55.448000,0.155150,-0.423666,9.557103,34653.495952,0.685929,2374.289338,4.674040,5.907758,6908.168449,1315.333916,580.612525,459.116466,0.433364,3.828834,51.847982,46.101728,2125.369295,69.379987,163.710000,-55.143000,218.853000,-0.160761,-0.367566,36.472081,1203395.633111,0.235846,14806.493700,3.071798,4.341547,25504.814462,3273.879782,1102.383989,565.883823,0.261482,3.446621,8.009312,31.570387,996.689329,32.570514,81.629000,-77.696000,159.325000,-0.408675,0.364295,24.130831,265209.601267,0.301602,6340.278640,4.086067,5.443310,18195.881795,2021.508644,1311.702790,916.498207,0.380259,3.635097,71.498418,30.016848,901.011153,77.543761,163.788146,17.632313,146.155834,0.582934,-0.154258,24.410963,1503258.730330,0.324202,17776.991237,3.464589,4.487811,19333.525558,2785.780376,1028.873777,588.676645,0.287963,3.613715,0.110790,0.534127,0.285291,0.545496,0.776210,-0.909270,1.685480,-0.551780,-1.064380,0.460677,74.391479,1.786742,120.870923,4.588841,6.337691,249.887330,40.652030,24.684123,20.070910,0.478970,3.680583,0.941775,0.100865,0.010174,0.947161,1.112400,0.662650,0.449750,-0.826485,0.019504,0.081501,224.278563,-22.458456,234.672705,6.036515,7.465760,45.899010,8.126064,6.303230,6.397926,0.479620,3.808806,-0.273702,0.391524,0.153291,0.477707,0.783960,-0.672610,1.456570,1.211858,0.291320,0.310391,57.050934,-0.104960,110.343057,2.562271,5.175792,136.664963,9.127325,5.258256,4.971943,0.236501,2.637008,1.191458,0.057538,0.003311,1.192847,1.326611,1.048169,0.278442,0.225156,-0.731948,0.049015,355.720977,-54.252089,296.624318,7.273913,7.727321,26.678442,7.530377,4.989046,5.573941,0.591365,4.103520
-0.030434,1.098453,1.206600,1.098875,2.825900,-2.972400,5.798300,0.026410,-0.186792,0.877660,301.881500,2.557448,220.022347,3.819724,5.057610,671.754432,78.340840,40.323584,34.425117,0.312675,3.614716,9.643282,1.955069,3.822293,9.839470,17.270000,6.604400,10.665600,1.267202,1.742734,1.460546,24203.793228,1.803831,2400.287900,5.247282,5.166536,1222.954320,348.551149,181.858185,103.697301,0.405997,3.990355,1.783064,0.900850,0.811531,1.997711,4.120100,-0.438170,4.558270,-0.171506,-0.234899,0.725161,997.712486,2.779140,447.739164,3.533097,4.883021,541.533715,73.578368,40.401370,26.661686,0.293021,3.562724,9.911867,1.941249,3.768448,10.100176,17.390847,6.886921,10.503926,1.260735,1.697199,1.457689,25503.387214,1.806377,2467.299371,5.285439,5.186970,1197.699926,338.034667,177.254221,104.772385,0.407684,3.979096,0.407378,11.588175,134.285799,11.595333,28.049000,-34.512000,62.561000,-0.259810,0.849958,8.861890,33612.939087,0.596044,2205.320714,4.256175,5.481185,7461.272651,1109.588230,742.816857,364.251555,0.385564,3.780942,35.746829,50.683970,2568.864781,62.021775,150.970000,-55.143000,206.113000,0.403859,-0.740728,41.032752,961675.138241,0.252399,12015.012810,3.255712,4.953789,27668.671906,2871.383000,1467.504020,978.416544,0.301173,3.432283,2.634712,29.933923,896.039735,30.049650,81.629000,-77.696000,159.325000,0.178818,0.590106,22.364998,225745.360993,0.297314,5576.738230,4.485489,5.752152,18664.485706,3064.311172,1606.271124,1165.918716,0.445598,3.831855,59.966966,35.890065,1288.096778,69.886578,154.764865,3.001704,151.763161,0.752531,-0.467472,29.499921,1221033.438320,0.317283,14931.007723,3.087806,4.324309,19510.185164,2877.879232,999.897647,419.123654,0.248415,3.432977,0.139524,0.404627,0.163723,0.428007,0.776210,-0.572580,1.348790,0.141965,-1.395395,0.362483,45.797494,1.397435,89.530260,4.995159,6.564392,165.022992,29.775948,18.246553,15.042001,0.516777,3.732109,0.774240,0.144475,0.020873,0.787605,1.048200,0.546180,0.502020,0.403613,-1.205168,0.127154,155.080217,-15.491999,192.664460,6.020326,7.374285,55.580522,11.042140,6.810776,8.896536,0.515731,3.775923,0.383467,0.667423,0.445454,0.769741,1.035600,-0.616930,1.652530,-0.368353,-1.685705,0.633726,148.125114,-1.158366,176.034837,4.266017,6.190325,266.557226,39.306326,24.668015,18.291575,0.448738,3.517907,1.180406,0.051505,0.002653,1.181529,1.311503,1.048169,0.263334,0.471512,-0.383484,0.041775,349.002826,-61.906087,293.846466,7.968935,7.779093,21.309396,7.639840,4.957189,5.672327,0.638227,4.170510
-0.474080,1.202797,1.446721,1.292855,3.478800,-2.972400,6.451200,1.030657,0.998238,0.916551,417.868222,2.247888,271.920210,4.157487,5.360755,800.917372,113.992561,63.113203,38.478240,0.373293,3.789103,9.729126,2.192853,4.808604,9.973188,17.560000,6.927400,10.632600,1.454085,1.787809,1.629874,24866.122135,1.804156,2423.174100,5.614951,5.241745,1327.371444,535.010064,223.043796,117.513326,0.447124,4.081496,1.581635,0.884419,0.782197,1.812116,4.120100,-0.691440,4.811540,-0.095886,0.271414,0.699799,820.941244,2.568687,403.313456,4.028698,4.982671,538.350812,95.122078,54.649298,29.814464,0.319229,3.719505,9.986944,2.163489,4.680685,10.218597,17.817842,7.185761,10.632081,1.481956,1.840162,1.611421,26104.931600,1.791588,2487.254360,5.672343,5.301192,1307.723900,510.801163,222.274103,117.867748,0.449878,4.080175,-5.458172,11.923650,142.173441,13.113546,15.768000,-34.512000,50.280000,-0.200502,-0.623037,9.705423,42991.271256,0.755810,2633.214724,5.070533,5.866911,7842.022873,1610.277166,954.858532,625.423085,0.461598,3.996779,46.822443,42.668952,1820.639477,63.348091,150.970000,-48.326000,199.296000,0.058707,-0.613621,35.065108,1003245.166889,0.257637,12932.046510,2.669612,3.696659,25404.088833,3111.587706,761.684821,381.406349,0.191048,3.357821,3.676465,33.105942,1096.003366,33.309455,76.588000,-61.135000,137.723000,0.245536,-0.673320,27.088059,277379.940033,0.350731,6751.785930,3.351371,4.354344,21469.620831,2115.180685,893.795238,609.820526,0.280895,3.532647,64.238012,34.175187,1167.943387,72.763078,154.764865,3.001704,151.763161,0.340948,-0.662622,28.962183,1323616.378179,0.320732,15941.895356,3.308891,4.224477,19805.623938,4192.123817,973.847407,507.600497,0.257385,3.565197,-0.361468,0.330248,0.109064,0.489615,0.455650,-0.927420,1.383070,-0.042941,-0.723007,0.266445,59.930725,0.767906,100.430515,2.894691,5.226285,123.658069,9.879539,5.200772,5.056796,0.267729,2.976611,0.799718,0.171064,0.029263,0.817810,1.096400,0.546180,0.550220,0.373684,-1.399838,0.155442,167.203154,-13.578447,199.032010,5.446622,6.987192,73.757575,14.081568,9.285138,8.239881,0.486978,3.758395,0.432527,0.661283,0.437295,0.790174,1.035600,-0.677060,1.712660,-0.617713,-1.349366,0.604401,156.093697,-0.481500,181.902230,4.165762,6.158449,267.746161,36.978218,23.133386,18.553391,0.437945,3.487851,1.237388,0.042191,0.001780,1.238108,1.312410,1.140423,0.171987,-0.247365,-0.766564,0.034883,383.227576,-106.333497,308.159652,8.738200,8.020325,14.107444,6.173951,4.345010,4.179021,0.647633,4.140462
-0.641164,1.161041,1.348015,1.326313,3.478800,-3.324700,6.803500,1.364591,2.047866,0.808244,439.776517,1.919774,289.593320,4.040535,4.810541,733.212867,149.656668,57.987447,36.849691,0.334897,3.754105,9.747741,1.991966,3.967929,9.949190,17.560000,6.965800,10.594200,1.423243,1.953935,1.481668,24746.596857,1.780198,2426.802850,4.781952,4.473928,1293.135156,519.252878,137.434856,67.368037,0.364040,4.001128,1.572700,1.077315,1.160608,1.906303,4.004300,-0.691440,4.695740,0.139928,-0.674150,0.897575,908.498239,3.025609,404.519151,3.782001,4.947864,681.148446,99.826144,52.428540,28.573389,0.328202,3.668897,10.019651,1.996517,3.986079,10.216628,17.817842,7.368522,10.449321,1.432347,1.838126,1.492142,26094.871613,1.785625,2494.655440,4.707243,4.450502,1300.463352,497.250125,133.465997,66.005482,0.355044,3.984757,-2.476043,16.012606,256.403540,16.202911,42.277000,-30.751000,73.028000,0.656988,0.039031,12.825279,65633.582371,0.562374,3309.351190,3.393973,4.762791,10402.867091,1147.290565,562.232877,387.815423,0.301095,3.580438,53.326399,47.026674,2211.508090,71.100021,125.330000,-80.736000,206.066000,-1.159167,0.762754,34.750881,1263803.235488,0.242476,16386.277300,3.599984,4.993396,28518.602478,3960.897118,1544.641269,1102.552231,0.336233,3.615516,7.287860,45.494067,2069.710127,46.074104,98.230000,-127.480000,225.710000,-0.752645,0.535370,35.544298,530705.756735,0.228018,9175.462220,2.730282,3.853269,25292.805535,2117.597045,686.189602,446.824903,0.197696,3.200790,82.933336,23.719868,562.632137,86.258740,133.067409,16.061993,117.005416,-0.185250,-0.203839,19.241908,1860142.574593,0.387926,20641.882185,5.050873,5.397113,17260.849067,4821.250771,1597.197082,1117.996312,0.466073,4.065687,-0.015549,0.610581,0.372809,0.610779,0.846770,-0.927420,1.774190,-0.064403,-1.448478,0.543090,93.262599,2.384411,135.041287,4.022063,6.040045,269.553089,35.944030,22.247365,17.472316,0.416463,3.463288,0.938544,0.110880,0.012294,0.945071,1.108400,0.648590,0.459810,-0.513536,-0.724172,0.092108,223.289867,-20.650910,233.868950,5.925495,7.394626,49.135254,7.571813,7.007663,6.945484,0.500743,3.779653,-0.179626,0.424891,0.180532,0.461300,0.881960,-0.677060,1.559020,0.828185,-0.308072,0.349176,53.199419,1.402968,100.364108,2.759932,5.326785,147.723196,9.596873,7.058834,6.103137,0.259707,2.744229,1.215010,0.052528,0.002759,1.216145,1.312410,1.085559,0.226850,-0.021781,-0.928822,0.044704,369.751884,-72.072500,302.532083,7.951065,7.853479,23.380186,6.868373,6.483347,5.491077,0.622620,4.172164
-0.537081,1.184382,1.402760,1.300468,2.403500,-3.458200,5.861700,0.090299,0.404596,0.889517,422.804079,2.532239,257.314684,4.153786,5.095458,747.930850,159.677677,62.893953,42.149768,0.350732,3.790342,9.704467,1.807253,3.266164,9.871314,16.391000,7.098600,9.292400,1.194895,0.867618,1.388158,24360.711985,1.930193,2418.359200,5.291967,4.909318,1096.136210,428.851793,154.725225,93.786384,0.397424,4.017257,1.717383,1.043943,1.089816,2.009781,4.513300,-0.494800,5.008100,0.503539,-0.342170,0.851501,1009.805269,2.804605,430.503010,4.098780,5.033220,661.641174,101.838446,63.811193,36.421247,0.351417,3.753878,9.982929,1.874679,3.514421,10.157425,17.012543,7.215082,9.797460,1.195242,0.878933,1.442172,25793.321332,1.883868,2487.766304,5.193168,4.877381,1125.847141,415.359484,147.854746,91.389652,0.392387,3.987385,-0.549567,14.876545,221.311580,14.886692,42.277000,-29.245000,71.522000,0.674981,0.354954,11.555615,55403.401036,0.562780,2901.751720,4.056810,5.205070,9815.512369,1486.009676,735.789960,541.311516,0.366186,3.759913,36.928717,57.805716,3341.500753,68.594686,165.060000,-80.736000,245.796000,0.109895,-0.895395,48.982753,1176307.729691,0.219848,13710.853075,3.750763,4.962963,37367.566149,6144.689958,1923.489047,1483.955630,0.349385,3.721508,6.858736,43.021583,1850.856587,43.564881,98.230000,-127.480000,225.710000,-0.763019,1.389250,29.995458,474474.711231,0.221953,7783.496220,2.423944,3.511623,24864.033510,1796.363455,481.918012,367.780687,0.165160,3.163669,72.020353,40.469891,1637.812108,82.612005,169.127128,7.148268,161.978860,0.141070,-1.124068,35.325339,1706185.841958,0.304687,17948.269241,4.418556,5.320389,26253.789111,5932.180358,1971.792933,1502.593293,0.408128,3.881639,0.184839,0.440669,0.194189,0.477864,0.846770,-0.395160,1.241930,0.129296,-1.611360,0.407925,57.088526,0.237386,103.430384,3.177992,5.500531,190.063541,17.757679,11.147509,7.733640,0.307299,3.146177,0.792456,0.163788,0.026827,0.809206,1.108400,0.552210,0.556190,0.315667,-1.272006,0.143687,163.703398,-12.702999,197.244585,5.549766,6.876807,72.773801,12.323560,10.185749,7.709049,0.510077,3.833155,0.346922,0.629518,0.396293,0.718782,1.008900,-0.643650,1.652550,-0.238642,-1.652242,0.592973,129.161907,0.032094,157.541213,4.733879,6.391142,252.527969,43.845543,26.846648,21.517154,0.496696,3.667065,1.182596,0.035798,0.001281,1.183138,1.280388,1.085559,0.194829,0.331789,-0.013730,0.028543,349.953831,-101.343915,294.424197,9.401168,7.654291,12.961099,6.822203,6.350570,5.214774,0.688690,4.318717
-0.623306,1.002495,1.004995,1.180468,2.187900,-3.458200,5.646100,-0.033632,1.173760,0.721288,348.376424,2.281086,228.276873,4.208865,5.343647,658.743966,109.875279,50.836143,37.981887,0.380442,3.803000,9.740418,1.894114,3.587667,9.922873,16.391000,7.098600,9.292400,1.329394,1.399133,1.426462,24615.852451,1.961850,2425.525350,5.676648,4.971500,1097.046371,524.311501,194.542826,106.204956,0.427681,4.072061,1.572827,0.878851,0.772378,1.801711,4.513300,-0.278840,4.792140,0.396687,0.796138,0.686738,811.540856,2.536158,395.696851,4.338687,5.121295,583.142065,108.870323,66.606406,35.407487,0.360679,3.861026,9.970010,1.924051,3.701974,10.153969,17.012543,7.215082,9.797460,1.338936,1.463384,1.443551,25775.769731,1.893372,2482.742377,5.591125,4.958287,1118.774895,500.643004,192.721983,104.505099,0.427334,4.055088,-3.689226,10.438131,108.954577,11.070906,17.564000,-25.303000,42.867000,0.212525,-0.796413,8.582422,30641.241509,0.856320,2329.538972,5.163044,5.691758,6466.856223,1846.630616,837.707818,575.402345,0.465275,3.998802,47.897278,46.347668,2148.106351,66.650248,165.060000,-35.067000,200.127000,0.206902,-0.661537,38.718469,1110563.898579,0.257832,13345.460170,3.933709,4.927464,27121.774167,6363.030549,1554.366227,1156.431552,0.360920,3.735253,6.834753,34.447829,1186.652923,35.119322,93.110000,-78.473000,171.583000,0.179704,0.511654,25.291590,308341.694212,0.281544,6406.509018,4.512580,5.610245,23688.793321,2960.225919,1819.013780,1384.529766,0.436074,3.864218,65.544780,38.756537,1502.069166,76.145829,169.127128,7.148268,161.978860,0.329847,-0.774979,33.045853,1449546.834300,0.302722,16271.509486,3.594208,4.431487,24035.672803,4700.817172,1525.543745,663.763245,0.297561,3.702110,-0.365121,0.351053,0.123238,0.506509,0.643150,-0.921370,1.564520,0.993456,1.139951,0.250766,64.137834,0.511221,113.529231,3.923597,5.954949,166.006877,20.430908,12.927960,11.419082,0.398047,3.483417,0.780723,0.164448,0.027043,0.797854,1.114500,0.552210,0.562290,0.547129,-1.085294,0.141224,159.142929,-12.570612,194.248050,5.547107,7.079311,63.308153,13.608600,7.668648,6.478104,0.469825,3.692332,0.557212,0.554502,0.307472,0.786102,1.008900,-0.596880,1.605780,-0.972731,-0.619951,0.477633,154.489281,-1.159270,179.675898,4.191896,6.166634,228.526644,33.617041,19.988915,16.191281,0.439513,3.496720,1.228296,0.048674,0.002369,1.229260,1.317665,1.088827,0.228838,-0.176588,-0.869993,0.040892,377.770044,-74.916288,305.883437,7.814566,7.785848,17.862043,7.002704,4.458909,3.839562,0.589597,4.074088
-0.370751,1.354156,1.833737,1.403992,5.835900,-2.357900,8.193800,1.944625,5.452514,0.908091,492.798407,1.797606,261.076904,3.476958,4.693743,887.022703,87.285094,39.209009,33.905285,0.285673,3.566863,9.857864,1.910797,3.651146,10.041346,16.081000,7.057000,9.024000,1.147312,0.862548,1.467439,25207.155276,2.058599,2453.644250,5.961778,5.804603,1200.805559,468.378907,196.143450,130.468256,0.535028,4.163586,1.690990,0.927307,0.859898,1.928560,4.295300,-0.278840,4.574140,0.017281,-0.448860,0.758537,929.835939,2.853710,423.339761,3.765978,4.662868,609.593561,97.144286,47.637449,26.104690,0.299592,3.693008,10.146179,1.890558,3.574211,10.320812,16.377887,7.308137,9.069750,1.145378,0.837264,1.456025,26629.789622,2.051790,2525.477562,5.928852,5.795104,1211.026080,444.131445,199.426277,128.110153,0.535159,4.166004,-1.068345,10.939680,119.676588,10.991722,27.866000,-21.752000,49.618000,-0.055559,-0.983038,9.421108,30204.487247,0.746565,2343.439192,4.548547,5.627282,6824.815459,1115.005368,733.172249,457.780397,0.418712,3.821706,43.448495,48.920565,2393.221648,65.429301,121.110000,-78.136000,199.246000,-0.772546,-0.238987,38.970054,1070248.346561,0.256816,14690.052040,2.821729,4.258933,27802.988091,3252.235532,979.240629,667.522049,0.239614,3.363401,7.444697,39.933656,1594.696862,40.621674,90.486000,-83.511000,173.997000,-0.213527,-0.440290,32.522369,412530.092543,0.289220,8276.093218,2.656760,3.571098,23200.688905,1697.466260,397.300371,346.222887,0.170522,3.208928,73.543544,25.362943,643.278883,77.794162,124.499913,9.491606,115.008307,-0.469989,-0.052571,19.781985,1512982.926352,0.397582,18355.418685,3.782361,4.766546,18104.737820,2879.776081,934.635382,652.043103,0.330259,3.760033,-0.120161,0.532735,0.283807,0.546118,0.800400,-0.921370,1.721770,0.134071,-1.394685,0.485035,74.561328,2.469216,120.920351,4.362687,6.211479,231.849443,33.641728,21.036642,18.199428,0.453413,3.590006,0.950440,0.111307,0.012389,0.956936,1.114500,0.666670,0.447830,-0.737272,-0.433241,0.090238,228.931551,-21.946692,236.875150,5.928823,7.422536,51.260543,9.286667,6.279077,6.736987,0.469624,3.790196,-0.137158,0.518934,0.269293,0.536754,0.995550,-0.632520,1.628070,1.070373,-0.260548,0.426543,72.026203,0.405348,119.660288,4.329330,6.234519,226.482801,34.010763,21.184283,15.802672,0.453005,3.567132,1.224474,0.052341,0.002740,1.225592,1.317665,1.064529,0.253135,-0.374223,-0.433255,0.042524,375.519082,-63.576085,304.927803,7.902669,7.847991,22.496942,7.898924,5.795393,5.241940,0.605572,4.127587
-0.134179,1.586007,2.515417,1.591672,5.835900,-2.932500,8.768400,0.966565,1.432013,1.228832,633.355280,2.028881,310.569333,3.507065,4.757656,995.905427,112.066575,56.981866,32.002465,0.289171,3.585699,9.686246,1.826365,3.335608,9.856925,15.466000,6.970800,8.495200,1.091258,0.856281,1.381335,24289.744337,2.163804,2412.917300,4.839073,4.829466,1162.154183,359.844080,148.092977,64.993347,0.382890,3.949371,1.762471,0.932179,0.868958,1.993806,4.295300,0.147450,4.147850,0.267003,-0.848642,0.802013,993.815583,3.006809,440.029280,3.857155,4.943087,566.943031,87.299882,50.441017,27.203057,0.319079,3.635975,10.026486,1.771223,3.137233,10.181732,15.730800,7.394804,8.335997,1.153010,0.929117,1.339491,25916.915200,2.150781,2497.812559,4.941561,4.867678,1122.035687,351.933800,154.716344,65.139463,0.395216,3.975783,-0.279103,11.621825,135.066817,11.625176,29.172000,-23.803000,52.975000,0.102208,-0.318231,9.319264,33786.178996,0.713664,2315.092446,3.510561,4.478634,7124.990935,1025.483925,516.166698,241.465029,0.282639,3.572308,40.405712,57.887462,3350.958263,70.594474,140.080000,-78.136000,218.216000,-0.192358,-1.121852,50.057923,1245894.952995,0.244038,14750.615720,2.355887,3.388408,32505.040495,4189.308495,820.092956,411.097781,0.159710,3.229542,6.727557,37.513009,1407.225864,38.111493,79.401000,-83.511000,162.912000,-0.346258,-0.516396,30.460155,363121.470834,0.305089,7726.638126,4.773445,5.888500,21630.866483,3652.722756,2000.111952,1561.668896,0.468942,3.835745,75.112443,30.484935,929.331275,81.063003,141.171307,3.810195,137.361111,0.023738,-0.559124,24.728571,1642802.602826,0.348579,18696.448362,3.273235,3.993719,20707.835577,3500.258326,819.361975,471.967764,0.239526,3.614394,0.270613,0.385189,0.148370,0.470746,0.826610,-0.437500,1.264110,-0.193617,-1.190204,0.329661,55.400368,1.162975,99.949588,2.613012,5.126486,150.528048,9.736830,6.160901,5.225256,0.237260,2.819645,0.823718,0.187271,0.035070,0.844737,1.112400,0.504020,0.608380,-0.167986,-1.449561,0.166991,178.395351,-10.047518,205.079095,5.465770,6.930399,85.541127,17.137664,10.208599,9.057955,0.497448,3.824671,0.119697,0.653605,0.427199,0.664475,1.011100,-0.632520,1.643620,0.336734,-1.643149,0.610893,110.381647,0.069493,147.102399,4.628522,6.354559,277.577337,45.568590,28.228881,22.584973,0.486534,3.663808,1.172765,0.036488,0.001331,1.173333,1.251061,1.064529,0.186532,0.066462,-0.380601,0.030024,344.177365,-104.968403,291.965485,9.903034,7.885841,13.715981,6.802941,6.010669,6.180670,0.716463,4.370706
-0.475368,1.136155,1.290848,1.231593,2.626600,-2.932500,5.559100,0.642485,0.226267,0.877779,379.205637,2.548973,257.608034,4.095241,5.394406,641.589101,112.070931,56.153317,31.453311,0.364456,3.678692,9.605321,2.058449,4.237211,9.823411,17.309000,6.970800,10.338200,1.385399,1.525756,1.562897,24124.849588,1.794175,2389.805150,5.795491,5.597229,1290.729634,487.600480,187.811044,131.220096,0.508722,4.132647,1.819692,1.160858,1.347592,2.158442,5.756200,-0.560670,6.316870,0.634232,0.687487,0.905975,1164.718031,2.410814,460.081343,4.461459,5.500822,723.777054,117.181091,62.413677,46.614842,0.372077,3.767455,9.917047,2.080210,4.327274,10.132872,17.383965,7.243248,10.140717,1.416340,1.554025,1.577692,25668.773257,1.829016,2467.530937,5.855403,5.644110,1256.551534,470.155853,188.354509,130.367061,0.514596,4.114246,-3.166234,12.298388,151.250343,12.699425,29.172000,-27.103000,56.275000,0.361474,-0.260961,9.888808,40318.845888,0.688524,2557.298106,5.151712,5.992807,7931.107847,1494.890746,844.088412,667.103768,0.454792,3.941916,50.950575,50.180273,2518.059818,71.512383,140.080000,-40.970000,181.050000,-0.149831,-1.217303,43.851339,1278505.234829,0.283990,14795.864960,3.397760,4.776116,29330.426738,4454.895478,1446.570768,953.750984,0.311139,3.557176,6.257817,31.635196,1000.785624,32.248192,66.578000,-68.232000,134.810000,-0.008533,-0.558507,25.598225,259986.472925,0.354713,6494.264366,3.194125,4.259062,20597.605345,1572.163261,780.408734,476.548524,0.248504,3.420475,71.218199,35.259188,1243.210319,79.468498,141.171307,3.810195,137.361111,0.143170,-1.112879,30.666461,1578810.553642,0.354944,17719.564664,4.012328,5.060459,22859.606904,4298.389510,1403.108587,961.006763,0.357522,3.775617,-0.237097,0.543579,0.295478,0.593037,0.826610,-0.943550,1.770160,0.781192,-0.629464,0.440093,87.923245,1.842223,134.923365,4.355422,6.259291,254.190437,36.514226,23.167390,18.499590,0.453813,3.615460,0.709069,0.128544,0.016524,0.720626,1.080300,0.504020,0.576280,0.698324,-0.258340,0.107548,129.825457,-13.628599,176.328380,5.814726,7.050151,55.999648,11.197475,7.470418,7.144075,0.510770,3.863034,0.649113,0.421044,0.177278,0.773710,1.011100,-0.325170,1.336270,-0.965829,-0.570044,0.365001,149.656656,-2.370175,173.298442,2.055733,4.709249,131.558165,5.606674,3.933809,3.148396,0.174522,2.318539,1.210903,0.057747,0.003335,1.212279,1.313852,1.073192,0.240660,-0.026814,-1.260335,0.051148,367.405358,-66.077578,301.537175,7.601996,7.942033,21.902942,5.868423,4.608472,5.150593,0.586412,3.996405
-0.813067,1.003603,1.007219,1.291626,3.279300,-3.147000,6.426300,1.225391,4.267541,0.687269,417.074194,1.885837,265.265274,3.675474,4.764723,640.712961,101.320601,33.048188,26.622290,0.302104,3.647883,9.780372,2.030689,4.123697,9.988962,17.309000,7.045500,10.263500,1.263644,1.157465,1.557582,24944.841485,1.846286,2436.000200,5.258593,5.066678,1269.475693,433.171895,151.481067,106.516797,0.405611,4.000430,1.734699,1.167678,1.363472,2.091089,5.756200,-0.560670,6.316870,0.749715,0.934525,0.883076,1093.162804,2.380688,440.123982,3.704820,4.622226,719.110798,99.133846,47.759471,31.281708,0.288719,3.605448,10.074790,2.078202,4.318924,10.286900,17.383965,7.243248,10.140717,1.239873,1.058246,1.605392,26455.078483,1.885823,2509.495182,5.160824,5.074956,1301.003882,405.882196,148.392350,106.044350,0.407661,3.981006,-2.384228,15.681539,245.910661,15.861753,30.625000,-34.837000,65.462000,0.180068,-0.844860,13.203397,62898.801281,0.624001,3396.454400,3.760849,5.171838,9493.661458,1304.354707,626.727974,504.754409,0.335704,3.623221,35.504106,47.150930,2223.210193,59.023315,128.300000,-66.040000,194.340000,-0.202628,-0.712969,37.095735,870937.929742,0.262916,12606.052940,3.943827,5.383269,29227.719824,4492.152105,1938.160967,1438.249970,0.385103,3.725547,2.576843,42.936082,1843.507125,43.013338,91.125000,-99.653000,190.778000,-0.405484,-0.268116,34.699426,462536.810731,0.267761,8714.727850,3.580651,4.968100,27435.670570,2645.328775,1431.566691,1099.202365,0.327720,3.580240,68.508708,29.867224,892.051092,74.736164,134.096315,10.488259,123.608056,0.154262,-1.083824,26.188556,1396373.541754,0.378758,17057.896977,3.059818,3.612513,20511.788439,2969.811793,576.700569,304.827333,0.195635,3.535018,-0.287169,0.472013,0.222796,0.552505,0.725810,-0.943550,1.669360,0.641069,-0.668064,0.397198,76.315571,2.044668,122.710678,2.640242,5.026997,170.562584,11.557629,7.925589,5.674886,0.254147,2.818558,0.894297,0.169546,0.028746,0.910227,1.154600,0.544180,0.610420,-0.448654,-1.212985,0.148942,207.128166,-10.438995,222.785075,5.127508,6.542234,78.423846,14.894247,10.422914,7.392643,0.476854,3.766136,0.059020,0.630324,0.397308,0.633081,0.988860,-0.690420,1.679280,0.370678,-1.531902,0.581719,100.197880,0.871542,142.465448,4.767374,6.426351,268.926208,46.310626,28.440534,22.707014,0.500825,3.713777,1.238288,0.034766,0.001209,1.238776,1.313852,1.146005,0.167848,-0.046781,-0.395913,0.027787,383.641617,-118.087506,308.394470,8.622374,8.083021,13.843610,5.488707,3.778936,4.238471,0.605661,4.137595
-0.510101,1.358113,1.844471,1.450749,3.279300,-3.147000,6.426300,0.646617,-0.046307,1.072548,526.168521,2.496314,311.317877,3.150923,4.375797,825.365286,83.457584,32.189628,27.951004,0.254506,3.464694,9.751770,1.569045,2.461902,9.877192,14.502000,6.198600,8.303400,0.878467,0.984668,1.164436,24389.732090,2.103904,2428.686250,4.628125,4.518947,974.769122,288.769205,107.754512,41.529696,0.348559,3.898290,1.699751,0.985452,0.971115,1.964757,4.081300,-0.134000,4.215300,0.320311,-0.557492,0.793527,965.067545,3.100713,424.934823,3.304410,4.509718,623.258454,78.902442,35.055374,22.105551,0.277792,3.560986,10.053049,1.568466,2.460084,10.174668,14.638260,6.423761,8.214500,0.860510,0.893317,1.168985,25880.968157,2.103650,2503.768677,4.678301,4.527382,933.450951,283.233848,109.152506,40.228868,0.349210,3.878994,-2.220626,17.317114,299.882439,17.458912,40.040000,-34.837000,74.877000,0.418524,-0.606901,14.201084,76203.405061,0.558090,3655.189651,2.481171,3.495340,9558.121277,765.585886,345.292648,161.391634,0.177552,3.198085,45.437602,50.054599,2505.462876,67.602060,135.150000,-66.040000,201.190000,-0.309873,-0.653073,40.417752,1142509.632441,0.257885,14482.218040,2.148247,3.294509,26785.444698,2667.881103,571.576679,298.676679,0.140812,3.104946,7.255083,42.708253,1823.994909,43.320101,91.125000,-99.653000,190.778000,-0.606282,0.066053,33.423551,469157.782947,0.265641,8603.557850,2.575754,3.491798,22134.637870,1557.208902,452.654119,337.753048,0.164186,3.077837,77.160961,28.243042,797.669426,82.167410,136.011491,20.448520,115.562971,0.050163,-0.933669,24.040949,1687870.820449,0.406353,19171.220083,2.710034,3.198464,18856.520985,2562.049654,501.681933,205.130315,0.157261,3.440877,0.272903,0.381917,0.145861,0.469401,0.747980,-0.562500,1.310480,-0.506189,-0.851508,0.326476,55.084262,0.723092,100.917347,2.555030,5.012685,153.057054,8.898348,6.248305,4.524381,0.228142,2.846012,0.930538,0.141428,0.020002,0.941224,1.154600,0.522090,0.632510,-0.976175,0.339885,0.111377,221.475734,-11.675838,231.812245,5.637964,6.760456,79.513945,17.778071,10.885036,8.912584,0.548028,4.018090,-0.204410,0.495120,0.245144,0.535656,1.002200,-0.690420,1.692620,1.286898,0.440102,0.374133,71.731776,0.464762,120.008879,4.542587,6.301122,243.495655,39.071138,23.690095,19.105846,0.477153,3.710145,1.179579,0.041962,0.001761,1.180325,1.251028,1.085179,0.165849,0.036523,-1.186876,0.037256,348.291772,-116.344994,293.715981,8.639595,7.843693,15.114641,6.093961,4.388635,5.429554,0.624017,4.142877
-0.530737,1.162045,1.350348,1.277509,2.497000,-3.116300,5.613300,0.425787,-0.078845,0.924840,408.007467,2.639272,270.134707,3.284515,4.739929,722.176206,64.045843,35.767942,26.361400,0.278288,3.487828,9.673609,1.767907,3.125493,9.833830,15.851000,6.198600,9.652400,1.035368,0.701421,1.368706,24176.052104,1.903344,2408.400700,4.835954,4.763919,1200.167880,377.422134,153.817841,71.421327,0.380149,4.003430,1.882218,0.908286,0.824983,2.089911,4.268000,0.081534,4.186466,0.396660,-0.155875,0.722410,1091.931915,2.966746,469.282184,3.771549,4.890872,582.967212,84.371313,57.707648,24.918666,0.316253,3.683664,9.980805,1.757129,3.087502,10.134297,15.930289,6.423761,9.506529,0.995742,0.637807,1.354753,25675.991486,1.952865,2485.060853,4.841408,4.775031,1177.157911,366.205944,151.873233,71.454539,0.381602,3.992845,-2.088170,12.726919,161.974470,12.897090,40.040000,-28.685000,68.725000,0.730942,1.375263,9.223390,41583.731002,0.556742,2427.725227,3.754916,4.905723,8146.007579,1167.516729,641.078354,350.593279,0.320894,3.668020,42.677695,45.095366,2033.592056,62.088467,135.150000,-50.567000,185.717000,0.183351,-0.786431,36.887107,963744.418946,0.275277,12391.987120,4.152706,5.684316,26160.806179,4024.259423,1909.914668,1491.184668,0.409091,3.707678,8.804497,26.032952,677.714593,27.481517,73.278000,-37.558000,110.836000,0.519411,-0.275340,20.917498,188808.441351,0.412964,5286.372852,3.787987,4.917564,16824.372319,2101.484397,935.741020,672.977087,0.340492,3.667745,59.711811,34.800085,1211.045947,69.112563,136.011491,4.205449,131.806042,0.484736,-0.812326,29.355477,1194136.591299,0.364064,14859.035616,2.861492,3.897308,19766.848318,2738.576787,808.637829,292.780640,0.214797,3.400283,0.009250,0.508247,0.258315,0.508331,0.747980,-0.852820,1.600800,0.137388,-1.486391,0.464568,64.600212,2.116028,115.556442,4.114343,6.190327,189.172727,26.461903,15.521766,13.223295,0.425694,3.394975,0.740803,0.137939,0.019027,0.753536,1.022100,0.522090,0.500010,0.418768,-1.183669,0.121346,141.954208,-16.763281,184.345405,5.919927,7.307228,52.388017,11.333866,6.179588,7.773391,0.478408,3.731762,0.499108,0.579836,0.336210,0.765061,1.013400,-0.634740,1.648140,-0.787498,-1.038992,0.519499,146.329729,-0.827942,174.358469,4.203310,6.148763,241.383340,34.476674,21.577074,16.603064,0.441154,3.520609,1.186908,0.052782,0.002786,1.188081,1.296837,1.085179,0.211658,0.393745,-1.033352,0.046045,352.884150,-80.072228,295.518668,7.845641,7.848514,20.609393,6.167348,4.711665,5.305856,0.614709,4.075236
-0.821854,0.934505,0.873299,1.244485,2.883700,-3.116300,6.000000,0.752601,3.191193,0.654915,387.185764,2.065807,251.958574,6.212126,6.439012,656.397969,155.695035,92.822188,85.445122,0.603301,4.220860,9.812584,1.850649,3.424904,9.985575,16.501000,7.436100,9.064900,1.303043,1.253960,1.422236,24927.927077,1.937752,2444.764250,5.349995,4.997682,1076.402910,401.012874,174.968463,76.734513,0.402375,3.967672,1.602428,0.925172,0.855944,1.850330,4.268000,-0.665550,4.933550,0.175060,0.309698,0.720427,855.930234,2.610144,406.891553,4.644400,5.576936,605.070326,124.442715,70.903049,38.547171,0.436211,3.934072,10.065566,1.835360,3.368546,10.231528,16.567235,7.663495,8.903740,1.299940,1.196199,1.413061,26171.043075,1.955223,2507.248923,5.301362,4.918688,1072.864554,389.440148,171.997624,74.958903,0.394253,3.963015,-2.953969,12.475099,155.628096,12.820063,30.476000,-33.949000,64.425000,0.331609,0.134077,9.650241,41088.506976,0.603932,2566.073201,3.988974,5.119826,7623.714622,1186.311338,686.038658,365.852513,0.344027,3.692118,37.014897,36.631050,1341.833812,52.076255,125.480000,-50.567000,176.047000,0.086089,-0.364718,29.360965,677984.096358,0.283069,10535.949820,3.285299,4.057791,23707.678722,2831.518946,917.275020,526.608372,0.240924,3.527499,5.096242,34.271191,1174.514544,34.648034,73.962000,-82.237000,156.199000,-0.238897,0.012782,26.702422,300121.557098,0.309772,6682.385317,4.704955,5.783695,22730.901497,3444.548010,2009.607856,1519.017461,0.459503,3.882888,55.862835,30.921194,956.120267,63.849641,127.604853,4.205449,123.399404,0.397681,-0.771169,26.187479,1019194.160432,0.382748,13876.104850,4.009313,4.842559,19391.114234,3544.191940,1202.334529,742.588458,0.342630,3.738264,-0.462556,0.300950,0.090571,0.551841,0.288310,-0.975810,1.264120,0.385531,-0.134562,0.239985,76.132247,0.139504,122.916288,3.454825,5.698228,125.539838,11.619770,7.732708,6.618519,0.334074,3.236555,0.813702,0.187893,0.035304,0.835113,1.160600,0.540160,0.620440,0.246911,-1.443036,0.171751,174.353578,-9.373675,202.596125,5.910014,7.222510,84.306770,15.929011,12.407313,10.346046,0.554411,3.896613,0.328988,0.653235,0.426716,0.731402,1.013400,-0.721600,1.735000,-0.377583,-1.524912,0.603119,133.737396,0.582418,164.607914,4.529742,6.313590,274.621748,45.145920,27.055471,21.223512,0.476924,3.630951,1.239275,0.033025,0.001091,1.239715,1.298786,1.139772,0.159014,-0.679235,0.201279,0.026209,384.223221,-129.343395,308.624918,9.511480,8.089537,14.050599,5.549210,4.924759,5.356842,0.717854,4.355144
-0.483593,0.979610,0.959636,1.092473,2.883700,-2.658100,5.541800,1.052883,1.966819,0.701252,298.374513,2.304654,219.944191,5.440620,6.237925,591.593980,122.846703,78.226782,55.188383,0.523745,4.008947,9.801676,1.777041,3.157874,9.961462,16.501000,5.967800,10.533200,1.161580,1.701278,1.271351,24807.681527,1.746961,2440.762150,4.632875,4.383929,1100.155489,338.005451,112.339355,38.777690,0.322694,3.857366,1.753640,1.038633,1.078759,2.038139,4.431400,-0.665550,5.096950,0.125746,-0.218940,0.829528,1038.502850,2.810197,444.190033,5.010617,5.959980,658.645831,129.988573,76.244810,50.018751,0.475026,3.962316,10.071081,1.775264,3.151563,10.226350,16.567235,6.273113,10.294121,1.158477,1.542479,1.289442,26144.558889,1.776947,2507.424866,4.696584,4.410480,1077.838585,334.486249,110.609876,39.504967,0.334233,3.858102,-2.698766,15.570618,242.444152,15.802768,30.476000,-33.949000,64.425000,0.365890,-0.957243,13.251078,62431.872618,0.624240,3435.435140,3.464919,4.645671,9518.026905,1065.470156,551.038091,326.346795,0.286505,3.564548,37.494184,42.202676,1781.065871,56.452456,125.480000,-56.296000,181.776000,-0.418470,-0.527357,33.800599,796719.933591,0.277181,12381.769500,3.530991,4.741611,27251.985090,3340.654434,1468.462854,916.942486,0.312323,3.620122,8.543585,41.340028,1708.997944,42.213633,79.972000,-82.237000,162.209000,-0.438427,-0.573082,34.071614,445497.695402,0.308114,8697.705481,2.354653,3.189427,23532.658252,1416.216580,424.570108,258.934193,0.140046,3.133841,68.307730,23.508552,552.652019,72.239864,127.604853,9.496546,118.108307,0.130162,-0.087273,18.165821,1304649.501611,0.384879,17027.925696,4.675552,5.244419,16641.505679,3781.524765,1392.775406,915.484877,0.415133,3.941871,-0.006363,0.564895,0.319107,0.564931,0.852820,-0.975810,1.828630,-0.332044,-1.247765,0.498924,79.786746,2.482999,123.670374,4.804533,6.401511,279.743146,48.465446,30.206235,23.067490,0.502294,3.786850,0.972932,0.095211,0.009065,0.977579,1.160600,0.698800,0.461800,-0.790398,0.445031,0.070590,238.915327,-23.063277,242.446795,6.409684,7.624506,45.252964,7.974980,7.448273,6.917392,0.495018,3.858026,-0.322922,0.298430,0.089061,0.439704,0.579060,-0.721600,1.300660,0.937634,0.347894,0.239165,48.334851,-0.084382,97.847447,4.474775,6.263048,130.928641,19.971765,12.283330,10.438991,0.460635,3.600707,1.210732,0.047696,0.002275,1.211671,1.298786,1.092424,0.206361,-0.346985,-0.828645,0.040655,367.036925,-83.351150,301.466746,8.159463,7.796956,22.841299,7.491307,5.779436,6.009679,0.659517,4.258175
-0.307033,1.097245,1.203946,1.139393,3.219600,-2.325100,5.544700,0.726274,0.706745,0.822924,324.553913,2.497086,228.087553,5.122885,6.247703,699.226328,143.530335,72.310411,66.047158,0.509297,3.988605,9.460040,1.486599,2.209976,9.576134,14.754000,5.967800,8.786200,0.908661,2.300511,1.013286,22925.585102,1.912216,2356.446300,4.533282,4.511341,996.190734,305.523484,80.564898,33.033674,0.350245,3.907063,2.091331,0.890716,0.793375,2.273112,4.431400,0.633110,3.798290,0.607460,-0.143263,0.709976,1291.759866,3.086987,520.848000,4.740851,5.767729,550.333870,95.377061,61.273137,38.659565,0.432148,3.864141,9.794959,1.492106,2.226379,9.907956,15.048442,6.273113,8.775329,0.890460,2.120279,1.031146,24541.898880,1.936554,2439.607987,4.320364,4.225208,992.227005,293.188427,73.401545,29.017447,0.308744,3.851184,0.523362,13.183125,173.794794,13.193510,25.605000,-25.893000,51.498000,0.050381,-1.147898,11.525050,43517.175530,0.754807,2867.346396,2.970800,3.818472,8089.815792,912.363602,336.922148,175.396176,0.211871,3.419499,38.355320,46.984121,2207.507648,60.651779,150.080000,-56.296000,206.376000,0.032876,-0.534097,38.152192,919659.562794,0.252249,12575.389200,2.711543,3.856315,26907.399183,3141.208736,750.693324,457.507210,0.213166,3.370678,9.377722,36.550043,1335.905674,37.733902,79.972000,-75.171000,155.143000,-0.379107,-0.552141,30.404484,355961.836251,0.315003,7772.393211,3.363912,4.817741,20565.351173,2107.382161,956.569557,731.991036,0.308474,3.456340,67.046436,27.952275,781.329690,72.639895,152.978398,18.589773,134.388625,0.737158,0.473530,21.704196,1319138.574575,0.345454,16713.891504,3.458992,4.528789,17792.084251,2869.567530,811.457867,519.492040,0.289360,3.599095,0.312145,0.411600,0.169415,0.516574,0.852820,-0.457660,1.310480,-0.502012,-1.082414,0.354514,66.712280,1.233738,114.680491,3.586789,5.832346,173.334610,19.448293,11.879744,9.471622,0.362031,3.272964,0.784893,0.200769,0.040308,0.810163,1.090400,0.463860,0.626540,-0.079174,-1.611324,0.183728,164.091138,-10.498922,195.385785,5.261825,6.937012,83.626978,15.181306,9.385276,7.844743,0.474556,3.715714,0.178210,0.616356,0.379894,0.641602,1.029000,-0.634740,1.663740,0.180872,-1.663982,0.577376,102.913281,0.992664,140.348612,4.749246,6.360690,241.854471,42.336283,26.480014,20.638389,0.497915,3.658540,1.154919,0.032084,0.001029,1.155364,1.241053,1.057721,0.183332,0.587949,0.145531,0.025236,333.716698,-114.636416,287.540669,9.593879,7.852190,13.316279,7.484290,5.881609,4.398634,0.726619,4.410871
-0.357867,0.993891,0.987820,1.056356,3.219600,-2.325100,5.544700,0.722494,1.506776,0.715172,278.972067,2.292060,204.817753,5.134107,6.164788,623.444087,130.119839,65.997257,49.439623,0.485612,3.961046,9.407453,1.562373,2.441010,9.536308,14.827000,6.414800,8.412200,1.010096,1.346502,1.170536,22735.294478,2.098777,2342.996350,5.382348,5.206011,984.387535,397.882227,182.747075,79.788627,0.447627,4.106776,2.028225,0.800723,0.641157,2.180562,4.334700,0.633110,3.701590,0.685297,0.249644,0.612977,1188.712934,2.925158,504.074410,5.348508,6.053814,510.719513,120.964214,67.997245,48.045182,0.492995,4.027083,9.711346,1.581669,2.501678,9.839305,15.206751,6.739428,8.467323,0.965407,1.096426,1.202586,24202.979480,2.102488,2418.174287,5.455383,5.308471,990.246633,384.273301,180.290007,83.641399,0.460112,4.109017,0.074209,8.833801,78.036038,8.834113,20.801000,-18.861000,39.662000,0.240477,-0.557218,7.351052,19510.386157,0.889432,1833.463277,4.304625,5.161951,5564.540283,1013.322863,619.306118,326.396146,0.367765,3.785030,33.974019,45.158923,2039.328352,56.511612,150.080000,-57.672000,207.752000,0.550210,-0.450343,37.336353,798390.583729,0.245928,10544.382210,3.974254,5.385351,23716.078671,4009.227521,1667.081772,1172.695347,0.379077,3.639061,5.956739,26.765589,716.396752,27.420421,59.734000,-58.040000,117.774000,-0.034389,-0.490674,22.110997,187969.872623,0.392824,5547.592401,2.504847,3.121007,16858.344775,1553.345622,330.223160,165.028676,0.145284,3.273549,53.424647,34.194889,1169.290429,63.430934,152.978398,6.947602,146.030796,0.969878,0.079672,28.179346,1005870.842509,0.321902,13299.672275,4.487285,5.641984,19080.091275,3587.428051,1625.164750,1157.700127,0.435335,3.812583,-0.142895,0.469499,0.220429,0.490763,0.834680,-0.752020,1.586700,1.141845,-0.288520,0.385987,60.212079,-0.446626,112.538360,5.077084,6.523298,245.238775,45.322897,29.036458,22.867874,0.532219,3.888737,0.639100,0.093839,0.008806,0.645953,0.859440,0.463860,0.395580,0.466108,-0.753765,0.077977,104.313745,-28.237433,158.962840,6.950736,7.653982,35.456215,8.885590,8.215124,6.558467,0.556419,3.877588,0.833978,0.250062,0.062531,0.870661,1.029000,-0.086860,1.115860,-2.233234,4.189858,0.172255,189.512678,-7.074154,208.834179,4.706235,6.342956,133.783854,21.626846,13.959125,10.590014,0.489501,3.805594,1.188418,0.061773,0.003816,1.190023,1.312809,1.057721,0.255088,0.571462,-0.956092,0.053396,354.038502,-64.807733,295.879478,7.007694,7.487627,28.525898,8.309801,5.853342,5.453659,0.607119,4.108290
-0.540245,0.762818,0.581891,0.934749,1.860500,-2.330200,4.190700,0.228533,0.580716,0.564343,218.438956,2.566240,187.397944,4.238698,5.180572,473.583500,107.515954,30.585974,27.542164,0.361548,3.781949,9.785259,1.733038,3.003420,9.937540,14.827000,6.834800,7.992200,1.000139,0.441763,1.354148,24688.677435,2.238069,2436.469050,6.050834,5.464956,891.539180,437.883092,202.716793,120.306744,0.488952,4.104222,1.771146,0.827369,0.684540,1.954865,3.918400,0.013983,3.904417,0.093903,-0.399543,0.669019,955.374301,3.059462,441.455879,4.717515,5.557307,442.395940,90.177668,62.514656,39.594015,0.406023,3.785699,10.017328,1.761560,3.103095,10.171035,15.206751,7.167449,8.039302,0.961690,0.240693,1.395783,25862.490692,2.237863,2494.329366,6.068402,5.501920,877.193936,419.689149,200.772862,120.476865,0.479363,4.074117,-1.053590,10.121785,102.450536,10.176472,19.951000,-26.641000,46.592000,-0.114443,-0.243056,8.089713,25890.146973,0.786284,2053.763141,4.781281,5.901508,6443.225929,1098.858507,809.933125,540.581973,0.440301,3.910728,30.081118,54.431946,2962.836734,62.190919,145.130000,-76.691000,221.821000,-0.097754,-0.834426,45.676715,966927.599212,0.238244,12788.618310,3.537621,5.106596,29117.226655,3775.665617,1634.688070,1174.438149,0.336931,3.530962,2.158834,31.419628,987.193046,31.493707,86.654000,-73.674000,160.328000,0.041551,0.553579,23.614494,247963.402460,0.294854,5874.638001,2.599166,3.615492,20966.774255,1453.429409,527.532871,333.841085,0.185574,3.349026,61.059836,35.140019,1234.820970,70.449447,155.169182,6.947602,148.221580,0.439370,-0.688722,30.450762,1240781.148645,0.323855,15216.094480,3.450780,4.556260,19582.426750,3058.043827,1003.803143,521.200195,0.294653,3.560322,-0.361621,0.402502,0.162008,0.541089,0.647180,-1.002000,1.649180,0.938305,0.486528,0.285956,73.194402,0.431052,123.060523,2.288426,4.985515,151.355676,6.636235,4.267668,3.927005,0.181388,2.581090,0.850015,0.199778,0.039911,0.873176,1.200800,0.532130,0.668670,0.156902,-1.458927,0.176180,190.609177,-8.521591,211.683510,5.459163,7.078782,79.677148,12.853878,11.360845,8.866594,0.492263,3.680941,0.346878,0.628652,0.395204,0.718003,1.006700,-0.621380,1.628080,-0.282043,-1.723947,0.596259,128.881964,-0.430147,162.547934,4.732553,6.407231,262.893250,44.771937,27.985991,22.193154,0.497320,3.690602,1.252558,0.042910,0.001841,1.253293,1.327547,1.145235,0.182312,-0.404747,-0.979053,0.036945,392.685543,-102.045782,311.950009,9.079316,7.968646,15.391021,6.019951,6.558258,5.181258,0.664693,4.208550
-0.199309,1.260934,1.589955,1.276589,4.048100,-2.330200,6.378300,1.001055,0.984958,0.979166,407.419834,2.365240,255.590272,3.735597,5.159253,769.869344,129.388073,40.919586,36.593664,0.328019,3.618034,9.890272,1.736603,3.015789,10.041577,15.471000,7.072100,8.398900,1.124357,0.978790,1.278235,25208.319371,2.115267,2464.488700,4.790346,4.931263,1142.412541,306.799278,113.086666,91.504898,0.385782,3.926939,1.701254,0.842434,0.709695,1.898410,4.407900,0.013983,4.393917,0.349360,-0.186496,0.705900,900.990425,2.612872,423.754719,3.790228,4.969907,526.323133,60.753144,38.818095,28.992309,0.309528,3.608996,10.159109,1.690980,2.859414,10.298879,15.561091,7.477216,8.083874,1.166337,0.912337,1.265394,26516.729630,2.155951,2531.459582,4.738334,4.918502,1155.909984,297.509178,113.826899,90.487072,0.384758,3.956289,0.241880,12.101594,146.448570,12.104011,26.440000,-26.641000,53.081000,0.078526,-0.729591,10.088877,36626.768853,0.722221,2505.517840,3.744818,5.080097,7940.401319,1062.379876,410.844305,452.671249,0.338263,3.696122,43.726297,58.004961,3364.575557,72.639965,153.990000,-76.691000,230.681000,-0.568228,-0.642965,47.474960,1319141.146319,0.228017,16021.920410,2.999809,4.698438,30199.742933,2841.052510,1342.531864,867.483466,0.274456,3.315626,8.300535,39.544557,1563.771993,40.406322,95.291000,-73.674000,168.965000,-0.035876,-0.751077,33.191771,408167.718869,0.296803,8325.714560,2.120784,2.688046,22772.505175,1195.841229,247.679183,163.652982,0.099844,3.002472,79.368888,27.501313,756.322221,83.998467,155.169182,21.462777,133.706405,0.225589,0.058267,21.990924,1763935.634042,0.349758,19714.572051,4.218788,5.350674,17833.809334,3100.606511,1374.698630,886.486883,0.400550,3.816731,0.121427,0.599164,0.358998,0.611345,0.923390,-1.002000,1.925390,-0.501904,-1.098739,0.522804,93.435581,2.768230,135.311492,4.462001,6.270192,302.123812,46.362933,28.787604,21.849196,0.466275,3.689608,0.964785,0.123331,0.015210,0.972636,1.200800,0.664660,0.536140,-0.379686,-0.555154,0.103262,236.505276,-14.653324,240.409175,5.760913,7.460015,54.309505,8.694889,6.729161,7.388533,0.465372,3.701395,-0.278984,0.277871,0.077212,0.393757,0.623610,-0.623610,1.247220,1.316224,1.370677,0.202748,38.761125,-1.451458,89.973237,3.191240,5.554753,111.681270,10.420478,5.671466,4.941491,0.304964,3.072072,1.212911,0.060452,0.003654,1.214417,1.327547,1.077639,0.249908,0.187541,-1.328943,0.054555,368.701982,-64.546908,302.005188,7.525222,7.743713,28.730303,8.113993,5.993019,6.355231,0.614422,4.165755
-0.013866,1.399810,1.959468,1.399879,4.048100,-3.003900,7.052000,0.542817,-0.006056,1.142340,489.914966,2.402131,285.268822,3.698780,4.884409,829.739968,127.722483,53.471579,33.037829,0.311918,3.628141,9.676511,1.818911,3.308436,9.845979,15.471000,7.015600,8.455400,1.209905,1.093604,1.332497,24235.824309,2.092146,2407.020200,4.929556,4.703001,1171.342008,421.141923,141.946234,62.210976,0.388935,3.983085,1.854357,0.855900,0.732566,2.042353,4.407900,-0.230830,4.638730,0.504775,0.523621,0.675379,1042.801530,2.538759,462.348437,4.003068,4.904844,527.204284,95.786671,48.817374,22.691092,0.343351,3.736652,9.994074,1.786800,3.192654,10.152545,15.986538,7.319326,8.667213,1.272104,1.205085,1.317228,25768.540806,2.049696,2486.215993,4.927743,4.724486,1159.909713,399.474898,139.244801,62.191665,0.394552,3.994036,1.524623,11.961954,143.088337,12.058723,28.010000,-20.724000,48.734000,0.290920,-0.718615,9.869722,36353.202924,0.778620,2443.987980,3.409071,4.783498,7168.040622,707.687386,408.088067,284.792796,0.287083,3.478789,39.487242,52.253009,2730.376993,65.495185,176.230000,-72.807000,249.037000,0.185218,-0.263772,41.837239,1072404.824007,0.213162,13066.119790,3.355875,4.952517,29486.558826,3679.192504,1300.153572,1112.446129,0.307690,3.459349,9.309031,37.030637,1371.268075,38.182799,95.291000,-89.760000,185.051000,-0.239707,-0.503021,31.306978,364481.535562,0.265365,7887.496830,4.423728,5.735423,23213.169095,3320.718658,1846.587526,1453.917518,0.434397,3.797344,67.800772,36.000189,1296.013588,76.765606,176.709796,9.801587,166.908210,0.553042,0.073722,28.932886,1473239.562493,0.291763,16883.966219,2.729434,3.544451,22127.522268,3051.719784,662.011581,326.601229,0.184613,3.394249,0.246097,0.434622,0.188896,0.499460,0.923390,-0.417340,1.340730,-0.076202,-1.484950,0.391361,62.364996,1.481862,108.369999,2.331773,4.974515,133.621859,7.624857,5.213589,4.051551,0.205533,2.454955,0.756569,0.172614,0.029796,0.776011,1.034100,0.397590,0.636510,0.170690,-1.283336,0.155002,150.548231,-11.204923,188.303970,5.529391,7.134134,68.693038,12.792685,7.548265,8.906863,0.465923,3.655890,0.300081,0.645793,0.417049,0.712107,1.004500,-0.623610,1.628110,-0.090592,-1.804118,0.623488,126.774255,-0.802198,157.821864,4.689485,6.377962,271.696235,45.309991,28.685973,22.059935,0.491275,3.667668,1.165104,0.035818,0.001283,1.165654,1.256452,1.055860,0.200592,0.272032,-0.050243,0.028063,339.687483,-97.691432,290.054278,9.307816,7.937218,14.398237,7.559617,5.074420,5.421496,0.683170,4.318997
-0.811329,0.890674,0.793300,1.204804,3.735600,-2.777800,6.513400,1.373065,5.537952,0.641671,362.888468,1.801378,245.698953,5.283116,5.629885,688.114024,189.594895,52.097792,52.413129,0.466099,4.120203,9.917125,1.643316,2.700489,10.052356,17.930000,6.114100,11.815900,1.334559,4.368785,1.194209,25262.463275,1.486447,2465.826350,6.428003,5.877340,1110.125207,419.629122,202.248901,122.131976,0.579096,4.246006,1.517005,0.874440,0.764645,1.750985,4.351000,-1.311700,5.662700,0.240509,2.321031,0.599125,766.487434,2.005412,390.854112,5.385346,5.937493,631.534037,137.180230,80.119327,51.523410,0.515079,4.118204,10.140287,1.655879,2.741934,10.274598,18.681929,6.573012,12.108918,1.573264,5.461579,1.195244,26391.839178,1.447126,2521.194125,6.485463,5.901784,1116.837901,419.860980,206.021483,125.345610,0.585443,4.251661,-3.267290,13.585375,184.562426,13.972745,26.731000,-32.453000,59.184000,0.184284,-0.805610,11.253840,48809.401950,0.666662,2904.952870,4.948853,5.941858,9172.417714,1656.618040,1117.772279,669.155412,0.481227,3.973651,35.985354,68.384215,4676.400902,77.274489,175.680000,-129.190000,304.870000,0.195804,-0.461714,53.841327,1492836.652545,0.180995,14713.894720,4.481937,5.570458,44916.060861,7475.124904,3201.570036,2648.714607,0.437108,3.866336,5.056228,60.944626,3714.247406,61.154009,133.830000,-110.060000,243.890000,0.253174,-0.761024,50.446073,934953.211470,0.223099,12524.330130,3.063984,4.436939,34313.654224,2726.135996,1219.472027,942.928514,0.254646,3.282489,89.484356,43.576911,1898.947154,99.530885,180.831272,8.993448,171.837825,0.302332,-0.730409,35.749321,2476599.265964,0.295448,22265.008092,3.453632,3.751328,30711.027416,5436.115332,1283.639625,615.502873,0.229506,3.654419,0.244879,0.252416,0.063714,0.351681,0.554440,-0.520160,1.074600,-1.287159,1.103983,0.196077,30.919899,-2.459271,78.538316,5.428462,6.621915,146.817632,29.862574,18.934254,15.655089,0.558916,4.002538,0.788884,0.077909,0.006070,0.792721,0.935740,0.628510,0.307230,0.063653,-1.114992,0.067169,157.101802,-40.603179,196.420700,6.501154,7.537952,40.531428,8.853838,6.294053,6.408503,0.524728,3.973800,0.358503,0.198452,0.039383,0.409766,0.763920,0.055679,0.708241,0.457735,-1.117832,0.174983,41.976996,-8.143235,89.327377,3.021549,5.412541,76.169604,5.947847,3.202539,3.434998,0.271536,2.975211,0.958286,0.041017,0.001682,0.959164,1.055768,0.861018,0.194750,0.302241,-0.829674,0.034632,229.998697,-94.773166,238.565916,9.281853,7.900698,15.122962,7.894020,5.647193,6.156927,0.678997,4.274717
-0.997497,0.802064,0.643307,1.279964,0.557920,-2.939200,3.497120,-0.388405,-0.491204,0.666870,409.577159,3.164666,261.551115,4.662836,5.480379,488.703035,116.801008,44.606520,34.917111,0.386651,3.869468,9.874137,1.382369,1.910945,9.970433,14.617000,7.500700,7.116300,0.954441,0.280948,1.118058,24852.382701,2.227187,2459.339000,5.001595,4.582144,1000.840213,278.557844,94.420792,40.999355,0.377215,3.980862,1.389442,0.903759,0.816781,1.657507,4.502700,-1.311700,5.814400,0.555813,1.959435,0.646939,686.832288,2.090436,360.483917,3.994771,4.666694,614.525365,113.307125,44.746984,20.803125,0.313491,3.765128,10.097593,1.354174,1.833788,10.187991,14.675762,7.929190,6.746572,0.883993,0.184418,1.090926,25948.792148,2.345533,2515.121069,4.927280,4.537027,988.330987,268.970969,92.541341,39.592223,0.360714,3.975129,-0.783289,13.683333,187.233592,13.705734,30.850000,-32.453000,63.303000,0.154501,-0.414222,10.894004,46961.783654,0.623458,2738.549786,2.997081,3.894007,9189.828033,961.893137,379.548769,176.015836,0.211508,3.475035,36.323560,64.850059,4205.530195,74.329881,175.680000,-94.476000,270.156000,0.442011,-0.680232,54.365634,1381232.795073,0.201226,13805.686250,3.258302,4.593568,36055.903996,4633.362818,1503.574740,1163.975735,0.281376,3.453990,2.625152,60.613871,3674.041372,60.670691,133.830000,-110.060000,243.890000,0.218696,-0.849028,51.024842,920233.198603,0.223032,12677.960950,3.611971,5.183975,33337.090724,3387.737262,1818.452336,1396.399701,0.329297,3.448876,85.565135,45.522729,2072.318818,96.921159,180.831272,3.568668,177.262605,0.279837,-0.755190,37.314258,2348427.777330,0.288655,21332.394991,3.060040,3.838085,29572.440239,4203.614223,912.087463,542.795935,0.207705,3.465593,-0.231177,0.402625,0.162107,0.464274,0.554440,-0.784270,1.338710,0.384563,-1.306692,0.367732,53.887535,0.357768,102.566542,4.787796,6.431324,180.135507,30.582757,18.902995,14.580452,0.494317,3.722298,0.734209,0.097060,0.009421,0.740597,0.923690,0.469880,0.453810,-0.621737,0.118926,0.076130,137.120807,-22.789228,182.855405,6.257518,7.022740,56.385142,12.209483,8.798456,8.384600,0.570047,4.095137,0.325853,0.252512,0.063763,0.412241,0.763920,-0.149220,0.913140,-0.207188,-0.940770,0.205298,42.485669,-2.701092,88.018931,3.060013,5.519349,83.725877,7.149294,4.455454,4.106117,0.287781,2.886212,0.965935,0.030765,0.000946,0.966424,1.032108,0.891469,0.140639,0.115449,-0.792003,0.025796,233.494010,-149.958273,240.546837,9.726391,7.719274,10.954012,6.305575,5.510721,5.243754,0.663324,4.321390
-1.288569,0.814960,0.664159,1.524654,0.083552,-3.464400,3.547952,-0.416795,-0.459025,0.674287,581.142276,3.076665,320.126006,4.592808,5.412931,496.978131,119.893616,42.821170,35.078860,0.391009,3.873024,9.906377,1.353916,1.833089,9.998469,13.378000,7.744700,5.633300,0.801964,-0.332101,1.108987,24992.347483,2.712726,2466.726850,5.500430,5.227717,858.719058,228.319989,91.910401,59.734359,0.438706,3.954833,1.295302,0.785664,0.617269,1.514951,4.502700,-0.568750,5.071450,0.817203,1.885119,0.590105,573.769091,2.248037,327.294858,4.178452,4.883817,534.571174,100.744352,45.395030,22.631907,0.358441,3.839884,10.141046,1.322202,1.748218,10.226878,13.475428,8.170803,5.304624,0.688338,-0.434108,1.080290,26147.258849,2.863661,2524.998810,5.511204,5.254415,850.799430,229.024516,93.988125,57.380852,0.444953,3.984773,-3.606166,11.798692,139.209136,12.337486,30.850000,-27.211000,58.061000,0.689267,0.622029,8.918710,38053.392325,0.643765,2461.955641,3.735274,5.048576,7709.049438,1054.830490,456.111205,318.202776,0.337043,3.679719,36.348269,67.308765,4530.469782,76.496186,219.110000,-94.476000,313.586000,0.514604,-0.386921,56.088071,1462916.618262,0.174802,14215.720050,3.336441,4.885127,37580.048463,3643.991366,1714.876183,1357.723197,0.306770,3.486953,8.008503,60.616419,3674.350228,61.143163,150.730000,-93.754000,244.484000,0.349328,-0.722531,50.677691,934621.587102,0.221433,12530.848550,2.535167,3.782639,35139.342762,2030.017688,788.760348,690.678879,0.189020,3.168949,85.724440,48.925318,2393.686750,98.703426,223.170554,3.568668,219.601886,0.601976,-0.179964,39.433286,2435591.597688,0.237518,21364.766328,3.820533,5.054187,32394.098664,4320.746548,1736.678147,1381.010750,0.349218,3.712638,-0.365637,0.330095,0.108963,0.492598,0.556450,-0.784270,1.340720,1.228542,0.806442,0.247482,60.663245,-0.485541,114.199555,4.880025,6.395335,171.237538,31.552697,18.358808,14.726793,0.506042,3.825064,0.759550,0.105004,0.011026,0.766774,0.903610,0.469880,0.433730,-1.082638,0.287185,0.081952,146.985536,-26.509550,189.134520,5.113813,6.880206,54.148709,7.951639,5.291777,5.999416,0.404873,3.666645,0.024365,0.215604,0.046485,0.216976,0.394210,-0.265030,0.659240,0.334154,-1.341073,0.188412,11.769689,-8.417493,46.239436,2.363795,5.039742,76.155480,3.070592,2.855439,2.387501,0.180836,2.535935,0.936182,0.035184,0.001238,0.936843,1.009913,0.855205,0.154708,-0.000991,-0.741897,0.029280,219.418470,-128.392901,233.057694,8.987959,7.743353,11.979581,6.689108,4.035150,4.854682,0.649715,4.193677
-1.290305,0.749014,0.561022,1.491948,0.083552,-3.464400,3.547952,-0.468087,-0.041519,0.602960,556.477196,2.847249,321.631413,4.598304,5.659768,464.710886,86.711508,38.250057,27.518695,0.395876,3.835031,9.965029,1.292819,1.671381,10.048541,13.378000,7.998500,5.379500,0.737308,-0.302010,1.050027,25243.294981,2.798903,2482.394350,5.114203,4.933414,868.711936,199.151913,85.135390,57.097270,0.403503,3.922642,1.187236,0.708353,0.501764,1.382495,3.062500,-0.568750,3.631250,0.043140,-0.204589,0.562077,477.823164,2.882705,301.338225,4.187046,5.127264,428.510729,74.314346,44.982613,20.304769,0.359986,3.754565,10.173640,1.267846,1.607433,10.252335,13.475428,8.183326,5.292102,0.620686,-0.436806,1.034643,26277.595341,2.869684,2534.352325,5.117174,4.950563,847.594940,193.314393,84.599465,55.476993,0.409128,3.923826,-3.917090,11.821660,139.751642,12.453724,26.437000,-27.211000,53.648000,0.405355,-0.173622,9.262622,38773.809870,0.709625,2559.295900,3.318781,4.716763,7590.537196,697.604189,352.551754,275.527922,0.284089,3.520694,35.144768,65.960262,4350.756122,74.738951,219.110000,-77.843000,296.953000,0.683720,-0.312302,54.342990,1396477.703683,0.183925,13641.696810,2.353660,3.601004,33494.888414,2515.125278,731.745431,518.081434,0.169035,3.086836,11.489463,64.038395,4100.916073,65.060924,150.730000,-127.760000,278.490000,0.105160,-0.633959,53.081747,1058230.960469,0.196103,13221.279450,2.261992,2.999647,34544.090065,1711.154557,499.509459,360.735942,0.125123,3.046681,86.989293,49.059074,2406.792759,99.869564,223.170554,8.706735,214.463819,0.547644,-0.307600,40.376128,2493482.474022,0.242354,21678.781972,2.719085,3.551393,31245.609620,3135.312435,672.860670,428.826531,0.179097,3.350351,0.075500,0.351434,0.123506,0.359452,0.560480,-0.756050,1.316530,-0.538179,-1.036624,0.308900,32.301507,0.559719,81.328621,5.142771,6.491472,193.620027,36.202483,22.631188,17.909954,0.537938,3.949093,0.808241,0.072273,0.005223,0.811466,0.927710,0.524100,0.403610,-0.675051,0.777443,0.059269,164.619258,-32.410907,201.438770,6.787988,7.266672,40.261726,9.822026,5.684569,6.634141,0.565759,4.116841,0.078833,0.221192,0.048926,0.234820,0.409800,-0.265030,0.674830,-0.258272,-1.440156,0.200826,13.785155,-8.398330,53.410979,2.985082,5.475543,78.207481,6.508103,3.652893,3.109213,0.267596,2.890538,0.917730,0.024406,0.000596,0.918054,0.973638,0.835999,0.137639,-0.244084,0.051129,0.019328,210.705920,-167.721077,228.526225,10.298459,7.744403,11.211869,7.577917,4.661541,5.762012,0.738092,4.511335
-1.226698,0.684249,0.468197,1.404630,0.294520,-2.991800,3.286320,-0.308139,-0.270633,0.550699,493.246379,2.944441,307.044121,5.112247,6.266575,460.857689,87.216003,42.417353,35.421317,0.456348,3.975092,9.956017,1.178249,1.388270,10.025495,13.000000,7.282200,5.717800,0.528678,-0.378242,0.960298,25127.635082,2.627312,2479.321500,5.077941,4.752274,853.168651,203.374152,79.699979,50.363454,0.386268,3.964351,1.165268,0.938042,0.879923,1.495919,3.419100,-1.861000,5.280100,-0.391572,0.498161,0.727647,559.443307,2.488414,319.783690,3.730875,4.773466,582.146492,78.878642,40.532480,21.790657,0.306510,3.626963,10.167592,1.158180,1.341382,10.233343,13.140301,7.577738,5.562563,0.438426,-0.516028,0.949238,26180.324768,2.702677,2531.712801,5.025686,4.793430,853.591749,200.152378,79.831704,50.386687,0.389075,3.980563,-3.562208,17.240611,297.238655,17.604772,28.411000,-44.983000,73.394000,-0.605872,-0.102539,13.370254,77481.996003,0.557008,3326.816838,2.444169,3.540375,10985.147385,836.878404,287.268189,189.692718,0.168300,3.265950,33.756560,63.050797,3975.403037,71.518588,171.800000,-77.843000,249.643000,0.587774,-0.699671,53.110533,1278727.090304,0.215177,13212.003490,2.413872,3.905665,32135.938989,2314.068168,789.005402,545.569591,0.190395,3.086977,4.264376,58.865525,3465.150035,59.019784,138.530000,-127.760000,266.290000,0.066072,-0.433840,47.403563,870833.735375,0.204316,11768.059850,3.494041,5.078073,34299.589977,3275.812241,1907.537541,1434.855328,0.323305,3.485744,80.558457,49.178311,2418.506253,94.383109,197.780163,8.706735,189.073428,0.484232,-0.647341,40.543834,2227042.821682,0.270140,20090.581736,3.319247,4.696111,30181.763418,3064.475752,1216.783434,937.572682,0.292785,3.505078,0.182895,0.298610,0.089168,0.350170,0.560480,-0.495970,1.056450,-1.050312,-0.074203,0.239909,30.654715,-2.456586,79.192596,4.916157,6.438122,164.975436,27.928225,18.031725,14.575898,0.508747,3.874730,0.780169,0.078616,0.006180,0.784120,0.927710,0.586350,0.341360,-0.095936,-0.512246,0.062447,153.710946,-36.083798,194.330355,6.442740,7.505702,43.010969,9.034260,5.666961,7.654951,0.544512,4.011367,0.330735,0.140964,0.019871,0.359523,0.730510,0.129180,0.601330,1.221822,1.175988,0.100018,32.314159,-14.129273,82.366475,2.989191,5.597506,62.200533,3.331179,2.718165,2.972623,0.243972,2.975199,0.930643,0.024975,0.000624,0.930978,0.993846,0.835999,0.157847,-0.260998,0.785277,0.019430,216.679820,-145.062428,231.735499,10.822390,7.577443,11.284042,7.794321,5.737780,7.675026,0.785935,4.585243
-1.180932,0.719044,0.517025,1.382615,0.294520,-3.215000,3.509520,-0.309419,-0.196749,0.578107,477.905986,2.987144,297.055736,5.110648,6.043618,430.668027,92.164355,45.208591,35.833847,0.457286,3.933970,9.981719,1.329085,1.766467,10.069816,13.456000,7.282200,6.173800,0.653486,-0.177500,1.064717,25350.296280,2.573168,2485.608800,5.132547,4.785837,868.518657,194.092421,99.749632,48.081100,0.383053,3.870945,1.170230,0.923472,0.852800,1.490717,3.419100,-1.861000,5.280100,-0.325755,0.809027,0.698996,555.559482,2.413309,321.107004,3.628137,4.691342,628.197043,89.051673,41.812993,24.264873,0.303868,3.683906,10.190154,1.302228,1.695798,10.273025,13.503695,7.577738,5.925957,0.582660,-0.223589,1.043074,26383.761747,2.634966,2537.499016,5.101309,4.791204,860.521514,195.185370,99.777791,46.436334,0.384224,3.887135,-4.732048,16.207874,262.695190,16.884533,28.411000,-44.983000,73.394000,-0.668939,0.170155,12.408354,71271.867618,0.550353,3042.720886,2.778768,4.037869,10500.362016,839.490363,399.830559,245.568653,0.216512,3.381320,38.945805,63.051451,3975.485424,74.109791,171.800000,-78.402000,250.202000,0.334621,-0.747983,52.275156,1373065.280763,0.217617,14370.966140,2.216471,3.409237,31409.673046,2458.399920,703.250997,382.962556,0.151925,3.037179,5.440764,64.282490,4132.238512,64.512328,166.750000,-118.420000,285.170000,0.227186,-0.610290,52.633807,1040460.105912,0.192709,13108.183150,2.808197,4.212678,32175.782414,1946.869781,983.852408,727.243935,0.226577,3.149053,87.872201,47.092094,2217.665351,99.695481,197.780163,7.143133,190.637030,0.333174,-0.610428,38.434052,2484797.254293,0.270892,21894.157238,2.436198,3.174975,28874.411222,2411.147720,577.802527,302.284123,0.149421,3.242634,-0.244371,0.403522,0.162830,0.471749,0.524190,-0.782260,1.306450,0.642771,-1.029519,0.352969,55.636820,-0.139271,108.551374,4.155128,6.124861,182.843072,26.255872,15.662408,10.933806,0.428983,3.545158,0.718410,0.106652,0.011375,0.726283,0.895580,0.415660,0.479920,-0.812868,-0.103929,0.086969,131.871854,-20.798621,178.831375,5.892016,7.419432,57.683412,8.461514,6.061362,9.154896,0.456833,3.836141,0.259840,0.208042,0.043281,0.332863,0.730510,-0.106900,0.837410,0.231579,-0.347108,0.162503,27.699507,-4.858331,68.675978,3.632557,5.920416,80.546078,7.970566,5.709154,3.847032,0.343940,3.202248,0.927464,0.025349,0.000643,0.927811,0.993846,0.856593,0.137254,-0.003956,0.308185,0.019692,215.208180,-166.609710,230.963885,10.774669,7.713874,10.814337,6.925487,5.518634,7.525232,0.781229,4.547534
-1.155113,0.587189,0.344791,1.295792,0.260170,-3.215000,3.475170,-0.341934,0.322980,0.467973,419.769366,2.465688,288.848355,4.871725,5.598853,346.593524,80.790494,39.905908,26.235561,0.433446,3.892747,9.971045,1.178602,1.389103,10.040460,13.456000,7.527400,5.928600,0.995104,0.867360,0.873028,25202.709229,2.351885,2482.836500,5.146344,4.690412,742.059762,226.768181,87.370593,38.904233,0.385331,3.900770,0.884999,0.906655,0.822023,1.266983,3.282600,-1.782800,5.065400,-0.695366,1.207295,0.662112,401.311442,2.399849,275.664684,4.279088,5.809441,543.560204,82.861043,43.627054,36.625173,0.386485,3.744281,10.137409,1.152430,1.328095,10.202704,13.503695,7.634658,5.869037,0.991262,0.984360,0.842881,26023.790037,2.322119,2524.224673,5.050286,4.631518,729.948244,218.846959,85.214882,35.006976,0.370848,3.892430,2.357013,13.216801,174.683823,13.425324,32.789000,-24.028000,56.817000,0.541865,-0.143531,10.304945,45059.833653,0.678305,2523.252008,3.304295,4.793789,8839.414640,744.718705,555.791739,233.187892,0.289973,3.559562,-25.662087,60.514842,3662.046127,65.731186,117.230000,-144.820000,262.050000,0.259768,-0.602735,49.659608,1080147.207063,0.208328,13833.354710,2.358386,3.771656,29350.092663,2743.227088,814.118291,413.309786,0.185069,3.076875,-5.614059,56.784265,3224.452797,57.061112,166.750000,-118.420000,285.170000,0.660217,0.366407,44.331538,813992.613639,0.188195,11362.756870,3.239557,4.746946,31013.050808,2362.030025,1526.273222,997.471064,0.291262,3.344760,81.398873,33.630672,1131.022085,88.072689,170.151252,6.941661,163.209592,0.122638,-0.486174,28.182791,1939199.654355,0.298546,20273.926695,2.965309,3.536527,23098.180281,2173.499656,707.503848,342.264505,0.184158,3.443279,-0.398225,0.266279,0.070905,0.479049,0.231850,-0.782260,1.014110,1.036908,0.376997,0.197201,57.372044,-2.509908,110.199477,4.326184,6.132307,134.254815,19.744049,12.202608,10.345293,0.435788,3.635732,0.725141,0.102323,0.010470,0.732324,0.863450,0.415660,0.447790,-1.144686,0.486148,0.079747,134.074697,-24.935838,180.503020,6.289520,7.496213,47.069565,8.479608,6.747340,8.385299,0.479982,3.819525,0.247920,0.263396,0.069377,0.361720,0.670380,-0.106900,0.777280,0.294777,-1.447610,0.235677,32.710372,-5.792744,68.045611,3.034166,5.599093,89.988124,7.366518,4.604091,4.311996,0.285829,2.854389,0.945615,0.049412,0.002442,0.946905,1.068668,0.859662,0.209006,0.735144,-0.482794,0.041293,224.157113,-84.783614,235.456199,8.096932,8.002736,18.580591,6.441730,4.864536,5.568579,0.578587,4.027579
-1.141974,0.498218,0.248221,1.245924,0.147170,-2.504200,2.651370,-0.240657,-0.233153,0.406266,388.081755,2.610931,283.959510,4.214476,5.074028,304.879575,78.204668,23.242794,11.512139,0.353353,3.825968,9.882123,0.872798,0.761776,9.920591,13.219000,6.748000,6.471000,0.291641,2.152553,0.629819,24604.533776,1.843884,2459.532800,5.500264,4.807378,626.982186,226.379258,69.402171,37.546590,0.428643,4.087330,0.844223,0.892736,0.796977,1.228694,2.328900,-1.782800,4.111700,-0.894049,0.597051,0.712342,377.422446,2.792946,265.205607,3.551938,5.015239,473.873814,67.614830,36.022671,16.271793,0.320282,3.523077,10.037959,0.848249,0.719526,10.073736,13.281383,7.130906,6.150477,0.415491,2.106579,0.609579,25370.037977,1.871560,2498.164904,5.587131,4.880302,603.709993,223.294833,70.895832,38.575305,0.438702,4.101279,3.626129,12.986790,168.656703,13.483528,32.789000,-24.028000,56.817000,0.363382,-0.208864,10.335347,45451.378529,0.679745,2625.769901,3.004896,4.426280,8228.813369,681.742750,336.411443,218.499582,0.251994,3.435697,-44.286573,51.493726,2651.603808,67.918365,67.113000,-145.340000,212.453000,0.007249,-0.801878,42.957107,1153226.088227,0.248582,13755.349060,4.200396,5.851403,26449.980300,3594.893623,2143.168309,1578.217491,0.406648,3.601074,-4.545834,40.968897,1678.450494,41.220324,124.030000,-59.225000,183.255000,1.071014,0.641153,33.099530,424778.775457,0.267082,8519.318990,2.093722,2.745429,24185.718002,1136.418295,223.759645,168.440273,0.104251,3.032567,73.201285,33.695651,1135.396911,80.584272,150.206481,5.611070,144.595410,0.278869,-0.597348,27.807872,1623456.242213,0.333849,18250.254170,3.179070,4.059189,22719.928884,2991.132957,1061.695515,455.619523,0.254358,3.576978,0.058089,0.378916,0.143577,0.383343,0.540320,-0.651210,1.191530,-0.465766,-1.292767,0.340306,36.737915,-0.456552,88.097772,4.451448,6.288635,155.516952,23.142376,14.188483,11.737952,0.457581,3.570554,0.799060,0.074518,0.005553,0.802528,0.993980,0.608430,0.385550,0.417869,-0.073457,0.059094,161.012626,-31.993838,198.949840,6.595825,7.529198,33.536818,9.336333,4.991792,6.434569,0.493331,3.858208,0.287198,0.249248,0.062125,0.380273,0.670380,-0.111360,0.781740,-0.017030,-1.289213,0.208140,36.151860,-5.859935,77.573464,2.332024,5.136946,78.229098,3.907829,2.350044,2.715487,0.172425,2.326268,0.966358,0.041970,0.001761,0.967269,1.068668,0.873380,0.195288,0.137529,-0.308483,0.033215,233.902401,-91.912864,240.673729,8.437202,7.825605,17.444591,8.408112,4.635507,4.898032,0.593441,4.157366
-1.142038,0.561199,0.314944,1.272476,0.147170,-2.829700,2.976870,-0.488429,-0.057090,0.451339,404.798690,2.617632,284.522670,4.163617,5.120608,340.688336,78.937957,18.558099,14.341772,0.349072,3.753677,9.894076,0.906399,0.821558,9.935507,12.179000,6.748000,5.431000,-0.060081,0.937324,0.699977,24678.572609,2.277979,2463.123000,4.947861,4.224140,653.494973,217.916489,60.932676,29.551781,0.343313,3.991292,1.005300,0.858307,0.736691,1.321862,2.390000,-1.260800,3.650800,-0.773677,0.020197,0.698058,436.829856,3.012476,291.431885,3.730627,5.181685,494.629522,72.203272,33.092112,21.778092,0.340384,3.609107,10.063969,0.892937,0.797337,10.103505,12.592561,7.130906,5.461655,0.126810,0.975822,0.686071,25520.201155,2.239339,2505.413411,4.946011,4.259235,647.318071,218.728388,60.619079,30.266646,0.344923,4.003524,2.517410,12.789074,163.560423,13.034484,40.212000,-22.583000,62.795000,0.674271,0.532274,10.093115,42474.443574,0.618831,2510.224399,3.689618,5.101460,7971.396396,875.371579,463.666800,334.180500,0.337228,3.620130,-41.194252,58.049436,3369.737004,71.180780,83.053000,-149.580000,232.633000,-0.106359,-0.909777,48.947532,1266675.853845,0.230093,14064.992360,2.487491,3.838077,31785.399256,2759.586015,791.053307,549.027586,0.200013,3.203971,-5.816949,46.766728,2187.126848,47.127102,124.030000,-92.620000,216.650000,0.690903,-0.173770,38.954006,555240.934430,0.237569,9966.880650,2.577483,3.802736,27500.655872,1530.594479,704.418216,521.007620,0.198628,3.198854,78.253851,36.522593,1333.899808,86.357194,153.238443,5.611070,147.627372,0.293145,-0.895326,30.982809,1864391.231849,0.330618,19477.072639,3.085439,4.175801,24670.397200,3027.183134,876.343541,576.670448,0.253784,3.554066,0.030629,0.433725,0.188117,0.434805,0.540320,-0.739920,1.280240,-0.502771,-1.400254,0.395249,47.263805,-0.038798,100.270205,3.879554,5.930498,179.206778,23.199348,14.343242,10.797817,0.396026,3.402757,0.787044,0.100017,0.010003,0.793374,0.993980,0.502010,0.491970,-0.589422,0.410262,0.076938,157.360552,-19.440871,196.003045,5.417659,7.000118,46.265811,8.518054,5.978226,5.237997,0.425961,3.670450,0.042165,0.206382,0.042593,0.210645,0.478840,-0.318490,0.797330,0.115275,-1.111376,0.176454,11.092827,-5.039378,43.177057,4.201637,6.099677,76.851189,10.945981,6.852592,5.051891,0.412923,3.406062,0.928091,0.038931,0.001516,0.928907,1.007223,0.832542,0.174680,-0.098749,-0.841559,0.032998,215.717183,-107.694117,231.084450,8.917360,7.686694,14.312729,7.772827,5.344090,4.570061,0.641497,4.219674
-1.198778,0.701768,0.492478,1.389081,-0.111170,-3.007600,2.896430,-0.743334,-0.099050,0.560379,482.386830,3.105628,297.319420,4.338473,5.292395,402.789585,87.894614,40.374984,20.939398,0.375272,3.772570,9.934244,1.062316,1.128516,9.990881,13.418000,7.804300,5.613700,0.647838,0.377033,0.840070,24954.427996,2.512238,2472.151900,5.420614,5.116264,712.817161,194.402007,88.876910,56.067172,0.431823,4.005127,1.013484,0.842395,0.709629,1.317869,2.605200,-1.260800,3.866000,-0.787945,0.344852,0.657403,434.194870,2.889283,293.279076,4.017492,5.455915,527.941290,66.769511,40.549309,27.983661,0.356248,3.692851,10.118195,1.051743,1.106163,10.172710,13.721157,8.088616,5.632540,0.749962,0.544586,0.825033,25871.009696,2.468157,2517.764783,5.354293,5.062823,711.309939,196.710135,91.106607,54.202378,0.428716,4.012321,-0.353104,13.953528,194.700956,13.957996,40.212000,-22.865000,63.077000,0.718380,0.391316,11.093014,48706.409604,0.620635,2773.925688,2.662822,3.803571,8903.154580,746.329785,241.873535,214.262863,0.190317,3.366822,-26.853824,65.086104,4236.200904,70.408300,99.643000,-149.580000,249.223000,0.019212,-0.959373,54.258799,1239332.193978,0.219064,14917.764840,2.179044,3.272596,34042.242115,2589.073865,627.449446,410.006069,0.147660,3.070073,-4.712707,56.261412,3165.346437,56.458445,157.980000,-100.330000,258.310000,0.793377,0.467049,43.838787,796889.011881,0.205410,11140.671560,2.102329,2.876962,29423.989604,1560.370992,395.326300,190.398908,0.109041,2.895732,83.679054,36.572208,1337.526362,91.322015,171.118232,2.739465,168.378767,0.428968,-0.700975,30.522758,2084927.615463,0.292674,20878.666237,3.165879,4.152760,24534.905021,3694.559141,747.571368,634.078602,0.255176,3.574436,-0.394968,0.292308,0.085444,0.491369,0.475810,-0.780240,1.256050,1.388279,1.353089,0.210293,60.360879,-1.036098,114.654225,4.419156,6.237162,142.520669,21.634300,12.786851,11.043252,0.445795,3.635169,0.733020,0.099802,0.009961,0.739783,0.867470,0.477910,0.389560,-0.724696,-0.546899,0.083993,136.819780,-28.189785,182.453845,6.096359,7.348799,46.696327,7.989850,6.777775,7.017677,0.475806,3.799077,-0.046387,0.126668,0.016045,0.134894,0.218260,-0.318490,0.536750,-0.181490,-0.351014,0.100029,4.549130,-14.260395,26.469919,3.029044,5.674192,54.387598,3.080998,2.366389,2.553890,0.242702,2.967781,0.897944,0.024804,0.000615,0.898287,0.962784,0.819254,0.143530,-0.171469,-0.001725,0.020167,201.729789,-159.466105,223.593018,9.351472,7.610879,12.438744,6.502721,5.044656,5.193590,0.734191,4.469348
-1.249357,0.674026,0.454311,1.419579,-0.111170,-3.007600,2.896430,-0.650472,-0.050221,0.528329,503.801106,3.082265,310.891460,4.253020,5.188411,394.904089,101.282378,40.208634,19.800726,0.361132,3.783032,9.929126,1.060375,1.124395,9.985587,13.418000,7.892200,5.525800,0.742619,0.351847,0.831113,24927.984597,2.560428,2471.903600,5.446530,5.108675,716.495955,192.426628,84.083720,56.080779,0.443437,4.016405,0.648795,0.930650,0.866110,1.134480,2.784200,-1.351100,4.135300,-0.058159,-0.408298,0.746906,321.761306,3.025474,228.606267,3.584379,5.052531,524.541627,58.432876,41.331245,25.308633,0.308178,3.541434,10.094613,1.054982,1.112986,10.149591,13.721157,8.227390,5.493767,0.803523,0.441205,0.822650,25753.547008,2.514422,2513.105225,5.364044,5.069843,719.890736,196.348832,85.881755,54.682806,0.433739,4.019403,0.990824,15.257302,232.785272,15.289441,36.021000,-36.725000,72.746000,0.047387,-0.419089,12.402430,58441.751156,0.562374,3100.986470,2.921735,4.312944,9347.337769,768.334734,329.019310,263.093682,0.242718,3.386004,-35.382407,72.235194,5217.923299,80.435303,99.643000,-186.840000,286.483000,-0.320686,-0.636895,57.924320,1617459.504492,0.194609,15769.239030,2.334336,3.736403,37247.419929,2906.308231,921.923460,597.511740,0.181499,3.117477,-3.435753,55.848726,3119.080233,55.954308,157.980000,-100.330000,258.310000,0.775938,0.429553,43.798794,782721.158114,0.205554,11032.889750,3.029821,4.398504,31880.592419,2513.145206,1172.125735,860.369081,0.252760,3.286407,88.778189,44.191887,1952.922873,99.168995,190.740206,2.739465,188.000741,0.677519,-0.446986,35.659398,2458622.413761,0.268795,22107.055137,3.055635,4.195847,29543.247035,3423.711036,1004.744199,701.321964,0.238448,3.521049,-0.260371,0.349641,0.122249,0.435938,0.417340,-0.780240,1.197580,0.597327,-1.013763,0.298928,47.510457,-0.210193,98.943540,4.226535,6.099166,173.773241,25.148839,15.765358,11.407001,0.431170,3.610030,0.763197,0.086937,0.007558,0.768133,0.871490,0.477910,0.393580,-1.251744,0.984426,0.067016,147.506923,-32.592276,189.999060,6.390907,7.422148,48.102285,8.794604,7.371548,7.361387,0.530141,3.998751,0.209283,0.265198,0.070330,0.337831,0.694880,-0.120270,0.815150,0.388116,-1.337565,0.237746,28.532391,-4.264361,63.258413,2.549102,5.259857,91.489623,5.065092,3.402834,2.754750,0.222076,2.636233,0.943229,0.067214,0.004518,0.945621,1.102820,0.819254,0.283566,0.783246,-0.442097,0.055392,223.549771,-52.829028,234.867735,7.211470,7.867380,25.871624,6.374326,5.208683,5.628153,0.533342,3.874519
-1.086102,0.557295,0.310577,1.220736,0.321410,-2.617200,2.938610,-0.252071,-0.061005,0.447514,372.548881,2.667412,272.124512,5.967387,6.213969,372.873542,134.560899,54.666991,37.097693,0.556177,4.206420,9.901527,1.059509,1.122560,9.958052,12.910000,7.101500,5.808500,0.531570,0.482845,0.818050,24790.700182,2.380097,2465.199750,5.234993,4.654915,702.471465,216.851529,79.964864,38.910478,0.390345,3.961742,0.525887,0.859083,0.738023,1.007264,2.784200,-1.351100,4.135300,0.047459,-0.002125,0.669780,253.645183,2.894241,200.627364,3.106693,4.342286,494.936441,61.189199,30.291276,15.946727,0.243615,3.444198,10.029042,1.042063,1.085896,10.083034,13.019818,7.438061,5.581758,0.601452,0.398539,0.803719,25416.894245,2.385229,2496.900678,5.255917,4.761514,703.250132,213.863853,80.744665,38.962278,0.405661,3.990406,2.342399,15.382344,236.616506,15.559670,36.021000,-36.725000,72.746000,-0.083317,-0.491157,12.540481,60525.834962,0.561544,3189.402899,2.532248,3.564495,9833.340329,832.811832,314.465474,143.233899,0.173809,3.300324,-35.053163,76.248184,5813.785557,83.919663,128.660000,-186.840000,315.500000,-0.028163,-0.441428,60.230508,1760627.442595,0.178204,16365.189310,4.050373,5.649870,42277.298244,6287.020475,2904.963035,2351.792297,0.400014,3.656829,-3.335926,39.826626,1586.160131,39.966092,87.138000,-85.484000,172.622000,0.444152,-0.545955,32.709911,399322.132835,0.289011,8273.007230,2.455929,3.691591,22424.045577,1319.054743,527.674931,405.774560,0.174831,3.107157,81.937369,46.563604,2168.169216,94.243841,190.740206,3.325153,187.415053,0.605050,-0.444589,37.811854,2220475.410392,0.272889,20395.455480,4.008062,5.291636,27562.328096,4559.444887,1923.273572,1331.989914,0.379903,3.711876,0.153065,0.320295,0.102589,0.354990,0.465730,-0.625000,1.090730,-1.273432,0.278481,0.250582,31.504473,-3.393542,81.644145,3.889255,5.879637,153.181223,18.758617,12.355845,8.946183,0.387793,3.493264,0.814482,0.053105,0.002820,0.816211,0.913650,0.678710,0.234940,-0.183859,-0.761555,0.044431,166.550289,-67.763436,202.834365,7.988897,7.865156,25.703496,7.440625,5.599197,7.231296,0.571574,4.144870,0.265862,0.229434,0.052640,0.351173,0.694880,-0.120270,0.815150,0.229905,-1.115732,0.197472,30.830595,-2.960233,70.091344,4.053739,6.079889,101.564434,13.149342,7.736165,6.676793,0.408945,3.465381,0.955008,0.059176,0.003502,0.956839,1.102820,0.849003,0.253817,0.866868,-0.117357,0.047094,228.885357,-65.143245,237.865530,7.850777,8.010160,26.111069,6.911414,5.665879,6.961508,0.611576,4.100767
-1.090061,0.722187,0.521553,1.307588,0.321410,-3.294400,3.615810,-0.801678,0.505034,0.580709,427.446370,2.704357,273.764416,4.593142,5.569278,453.591608,104.124394,43.042157,27.522250,0.410332,3.870880,9.952082,1.240559,1.538986,10.029103,13.762000,7.101500,6.660500,0.642470,0.240644,0.971696,25145.728512,2.313799,2476.217400,5.279117,4.828569,855.050303,291.329075,88.781319,47.693869,0.393927,4.013175,1.075489,0.716767,0.513755,1.292451,2.744000,-0.614870,3.358870,-0.151949,-0.349711,0.577555,417.607678,3.104117,281.467570,3.717733,4.612716,477.823717,67.802741,41.098410,19.881328,0.301387,3.704198,10.123798,1.213196,1.471845,10.196231,13.832862,7.438061,6.394801,0.652098,0.102483,0.961759,25990.782561,2.427983,2519.098457,5.220415,4.837358,846.525244,283.037570,86.469638,47.801624,0.401877,4.021212,-3.344480,11.336163,128.508593,11.819228,26.837000,-25.688000,52.525000,0.079215,-0.725197,9.646893,34923.535286,0.718117,2418.575274,3.363835,4.481257,7456.734074,1007.683205,436.884971,247.395527,0.276244,3.598889,35.357651,74.439474,5541.235305,82.409944,175.510000,-120.250000,295.760000,0.046411,-0.959059,63.017489,1697849.702243,0.190147,16640.196520,2.389289,3.624254,35088.753714,4117.201409,934.416133,460.146585,0.175996,3.093536,6.261761,50.878377,2588.609240,51.262256,124.320000,-105.240000,229.560000,0.216735,-0.400425,40.544855,656954.721368,0.229598,9970.020750,3.426255,5.026343,28791.358536,2459.834522,1521.411897,1097.303084,0.315300,3.438913,85.161177,48.025887,2306.485814,97.769688,192.546211,3.325153,189.221058,0.337962,-0.923795,40.766612,2389727.958897,0.272885,21179.504322,3.607644,4.942849,28716.780674,4023.868379,1668.555633,1104.061728,0.310506,3.562563,0.111766,0.329741,0.108729,0.348168,0.465730,-0.625000,1.090730,-0.870479,-0.657461,0.282678,30.305265,-2.238196,79.799304,4.933764,6.493487,143.870323,24.516671,16.898068,13.509105,0.501525,3.714499,0.773534,0.084744,0.007181,0.778162,0.913650,0.592370,0.321280,-0.097032,-1.210384,0.074338,151.384207,-38.132435,192.587395,6.167934,7.480157,43.250708,8.160471,5.860946,6.073087,0.515010,3.921746,0.305612,0.242346,0.058731,0.390039,0.708240,-0.048998,0.757238,0.375938,-1.336733,0.214339,38.032616,-5.986436,77.379736,2.127380,4.722827,87.032777,3.701065,2.391458,2.700086,0.163097,2.490220,0.937110,0.026715,0.000714,0.937490,1.002972,0.858766,0.144206,-0.019230,0.048576,0.020851,219.722088,-153.800636,233.326246,10.709035,7.860402,10.219580,6.853559,5.128283,5.882562,0.723257,4.457713
-1.110001,0.714031,0.509841,1.319827,0.298660,-3.294400,3.593060,-0.706833,0.569698,0.564807,435.485695,2.737545,279.480839,4.806242,5.866592,447.300643,80.229743,41.380899,29.960795,0.434974,3.880934,9.956678,1.210086,1.464309,10.029943,13.762000,7.223100,6.538900,0.569478,0.052583,0.959842,25149.938325,2.379517,2479.786400,4.988846,4.680133,856.976674,243.311519,91.382474,37.310208,0.378179,3.978295,1.352233,0.705599,0.497870,1.525255,2.744000,-0.614870,3.358870,-0.562164,0.167197,0.564296,581.600791,2.853123,347.382199,4.433252,5.233915,484.157387,94.917103,49.156977,27.217661,0.399540,3.895405,10.161710,1.186489,1.407757,10.230743,13.832862,7.543528,6.289334,0.504879,-0.061981,0.946349,26167.024811,2.476518,2530.880457,4.929444,4.680684,845.117016,233.744908,90.537844,38.560685,0.382676,3.978246,-1.337910,11.436805,130.800513,11.514796,24.312000,-25.688000,50.000000,-0.057485,-0.472695,9.188883,33147.629163,0.754141,2281.003585,3.206010,4.330792,7032.657515,838.524888,402.667776,194.497796,0.255572,3.506134,38.543531,73.337827,5378.436834,82.849506,175.510000,-102.620000,278.130000,0.012914,-0.930014,61.856167,1716010.157825,0.200211,16533.388600,3.394557,5.046865,36039.708463,3807.738980,1793.306588,1394.908011,0.321440,3.402610,3.836617,65.017922,4227.330216,65.131021,126.380000,-118.030000,244.410000,0.054950,-0.921314,54.050581,1060512.462105,0.223376,13493.007072,2.052493,3.166832,33816.242279,1013.575510,411.374955,315.270667,0.113425,2.862890,94.973753,47.102730,2218.667213,106.012645,192.546211,6.990258,185.555952,-0.034728,-1.023496,40.469289,2809670.249093,0.278197,23655.402804,3.808635,5.046076,31724.970792,4230.121091,1761.938697,1322.049062,0.353870,3.706160,-0.340879,0.329139,0.108332,0.473847,0.415320,-0.796370,1.211690,0.810678,-0.431638,0.267984,56.132698,-0.323764,107.011009,4.500592,6.317611,160.608565,24.424711,14.723244,12.266442,0.464650,3.688306,0.706956,0.109919,0.012082,0.715450,0.885540,0.355420,0.530120,-0.782010,0.483559,0.086360,127.967219,-17.259480,175.960865,5.421708,7.046577,50.757004,8.597427,6.075861,4.508451,0.436537,3.658281,0.305452,0.252063,0.063536,0.396026,0.708240,-0.169270,0.877510,0.184625,-1.292900,0.222142,39.209194,-3.652373,79.106928,3.962616,5.967156,116.932429,14.503788,9.159514,7.511065,0.405791,3.501185,0.944842,0.022579,0.000510,0.945112,1.002972,0.882292,0.120680,0.098914,-0.180022,0.018033,223.309111,-199.183819,235.288539,10.168252,7.728040,8.973717,6.935423,4.536280,3.897646,0.738689,4.456690
-1.010593,0.757555,0.573889,1.263008,0.936250,-2.759900,3.696150,-0.047148,-0.402601,0.625409,398.797016,2.954201,267.139830,4.574054,5.470464,491.785215,88.813466,41.861749,30.485666,0.405713,3.863593,9.927598,1.240111,1.537875,10.004752,13.130000,7.223100,5.906900,0.441946,-0.499659,1.012769,25023.767170,2.631395,2471.527000,5.969034,5.512330,825.178360,277.071345,108.834733,76.777358,0.513600,4.119217,1.344146,0.807536,0.652114,1.568070,2.861500,-1.914400,4.775900,-1.410346,3.094250,0.580755,614.710971,2.198509,362.341870,3.861367,4.813630,519.489823,95.195127,39.764575,21.267941,0.318188,3.721088,10.133627,1.207765,1.458696,10.205347,13.175288,7.543528,5.631760,0.400485,-0.530440,0.979930,26037.275157,2.730284,2522.951525,5.903582,5.538273,813.986625,262.690934,106.584821,75.523885,0.516205,4.125040,-1.347301,15.072418,227.177797,15.132515,26.847000,-34.828000,61.675000,-0.277028,-0.636648,12.119593,57248.254300,0.652081,3001.341165,2.736161,3.932992,9240.629644,833.904418,358.723629,226.753679,0.207861,3.341940,33.631166,70.805612,5013.434752,78.386798,172.250000,-100.170000,272.420000,0.187468,-0.885423,59.378474,1536122.519036,0.203102,15195.420290,2.974914,4.612788,38186.360067,3426.024905,1504.574531,1134.636925,0.264667,3.336950,1.240741,64.737573,4190.953378,64.749462,143.280000,-118.030000,261.310000,0.133484,-0.853254,53.874013,1048123.203758,0.210383,13410.047892,3.657672,5.243054,36983.236942,3842.576764,2115.176006,1649.699568,0.354378,3.543842,91.192987,47.432214,2249.814949,102.790933,204.794866,6.990258,197.804607,0.161619,-0.849216,40.004359,2641493.977094,0.262585,22715.566636,4.424995,5.589062,30913.701285,5419.626338,2404.199081,1846.294933,0.426692,3.850080,-0.259863,0.415691,0.172799,0.490232,0.564520,-0.796370,1.360890,0.762060,-0.818040,0.350240,60.081853,-0.177078,114.519156,3.734629,5.971009,183.520901,20.281247,12.507341,10.458977,0.378931,3.355025,0.754434,0.122057,0.014898,0.764243,0.921690,0.355420,0.566270,-1.270703,1.013722,0.094724,146.016990,-16.108734,187.830290,5.298342,6.983063,66.800349,9.849633,6.830484,6.638862,0.435039,3.768080,0.073408,0.214602,0.046054,0.226810,0.476610,-0.247220,0.723830,0.153190,-1.224510,0.187810,12.860694,-5.815918,47.451013,2.446603,5.057197,81.879766,3.787388,2.595290,2.837432,0.193785,2.663391,0.935412,0.029025,0.000842,0.935862,1.010802,0.860887,0.149915,0.264393,-0.081747,0.023171,218.959537,-143.707415,232.920197,10.079107,8.016634,12.417886,7.093087,5.277137,5.286256,0.723097,4.426629
-1.125785,0.729176,0.531698,1.341301,0.936250,-2.759900,3.696150,0.234767,-0.185710,0.594381,449.772171,2.784499,292.396822,4.496432,5.553031,462.199891,81.319749,36.263330,28.161451,0.378635,3.812865,9.932205,1.115063,1.243366,9.994601,13.130000,7.248900,5.881100,0.642887,-0.240832,0.908097,24973.014650,2.350440,2472.635600,5.599851,5.087855,792.494252,251.197888,96.053953,64.915174,0.455432,4.097602,1.320456,0.852804,0.727275,1.571903,2.879300,-1.914400,4.793700,-1.109272,2.022115,0.639918,617.719964,2.391571,355.760040,3.633820,4.758897,537.117598,85.030588,36.711057,19.574602,0.299972,3.628593,10.149750,1.069861,1.144603,10.205980,13.175288,7.864531,5.310757,0.639513,-0.259096,0.860050,26040.506784,2.657916,2526.771961,5.594961,5.111095,765.510948,234.517769,93.996047,63.504653,0.456196,4.097527,-2.587700,13.956410,194.781386,14.194280,26.847000,-34.828000,61.675000,-0.252020,-0.351591,10.704855,50369.394018,0.638828,2695.339070,2.740077,3.983390,8499.513398,661.596822,304.112179,224.366168,0.208845,3.321552,33.898571,64.931927,4216.155106,73.247991,172.250000,-115.440000,287.690000,0.207388,-0.291735,51.952626,1341317.054806,0.189925,13700.525410,2.339013,3.802850,32622.146589,2440.257768,712.948935,555.388708,0.180037,3.070964,7.284103,56.376167,3178.272239,56.844792,143.280000,-95.422000,238.702000,0.166539,-0.573087,45.295338,807832.598330,0.223263,11543.991320,2.880389,4.165218,30314.723038,1972.828254,910.123386,710.690408,0.234446,3.248677,80.778285,47.675411,2272.944857,93.798061,204.794866,3.982641,200.812225,0.506308,-0.500865,38.838034,2199519.047154,0.257054,20160.932853,2.488886,3.385547,29777.502661,2918.257339,706.288637,321.287181,0.156403,3.292751,0.190451,0.316804,0.100365,0.369644,0.564520,-0.540320,1.104840,-1.058137,-0.260864,0.258168,34.159198,-2.560497,86.664246,4.734919,6.495788,160.873255,23.918431,15.471260,13.097889,0.484744,3.739988,0.799936,0.067176,0.004513,0.802751,0.933730,0.634540,0.299190,0.046577,-1.096177,0.058662,161.102414,-45.871510,199.217855,7.723473,7.788930,30.441593,8.655088,6.564676,7.310964,0.578295,4.081598,0.169684,0.240516,0.057848,0.294347,0.476610,-0.247220,0.723830,-0.619470,-1.231768,0.211713,21.660106,-9.576012,68.482174,4.225847,6.181119,112.301079,15.694367,9.516831,7.981293,0.433117,3.574349,0.931019,0.029830,0.000890,0.931497,1.010802,0.854713,0.156090,0.365419,0.111322,0.023201,216.921719,-137.926701,231.826666,10.621533,7.809214,12.349990,7.801120,6.749726,6.981952,0.748315,4.492514
-1.079628,0.982664,0.965628,1.459872,0.929550,-6.171800,7.101350,-1.265423,4.114578,0.717518,532.806327,1.709718,287.275274,5.891294,6.372577,666.916839,143.102866,76.111451,82.489087,0.538677,4.117277,9.889440,0.974994,0.950613,9.937386,12.320000,7.631000,4.689000,0.484584,-0.273340,0.774487,24687.911199,2.795164,2463.068800,5.527615,4.978634,680.406796,217.248294,88.218047,52.230356,0.414145,4.055149,1.287755,0.858870,0.737658,1.547892,2.915200,-3.039000,5.954200,-1.295849,4.699944,0.627479,598.992588,1.909547,346.316310,4.170147,4.518687,578.841267,145.032895,51.675351,23.590283,0.341546,3.870156,10.116176,0.970480,0.941832,10.162620,12.884974,7.934563,4.950411,0.403029,-0.279416,0.774143,25819.710114,2.726908,2519.501609,5.777867,5.228318,674.068399,213.254580,96.775477,65.657674,0.462803,4.101802,-2.883486,10.890967,118.613157,11.266217,18.714000,-32.907000,51.621000,-0.490082,0.471058,8.113005,31731.912734,0.717179,2098.850275,3.434657,4.565975,6737.410827,677.996321,387.411405,247.643382,0.285223,3.543782,33.090147,59.158997,3499.786984,67.784547,168.670000,-115.440000,284.110000,0.098734,-0.114787,47.842536,1148686.209674,0.191056,12832.833470,2.797436,4.110476,32609.813505,3737.907970,861.897899,634.701581,0.227028,3.339832,9.255540,55.194330,3046.414041,55.964981,145.210000,-83.352000,228.562000,0.319753,-0.627122,44.314805,783019.763471,0.229938,11428.558900,2.415158,3.224009,32214.228018,2293.549000,442.131069,458.603351,0.145582,3.193291,77.295488,43.349269,1879.159081,88.621394,172.298723,3.982641,168.316083,0.355731,-0.832876,35.765233,1963437.885879,0.299616,19299.752135,2.726166,3.282678,28918.187381,2919.453846,738.430032,398.400350,0.169449,3.410675,0.111339,0.349866,0.122406,0.367154,0.489920,-0.661290,1.151210,-0.955203,-0.554030,0.290862,33.700565,-1.628677,84.628984,3.874004,6.058706,147.175253,17.338719,11.732194,8.502679,0.379121,3.327426,0.742747,0.098718,0.009745,0.749279,0.933730,0.495980,0.437750,-0.207514,-0.362706,0.078701,140.354619,-22.139921,184.874520,6.299490,7.366233,49.665288,10.967196,7.692915,7.945023,0.522442,3.937781,0.398343,0.127253,0.016193,0.418175,0.683740,0.193760,0.489980,0.486201,-0.634940,0.104822,43.717640,-17.808329,99.330775,3.286457,5.955462,53.452235,3.833794,2.464728,3.214119,0.277494,3.013882,0.933085,0.021056,0.000443,0.933323,0.977708,0.854713,0.122995,-0.574322,0.518296,0.016782,217.772824,-203.173669,232.335556,11.977639,7.110571,6.684505,8.793987,6.113560,6.543122,0.821052,4.632821
-1.097777,1.193433,1.424282,1.621541,1.450400,-6.171800,7.622200,-0.705750,1.182311,0.929936,657.349099,2.023189,312.556828,5.315435,5.382451,684.223428,200.066590,137.791294,43.881648,0.459225,4.010437,9.978381,1.132847,1.283342,10.042481,13.552000,7.631000,5.921000,0.616479,0.134112,0.884512,25212.856296,2.449121,2482.621200,5.002310,4.743107,764.865228,230.156310,78.496376,47.668411,0.384308,3.955397,1.244485,0.780152,0.608637,1.468802,2.915200,-3.039000,5.954200,-1.775627,7.382121,0.528125,539.344958,1.706318,335.406640,4.321562,4.561785,553.962541,147.185471,52.380751,22.355143,0.350083,3.938188,10.214400,1.142033,1.304239,10.278045,13.647095,7.839742,5.807353,0.472048,-0.018232,0.903065,26409.550354,2.584687,2541.466592,5.192836,4.846210,758.575491,231.932449,101.303121,51.330372,0.415666,3.997780,-4.158163,11.046639,122.028240,11.803328,17.477000,-32.907000,50.384000,-0.683682,-0.126499,8.906887,34829.639876,0.733846,2223.388549,3.170965,4.272438,6734.870984,621.134993,332.189082,225.872957,0.239649,3.446309,34.545031,62.719827,3933.776751,71.604022,168.670000,-101.070000,269.740000,0.078447,-0.816034,53.764867,1281783.980738,0.202466,14321.092820,2.844116,3.988910,32839.057523,4063.822008,1060.972347,595.885847,0.224389,3.307066,4.812661,59.896300,3587.566712,60.089337,145.210000,-113.790000,259.000000,0.171944,-0.583505,48.415095,902682.103893,0.210083,12085.179310,2.279107,3.066759,32339.065445,2115.876084,504.703107,358.719077,0.124695,3.060964,84.624847,41.422435,1715.818093,94.218803,172.298723,8.342485,163.956238,0.211702,-0.949537,35.017878,2219295.724508,0.307331,21122.467183,2.969780,3.587071,29388.607318,3198.089380,809.915759,467.315643,0.199156,3.523961,-0.303774,0.334135,0.111646,0.451580,0.455650,-0.796370,1.252020,0.807862,-0.461639,0.263706,50.981115,-0.876466,103.522189,4.500225,6.293032,151.303608,24.222101,14.521710,11.404992,0.463228,3.634972,0.717791,0.108705,0.011817,0.725976,0.901610,0.455820,0.445790,-0.392187,-0.597819,0.089628,131.760227,-21.018904,178.671665,5.589496,7.098508,57.055262,9.903565,6.605192,7.525405,0.467447,3.806250,0.249996,0.251975,0.063491,0.354950,0.683740,-0.126950,0.810690,0.118324,-1.406479,0.227350,31.497327,-3.946212,69.749504,3.916365,5.985707,99.540614,12.946120,7.877086,6.168206,0.393443,3.384829,0.925434,0.022933,0.000526,0.925718,0.977708,0.851628,0.126080,-0.157114,-0.173862,0.018411,214.238669,-188.468491,230.446162,10.759119,7.382340,9.340719,8.176038,5.471064,6.346897,0.810755,4.588820
-1.146389,0.869265,0.755622,1.438690,1.450400,-4.102300,5.552700,-0.106404,0.861968,0.664389,517.457257,2.232400,304.925894,5.730479,6.140928,553.638941,178.346257,86.117371,54.633332,0.554793,4.146184,9.968970,1.045098,1.092231,10.023602,13.552000,7.724900,5.827100,0.813681,0.599690,0.822531,25118.150381,2.343494,2482.523100,4.954014,4.525017,703.770234,199.617096,75.792154,35.556110,0.360341,3.931481,0.909109,0.841932,0.708849,1.239084,2.353100,-1.229200,3.582300,-0.569938,-0.413430,0.691752,383.831985,3.180691,269.865878,3.262409,4.522792,511.128955,68.215928,36.673513,16.469201,0.264713,3.535475,10.148127,1.045598,1.093274,10.201851,13.647095,7.839742,5.807353,0.760408,0.560921,0.825659,26019.439624,2.400816,2526.805753,5.000528,4.677001,710.119304,194.534914,79.247694,37.078887,0.380329,3.953793,1.974059,12.753547,162.652951,12.905420,30.032000,-24.535000,54.567000,0.194731,-0.512878,10.268924,41637.465037,0.704036,2555.860280,3.243283,4.750829,7202.811473,827.260272,346.244252,238.972705,0.266860,3.452742,-24.080999,68.546247,4698.588044,72.653166,109.770000,-143.030000,252.800000,0.148704,-0.874923,55.269561,1319620.638274,0.215776,15037.610570,2.179668,2.843283,37164.016584,4655.456249,606.761987,221.061658,0.107206,3.143195,-5.090893,54.147489,2931.950577,54.386283,132.710000,-113.790000,246.500000,0.434481,-0.118669,42.909713,739466.942651,0.215366,10873.219280,2.392457,3.617482,29111.372173,1465.355803,695.927103,484.497012,0.172699,3.047094,83.701320,37.376318,1396.989152,91.667334,146.503670,8.342485,138.161185,-0.161616,-1.227265,32.443100,2100725.045963,0.353492,20892.806216,2.963520,3.506377,25612.867343,3281.535991,913.473990,391.091716,0.194106,3.509387,-0.417299,0.225693,0.050938,0.474421,0.145160,-0.796370,0.941530,0.923537,0.550782,0.166030,56.268907,-4.025754,108.964734,4.750949,6.395131,117.607684,19.105359,11.031894,10.447754,0.469388,3.751534,0.761100,0.098448,0.009692,0.767441,0.909640,0.455820,0.453820,-1.161490,0.938656,0.077025,147.241348,-24.188272,189.483865,6.119319,7.267225,52.227501,10.116463,7.819055,7.769074,0.498597,3.931855,0.181782,0.273732,0.074929,0.328594,0.812920,-0.126950,0.939870,1.100262,-0.178776,0.221708,26.993495,-4.881543,53.563479,2.987820,5.529313,100.227473,8.327829,5.122105,4.425477,0.288887,2.884683,0.957120,0.077053,0.005937,0.960216,1.143093,0.851628,0.291466,1.178960,-0.018022,0.062651,230.503750,-59.186883,238.299736,6.922659,7.704513,29.790409,7.898156,6.064104,6.154636,0.543942,3.879830
-1.140662,0.630768,0.397868,1.303449,-0.181550,-3.106800,2.925250,-0.983347,0.329694,0.506048,424.744671,2.692655,284.430445,4.859210,5.491722,392.490258,111.277717,40.573202,24.784416,0.430709,3.963628,9.917478,0.833846,0.695299,9.952470,12.239000,8.220500,4.018500,0.515559,-0.307629,0.685982,24762.917224,2.935942,2469.397050,6.169163,5.416174,580.204046,215.059891,90.840493,45.922143,0.515019,4.200314,0.897781,0.864092,0.746656,1.246061,2.735500,-1.229200,3.964700,-0.361653,-0.413644,0.691370,388.166798,3.027474,267.029548,3.200967,4.424644,489.875623,64.850204,29.928218,14.170041,0.264894,3.484884,10.081378,0.817999,0.669122,10.114510,12.404717,8.532059,3.872659,0.517243,-0.265723,0.668450,25575.828694,2.940692,2510.247867,6.246876,5.470365,562.186908,210.049750,91.414389,46.150317,0.510965,4.191354,2.903872,12.434690,154.621517,12.769260,30.032000,-21.099000,51.131000,0.204448,-0.735074,10.273986,40763.497901,0.754153,2581.241954,2.883552,3.849362,7487.116578,764.930855,290.750215,153.063711,0.216470,3.414962,-41.470751,53.861936,2901.108189,67.977433,57.085000,-143.030000,200.115000,-0.302534,-0.994639,45.799269,1155232.848626,0.259922,13180.815550,3.102695,4.291788,29977.690456,5027.251809,1012.358669,749.049435,0.267471,3.462536,-8.512568,46.804341,2190.646356,47.572158,125.200000,-95.310000,220.510000,1.028269,0.499845,37.040616,565777.543948,0.230117,9780.959338,3.603057,5.014230,27110.603323,2855.489470,1380.522436,1036.908024,0.333250,3.518852,74.286554,39.097359,1528.603469,83.946981,146.503670,12.044504,134.459166,0.167288,-1.204925,33.971758,1761773.890474,0.363154,18498.627417,3.286868,4.517745,25488.672891,3413.764664,799.065067,848.826694,0.272801,3.560183,-0.000226,0.397793,0.158239,0.397793,0.522180,-0.705650,1.227830,-0.357251,-1.439767,0.363244,39.559786,-0.550484,90.461734,3.800851,5.982057,165.153998,18.531518,12.305646,9.684064,0.378439,3.347631,0.796819,0.070226,0.004932,0.799908,0.927710,0.580320,0.347390,-0.813732,0.857422,0.053687,159.963129,-38.636980,198.353385,7.662922,7.846494,33.644483,7.383846,8.366250,6.962570,0.576466,4.115627,0.334111,0.239437,0.057330,0.411048,0.812920,-0.064588,0.877508,0.354352,-1.090566,0.212158,42.240061,-3.788415,84.518911,2.805720,5.466798,84.417449,5.476970,3.984801,3.257516,0.236430,2.744302,0.980856,0.070521,0.004973,0.983388,1.143093,0.851867,0.291226,0.729589,-0.471024,0.058859,241.762976,-49.447792,244.293326,7.888720,8.067836,26.751180,6.662860,7.883603,5.811995,0.578136,3.998656
-1.052522,0.614478,0.377584,1.218764,0.548500,-3.106800,3.655300,-0.566235,0.845989,0.473407,371.346388,2.420469,266.554601,4.207631,5.418194,394.299705,74.225977,26.277600,22.252062,0.365269,3.772972,9.913184,0.899184,0.808531,9.953881,12.621000,8.220500,4.400500,0.438424,-0.299845,0.746746,24769.935014,2.834879,2467.861400,5.523116,4.966103,581.843627,193.571585,64.993899,38.241234,0.420667,3.996022,1.219178,0.665067,0.442314,1.388780,2.735500,-0.766750,3.502250,-0.312153,0.003980,0.529072,482.177474,2.778433,311.174778,3.593294,4.692900,383.110346,57.818275,30.161585,12.154102,0.303539,3.594387,10.086477,0.869948,0.756809,10.123924,12.666363,8.502172,4.164192,0.403789,-0.233110,0.709135,25623.458875,2.896020,2511.055183,5.421101,4.943218,583.768516,190.245742,65.997791,37.094489,0.420140,4.023825,-4.381787,11.880227,141.139792,12.662537,15.238000,-36.001000,51.239000,-0.905416,0.128473,9.318982,40084.962883,0.725406,2300.173929,2.975190,4.055754,7559.135987,781.491046,302.604303,190.518740,0.218274,3.451801,22.487223,67.729701,4587.312378,71.365171,161.180000,-136.060000,297.240000,0.197893,-0.315811,53.652712,1273246.891701,0.184542,13427.089899,2.969643,4.814343,35197.366812,3026.348280,1555.473746,1160.404053,0.279202,3.279494,6.960166,50.290774,2529.161908,50.770127,127.530000,-97.454000,224.984000,0.466148,-0.516385,41.896442,644401.455165,0.232821,10217.243048,2.566377,4.080385,28314.819766,1405.530691,774.569133,631.238030,0.200099,3.144110,76.008869,45.316500,2053.585133,88.492560,170.695857,9.013547,161.682311,0.443694,-1.029556,38.582060,1957733.309749,0.307713,18919.024717,3.747529,5.258720,27544.564997,3155.082956,1616.502201,1251.604850,0.357919,3.623554,0.286911,0.205758,0.042336,0.353064,0.534270,-0.399190,0.933460,-1.430849,2.200627,0.151475,31.163570,-6.402443,81.661310,4.495712,6.271102,110.203002,16.835581,9.911523,8.213055,0.455163,3.719314,0.801084,0.076260,0.005816,0.804706,0.963860,0.648590,0.315270,0.099945,-0.902380,0.064915,161.887902,-39.458523,199.467850,6.595124,7.424327,40.110532,8.130128,7.408222,6.354237,0.531813,4.009499,0.362655,0.175302,0.030731,0.402802,0.730510,0.084633,0.645877,0.381857,-0.977847,0.149669,40.562295,-8.583869,90.157001,3.009659,5.780555,62.456863,3.878866,2.559328,2.247906,0.235223,2.798306,0.966107,0.033055,0.001093,0.966672,1.049129,0.851867,0.197262,0.112818,0.019266,0.026401,233.613766,-101.823571,240.529586,10.033017,7.782311,13.847092,7.427515,7.370381,5.760072,0.713030,4.427316
-0.940083,0.547424,0.299674,1.087856,0.548500,-2.416600,2.965100,-0.292984,0.214534,0.437516,295.857572,2.526649,238.858750,4.573680,5.588650,328.648276,59.968500,27.711707,25.227820,0.395900,3.828372,9.911884,1.000426,1.000853,9.962243,12.974000,8.230400,4.743600,0.694870,-0.034634,0.818081,24811.572358,2.777813,2467.045100,6.330346,6.014607,693.030191,203.846275,98.309477,75.229129,0.547805,4.184127,1.322077,0.773169,0.597790,1.531561,3.345600,-0.766750,4.112350,0.014302,-0.112855,0.614433,586.419618,2.705661,337.045648,3.223062,4.474952,427.871948,52.741131,31.808482,11.815507,0.253783,3.409862,10.090042,0.983083,0.966452,10.137820,13.047777,8.286991,4.760786,0.602505,-0.058655,0.793235,25693.849548,2.841292,2511.508552,6.250768,6.037197,701.110332,198.067749,98.975547,74.280368,0.556212,4.205301,-3.925013,10.954219,119.994921,11.636178,12.801000,-36.001000,48.802000,-1.268470,1.132224,8.115995,33850.162354,0.729194,1981.258327,3.350772,4.778574,7173.322737,778.141961,340.554890,273.319465,0.293524,3.590248,37.895646,57.271648,3280.041715,68.674025,161.180000,-66.852000,228.032000,0.476714,-0.742899,47.887385,1179030.428951,0.232888,12970.243289,1.971193,3.164577,27248.849693,1916.291886,513.472014,277.601390,0.126036,2.911540,6.020468,58.922162,3471.821175,59.228939,127.530000,-117.130000,244.660000,-0.134372,-0.780254,48.890711,877016.801672,0.221089,12290.852930,5.277554,6.292160,35559.462887,6882.828461,4116.033661,3213.981312,0.540075,4.005509,80.142758,44.008271,1936.727924,91.430791,170.695857,7.692066,163.003791,0.254324,-1.072628,37.834834,2089897.392977,0.308873,19924.166047,2.590522,3.808346,28707.962685,1931.821458,734.288472,505.425926,0.193836,3.341501,-0.152226,0.434585,0.188865,0.460475,0.534270,-0.762100,1.296370,0.234601,-1.501660,0.401886,53.009307,0.504395,105.474775,4.339178,6.179501,183.256523,27.897320,17.624472,12.968497,0.453376,3.575827,0.743984,0.117631,0.013837,0.753226,0.963860,0.471890,0.491970,-0.429667,-0.446745,0.093108,141.837296,-17.186963,185.223890,5.320677,6.807831,59.272696,10.163364,5.839379,6.037484,0.458389,3.788748,0.327849,0.179866,0.032352,0.373947,0.730510,0.044543,0.685967,0.318187,-0.584011,0.146082,34.959166,-9.160084,81.854201,2.684334,5.504790,58.981161,2.890749,2.031467,2.277209,0.198978,2.537308,0.958413,0.025853,0.000668,0.958761,1.032515,0.895722,0.136793,0.405081,0.148931,0.020443,229.805768,-166.226633,238.669569,9.466399,7.541902,11.179136,6.986565,4.784314,4.535545,0.695609,4.402661
-1.039670,0.491517,0.241589,1.150001,-0.068619,-2.821000,2.752381,-0.673512,0.592459,0.392911,330.625684,2.272278,258.801624,5.627065,6.108417,301.274276,98.132824,37.584309,31.483357,0.504861,4.075163,9.913718,0.926157,0.857767,9.956886,12.974000,8.230400,4.743600,0.984587,0.910813,0.709713,24784.892956,2.595932,2467.944500,5.067817,4.825304,627.875963,171.499190,65.151575,40.832292,0.398249,3.968074,1.323591,0.851256,0.724637,1.573699,3.345600,-1.101600,4.447200,-0.376157,0.267825,0.649009,619.132461,2.733664,350.051182,2.978292,4.268430,498.972940,61.116248,26.583055,12.102261,0.239813,3.403329,10.104419,0.916144,0.839321,10.145866,13.047777,8.286991,4.760786,0.874181,0.864023,0.693365,25734.651100,2.583473,2515.448595,4.982186,4.832080,629.261198,161.477044,65.261350,39.012530,0.401197,3.962632,3.146353,15.247897,232.498373,15.569133,54.913000,-26.661000,81.574000,1.378557,2.888492,9.951217,60599.477991,0.467740,2466.377393,2.372207,3.692004,8771.828191,492.196678,254.364226,185.880327,0.177380,3.148121,-10.361521,51.570306,2659.496486,52.600928,97.933000,-134.890000,232.823000,0.000503,-0.430211,41.073090,691714.402812,0.227448,10628.347890,3.562765,5.463816,27156.430218,3256.342566,1575.467609,1316.926401,0.347692,3.462501,-4.308701,53.874946,2902.509772,54.046967,134.730000,-117.130000,251.860000,0.123695,-0.180139,41.903510,730268.668112,0.210117,10345.320750,2.831645,4.472626,28874.873039,1644.526921,902.129056,758.069351,0.237270,3.184239,67.681156,36.736785,1349.591380,77.008637,148.001394,7.692066,140.309328,0.170244,-1.139125,32.159190,1482582.548915,0.347155,16853.757424,4.434038,5.689218,24723.658250,3498.846631,1853.474863,1462.142377,0.428725,3.837814,-0.491048,0.137461,0.018896,0.509925,-0.286290,-0.762100,0.475810,-0.332317,-1.186621,0.119142,65.005993,-16.866401,122.409230,3.249188,5.614349,60.906560,4.849404,3.253629,2.825363,0.261702,3.077075,0.717269,0.100888,0.010178,0.724330,0.869480,0.471890,0.397590,-0.667126,-0.494039,0.081365,131.163330,-26.731651,178.588350,6.215169,7.344530,43.752714,8.495713,6.387124,6.546498,0.497596,3.780543,0.260811,0.217929,0.047493,0.339876,0.632520,-0.109130,0.741650,0.109772,-1.189055,0.194309,28.878893,-5.947150,68.606985,2.870590,5.541882,73.227219,4.779854,3.776859,3.277920,0.254457,2.716566,0.948183,0.033797,0.001142,0.948785,1.025475,0.853970,0.171506,0.206736,-0.372815,0.027401,225.048215,-116.720045,236.072574,9.213657,7.886945,13.393107,6.245696,5.155025,4.864694,0.677791,4.289580
-1.106838,0.331170,0.109674,1.155320,-0.322780,-2.821000,2.498220,-1.165575,4.918054,0.233298,333.691066,0.901655,275.718255,5.226387,5.262676,218.294011,93.141621,29.371641,16.573974,0.465110,4.121499,9.803948,0.557477,0.310781,9.819785,12.881000,8.464600,4.416400,1.829834,7.618444,0.346236,24107.042267,1.431485,2439.647050,6.798218,6.294719,392.550338,155.795584,66.429678,54.981056,0.624536,4.337222,1.103276,0.647432,0.419168,1.279213,2.586500,-1.101600,3.688100,-0.824069,2.072603,0.439861,409.096592,2.052068,295.290807,3.342216,4.784866,361.190250,47.556308,26.044675,12.600282,0.288462,3.461823,9.954187,0.559891,0.313478,9.969921,12.971454,8.570201,4.401253,1.881603,7.810449,0.352760,24849.829925,1.399259,2477.112700,6.717923,6.348966,401.312498,141.948732,70.866185,53.622005,0.622849,4.330619,3.185169,14.902236,222.076628,15.238830,54.913000,-26.661000,81.574000,1.527797,3.360968,9.641197,58055.481811,0.457375,2263.089161,2.178232,3.721514,8120.637743,407.859828,191.667705,136.617839,0.161625,3.007630,-13.894930,42.666645,1820.442573,44.872170,97.665000,-134.890000,232.555000,-0.493707,0.564479,32.679003,503377.914937,0.215775,7643.228950,2.150511,3.468079,20985.712907,2074.946520,503.545667,266.914958,0.159606,3.021334,-0.575315,30.562258,934.051597,30.567672,134.730000,-75.115000,209.845000,0.856752,6.044084,17.523456,233595.646104,0.213324,4299.123578,5.295839,6.218995,21226.834947,3893.927749,2415.095815,1839.389672,0.541641,4.072911,40.082831,39.667150,1573.482813,56.392519,148.001394,1.668857,146.332537,1.052693,-0.035300,32.966706,795029.042852,0.311968,9951.589220,4.833618,6.132919,22754.466716,4186.843127,2335.199894,1785.748159,0.489606,3.889026,-0.396371,0.102242,0.010453,0.409345,-0.286290,-0.717740,0.431450,-1.651057,1.714358,0.077174,41.890757,-33.479312,98.583575,4.947187,6.524878,53.940654,10.000252,6.145811,4.508114,0.475722,3.805955,0.744980,0.051079,0.002609,0.746729,0.853410,0.564260,0.289150,-0.563856,1.123107,0.037301,139.400915,-56.706021,185.530045,7.788842,7.640673,26.641260,9.582049,6.722132,5.649010,0.626438,4.230635,0.389710,0.231304,0.053502,0.453184,0.632520,-0.109130,0.741650,-1.047113,-0.509278,0.197177,51.343988,-12.714059,101.066800,3.856581,5.980846,92.700710,11.528078,7.393196,5.883813,0.388875,3.333509,0.963989,0.035598,0.001267,0.964646,1.025475,0.853970,0.171506,-0.701754,-0.321959,0.029009,232.635659,-117.758706,240.038890,9.065166,7.836186,14.266725,7.074622,5.011244,4.683456,0.707531,4.304647
-1.116246,0.058261,0.003394,1.117766,-0.948240,-1.437400,0.489160,-1.112954,6.839444,0.040236,312.350077,-30.577199,278.005690,7.797360,6.343102,36.475445,24.754909,11.282030,7.533905,0.675770,4.478214,9.731556,0.038238,0.001462,9.731631,9.822200,9.585100,0.237100,-0.705229,0.911737,0.029185,23676.161074,-78.442911,2423.120450,9.030456,6.507632,19.973183,16.529451,12.878410,6.744731,0.736754,4.576823,0.811547,0.082230,0.006762,0.815703,1.226500,0.340830,0.885670,-0.232038,10.778353,0.051034,166.342661,-13.373824,202.109840,7.243748,6.283735,55.297959,19.481956,16.852965,11.253925,0.643004,4.378757,9.829423,0.043138,0.001861,9.829518,9.954881,9.644926,0.309955,-0.682768,1.786250,0.032010,24154.853812,-57.272853,2447.499409,8.684286,6.362371,24.073085,18.493923,13.902047,6.825374,0.723514,4.562304,-1.177121,1.095742,1.200650,1.608187,0.642660,-5.602200,6.244860,-1.217611,2.095994,0.836647,646.566078,2.206855,306.527991,4.540566,5.748802,698.460898,117.050189,59.031362,46.878289,0.399769,3.816556,0.485505,3.062853,9.381070,3.101094,25.748000,-2.807000,28.555000,5.766971,40.064236,1.403492,2404.196219,0.690455,334.291751,4.731879,4.323115,2263.860218,1015.612381,177.530883,84.832172,0.341917,4.061857,0.472499,0.895721,0.802317,1.012705,2.512500,-2.185300,4.697800,-0.132059,0.085301,0.709465,256.392910,2.688389,200.633787,5.362906,5.974495,583.223332,155.594174,62.812844,53.496536,0.472033,4.026913,2.344787,2.780394,7.730593,3.637117,26.184708,0.397430,25.787277,6.469558,47.097434,1.133663,3307.155207,0.556350,584.732029,4.640832,4.362260,2168.337345,837.287618,200.040435,60.443883,0.343602,4.086515,-0.350887,0.010843,0.000118,0.351054,-0.322580,-0.391130,0.068550,-0.508058,0.807506,0.008634,30.809773,-466.688811,87.369880,11.566486,7.413968,4.287163,3.888077,3.125891,3.436506,0.804981,4.634374,0.760506,0.019106,0.000365,0.760746,0.789160,0.690760,0.098400,-0.687851,0.098931,0.016146,144.683449,-275.540753,189.393470,12.245944,7.261664,5.759264,6.983681,5.063104,5.132352,0.789031,4.585371,0.504214,0.008615,0.000074,0.504288,0.525610,0.474390,0.051220,-0.190068,0.016156,0.006953,63.576502,-664.258705,125.553510,10.784835,7.491044,3.364911,3.129182,2.125059,2.142820,0.775793,4.556408,0.977775,0.015308,0.000234,0.977895,1.002551,0.923441,0.079111,-0.588159,-0.344601,0.013010,239.069725,-362.064565,243.489368,12.266080,7.114604,4.230236,5.754463,3.878032,4.257323,0.777436,4.570115
-1.132731,0.040978,0.001679,1.133472,-1.032800,-1.245600,0.212800,-0.313246,0.196724,0.031948,321.189565,-85.758929,282.078700,7.712923,6.805365,26.612798,7.922867,10.671914,5.428738,0.660019,4.406531,9.732610,0.034090,0.001162,9.732669,9.834600,9.617800,0.216800,-0.587057,0.927498,0.025910,23681.212944,-92.347527,2423.414450,9.312684,6.770778,18.122130,12.317669,12.201470,6.750303,0.764110,4.583489,0.799173,0.052730,0.002780,0.800911,0.974920,0.667650,0.307270,0.296540,0.007777,0.041568,160.364532,-51.011270,199.039130,7.152567,6.940314,31.636382,5.344407,9.442977,6.119009,0.568498,4.186262,9.831064,0.035257,0.001243,9.831128,9.935564,9.711167,0.224396,-0.585546,0.914493,0.026516,24162.767041,-87.030419,2447.936573,9.337732,6.762200,18.474350,11.940452,12.779313,6.710649,0.742415,4.558717,-1.091416,0.802671,0.644281,1.354795,0.752720,-2.838500,3.591220,-0.100823,-0.470208,0.643513,458.867451,3.156181,285.676332,5.239561,6.428115,488.667621,73.796886,56.710005,42.063717,0.465081,3.886979,-0.072918,1.254394,1.573504,1.256511,2.561800,-3.040800,5.602600,-0.126627,-0.876011,1.050905,394.705247,2.811807,261.704135,5.078369,5.717124,716.632503,132.033438,155.577313,42.776562,0.419466,3.890777,0.392384,0.830839,0.690294,0.918836,2.512500,-1.762100,4.274600,0.104377,-0.162563,0.668284,211.064758,2.822373,182.960645,4.735102,5.513101,583.044314,91.483449,61.246871,34.021297,0.389973,3.908725,1.944037,0.692292,0.479268,2.063625,3.524138,0.533842,2.990295,0.109810,-0.902135,0.582351,1064.637456,3.317973,484.765948,6.098914,6.203099,432.009685,146.489363,110.750446,39.229816,0.537449,4.197359,-0.351137,0.010268,0.000105,0.351287,-0.334680,-0.389110,0.054430,-0.753167,0.682733,0.008365,30.850599,-603.917578,87.426310,12.203804,7.128484,2.831523,4.545337,2.912609,2.986570,0.801537,4.618695,0.759783,0.019615,0.000385,0.760036,0.789160,0.684740,0.104420,-0.691577,0.388947,0.016375,144.413782,-255.493068,189.181720,12.058359,7.078471,4.996337,9.237619,4.716018,5.102156,0.778563,4.587069,0.503929,0.009123,0.000083,0.504012,0.525610,0.474390,0.051220,-0.295271,-0.009673,0.007356,63.506909,-649.036497,125.480015,11.203213,7.725499,3.623018,2.920548,2.186308,2.256901,0.752114,4.547839,0.977155,0.015939,0.000254,0.977285,1.003156,0.916909,0.086247,-0.653586,0.126488,0.013328,238.771289,-328.974985,243.306687,12.031262,7.074088,4.316851,7.364435,3.800836,4.488216,0.827934,4.618403
-1.157197,0.041145,0.001693,1.157928,-1.032800,-1.258600,0.225800,0.272390,0.273479,0.031879,335.199327,-81.692343,288.141950,7.584260,6.914151,25.637745,8.095154,9.963465,4.861786,0.649649,4.375485,9.730699,0.030740,0.000945,9.730747,9.834600,9.618000,0.216600,0.034794,0.902049,0.023358,23671.861016,-93.593489,2422.954550,10.005947,6.647453,12.976696,12.719341,11.341584,6.709677,0.737743,4.568220,0.763945,0.046306,0.002144,0.765347,0.914700,0.667650,0.247050,0.972433,0.752420,0.036209,146.438926,-73.287219,190.218405,7.934865,7.272113,26.232746,6.337283,8.755980,6.277628,0.646187,4.291544,9.829191,0.031600,0.000999,9.829242,9.935564,9.711167,0.224396,-0.027208,1.203452,0.023572,24153.499269,-91.168837,2447.478848,9.990799,6.700432,13.799261,11.987463,11.831668,6.905469,0.724427,4.555346,-1.063220,0.559804,0.313381,1.201590,0.752720,-2.677100,3.429820,0.221828,1.771432,0.391948,360.954462,2.050885,273.847873,6.261471,6.857674,347.833840,70.214920,53.779472,41.850859,0.545881,4.090914,-0.215198,1.131989,1.281399,1.152262,2.561800,-3.040800,5.602600,0.093007,-0.488177,0.935966,331.927196,2.673817,232.877454,5.381694,5.979189,682.013057,125.777138,176.106678,44.907537,0.463436,4.013742,0.371307,0.673212,0.453214,0.768819,2.370900,-1.762100,4.133000,-0.184005,0.943637,0.501817,147.770667,2.385206,152.896384,5.668808,5.858772,457.930150,115.308079,83.849755,34.869980,0.497586,4.116501,1.720596,0.634159,0.402158,1.833742,3.524138,0.632942,2.891195,0.648324,-0.324579,0.519834,840.652325,2.946403,428.887845,6.588067,6.460251,381.596664,131.472192,120.386089,46.516359,0.592462,4.258266,-0.353000,0.009990,0.000100,0.353141,-0.334680,-0.393150,0.058470,-0.773807,1.157657,0.008026,31.177158,-563.315474,87.903165,12.184293,7.040113,2.786412,4.377469,2.776728,3.501780,0.826292,4.637078,0.760602,0.020497,0.000420,0.760878,0.789160,0.678710,0.110450,-0.796117,0.640379,0.016996,144.733974,-242.989795,189.395540,11.977129,7.049623,5.577396,9.392787,4.922995,5.842532,0.794960,4.598705,0.501122,0.008735,0.000076,0.501199,0.521160,0.474390,0.046770,-0.252923,0.011304,0.006923,62.799989,-705.144806,124.781715,11.516287,7.615220,3.443378,2.968944,2.363488,2.099383,0.765303,4.577614,0.977015,0.016929,0.000287,0.977161,1.003156,0.916909,0.086247,-0.663394,0.198354,0.014036,238.711121,-324.999441,243.284396,11.855636,7.144316,4.984123,7.372601,3.981203,4.498338,0.770762,4.580786
-1.175595,0.031793,0.001011,1.176025,-1.092300,-1.259600,0.167300,-0.231123,-0.101526,0.025340,345.758711,-123.115904,292.782350,8.705159,6.949011,16.723772,8.877863,9.182847,5.135044,0.713054,4.472666,9.728857,0.026586,0.000707,9.728893,9.810000,9.665200,0.144800,0.260435,0.158696,0.021145,23662.840362,-157.713421,2422.494900,10.833260,6.448113,8.368102,11.847031,12.685475,6.703765,0.809248,4.637794,0.729618,0.027772,0.000771,0.730146,0.794040,0.657380,0.136660,-0.326504,-0.122789,0.021951,133.278399,-157.764469,181.680195,9.638715,7.566448,14.658064,5.242002,7.273501,5.974517,0.742387,4.493021,9.826841,0.026693,0.000713,9.826877,9.908008,9.759695,0.148313,0.241685,0.224843,0.021071,24141.877473,-149.423249,2446.900171,10.908135,6.440958,8.813256,10.961134,13.340712,6.995689,0.810776,4.641403,-1.076981,0.266626,0.071090,1.109495,-0.120910,-1.560500,1.439590,0.702414,0.653668,0.207995,307.744654,0.244555,267.866910,8.380010,7.387180,160.722862,57.180929,52.977501,41.382873,0.705046,4.447073,-0.086214,1.004996,1.010017,1.008687,2.277000,-2.038800,4.315800,0.205545,-0.488428,0.808235,254.362344,3.120118,200.595632,6.021318,6.298608,550.196472,151.475089,164.573803,57.153112,0.532180,4.096393,0.479684,0.530765,0.281711,0.715408,2.064400,-0.764320,2.828720,0.478406,0.225956,0.415388,127.952143,2.638359,140.069203,5.816667,5.983207,347.202944,99.196651,64.412518,33.673848,0.509133,4.124275,1.606678,0.422872,0.178821,1.661396,2.550840,0.778131,1.772708,0.398291,-0.623655,0.348918,690.059141,2.648255,399.765440,7.216633,6.735580,267.148928,86.936109,97.044467,45.865688,0.656786,4.369126,-0.354362,0.010133,0.000103,0.354507,-0.336690,-0.393150,0.056460,-0.704726,0.885786,0.008015,31.418854,-583.043719,88.237790,12.335921,7.281944,3.138796,3.920272,2.347211,3.587832,0.811309,4.622001,0.762160,0.020186,0.000407,0.762428,0.789160,0.678710,0.110450,-0.897769,0.970324,0.016584,145.323962,-247.063360,189.784055,12.266915,7.120729,5.799557,8.189319,4.722686,6.848188,0.804044,4.611597,0.499038,0.007976,0.000064,0.499102,0.518930,0.472160,0.046770,-0.351240,0.206804,0.006270,62.275595,-726.406613,124.268365,11.686286,7.198621,2.685550,3.050585,2.281656,2.589314,0.788366,4.603086,0.977653,0.016375,0.000268,0.977790,1.002120,0.920577,0.081543,-0.663090,0.241111,0.013484,239.018410,-349.414314,243.445073,12.183965,6.973349,4.430693,6.824294,4.069533,5.352794,0.801534,4.604163
-1.160413,0.039165,0.001534,1.161074,-1.069200,-1.259600,0.190400,-0.023477,-0.409543,0.031823,337.023180,-97.986760,288.974850,7.811974,7.045483,23.366257,9.154417,8.865755,5.008370,0.638790,4.378878,9.729956,0.026302,0.000692,9.729992,9.834300,9.653200,0.181100,0.157410,0.816250,0.020786,23668.185830,-124.656870,2422.763900,10.844717,6.390832,8.742097,10.515616,12.504452,6.816549,0.792089,4.614840,0.717146,0.032415,0.001051,0.717878,0.803600,0.632530,0.171070,0.321196,-0.163438,0.026131,128.837216,-122.207631,178.568150,8.520855,7.414373,18.901393,4.148573,7.056762,5.740880,0.620187,4.351297,9.825247,0.026741,0.000715,9.825283,9.927333,9.753583,0.173750,0.142914,0.667323,0.020953,24134.046225,-126.682428,2446.494735,10.809074,6.447453,9.385639,9.680191,12.806980,7.036089,0.762442,4.598181,-1.004867,0.400925,0.160741,1.081896,0.288090,-2.073800,2.361890,0.362544,0.473315,0.311581,292.624681,1.992632,251.217690,7.023845,7.320474,244.042876,53.371484,58.024491,39.636833,0.590561,4.200822,0.137821,1.011123,1.022370,1.020473,2.277000,-2.014700,4.291700,0.042847,-0.753721,0.823892,260.341223,3.180258,205.775475,5.404094,5.909127,604.792855,128.760789,152.218265,47.690003,0.469492,4.032626,0.624515,0.522587,0.273097,0.814320,2.064400,-0.666860,2.731260,0.111421,-0.231253,0.418665,165.779070,2.766977,168.189496,5.959385,6.076985,355.066650,95.292925,63.222851,38.062945,0.529732,4.155900,1.642802,0.419739,0.176181,1.695577,2.550840,0.405126,2.145714,0.116754,-0.098699,0.325281,718.744974,2.198465,409.268300,6.863106,6.637615,272.424955,97.458383,81.820428,36.729528,0.603755,4.325245,-0.352765,0.011008,0.000121,0.352937,-0.332660,-0.387100,0.054440,-0.660014,0.227186,0.008751,31.141164,-586.751477,87.850645,12.260558,7.288579,3.506619,4.414967,3.200525,3.721473,0.807029,4.636160,0.762835,0.020342,0.000414,0.763106,0.793170,0.682730,0.110440,-1.072306,1.841017,0.016050,145.582756,-241.179772,189.931640,12.924138,6.893887,4.859005,7.841419,6.627078,8.086359,0.798533,4.625109,0.498539,0.008157,0.000067,0.498606,0.518930,0.472160,0.046770,-0.412683,0.293327,0.006420,62.151887,-720.192110,124.139175,11.691959,7.082419,2.750950,3.014374,2.387759,2.794680,0.800835,4.603767,0.977363,0.016264,0.000265,0.977498,1.005254,0.909902,0.095352,-0.948594,1.853829,0.012876,238.875807,-296.903683,243.358123,12.833226,6.860077,3.808811,6.455616,5.037460,6.393705,0.800959,4.619283
-1.129929,0.045419,0.002063,1.130842,-0.997820,-1.224700,0.226880,0.513810,0.022471,0.036404,319.700731,-77.836340,281.341800,7.567416,7.019504,26.446106,8.868147,8.263303,5.468212,0.635106,4.319915,9.734501,0.026281,0.000691,9.734536,9.834300,9.652200,0.182100,-0.024540,1.057577,0.020091,23690.299125,-125.783514,2423.863950,11.063084,6.543346,9.096409,9.229814,12.779769,7.092320,0.765130,4.605999,0.698543,0.036713,0.001348,0.699507,0.803600,0.618440,0.185160,0.421287,0.486925,0.027847,122.327491,-106.744520,173.923975,8.260894,7.397997,20.225884,5.131142,7.537457,5.644628,0.659572,4.326590,9.824897,0.026479,0.000701,9.824933,9.927333,9.743416,0.183917,-0.036420,1.040124,0.020186,24132.327347,-120.963862,2446.370885,11.146463,6.525174,9.300005,8.764487,13.180751,7.375764,0.773315,4.611077,-1.046691,0.389506,0.151715,1.116816,0.288090,-2.073800,2.361890,0.488350,0.837851,0.297855,311.819474,1.804709,261.112880,6.809919,7.256950,240.622341,53.497283,51.229192,37.277296,0.545033,4.159845,-0.001244,1.030057,1.061018,1.030058,3.092800,-2.256500,5.349300,0.428967,-0.172311,0.820579,265.254868,2.629336,203.950061,5.847006,6.092794,499.190623,129.204018,162.907614,49.503802,0.470700,3.947887,0.473555,0.462135,0.213568,0.661682,1.506200,-0.892910,2.399110,-0.210009,-0.341109,0.382231,109.455701,2.521177,136.185555,6.150881,6.194249,312.891013,98.598080,70.405762,30.642213,0.548056,4.218337,1.593349,0.455368,0.207360,1.657142,3.222190,0.405126,2.817064,0.912080,1.837572,0.330543,686.530043,1.914455,396.405385,7.187227,6.544016,292.854969,90.292558,109.655283,43.965873,0.622348,4.337834,-0.349645,0.010788,0.000116,0.349811,-0.330650,-0.387100,0.056450,-0.759888,0.743038,0.008577,30.591948,-577.772302,87.064395,12.301529,7.295432,3.353869,4.161207,3.126106,3.366640,0.805460,4.624625,0.763349,0.021416,0.000459,0.763649,0.793170,0.682730,0.110440,-1.056757,1.624097,0.016910,145.790053,-240.741268,190.074180,13.139233,6.775768,4.436335,8.601242,6.957619,7.454190,0.791346,4.611621,0.497292,0.008370,0.000070,0.497362,0.516700,0.469930,0.046770,-0.313925,0.090758,0.006730,61.842250,-716.214405,123.820670,11.499912,7.202149,2.797008,3.198525,2.510675,2.099845,0.769917,4.561504,0.976009,0.017411,0.000303,0.976164,1.005254,0.909902,0.095352,-0.910067,1.392595,0.013725,238.224251,-291.099899,243.025158,12.903980,6.808382,3.796222,7.084422,5.808738,5.432317,0.786296,4.603401
-1.144493,0.051003,0.002601,1.145629,-0.997820,-1.248000,0.250180,0.625580,0.105412,0.040646,328.116507,-63.989438,284.988500,7.200107,7.138728,31.639364,8.484811,8.628708,5.964289,0.641113,4.322613,9.734563,0.026034,0.000678,9.734598,9.797200,9.652200,0.145000,-0.213873,0.407601,0.019902,23690.597665,-160.506887,2423.909850,11.150864,6.628797,9.214002,9.136275,12.339112,7.126227,0.801959,4.617229,0.692003,0.031703,0.001005,0.692729,0.791420,0.618440,0.172980,0.070613,0.069047,0.025111,119.968398,-121.642609,172.300790,8.279770,7.241195,19.633864,4.764422,7.718922,5.178155,0.664869,4.400399,9.826191,0.026396,0.000697,9.826227,9.892773,9.743416,0.149357,-0.278239,0.370827,0.020283,24138.682570,-150.115729,2446.725927,11.276754,6.585447,9.177588,8.684982,12.660938,7.297715,0.793597,4.606903,-1.123277,0.329662,0.108677,1.170653,-0.210440,-1.954000,1.743560,0.214382,0.307985,0.251269,342.607113,1.439787,279.796950,7.462578,7.488073,212.099618,52.934261,46.324154,43.438173,0.630804,4.308764,0.183913,1.130556,1.278157,1.145417,3.092800,-2.256500,5.349300,0.517097,-0.211000,0.870560,327.995096,2.639191,217.965266,5.544764,6.235702,586.278291,109.711740,157.162534,51.037896,0.457324,3.878749,0.409340,0.508909,0.258989,0.653107,2.235000,-0.892910,3.127910,0.625956,1.155388,0.396145,106.637036,2.289292,123.940872,5.954893,6.127780,350.311797,105.177109,64.664965,30.479726,0.537914,4.182132,1.665082,0.580050,0.336458,1.763223,3.364517,0.399080,2.965437,0.962440,0.902851,0.433132,777.239245,2.299463,414.675476,6.574249,6.630340,362.931021,90.852819,103.879989,42.544938,0.567099,4.206048,-0.351362,0.010141,0.000103,0.351509,-0.330650,-0.379030,0.048380,-0.278867,-0.272451,0.008225,30.889602,-671.611432,87.479725,11.420074,7.511877,4.021061,3.394887,2.899183,2.581520,0.800201,4.595802,0.763437,0.020920,0.000438,0.763724,0.793170,0.684740,0.108430,-0.698547,0.181198,0.017568,145.818567,-243.702378,190.109340,12.667728,6.832649,5.462379,7.853649,6.752285,6.386800,0.809774,4.610439,0.495840,0.008156,0.000067,0.495907,0.518930,0.469930,0.049000,-0.308046,0.083964,0.006578,61.480837,-698.368650,123.467675,11.782725,7.286626,2.837465,3.243199,2.368689,2.229271,0.814355,4.623774,0.975940,0.017222,0.000297,0.976092,1.001083,0.916194,0.084889,-0.600657,0.041466,0.014162,238.189006,-331.692296,243.017998,12.572931,6.863979,4.560976,6.660460,5.791904,4.910998,0.822462,4.621188
-1.183830,0.041167,0.001695,1.184545,-1.081100,-1.331300,0.250200,-0.743830,0.930649,0.031562,350.786804,-71.098769,294.793250,7.810681,7.131275,26.342156,9.167850,8.650442,6.706020,0.654625,4.405538,9.729158,0.026897,0.000723,9.729196,9.845700,9.652500,0.193200,0.097791,1.163502,0.020924,23664.311661,-114.746999,2422.564350,10.510236,6.466971,9.869421,11.056948,12.585613,6.041653,0.781394,4.604654,0.718118,0.032716,0.001070,0.718862,0.793810,0.632290,0.161520,-0.086104,-0.472376,0.026499,129.190785,-127.989663,178.810365,8.130367,7.227415,19.195273,4.393972,7.734703,4.807922,0.652207,4.361681,9.827331,0.026924,0.000725,9.827368,9.943006,9.754466,0.188540,0.084642,0.927728,0.021045,24144.289250,-117.763657,2447.011676,10.484738,6.515040,10.627834,10.186808,12.860651,6.216085,0.777566,4.609982,-1.135464,0.351632,0.123645,1.188664,-0.210440,-1.954000,1.743560,0.199051,0.105821,0.271743,353.230730,1.865392,282.563660,7.659911,7.614883,222.623848,61.874846,41.881968,44.367703,0.655396,4.327985,0.191628,1.015116,1.030460,1.033045,2.847700,-1.718900,4.566600,0.551298,-0.290803,0.815408,266.795236,2.955737,201.770291,5.773210,6.456331,583.273863,107.144706,155.226440,54.486612,0.486042,3.999679,0.404455,0.545684,0.297772,0.679231,2.235000,-0.779850,3.014850,0.558829,0.680009,0.420654,115.338761,2.477692,133.350392,6.000836,6.048238,343.187883,107.920609,65.310588,36.163070,0.493940,4.097628,1.629614,0.534618,0.285816,1.715068,3.364517,0.328998,3.035519,0.680117,1.465875,0.388349,735.364727,2.278111,405.746525,6.813888,7.128616,336.370820,81.085097,72.873379,48.819565,0.600643,4.223039,-0.355572,0.009491,0.000090,0.355699,-0.334680,-0.389110,0.054430,-0.540187,-0.070267,0.007754,31.630387,-607.949315,88.545225,11.924705,7.058597,3.338625,3.478096,3.266915,2.800015,0.829717,4.639534,0.761108,0.020757,0.000431,0.761391,0.793170,0.686750,0.106420,-0.706828,0.221227,0.017254,144.929137,-244.443391,189.508980,12.437534,6.885868,6.168437,7.286687,6.306271,7.259317,0.797005,4.605318,0.497122,0.008448,0.000071,0.497194,0.518930,0.472160,0.046770,-0.282201,0.140402,0.006615,61.800465,-712.292353,123.789460,11.868648,7.203503,3.043950,2.931372,2.624634,2.821033,0.821956,4.633812,0.976297,0.016837,0.000283,0.976442,1.001018,0.916192,0.084826,-0.675128,0.308069,0.013733,238.359989,-334.956611,243.098586,12.376711,6.817390,5.090493,5.716328,5.240170,5.934473,0.773092,4.592464
-1.215352,0.042738,0.001827,1.216104,-1.116300,-1.331700,0.215400,-0.116316,-0.390459,0.034859,369.727002,-81.903329,302.578000,8.261027,7.268023,25.285340,10.920966,8.309230,5.846448,0.691052,4.428862,9.724913,0.026738,0.000715,9.724950,9.845700,9.652500,0.193200,0.025872,1.247684,0.020562,23643.662918,-115.598647,2421.527850,10.692418,6.552875,10.455617,10.314506,12.195439,7.912870,0.801663,4.643038,0.732345,0.027045,0.000731,0.732845,0.831550,0.661440,0.170110,0.285328,0.885099,0.020785,134.265269,-133.003843,182.401475,9.168289,7.407176,16.286449,5.089591,6.948503,5.937829,0.731108,4.497623,9.828016,0.026720,0.000714,9.828053,9.943006,9.759357,0.183649,-0.000521,0.833420,0.020967,24147.655190,-121.099252,2447.197914,10.744708,6.625153,10.915160,9.404973,12.307106,8.284003,0.804756,4.643334,-1.190611,0.340112,0.115676,1.238237,-0.197320,-2.557300,2.359980,-0.338926,2.026659,0.244614,383.307840,1.178447,296.087250,7.309543,7.239877,222.803543,63.906636,38.559827,44.936685,0.599684,4.284608,-0.057282,0.953682,0.909510,0.955401,2.713200,-1.718900,4.432100,0.660620,-0.000666,0.753740,228.197816,2.892792,188.993007,5.841078,6.294939,559.651471,134.638228,152.694120,50.663824,0.506327,4.063389,0.369236,0.471363,0.222183,0.598764,1.743600,-0.779850,2.523450,0.071290,-0.003176,0.371196,89.629531,2.472727,123.230255,6.771720,6.409468,300.709534,105.277305,64.554735,37.579048,0.603782,4.260930,1.610707,0.458437,0.210165,1.674676,3.334892,0.328998,3.005894,1.037501,2.693385,0.333337,701.135187,1.730837,400.474935,6.823504,7.046185,302.165493,77.791209,67.134341,46.730244,0.577701,4.247727,-0.359201,0.010635,0.000113,0.359359,-0.340730,-0.399190,0.058460,-0.828343,0.896333,0.008454,32.284637,-551.652807,89.445445,12.456674,7.080687,3.178298,3.624681,3.832514,3.035103,0.795829,4.605948,0.759558,0.020844,0.000434,0.759844,0.791160,0.678710,0.112450,-0.937109,0.916924,0.016782,144.340767,-232.694221,189.147570,12.451941,7.046138,6.186618,8.780197,6.650172,6.539822,0.848148,4.668526,0.498628,0.008035,0.000065,0.498693,0.521160,0.476610,0.044550,-0.107317,0.008573,0.006442,62.173571,-773.522832,124.162530,11.743098,7.031005,2.514628,3.383604,2.444470,2.623920,0.782670,4.614375,0.977200,0.016625,0.000276,0.977341,1.000982,0.916192,0.084790,-0.755646,0.519339,0.013680,238.798974,-339.748922,243.340284,12.237698,7.062865,4.952141,7.225266,4.959584,5.413435,0.844370,4.661476
-1.248170,0.045089,0.002033,1.248984,-1.140100,-1.379400,0.239300,-0.269237,-0.061567,0.035265,389.990101,-71.218696,310.776800,8.312781,7.159692,28.614713,11.308854,10.448606,6.348231,0.700678,4.464641,9.721727,0.028584,0.000817,9.721769,9.859400,9.595400,0.264000,0.129601,2.931024,0.021201,23628.197253,-84.345432,2420.724750,10.043300,6.647961,13.078063,12.029453,10.450931,7.593137,0.789475,4.625680,0.727261,0.040139,0.001611,0.728367,0.903960,0.612440,0.291520,1.232524,3.367294,0.027803,132.629802,-66.791909,181.105940,7.816565,7.101322,26.348028,8.378292,8.068242,5.812593,0.659043,4.403430,9.828654,0.028931,0.000837,9.828696,9.968713,9.706168,0.262545,0.190833,2.819639,0.021624,24150.817157,-82.050338,2447.348299,10.078959,6.694550,13.577711,11.240838,10.814996,7.836672,0.801623,4.626114,-1.186673,0.561799,0.315619,1.312940,0.737470,-3.151300,3.888770,-0.261431,3.746756,0.355493,430.952700,1.605082,303.018592,5.599330,6.534825,390.042605,67.949761,45.988698,38.799205,0.505891,4.054045,-0.099256,0.980203,0.960798,0.985215,2.713200,-1.702600,4.415800,0.758594,0.282187,0.760102,242.662392,2.810771,191.816785,6.278297,6.516932,571.510564,119.712712,165.083102,71.285388,0.504191,4.100268,0.462160,0.631791,0.399159,0.782784,2.704600,-1.250600,3.955200,0.595751,1.301715,0.472891,153.187887,2.282564,149.490517,5.662618,6.133310,447.941490,127.048703,60.493385,31.950522,0.484123,4.125217,1.732390,0.553205,0.306036,1.818574,3.595126,0.842491,2.752634,1.231833,1.341558,0.414705,826.802979,2.380395,431.610889,6.799951,6.646402,366.253750,90.308330,112.198407,55.744635,0.603524,4.278606,-0.362314,0.010409,0.000108,0.362464,-0.342740,-0.399190,0.056450,-0.729581,0.520378,0.008245,32.844960,-567.906930,90.219650,12.367796,6.975254,3.000407,4.349956,3.157274,3.632023,0.815370,4.637878,0.759172,0.021759,0.000473,0.759484,0.787150,0.674700,0.112450,-1.199017,1.791917,0.017010,144.204015,-235.679462,189.051110,12.887940,7.219198,5.794669,8.980870,6.004383,7.209750,0.824139,4.642262,0.497764,0.008502,0.000072,0.497837,0.521160,0.465480,0.055680,-0.402755,1.052671,0.006700,61.960329,-608.288945,123.933215,12.116093,7.498767,2.736299,3.384038,2.135438,2.408095,0.810676,4.623155,0.977616,0.017419,0.000303,0.977772,1.000872,0.915866,0.085006,-0.967835,1.047603,0.014060,239.009304,-336.847819,243.435739,12.876263,7.263657,4.492735,7.195716,4.521085,5.633945,0.790545,4.620113
-1.247990,0.061164,0.003741,1.249488,-1.093300,-1.391000,0.297700,-0.156494,-0.834913,0.051148,390.304760,-48.168852,310.791200,6.885014,6.825977,39.757155,10.244345,11.416954,6.869387,0.595829,4.275540,9.719836,0.031353,0.000983,9.719887,9.859400,9.595400,0.264000,0.272107,1.985868,0.023537,23619.050670,-80.140795,2420.234250,9.823890,6.681832,15.012531,12.391592,12.539971,6.242121,0.799749,4.621700,0.729051,0.048026,0.002307,0.730631,0.903960,0.598120,0.305840,0.748561,0.944266,0.036643,133.455525,-55.903954,181.561210,7.143315,7.009620,31.786635,8.462012,8.461413,5.573711,0.604826,4.311426,9.827017,0.031443,0.000989,9.827067,9.968713,9.706168,0.262545,0.351594,2.089521,0.023805,24142.810955,-78.465335,2446.929528,9.918125,6.629605,14.827782,11.952270,12.950455,6.248825,0.788541,4.612173,-0.994950,0.571282,0.326363,1.147296,0.737470,-3.151300,3.888770,-0.697664,3.823484,0.382303,329.071888,1.690707,255.837941,5.472519,6.471960,388.676675,64.770232,47.606147,35.668497,0.477780,4.035889,0.075832,1.115268,1.243824,1.117843,3.679100,-1.766500,5.445600,0.902885,0.704608,0.850373,312.393515,2.560046,209.585591,5.743776,6.214664,690.932311,141.046989,183.545151,76.620687,0.487141,4.060661,0.584220,0.903718,0.816706,1.076113,2.704600,-1.798700,4.503300,0.006240,0.006940,0.708181,289.504589,2.816454,210.437788,4.915468,5.760960,582.221478,143.140649,66.945582,32.579545,0.417222,3.942700,1.785161,0.732857,0.537079,1.929736,4.503566,0.338779,4.164787,1.163702,1.679236,0.537515,930.969992,2.398269,444.761787,6.214448,6.395210,485.969021,113.212219,115.166961,62.815500,0.567892,4.212741,-0.361782,0.009771,0.000095,0.361914,-0.346770,-0.393150,0.046380,-0.614724,0.036849,0.007847,32.745424,-722.130399,90.085620,11.890375,7.076274,3.379999,3.836508,3.163076,3.214266,0.816613,4.646196,0.758674,0.022425,0.000503,0.759006,0.791160,0.674700,0.116460,-1.205725,1.731727,0.017378,144.022388,-220.913649,188.901505,12.798988,6.943478,5.701529,8.844266,7.152910,8.627407,0.812186,4.644513,0.497933,0.009236,0.000085,0.498019,0.521160,0.465480,0.055680,-0.602338,1.060706,0.007167,62.005755,-601.623073,123.987815,12.158262,7.469160,2.965409,3.660114,2.558771,2.423827,0.779887,4.606750,0.977118,0.018304,0.000335,0.977289,1.003705,0.913346,0.090359,-1.021135,1.175140,0.014344,238.773567,-305.026205,243.297845,12.970643,6.903046,4.215596,7.638002,5.545544,6.750735,0.808974,4.635070
-1.228650,0.057036,0.003253,1.229974,-1.093300,-1.391000,0.297700,-0.506919,-0.089304,0.046259,378.208719,-50.812277,305.885200,7.077775,6.802289,34.934244,9.958050,10.649187,6.445955,0.609488,4.285389,9.720323,0.034017,0.001157,9.720383,9.811000,9.616800,0.194200,-0.044461,0.031271,0.026896,23621.460059,-101.725425,2420.367700,9.948111,6.576853,13.968313,15.463997,13.309886,5.925355,0.768587,4.587037,0.726947,0.042434,0.001801,0.728185,0.832020,0.598120,0.233900,0.157219,-0.002052,0.033858,132.563228,-77.334229,181.021380,7.872197,7.525865,26.318350,4.999852,7.712964,5.791586,0.643642,4.321904,9.824856,0.033576,0.001127,9.824914,9.926971,9.716726,0.210246,-0.041810,0.266972,0.026312,24132.232007,-94.097673,2446.390902,9.972603,6.539302,14.350595,14.946062,13.596954,6.094984,0.774397,4.602484,-0.994566,0.491814,0.241881,1.109524,0.172880,-2.999100,3.171980,-0.733434,1.821347,0.375292,307.760659,2.041742,248.276023,6.004853,6.646706,332.059069,74.702016,43.424383,41.920824,0.526198,4.120329,0.085559,1.164058,1.355030,1.167198,3.679100,-3.487200,7.166300,0.290789,1.078109,0.853920,340.587662,2.092569,211.797785,5.587679,6.162505,693.351466,142.354311,176.841868,65.829565,0.473878,4.017808,0.531354,0.872421,0.761119,1.021497,2.604000,-1.798700,4.402700,-0.060096,0.078228,0.671555,260.863909,2.831712,202.992035,4.829954,5.644872,596.070939,117.892353,74.185162,35.247432,0.416105,3.951306,1.749570,0.758849,0.575852,1.907052,4.503566,0.338779,4.164787,1.111619,1.481477,0.572688,909.212229,2.476953,435.980891,5.643126,6.115912,501.530672,119.238726,88.581549,52.277602,0.495829,4.099752,-0.359693,0.009932,0.000099,0.359831,-0.340730,-0.397180,0.056450,-0.867562,1.166000,0.007812,32.369511,-586.340409,89.565510,11.924773,7.060361,3.072139,4.608682,2.929484,3.240147,0.826070,4.651469,0.760883,0.020871,0.000436,0.761170,0.793170,0.676710,0.116460,-0.995583,1.153092,0.016610,144.844771,-223.705515,189.453770,12.712875,6.836624,5.160967,8.946169,6.451279,6.877434,0.815168,4.638124,0.499786,0.008504,0.000072,0.499859,0.521160,0.467710,0.053450,-0.750000,1.082612,0.006651,62.464680,-639.235658,124.445475,12.182297,7.435008,2.911854,3.166396,2.502233,2.190570,0.826146,4.637593,0.978993,0.016998,0.000289,0.979140,1.003705,0.913346,0.090359,-0.880682,0.905766,0.013770,239.678961,-313.221123,243.764548,12.791639,6.844457,4.203109,6.965847,5.118106,5.463138,0.807910,4.627448
-1.333963,0.212525,0.045167,1.350786,-1.044400,-2.267800,1.223400,-1.708542,2.633154,0.163749,456.155920,-5.564700,332.155950,6.653545,6.274731,107.686720,47.109726,36.334276,14.774170,0.569249,4.180885,9.702408,0.071483,0.005110,9.702671,9.993800,9.307600,0.686200,-0.955230,4.758031,0.050904,23535.457695,-18.741040,2415.892800,8.530619,6.311656,32.748768,32.405963,22.329632,9.430066,0.700519,4.495175,0.761313,0.100682,0.010137,0.767942,1.111500,0.620570,0.490930,1.533690,1.864630,0.075752,147.433770,-25.278489,189.508045,6.740490,7.089720,56.904235,15.273156,10.909974,8.716848,0.588399,4.180278,9.826061,0.068593,0.004705,9.826301,10.286820,9.520933,0.765887,1.303312,10.479548,0.043457,24139.047386,-17.754741,2446.678637,9.227231,5.933429,26.950428,35.218386,26.726442,10.347700,0.720385,4.537282,-1.285780,1.232601,1.519306,1.781162,2.389300,-5.215300,7.604600,-0.478793,1.645408,0.836576,793.134280,1.904931,360.427685,4.969416,5.499605,789.303284,247.057407,99.732589,48.679632,0.440676,4.011184,-0.431089,4.139629,17.136532,4.162015,28.773000,-17.692000,46.465000,1.068155,17.241718,2.105547,4330.592343,0.537088,504.891907,6.202272,4.574918,2588.214019,1825.888901,660.520007,150.126240,0.420135,4.218214,-0.118289,2.281008,5.202998,2.284073,4.919100,-9.851100,14.770200,-2.101109,5.444506,1.421292,1304.247474,1.267388,345.325309,4.075675,4.600481,1526.287164,334.874505,122.941695,46.920836,0.316149,3.787673,3.439501,3.725820,13.881732,5.070690,28.966435,0.487305,28.479130,3.197087,13.636011,2.419630,6427.974097,0.705868,854.235610,6.502334,5.773189,2295.731795,1002.304869,858.582165,292.192690,0.533689,4.280331,-0.366653,0.015836,0.000251,0.366995,-0.340730,-0.421370,0.080640,-0.697510,-0.170031,0.012996,33.671385,-351.949783,91.294405,10.226673,7.823845,6.350011,4.153744,2.720635,3.141201,0.728817,4.440477,0.757815,0.021931,0.000481,0.758133,0.793170,0.684740,0.108430,-0.657816,0.110466,0.017552,143.691225,-230.349997,188.700800,11.305952,7.215695,7.435715,9.445609,5.420458,5.971467,0.798560,4.585781,0.502753,0.009939,0.000099,0.502851,0.530070,0.474390,0.055680,0.180991,0.348637,0.007732,63.214802,-578.071742,125.178190,10.450658,7.752540,4.338276,3.113581,1.973353,2.066393,0.768675,4.528290,0.980854,0.015303,0.000234,0.980974,1.004299,0.924939,0.079360,-0.591982,-0.105419,0.013023,240.577412,-367.028133,244.231547,12.352339,6.715656,3.515243,7.639899,4.292880,4.503428,0.823807,4.624884
-1.405601,0.228840,0.052368,1.424108,-1.017000,-2.267800,1.250800,-0.705785,0.154126,0.197094,507.020594,-1.860514,350.147600,6.267456,6.124977,125.325556,45.551979,38.050462,14.300173,0.528596,4.152599,9.690228,0.090765,0.008238,9.690653,9.993800,9.307600,0.686200,-0.186845,1.544108,0.067603,23477.189255,-14.638109,2412.843050,7.844857,5.985031,50.080398,39.591364,21.418467,11.193657,0.650506,4.439483,0.800648,0.100897,0.010180,0.806981,1.111500,0.632540,0.478960,0.784874,0.139184,0.083726,162.804492,-21.447053,199.404495,6.622108,6.794921,61.018494,18.438265,11.209620,8.555463,0.577393,4.208149,9.827529,0.087898,0.007726,9.827922,10.286820,9.520933,0.765887,0.589082,3.715565,0.061478,24147.014341,-13.987780,2447.058253,8.420615,5.762394,44.624104,41.572304,25.711636,12.013479,0.668240,4.485135,-1.045245,1.409051,1.985425,1.754412,2.389300,-5.215300,7.604600,-0.564923,0.331266,1.062727,769.490684,2.167162,332.216991,4.861242,5.425623,951.239385,245.691012,104.726706,60.648321,0.426039,3.999737,-0.754921,4.570745,20.891707,4.632668,28.773000,-17.692000,46.465000,1.153117,11.382463,2.811598,5365.403124,0.593989,718.165266,5.653229,4.284185,3060.642381,1900.987197,605.654795,126.256097,0.377007,4.172038,0.422570,2.992360,8.954218,3.022049,6.325900,-9.851100,16.177000,-1.135482,1.718870,2.105156,2283.195763,1.444373,559.654084,3.488835,4.194739,2041.802328,353.416635,109.823608,54.993852,0.260275,3.669666,4.529347,3.627309,13.157370,5.802789,28.966435,0.487305,28.479130,2.781004,11.913477,2.508780,8418.089571,0.819454,1130.894944,6.460691,5.530832,2257.290953,1058.759759,825.595386,316.261244,0.504990,4.274944,-0.362549,0.021508,0.000463,0.363186,-0.316530,-0.421370,0.104840,-0.072903,-0.833506,0.018194,32.976052,-234.123680,90.283370,9.384159,8.108069,8.312271,3.533627,2.975097,2.735803,0.684168,4.293316,0.753767,0.022720,0.000516,0.754109,0.791160,0.672690,0.118470,-0.633462,0.240327,0.018176,142.170218,-207.336558,187.672675,11.605094,7.478444,7.620721,8.769854,5.145112,6.203701,0.774946,4.574187,0.510575,0.011794,0.000139,0.510711,0.536750,0.481070,0.055680,-0.141359,-0.621613,0.009822,65.206485,-555.558243,127.132610,10.244629,7.696703,4.645466,3.000059,2.350561,2.482449,0.725042,4.441862,0.980383,0.016147,0.000261,0.980516,1.005284,0.927129,0.078155,-0.585629,-0.128831,0.013537,240.352755,-363.459644,244.106608,12.385404,6.934742,4.157158,7.101440,4.148548,5.378651,0.848259,4.641213
-1.290656,0.161464,0.026071,1.300717,-1.017000,-1.721000,0.704000,-1.140913,0.141051,0.127794,422.966126,-11.054277,321.263600,4.784307,5.965960,97.877367,19.866178,10.655753,6.099190,0.416593,3.859799,9.709747,0.068918,0.004750,9.709992,9.958200,9.413400,0.544800,-0.390544,2.702459,0.048513,23570.985109,-24.801802,2417.764000,7.656858,6.018054,41.925358,31.851086,12.685786,8.924299,0.666486,4.466461,0.783765,0.058896,0.003469,0.785974,0.971790,0.635390,0.336400,0.674289,0.528776,0.045544,154.438904,-43.882729,195.130970,6.678556,6.473694,42.030021,10.104249,7.991065,6.660904,0.582926,4.269561,9.827990,0.064558,0.004168,9.828202,10.079404,9.564453,0.514951,-0.048987,3.270912,0.044946,24148.390139,-26.952122,2447.189083,8.013795,5.964942,37.130529,30.213544,12.635233,9.009320,0.672515,4.469797,-0.897871,0.796958,0.635142,1.200548,0.967780,-3.056900,4.024680,0.044643,-0.086624,0.620173,360.328834,2.854332,255.097930,5.424950,6.003820,574.002467,107.556139,64.406583,55.912275,0.470255,4.065359,-0.573833,2.349044,5.518009,2.418118,11.149000,-5.428300,16.577300,1.258012,4.272523,1.714861,1461.823321,1.315134,450.881908,5.751088,5.756539,1592.626067,532.216687,288.262414,146.889979,0.531195,4.191968,1.061354,1.892736,3.582450,2.170005,6.325900,-6.789600,13.115500,-0.559001,3.872066,1.246763,1177.230534,1.374657,389.263087,3.804376,4.822628,1334.148914,204.246774,61.107789,49.290213,0.306464,3.746015,2.953072,1.810220,3.276896,3.463745,11.938735,0.831633,11.107102,1.778196,4.311647,1.333428,2999.382689,1.518611,734.214443,5.756964,6.211643,1130.357097,392.964527,164.662899,109.506471,0.542612,4.144792,-0.339879,0.018522,0.000343,0.340384,-0.310480,-0.403230,0.092750,-1.022253,0.720962,0.014300,28.965271,-293.906798,84.618035,9.081684,7.708922,9.512615,4.568157,3.784228,2.801653,0.714196,4.434998,0.758682,0.021692,0.000471,0.758992,0.795180,0.672690,0.122490,-0.990917,1.346041,0.016853,144.017394,-204.385678,188.915590,12.356702,7.202070,6.868715,8.434008,7.205492,7.358382,0.822995,4.655656,0.518726,0.009490,0.000090,0.518813,0.541200,0.487750,0.053450,-0.452730,0.109470,0.007541,67.291804,-619.324371,129.162685,11.488318,7.591254,3.964430,3.229398,2.612024,2.959434,0.814701,4.630460,0.980208,0.017037,0.000290,0.980356,1.009589,0.920501,0.089088,-0.863592,0.883399,0.013621,240.274469,-310.609415,244.069319,12.881123,6.972366,4.578064,6.674309,5.524840,6.202031,0.826764,4.650575
-1.192267,0.052823,0.002790,1.193436,-1.044700,-1.353400,0.308700,-0.290186,-0.080016,0.043049,356.072605,-51.672297,296.814600,7.229141,6.584121,33.721883,11.709690,8.630241,5.674457,0.611424,4.298588,9.724272,0.030847,0.000952,9.724321,9.821300,9.641200,0.180100,0.066666,0.215805,0.023913,23640.606309,-118.293316,2421.347500,9.684200,6.545698,14.705575,13.775239,11.674272,6.429226,0.781430,4.626565,0.767701,0.033179,0.001101,0.768418,0.876240,0.635390,0.240850,-0.155568,1.429648,0.024536,147.616536,-81.246710,191.137385,8.432261,6.979731,21.636831,6.677067,7.486603,6.375440,0.662928,4.439465,9.827317,0.031987,0.001023,9.827369,9.915185,9.735372,0.179813,0.056125,0.051731,0.025107,24144.295450,-113.434181,2446.996571,9.633075,6.593657,15.753551,13.167492,11.616030,6.648169,0.778468,4.607430,-1.090059,0.346331,0.119945,1.143755,-0.195350,-2.015200,1.819850,-0.142013,-0.330128,0.281198,327.043653,1.873046,271.536725,7.322840,7.235433,242.911975,53.914606,49.107124,44.220538,0.602975,4.305440,-0.235702,1.171371,1.372111,1.194850,3.112100,-4.475400,7.587500,-0.443507,1.216708,0.862468,356.916494,2.027744,215.933276,5.939645,5.733983,723.404514,281.794533,165.391821,56.989841,0.499462,4.141891,0.549654,0.663642,0.440421,0.861708,2.399400,-1.237500,3.636900,0.400510,0.318903,0.507040,185.635156,2.614796,167.338717,5.642864,5.683304,457.523705,118.607381,70.402808,34.716075,0.476311,4.092969,1.731704,0.692520,0.479583,1.865042,5.074341,0.738322,4.336019,1.937769,5.491822,0.500023,869.595302,1.900150,430.915973,6.326933,6.220895,460.091887,163.992661,123.540805,51.375293,0.573335,4.269440,-0.326161,0.010085,0.000102,0.326317,-0.304440,-0.356850,0.052410,-0.549165,0.120297,0.008066,26.620748,-622.412112,81.200640,11.518244,7.190452,3.302749,3.911799,2.650376,3.288669,0.776088,4.577376,0.764313,0.019488,0.000380,0.764561,0.797190,0.684740,0.112450,-0.930286,1.511130,0.015544,146.138493,-234.736035,190.321190,12.483763,6.912253,5.108743,7.550380,6.314141,7.563702,0.815599,4.630551,0.523029,0.008292,0.000069,0.523095,0.541200,0.487750,0.053450,-0.694612,1.365366,0.006427,68.407098,-654.422980,130.231705,12.119268,7.311283,2.919423,3.121501,2.510316,2.791273,0.820699,4.651240,0.982040,0.016240,0.000264,0.982174,1.012673,0.920501,0.092172,-0.867971,1.158371,0.012956,241.166339,-303.820845,244.527586,12.570635,6.975068,4.398899,6.153528,5.182097,6.344925,0.817501,4.631774
-1.194861,0.043859,0.001924,1.195666,-1.044700,-1.292400,0.247700,0.485913,0.007183,0.035901,357.404224,-70.503698,297.475350,7.476310,6.707591,27.973362,9.828682,8.548767,4.591017,0.613547,4.342311,9.725305,0.029534,0.000872,9.725350,9.822600,9.641600,0.181000,0.265034,0.635392,0.022558,23645.608377,-117.975437,2421.617500,10.885553,6.351266,9.732296,12.161355,13.992315,7.641128,0.771185,4.612334,0.778367,0.033122,0.001097,0.779071,0.878630,0.696090,0.182540,0.171844,-0.109952,0.026778,151.737979,-109.764886,193.791565,8.692615,7.208747,21.276792,5.288065,8.838265,5.784280,0.694648,4.458106,9.829448,0.030857,0.000952,9.829497,9.928094,9.735372,0.192722,0.152828,0.546922,0.023734,24154.750580,-107.634889,2447.541675,10.654851,6.438235,11.719007,11.492530,14.075736,7.778565,0.755682,4.595270,-1.111696,0.280809,0.078854,1.146613,-0.195350,-1.804100,1.608750,0.438980,0.178841,0.223320,328.680511,0.863700,276.563000,8.272395,7.326725,192.867223,65.681725,51.096802,43.214210,0.714261,4.473121,-0.136323,0.801959,0.643138,0.813463,2.066500,-2.471200,4.537700,0.237089,0.489454,0.605610,165.430418,2.484400,152.747092,6.576738,6.357590,460.459825,155.315657,156.329435,54.335796,0.558849,4.197435,0.410536,0.492713,0.242766,0.641331,2.399400,-0.731030,3.130430,0.620379,1.550462,0.371663,102.826476,2.105155,124.388002,6.469717,6.002076,318.747525,104.884514,69.726469,37.121581,0.563601,4.208407,1.501114,0.366613,0.134405,1.545234,2.821972,0.738322,2.083650,0.770040,0.753852,0.288307,596.937405,1.650869,373.803877,7.943646,6.806022,235.182589,111.200001,89.617137,47.635972,0.703920,4.485312,-0.324306,0.009569,0.000092,0.324448,-0.304440,-0.358870,0.054430,-0.612854,0.332672,0.007782,26.316563,-609.129206,80.750010,12.095155,6.950531,3.053033,4.005509,3.116523,3.377973,0.849400,4.667429,0.763719,0.019516,0.000381,0.763968,0.797190,0.680720,0.116470,-0.738634,0.575101,0.015965,145.911743,-224.974538,190.162585,12.150098,7.009989,5.505829,8.670207,5.278798,6.742283,0.807755,4.621179,0.525034,0.008114,0.000066,0.525096,0.547880,0.492200,0.055680,-0.536695,1.017230,0.006252,68.931582,-623.048628,130.726155,11.668355,7.085842,2.825580,3.358261,2.423756,2.709786,0.826018,4.643453,0.982025,0.016308,0.000266,0.982161,1.012673,0.917801,0.094871,-0.687522,0.469541,0.013378,241.159887,-292.394462,244.517064,12.026564,6.932811,4.445031,7.494019,4.251648,5.574577,0.809771,4.609014
-1.233617,0.033175,0.001101,1.234063,-1.150600,-1.341000,0.190400,-0.145392,0.035771,0.026091,380.727740,-106.574917,307.194000,8.445088,7.049602,19.748465,8.625095,8.489817,5.235103,0.713019,4.478529,9.719812,0.029314,0.000859,9.719856,9.822600,9.630400,0.192200,-0.036920,0.491080,0.023142,23618.899208,-110.809863,2420.220050,10.668618,6.650694,11.048774,10.497971,13.768226,7.096402,0.766091,4.602357,0.795349,0.036053,0.001300,0.796166,0.941230,0.696090,0.245140,0.442786,1.039524,0.027272,158.470122,-78.535060,198.038290,8.564102,7.487379,21.406669,4.482632,8.534208,4.969141,0.650953,4.366713,9.830132,0.029786,0.000887,9.830177,9.928094,9.740164,0.187930,-0.081885,0.339665,0.023316,24158.097070,-112.699558,2447.692715,10.692372,6.636962,11.638252,9.871288,14.049665,7.328122,0.760346,4.596301,-1.110968,0.336125,0.112980,1.160703,-0.100620,-1.934400,1.833780,0.334107,0.262246,0.259480,336.807574,1.443822,276.502370,7.610006,7.407751,220.322607,62.022870,50.743203,43.836339,0.662464,4.358870,0.147677,0.846706,0.716911,0.859488,2.609100,-1.537300,4.146400,0.443709,0.132919,0.648228,184.679880,2.782800,161.016358,6.163776,6.350125,511.045085,132.679517,151.813655,57.811233,0.520849,4.152064,0.461138,0.424621,0.180303,0.626859,1.587500,-0.459720,2.047220,0.400832,-0.232088,0.343401,98.237960,2.489311,125.304665,6.237965,6.191646,294.139535,97.139575,65.061878,34.945188,0.566033,4.258170,1.525336,0.390196,0.152253,1.574453,2.750590,0.755326,1.995263,0.688061,0.207539,0.308296,619.725414,2.103091,379.531946,7.432708,7.272297,258.680353,67.251117,63.883637,44.506268,0.638384,4.330751,-0.327379,0.010815,0.000117,0.327558,-0.308470,-0.364920,0.056450,-0.762661,0.669264,0.008697,26.823517,-575.573320,81.517170,12.854272,7.136678,3.039883,3.867419,3.380501,4.053502,0.823642,4.641017,0.759799,0.022030,0.000485,0.760118,0.793170,0.672690,0.120480,-0.968609,1.065391,0.017742,144.444934,-211.190136,189.189690,12.523695,7.032161,5.975081,8.918365,7.399665,6.488112,0.826383,4.636554,0.525684,0.008701,0.000076,0.525756,0.547880,0.496660,0.051220,-0.360984,0.347035,0.006811,69.104886,-656.407459,130.899880,11.723190,7.091537,2.939449,3.073869,2.530506,2.865656,0.825169,4.615889,0.980390,0.018147,0.000329,0.980558,1.007576,0.917633,0.089944,-0.833480,0.611151,0.014619,240.373338,-304.649751,244.119340,12.299401,6.947995,4.826333,7.618866,5.939425,5.031400,0.808171,4.618460
-1.235424,0.036218,0.001312,1.235955,-1.103900,-1.341000,0.237100,0.320662,0.465783,0.028363,381.896052,-80.044032,307.628750,8.457880,7.157375,21.897471,7.604016,9.318159,6.118391,0.677080,4.443109,9.717598,0.030582,0.000935,9.717646,9.787100,9.630400,0.156700,-0.311009,-0.200742,0.024407,23608.159599,-138.255207,2419.659650,10.072866,6.628581,12.885125,13.049226,12.062682,6.642683,0.784653,4.604073,0.790795,0.033601,0.001129,0.791509,0.941230,0.720940,0.220290,1.010942,1.799489,0.025152,156.621551,-96.493112,196.856880,8.267803,7.208467,20.663134,6.110578,7.752036,4.465659,0.686829,4.404762,9.827804,0.031404,0.000986,9.827854,9.896953,9.740164,0.156789,-0.376584,-0.245198,0.024999,24146.677202,-133.314674,2447.098081,10.036461,6.650343,13.898196,12.330028,12.517723,7.021568,0.772873,4.596912,-1.088435,0.390391,0.152405,1.156329,0.320590,-2.644200,2.964790,-0.016099,1.881201,0.281205,334.274055,1.519133,272.577632,7.196311,6.932851,253.177812,96.474384,57.506294,34.970529,0.618239,4.331141,0.038233,0.927236,0.859767,0.928024,2.609100,-2.635300,5.244400,-0.034865,0.131599,0.729775,215.307310,2.514974,182.230244,6.475523,6.573512,537.770388,130.411592,163.060745,70.666958,0.568978,4.159707,0.532731,0.412663,0.170291,0.673864,1.587500,-0.459720,2.047220,0.140501,-0.314731,0.335488,113.523208,2.441106,140.585318,6.677950,6.282409,272.518498,98.930969,77.386880,28.548789,0.580196,4.293958,1.570060,0.432815,0.187329,1.628625,3.201344,0.814560,2.386784,1.149612,1.603036,0.322221,663.104572,1.834668,391.050176,7.232176,7.017058,280.659466,104.289431,66.248783,48.557484,0.648975,4.359052,-0.329024,0.010575,0.000112,0.329194,-0.308470,-0.364920,0.056450,-0.650248,0.339393,0.008434,27.092206,-569.632022,81.931480,12.463696,7.287432,3.224835,3.640113,2.714819,4.179216,0.781794,4.602544,0.760433,0.022560,0.000509,0.760768,0.793170,0.672690,0.120480,-1.081833,1.304004,0.017708,144.692008,-211.120077,189.372425,12.384787,7.039452,6.399046,8.956617,7.648197,7.104954,0.810486,4.639449,0.525301,0.008658,0.000075,0.525373,0.543430,0.492200,0.051230,-0.495801,0.729320,0.006737,69.004078,-661.736568,130.804140,12.130251,7.183221,2.781691,3.032207,2.506870,2.855111,0.832275,4.628207,0.981232,0.018375,0.000338,0.981404,1.008210,0.913688,0.094522,-1.061333,1.254571,0.014340,240.788293,-290.614380,244.349460,12.391852,7.034879,5.208104,7.376838,6.063818,5.715083,0.812786,4.637207
-1.205873,0.037031,0.001371,1.206442,-1.103900,-1.294600,0.190700,-0.067984,-0.392003,0.030078,363.875367,-101.351445,300.258000,8.200744,7.107959,21.814893,8.404543,7.292355,6.718951,0.656919,4.403376,9.725296,0.027526,0.000758,9.725335,9.788400,9.642400,0.146000,-0.411279,0.312041,0.021227,23645.534988,-152.500575,2421.591300,10.764862,6.863557,11.066827,11.397133,10.156688,7.314479,0.796987,4.630201,0.780392,0.031502,0.000992,0.781027,0.939540,0.718780,0.220760,1.323437,3.318138,0.023034,152.500925,-99.734283,194.304975,8.732454,7.240454,19.027327,6.612471,7.243101,6.283110,0.700606,4.457494,9.830914,0.027933,0.000780,9.830953,9.903603,9.748725,0.154879,-0.357158,0.310061,0.021621,24161.911280,-141.192127,2447.888729,10.775372,6.880205,11.840530,10.684307,10.249058,7.838024,0.804597,4.633875,-1.079614,0.347363,0.120661,1.134120,0.320590,-2.644200,2.964790,-0.006703,3.677069,0.244429,321.556815,0.962132,269.688818,7.346958,6.900761,240.039127,79.596067,55.470768,48.147253,0.673204,4.398318,0.007949,0.901395,0.812513,0.901430,2.945600,-2.635300,5.580900,-0.122323,0.200771,0.722284,203.143979,2.330810,179.813720,6.385443,6.622770,537.690083,117.605500,153.450669,80.886859,0.565720,4.157631,0.564423,0.338011,0.114251,0.657894,1.577000,-0.301320,1.878320,0.429688,0.190377,0.269437,108.206094,1.615687,142.084253,7.394324,6.506177,220.095059,93.024331,65.078128,33.626929,0.618480,4.364645,1.527967,0.443783,0.196943,1.591109,3.262471,0.788482,2.473989,1.485707,2.671471,0.317592,632.906888,1.680700,380.158208,7.394830,6.833765,269.804363,110.636944,76.433876,54.485257,0.641082,4.361150,-0.326992,0.009751,0.000095,0.327137,-0.308470,-0.356850,0.048380,-0.569844,-0.052307,0.007793,26.754719,-688.305172,81.412325,11.793294,7.167480,3.266627,3.711408,2.445471,3.355634,0.780809,4.598252,0.764457,0.020380,0.000415,0.764729,0.795180,0.678710,0.116470,-1.176199,1.825850,0.015937,146.202645,-225.463159,190.352320,11.971709,6.855804,6.303204,9.047161,6.018969,7.438726,0.840541,4.661862,0.524161,0.008117,0.000066,0.524224,0.541200,0.492200,0.049000,-0.815315,1.172083,0.006290,68.702638,-701.465714,130.511280,11.649633,7.282433,3.009954,3.189397,2.082019,2.579880,0.816986,4.632990,0.983036,0.016749,0.000281,0.983179,1.009930,0.913688,0.096242,-1.151808,1.801966,0.012957,241.660002,-290.888757,244.772411,12.121793,6.849573,4.962197,7.507126,4.889283,6.179567,0.839490,4.660057
-1.191858,0.030945,0.000958,1.192260,-1.126500,-1.280500,0.154000,-0.225423,-0.087609,0.024536,355.370766,-140.237634,296.772850,9.026366,6.926841,17.147934,9.294524,8.817329,6.324107,0.733466,4.525490,9.727238,0.025708,0.000661,9.727272,9.798700,9.653900,0.144800,-0.166641,0.077058,0.020018,23654.956951,-159.596687,2422.100150,11.110322,6.769391,8.573684,9.966382,11.225553,6.668599,0.775603,4.607880,0.781097,0.036959,0.001366,0.781971,0.939540,0.708270,0.231270,1.217187,2.378512,0.027970,152.869804,-86.677413,194.438630,8.188451,7.282816,21.873007,5.688293,8.338063,5.693064,0.642581,4.361010,9.831181,0.025950,0.000673,9.831215,9.903920,9.755331,0.148589,-0.079932,0.185286,0.020342,24163.197521,-150.295815,2447.977213,11.169465,6.781760,9.054090,9.426128,11.460553,7.095178,0.781822,4.614735,-1.065971,0.398295,0.158639,1.137951,0.038981,-2.158100,2.197081,-0.255631,0.137593,0.309695,323.733251,2.198020,266.106120,7.357600,7.351600,243.325191,74.227659,53.232457,50.897552,0.654853,4.318109,0.263101,0.725141,0.525830,0.771396,2.945600,-1.763000,4.708600,0.108473,0.645442,0.562478,148.762991,2.322536,152.315392,6.746777,6.475449,433.939416,117.312128,173.580250,59.563485,0.560406,4.225788,0.519433,0.422515,0.178519,0.669575,1.607900,-0.778540,2.386440,-0.191977,0.414539,0.325854,112.082558,2.148752,143.961657,6.499160,6.210002,282.656589,102.337293,67.114653,36.196433,0.562072,4.273611,1.462085,0.447911,0.200624,1.529155,3.262471,0.594549,2.667921,0.896939,0.962358,0.350351,584.578799,2.104150,364.135131,7.572866,7.060561,252.152629,82.990489,80.261205,54.728608,0.660122,4.322324,-0.326395,0.009451,0.000089,0.326532,-0.310480,-0.360890,0.050410,-0.719477,0.614627,0.007460,26.655834,-659.841039,81.278305,12.423846,7.115757,2.913640,3.627784,2.822253,3.313102,0.809956,4.635713,0.764578,0.019423,0.000377,0.764824,0.795180,0.680720,0.114460,-1.042167,1.620599,0.015536,146.239105,-230.559663,190.399460,12.570011,7.045420,5.603320,7.543993,5.567366,7.238467,0.818581,4.636331,0.524179,0.008193,0.000067,0.524243,0.538980,0.494430,0.044550,-0.881462,1.196734,0.006443,68.707677,-816.287330,130.525805,11.783805,7.310541,2.998550,3.258293,2.081207,2.762481,0.821163,4.640398,0.982928,0.016246,0.000264,0.983062,1.009930,0.923046,0.086885,-0.932658,1.000854,0.012865,241.602616,-325.169323,244.768768,12.458599,6.924992,4.514772,6.607277,4.593368,6.117782,0.816479,4.630257
-1.211514,0.040362,0.001629,1.212186,-1.116300,-1.318200,0.201900,-0.206452,-0.400802,0.032822,367.348811,-90.355727,301.691750,9.037788,7.403771,23.654741,10.810426,10.608470,6.305555,0.756709,4.528836,9.720978,0.030959,0.000958,9.721027,9.834400,9.642200,0.192200,0.057733,0.327278,0.024597,23624.590989,-107.999448,2420.536000,10.421060,6.558825,11.877817,13.241400,13.052718,8.106243,0.810265,4.630059,0.793421,0.044303,0.001963,0.794657,0.939310,0.659520,0.279790,0.388841,-0.035582,0.035338,157.869800,-62.382574,197.574395,7.777456,7.002813,26.706550,8.759276,8.445226,5.943614,0.644292,4.351884,9.828443,0.030805,0.000949,9.828491,9.940331,9.753901,0.186430,0.116004,0.254163,0.024598,24149.809600,-111.507116,2447.298821,10.539491,6.532708,11.932196,12.570737,13.382697,8.245602,0.814281,4.635205,-1.134627,0.551375,0.304015,1.261504,0.228180,-3.179400,3.407580,-0.499485,1.356711,0.412229,397.848305,2.250098,283.472530,6.452732,7.046113,342.391700,86.816941,48.229014,49.310395,0.569571,4.158674,0.026327,0.710936,0.505431,0.711424,1.471400,-2.973800,4.445200,-0.601488,0.998116,0.561424,126.530954,2.314929,139.622765,6.685941,6.142211,470.986420,164.689284,162.606639,59.936653,0.592648,4.327001,0.425458,0.612904,0.375651,0.746100,1.899700,-1.482100,3.381800,-0.210330,-0.031722,0.487304,139.166431,2.721435,153.199369,5.741479,5.881339,416.231742,135.773275,67.264523,40.206475,0.514746,4.154687,1.539199,0.533901,0.285050,1.629166,3.873207,0.415268,3.457939,1.182364,2.538839,0.394866,663.545690,2.050008,383.015520,6.926930,7.080276,355.146341,81.944510,66.929574,70.319579,0.595436,4.257002,-0.328436,0.009337,0.000087,0.328569,-0.310480,-0.360890,0.050410,-0.707598,0.706935,0.007297,26.989333,-656.359001,81.771275,12.253542,7.264871,2.834259,3.935518,2.979220,2.696774,0.798677,4.635608,0.763574,0.018922,0.000358,0.763808,0.795180,0.680720,0.114460,-1.056033,1.995136,0.015272,145.850813,-231.993302,190.131440,12.717191,7.055613,5.124582,7.239907,6.751936,6.226878,0.840024,4.656474,0.525862,0.008068,0.000065,0.525924,0.543430,0.494430,0.049000,-0.768391,1.368833,0.006276,69.149101,-710.523217,130.944455,12.130057,7.233398,2.754444,2.789177,2.486349,2.887548,0.794008,4.614919,0.983720,0.015849,0.000251,0.983848,1.008482,0.921635,0.086846,-0.936181,1.363965,0.012573,241.989247,-329.256443,244.946813,12.906348,6.890063,3.922665,6.114866,5.541050,5.928272,0.835151,4.657461
-1.252895,0.050421,0.002542,1.253909,-1.116300,-1.353600,0.237300,0.103472,-0.777412,0.042398,393.072168,-68.102087,311.990250,8.187564,7.349159,28.965064,11.914942,9.845930,5.515870,0.689002,4.408406,9.717602,0.029146,0.000849,9.717645,9.834400,9.642200,0.192200,0.163561,0.738165,0.022877,23608.157581,-112.173345,2419.679100,10.821897,6.522777,10.167839,13.015738,11.148414,8.153720,0.790062,4.613800,0.795828,0.039989,0.001599,0.796832,0.892960,0.659520,0.233440,0.316287,0.161069,0.031215,158.735232,-81.983413,198.132795,8.010408,7.043500,26.133891,8.799766,7.861613,6.513566,0.693576,4.434856,9.830515,0.029061,0.000845,9.830557,9.940331,9.753901,0.186430,0.068759,0.438442,0.023209,24159.964981,-114.722881,2447.794515,10.839695,6.576332,10.832521,11.969137,11.482095,8.220734,0.786124,4.616187,-1.160642,0.470647,0.221509,1.252437,0.228180,-3.179400,3.407580,-0.655363,3.940583,0.317929,392.149513,1.514051,289.654820,6.517695,6.861909,310.705503,84.587521,51.698388,46.564595,0.560592,4.211676,-0.062809,0.680671,0.463313,0.683563,1.471400,-2.973800,4.445200,-0.362823,1.330011,0.526050,116.814584,2.197928,131.951323,6.820686,6.224278,450.189021,170.375515,141.429456,63.468159,0.595686,4.338985,0.350555,0.565465,0.319750,0.665311,1.899700,-1.482100,3.381800,0.076180,0.614507,0.419192,110.659750,2.386064,129.789840,5.864138,5.988276,372.554713,128.896300,64.637794,38.059652,0.503286,4.148060,1.500838,0.475373,0.225979,1.574324,3.873207,0.415268,3.457939,1.804294,5.530329,0.327529,619.623847,1.436233,373.658595,6.935267,6.921631,324.450330,83.001450,65.365207,55.351003,0.609852,4.292310,-0.331025,0.009922,0.000098,0.331173,-0.314520,-0.362900,0.048380,-0.697801,0.184609,0.007777,27.418937,-682.757648,82.426520,11.929396,7.251032,3.384747,3.938024,2.985631,3.020946,0.815380,4.646070,0.763574,0.018715,0.000350,0.763804,0.793170,0.680720,0.112450,-1.033421,1.842942,0.015336,145.848952,-241.624027,190.119450,12.574506,7.005726,4.867877,8.187257,5.561616,6.069478,0.819495,4.638792,0.525595,0.007557,0.000057,0.525649,0.543430,0.498890,0.044540,-0.424576,0.620357,0.005847,69.076791,-804.513503,130.870900,11.918125,7.109181,2.317378,3.198840,2.297490,2.072614,0.823768,4.630179,0.984449,0.015487,0.000240,0.984570,1.008482,0.918302,0.090180,-0.890348,1.241953,0.012661,242.344681,-320.197625,245.118753,12.613671,6.953411,3.684247,7.021824,4.373572,4.695428,0.822614,4.628615
-1.288340,0.041488,0.001721,1.289008,-1.175300,-1.389500,0.214200,0.436787,0.165162,0.032242,415.385555,-84.804450,320.814300,7.577009,6.808206,22.048432,10.707258,8.261176,4.985832,0.647472,4.345383,9.713150,0.025678,0.000659,9.713184,9.786900,9.642200,0.144700,-0.071682,0.050778,0.020034,23586.485572,-159.457246,2418.585850,11.146494,6.613660,8.444410,11.927026,10.329742,7.152634,0.794110,4.633285,0.778235,0.032912,0.001083,0.778931,0.868580,0.709460,0.159120,0.329318,-0.376460,0.026932,151.683398,-131.824142,193.812845,8.513438,7.359894,18.407020,5.651035,7.732207,5.333861,0.676651,4.395560,9.829219,0.026002,0.000676,9.829253,9.905822,9.760174,0.145649,-0.136392,0.011322,0.020676,24153.554526,-154.888852,2447.491715,11.163959,6.630955,9.194647,11.179374,10.968854,7.314657,0.807636,4.644582,-1.030429,0.328829,0.108128,1.081625,0.127490,-1.956900,2.084390,0.268821,0.946778,0.246873,292.478239,1.374820,256.925690,7.443730,7.280910,209.906005,63.278975,49.763017,39.477974,0.631961,4.324751,0.057301,0.661448,0.437514,0.663926,2.118600,-1.702200,3.820800,0.415941,0.600305,0.504317,110.199319,2.472847,124.896782,6.610434,6.213297,423.654603,143.039630,138.074543,49.707968,0.573272,4.276387,0.410193,0.416748,0.173679,0.584754,1.620500,-0.477890,2.098390,0.353850,0.015258,0.329243,85.484240,2.445587,117.539342,6.464050,6.154026,267.590285,116.834002,66.788304,35.238278,0.576810,4.287718,1.353492,0.347428,0.120706,1.397372,2.415236,0.157195,2.258041,0.025683,0.741332,0.274083,488.161797,1.499852,337.184712,7.962938,7.043590,225.984152,81.468433,69.346096,50.035012,0.693470,4.429415,-0.335121,0.010675,0.000114,0.335291,-0.314520,-0.372980,0.058460,-0.590063,0.095776,0.008819,28.105077,-548.923019,83.445670,12.214748,7.003773,3.289308,3.968870,3.730212,3.573342,0.818132,4.643495,0.761269,0.019131,0.000366,0.761509,0.793170,0.680720,0.112450,-0.820255,0.976280,0.015657,144.974061,-237.205935,189.562190,12.466437,6.912230,4.855907,8.798701,6.046707,6.075854,0.836575,4.650710,0.522869,0.007651,0.000059,0.522925,0.541200,0.496660,0.044540,-0.425632,0.292469,0.006069,68.362685,-796.059166,130.198365,11.564082,7.161649,2.489499,3.365830,2.307574,2.056453,0.809098,4.620673,0.982611,0.015565,0.000242,0.982735,1.007699,0.918302,0.089397,-0.831752,1.082774,0.012656,241.441823,-321.124571,244.677259,12.238472,7.014416,4.027005,7.542380,4.542681,4.559366,0.823809,4.636015
